{
  "episode_id": 2,
  "step_id": 37,
  "instruction": "put the red object into the pot",
  "condition": "pair_micro_midlay",
  "condition_desc": "wr(\u03bb=1.1) + L[12, 14, 16, 18, 20]",
  "predicted_action": [
    1.4886919189882608e-05,
    0.007669873000944301,
    0.009891941961558414,
    -0.013549359613773987,
    -0.01283816257469797,
    0.016051269396847284,
    0.03137254901960773
  ],
  "ground_truth_action": [
    0.004945605061948299,
    0.0015782836126163602,
    0.02320173755288124,
    -0.01944441720843315,
    -0.043101437389850616,
    -0.00014353857841342688,
    1.0
  ],
  "action_token_ids": [
    31871,
    31847,
    31861,
    31894,
    31880,
    31861,
    31868
  ],
  "mse_per_dim": [
    2.431198140332701e-05,
    3.7107461275989575e-05,
    0.00017715065868279656,
    3.475170404434869e-05,
    0.0009158658025374525,
    0.00026227180535556794,
    0.9382391387927722
  ],
  "mse_mean": 0.13424151402943882,
  "mse_spatial": 0.0002419099022165804,
  "mse_gripper": 0.9382391387927722,
  "mse_per_dim_names": [
    "x",
    "y",
    "z",
    "roll",
    "pitch",
    "yaw",
    "gripper"
  ],
  "grounding": {
    "nouns": [
      "object",
      "pot"
    ],
    "num_boxes": 2,
    "num_patches": 39,
    "patch_coverage": 0.15234375
  }
}