{
  "episode_id": 6,
  "step_id": 40,
  "instruction": "Picked the piece of chocolate and put it into the drawer",
  "condition": "pair_micro_midlay",
  "condition_desc": "wr(\u03bb=1.1) + L[12, 14, 16, 18, 20]",
  "predicted_action": [
    1.4886919189882608e-05,
    -0.003014201076591762,
    0.0013177078502143065,
    -0.0173809249868581,
    0.007257778639302506,
    -0.004902105561658515,
    -0.09411764705882353
  ],
  "ground_truth_action": [
    -0.003227515611797571,
    -0.0008029721793718636,
    0.0040763625875115395,
    0.013215828686952591,
    0.005175460129976273,
    -0.014086633920669556,
    1.0
  ],
  "action_token_ids": [
    31871,
    31880,
    31894,
    31900,
    31850,
    31874,
    31884
  ],
  "mse_per_dim": [
    1.0513174172953847e-05,
    4.889533235900327e-06,
    7.610175959612465e-06,
    0.0009361613353758481,
    4.3360503742826274e-06,
    8.435556117747804e-05,
    1.1970934256055366
  ],
  "mse_mean": 0.1711630416336904,
  "mse_spatial": 0.0001746443050493459,
  "mse_gripper": 1.1970934256055366,
  "mse_per_dim_names": [
    "x",
    "y",
    "z",
    "roll",
    "pitch",
    "yaw",
    "gripper"
  ],
  "grounding": {
    "nouns": [
      "piece",
      "chocolate",
      "it",
      "drawer"
    ],
    "num_boxes": 0,
    "num_patches": 0,
    "patch_coverage": 0.0
  }
}