{
  "episode_id": 8,
  "step_id": 31,
  "instruction": "open the drawer",
  "condition": "pair_micro_midlay",
  "condition_desc": "wr(\u03bb=1.1) + L[12, 14, 16, 18, 20]",
  "predicted_action": [
    -0.021234165998066178,
    0.016411388155291994,
    0.03873254760880679,
    0.019657540286288383,
    -0.07580544504523277,
    -0.008125701709120942,
    0.996078431372549
  ],
  "ground_truth_action": [
    -0.005490378942340612,
    0.01656682789325714,
    0.02191122993826866,
    0.028083516284823418,
    -0.037001803517341614,
    0.03294728323817253,
    1.0
  ],
  "action_token_ids": [
    31966,
    31820,
    31750,
    31842,
    31974,
    31876,
    31744
  ],
  "mse_per_dim": [
    0.0002478668308560319,
    2.4161512138673747e-08,
    0.0002829567281731582,
    7.099707152788847e-05,
    0.0015057225958250795,
    0.0016869900924805963,
    1.5378700499807656e-05
  ],
  "mse_mean": 0.0005442765972678144,
  "mse_spatial": 0.0006324262467291489,
  "mse_gripper": 1.5378700499807656e-05,
  "mse_per_dim_names": [
    "x",
    "y",
    "z",
    "roll",
    "pitch",
    "yaw",
    "gripper"
  ],
  "grounding": {
    "nouns": [
      "drawer"
    ],
    "num_boxes": 0,
    "num_patches": 0,
    "patch_coverage": 0.0
  }
}