{
  "episode_id": 9,
  "step_id": 11,
  "instruction": "Move the can in the middle bottom of the table",
  "condition": "var_vt_rebal",
  "condition_desc": "VAR(p=0.6,rho=0.5) + VTR(f=0.3)",
  "predicted_action": [
    -0.010050453936352462,
    -0.010784436769345263,
    -0.007776176813332477,
    0.022211917201677783,
    0.013956425710635989,
    -0.05164424969986378,
    -0.29803921568627456
  ],
  "ground_truth_action": [
    -0.020678704604506493,
    -0.009431998245418072,
    -0.007096081506460905,
    0.005808230489492416,
    0.027738431468605995,
    -0.05787091702222824,
    1.0
  ],
  "action_token_ids": [
    31916,
    31904,
    31929,
    31838,
    31840,
    31903,
    31910
  ],
  "mse_per_dim": [
    0.0001129597122651166,
    1.8290899610023587e-06,
    4.6252962642873755e-07,
    0.00026908093775152676,
    0.0001899436827127184,
    3.877138594340139e-05,
    1.6849058054594388
  ],
  "mse_mean": 0.24078840754252842,
  "mse_spatial": 0.00010217455637669905,
  "mse_gripper": 1.6849058054594388,
  "mse_per_dim_names": [
    "x",
    "y",
    "z",
    "roll",
    "pitch",
    "yaw",
    "gripper"
  ]
}