{
  "episode_id": 6,
  "step_id": 9,
  "instruction": "Picked the piece of chocolate and put it into the drawer",
  "condition": "var_vt_rebal",
  "condition_desc": "VAR(p=0.6,rho=0.5) + VTR(f=0.3)",
  "predicted_action": [
    0.006725114156218116,
    -0.006251799281905716,
    -0.0075163515372311425,
    0.008162844167036026,
    -0.01283816257469797,
    0.0063804809544599494,
    0.996078431372549
  ],
  "ground_truth_action": [
    0.011156480759382248,
    -0.003605287754908204,
    -0.005333938170224428,
    -0.0011869337176904082,
    -0.029325230047106743,
    0.024882126599550247,
    1.0
  ],
  "action_token_ids": [
    31841,
    31890,
    31928,
    31860,
    31880,
    31867,
    31744
  ],
  "mse_per_dim": [
    1.963700997163842e-05,
    7.004023262530704e-06,
    4.762928104489583e-06,
    8.741834649371952e-05,
    0.0002718233938397594,
    0.00034231089157648877,
    1.5378700499807656e-05
  ],
  "mse_mean": 0.000106905041964062,
  "mse_spatial": 0.0001221594322081044,
  "mse_gripper": 1.5378700499807656e-05,
  "mse_per_dim_names": [
    "x",
    "y",
    "z",
    "roll",
    "pitch",
    "yaw",
    "gripper"
  ]
}