{
  "episode_id": 8,
  "step_id": 26,
  "instruction": "open the drawer",
  "condition": "var_vt_rebal",
  "condition_desc": "VAR(p=0.6,rho=0.5) + VTR(f=0.3)",
  "predicted_action": [
    -0.0017745070106843092,
    -0.0007478823328719852,
    0.0057347375439370275,
    0.006885655709341312,
    -0.007479244917631175,
    -0.006513903635389756,
    0.039215686274509776
  ],
  "ground_truth_action": [
    0.0008194597321562469,
    0.0010139048099517822,
    0.0035163273569196463,
    0.03183924779295921,
    -0.005832354072481394,
    -0.0002296915336046368,
    1.0
  ],
  "action_token_ids": [
    31879,
    31873,
    31877,
    31862,
    31872,
    31875,
    31867
  ],
  "mse_per_dim": [
    6.728663462962844e-06,
    3.103893936619134e-06,
    4.921343757862492e-06,
    0.0006226817578755979,
    2.712249455838162e-06,
    3.949132174022255e-05,
    0.9231064975009612
  ],
  "mse_mean": 0.13196944810445574,
  "mse_spatial": 0.00011327320503818386,
  "mse_gripper": 0.9231064975009612,
  "mse_per_dim_names": [
    "x",
    "y",
    "z",
    "roll",
    "pitch",
    "yaw",
    "gripper"
  ]
}