{
  "episode_id": 0,
  "step_id": 17,
  "instruction": "put small spoon from basket to tray",
  "condition": "var_vt_rebal",
  "condition_desc": "VAR(p=0.6,rho=0.5) + VTR(f=0.3)",
  "predicted_action": [
    0.011869621704606429,
    -0.02179227066741272,
    -0.006477050432825794,
    -0.08060175364274605,
    -0.026905321424498307,
    0.05634622124012764,
    -0.42352941176470593
  ],
  "ground_truth_action": [
    0.016243165358901024,
    -0.027687691152095795,
    -0.0025551500730216503,
    -0.1549290418624878,
    0.0016407300718128681,
    0.060231104493141174,
    0.0
  ],
  "action_token_ids": [
    31818,
    31938,
    31924,
    31999,
    31901,
    31836,
    31926
  ],
  "mse_per_dim": [
    1.912788409602052e-05,
    3.4755982691220804e-05,
    1.5381302432231874e-05,
    0.00552454577410056,
    0.0008148770560300495,
    1.5092317889545005e-05,
    0.17937716262975784
  ],
  "mse_mean": 0.026542991849571068,
  "mse_spatial": 0.0010706300528732714,
  "mse_gripper": 0.17937716262975784,
  "mse_per_dim_names": [
    "x",
    "y",
    "z",
    "roll",
    "pitch",
    "yaw",
    "gripper"
  ]
}