{
  "episode_id": 2,
  "step_id": 24,
  "instruction": "put the red object into the pot",
  "condition": "var_vt_rebal",
  "condition_desc": "VAR(p=0.6,rho=0.5) + VTR(f=0.3)",
  "predicted_action": [
    -0.006247991835369799,
    -0.007546838564031308,
    0.006514213372241045,
    -0.026321244190721037,
    -0.012168297867564626,
    -0.01940828822523946,
    -0.03921568627450983
  ],
  "ground_truth_action": [
    -0.01202328409999609,
    0.003530195914208889,
    0.04368657246232033,
    -0.03822736442089081,
    -0.09123282134532928,
    0.02355818636715412,
    0.0
  ],
  "action_token_ids": [
    31899,
    31894,
    31874,
    31914,
    31879,
    31883,
    31877
  ],
  "mse_per_dim": [
    3.335400074185227e-05,
    0.00012270069283212208,
    0.0013817842803217997,
    0.0001417556989352579,
    0.006251198872765999,
    0.0018461179388988033,
    0.0015378700499807788
  ],
  "mse_mean": 0.0016163973620680876,
  "mse_spatial": 0.0016294852474159724,
  "mse_gripper": 0.0015378700499807788,
  "mse_per_dim_names": [
    "x",
    "y",
    "z",
    "roll",
    "pitch",
    "yaw",
    "gripper"
  ]
}