{
  "episode_id": 9,
  "step_id": 19,
  "instruction": "Move the can in the middle bottom of the table",
  "condition": "var_vt_rebal",
  "condition_desc": "VAR(p=0.6,rho=0.5) + VTR(f=0.3)",
  "predicted_action": [
    -0.0013271585282157647,
    0.013497549770509432,
    0.02678058490814531,
    -0.036538751852278686,
    0.026013990439036266,
    0.08858218271475202,
    0.2823529411764705
  ],
  "ground_truth_action": [
    0.00980442389845848,
    0.008692334406077862,
    0.026029322296380997,
    -0.03140782192349434,
    -0.06810685247182846,
    0.04893117770552635,
    1.0
  ],
  "action_token_ids": [
    31877,
    31829,
    31796,
    31930,
    31822,
    31816,
    31836
  ],
  "mse_per_dim": [
    0.00012391212732184288,
    2.3090094698569225e-05,
    5.643955118349352e-07,
    2.632644193409495e-05,
    0.008858733070251675,
    0.0015722021982416388,
    0.5150173010380624
  ],
  "mse_mean": 0.07508887562371744,
  "mse_spatial": 0.0017674713879932758,
  "mse_gripper": 0.5150173010380624,
  "mse_per_dim_names": [
    "x",
    "y",
    "z",
    "roll",
    "pitch",
    "yaw",
    "gripper"
  ]
}