{
  "episode_id": 9,
  "step_id": 16,
  "instruction": "Move the can in the middle bottom of the table",
  "condition": "var_vt_rebal",
  "condition_desc": "VAR(p=0.6,rho=0.5) + VTR(f=0.3)",
  "predicted_action": [
    0.0035936747789382766,
    -0.002042921614997577,
    0.003915960611227672,
    -0.0173809249868581,
    -0.006809380210497831,
    0.004768682880728764,
    0.03137254901960773
  ],
  "ground_truth_action": [
    0.006088394206017256,
    0.003295032074674964,
    0.005659133195877075,
    -0.006593577563762665,
    -0.020915336906909943,
    0.015304246917366982,
    1.0
  ],
  "action_token_ids": [
    31855,
    31877,
    31884,
    31900,
    31871,
    31868,
    31868
  ],
  "mse_per_dim": [
    6.2236250198452705e-06,
    2.849374959308869e-05,
    3.03865065987328e-06,
    0.00011636686442656375,
    0.0001989780143210537,
    0.00011099810957010457,
    0.9382391387927722
  ],
  "mse_mean": 0.13410046254376612,
  "mse_spatial": 7.734983559842155e-05,
  "mse_gripper": 0.9382391387927722,
  "mse_per_dim_names": [
    "x",
    "y",
    "z",
    "roll",
    "pitch",
    "yaw",
    "gripper"
  ]
}