{
  "episode_id": 6,
  "step_id": 8,
  "instruction": "Picked the piece of chocolate and put it into the drawer",
  "condition": "var_vt_rebal",
  "condition_desc": "VAR(p=0.6,rho=0.5) + VTR(f=0.3)",
  "predicted_action": [
    0.005383068708812468,
    -0.011108196589876655,
    -0.003878797671812425,
    0.010078626853578077,
    -0.01283816257469797,
    -0.011349297856583396,
    0.996078431372549
  ],
  "ground_truth_action": [
    0.007693599443882704,
    -0.007522575091570616,
    -0.007861136458814144,
    0.00021770107559859753,
    -0.039835188537836075,
    0.0361514687538147,
    1.0
  ],
  "action_token_ids": [
    31847,
    31905,
    31914,
    31857,
    31880,
    31878,
    31744
  ],
  "mse_per_dim": [
    5.3385522777042025e-06,
    1.2856681529114446e-05,
    1.5859022214458326e-05,
    9.723785719882019e-05,
    0.0007288394108543529,
    0.00225632282857551,
    1.5378700499807656e-05
  ],
  "mse_mean": 0.0004474047218785383,
  "mse_spatial": 0.0005194090587749934,
  "mse_gripper": 1.5378700499807656e-05,
  "mse_per_dim_names": [
    "x",
    "y",
    "z",
    "roll",
    "pitch",
    "yaw",
    "gripper"
  ]
}