{
  "episode_id": 3,
  "step_id": 45,
  "instruction": "put the rectangle block on top of the red arch and yellow block",
  "condition": "var_vt_rebal",
  "condition_desc": "VAR(p=0.6,rho=0.5) + VTR(f=0.3)",
  "predicted_action": [
    0.002251629331532626,
    0.005079794436693139,
    -0.009335128469940498,
    0.05861178824597689,
    0.0360619610460365,
    -6.671134046487559e-05,
    -0.21176470588235297
  ],
  "ground_truth_action": [
    0.00723238755017519,
    0.0038806309457868338,
    0.0008845853735692799,
    0.04041624814271927,
    0.02512200176715851,
    0.012422102503478527,
    1.0
  ],
  "action_token_ids": [
    31861,
    31855,
    31935,
    31781,
    31807,
    31871,
    31899
  ],
  "mse_per_dim": [
    2.480795243257545e-05,
    1.4379930779225953e-06,
    0.00010444255104322539,
    0.00033107767964925635,
    0.00011968270902350862,
    0.0001559704712286724,
    1.4683737024221457
  ],
  "mse_mean": 0.20987301739694297,
  "mse_spatial": 0.00012290322607586013,
  "mse_gripper": 1.4683737024221457,
  "mse_per_dim_names": [
    "x",
    "y",
    "z",
    "roll",
    "pitch",
    "yaw",
    "gripper"
  ]
}