{
  "episode_id": 5,
  "step_id": 16,
  "instruction": "take broccoli out of pan",
  "condition": "var_vt_rebal",
  "condition_desc": "VAR(p=0.6,rho=0.5) + VTR(f=0.3)",
  "predicted_action": [
    -0.00043246156327866186,
    0.0060510738982873236,
    0.006514213372241045,
    0.026043482574761898,
    0.04744966106730343,
    -0.03391447088882041,
    -0.0784313725490196
  ],
  "ground_truth_action": [
    -0.00036782422102987766,
    0.003283013356849551,
    0.026963694021105766,
    0.028095927089452744,
    0.02386953867971897,
    -0.01625766232609749,
    0.0
  ],
  "action_token_ids": [
    31873,
    31852,
    31874,
    31832,
    31790,
    31892,
    31882
  ],
  "mse_per_dim": [
    4.177986012986463e-09,
    7.662159161064774e-06,
    0.0004181812588082927,
    4.212528485884542e-06,
    0.0005560221718134619,
    0.0003117628886206454,
    0.006151480199923107
  ],
  "mse_mean": 0.0010641893406854955,
  "mse_spatial": 0.00021630753081256036,
  "mse_gripper": 0.006151480199923107,
  "mse_per_dim_names": [
    "x",
    "y",
    "z",
    "roll",
    "pitch",
    "yaw",
    "gripper"
  ]
}