{
  "episode_id": 2,
  "step_id": 18,
  "instruction": "put the red object into the pot",
  "condition": "var_vt_rebal",
  "condition_desc": "VAR(p=0.6,rho=0.5) + VTR(f=0.3)",
  "predicted_action": [
    -0.0013271585282157647,
    -0.008841877846156886,
    -0.0020600207391030696,
    -0.002693257723368994,
    -0.014847756696098016,
    0.009604077101922431,
    -0.07058823529411762
  ],
  "ground_truth_action": [
    -0.0010083388769999146,
    -0.003968007396906614,
    -0.002966461470350623,
    -0.007193943951278925,
    0.0019823769107460976,
    -0.003114238614216447,
    1.0
  ],
  "action_token_ids": [
    31877,
    31898,
    31907,
    31877,
    31883,
    31865,
    31881
  ],
  "mse_per_dim": [
    1.0164597000139627e-07,
    2.375461315607504e-05,
    8.216347992645996e-07,
    2.025617652209812e-05,
    0.00028325339722422364,
    0.00016175555465538518,
    1.146159169550173
  ],
  "mse_mean": 0.16380701608178572,
  "mse_spatial": 8.165717038784134e-05,
  "mse_gripper": 1.146159169550173,
  "mse_per_dim_names": [
    "x",
    "y",
    "z",
    "roll",
    "pitch",
    "yaw",
    "gripper"
  ]
}