{
  "episode_id": 3,
  "step_id": 28,
  "instruction": "put the rectangle block on top of the red arch and yellow block",
  "condition": "var_vt_rebal",
  "condition_desc": "VAR(p=0.6,rho=0.5) + VTR(f=0.3)",
  "predicted_action": [
    0.00023856116042415831,
    0.006374833718818716,
    -0.0075163515372311425,
    -0.002693257723368994,
    0.024674261024769578,
    0.05312262509266527,
    0.03137254901960773
  ],
  "ground_truth_action": [
    0.0013702231226488948,
    0.004410550929605961,
    -0.014089349657297134,
    -0.0266331285238266,
    0.02234344743192196,
    0.011976118199527264,
    0.0
  ],
  "action_token_ids": [
    31870,
    31851,
    31928,
    31877,
    31824,
    31838,
    31868
  ],
  "mse_per_dim": [
    1.280658796746341e-06,
    3.858406875997442e-06,
    4.320430428639106e-05,
    0.0005731174139426027,
    5.432692004603227e-06,
    0.0016930350295070536,
    0.00098423683198769
  ],
  "mse_mean": 0.0004720236196287263,
  "mse_spatial": 0.0003866547509022323,
  "mse_gripper": 0.00098423683198769,
  "mse_per_dim_names": [
    "x",
    "y",
    "z",
    "roll",
    "pitch",
    "yaw",
    "gripper"
  ]
}