{
  "episode_id": 1,
  "step_id": 33,
  "instruction": "put the blue cube on the right side of the table on top of the rectangular block",
  "condition": "var_vt_rebal",
  "condition_desc": "VAR(p=0.6,rho=0.5) + VTR(f=0.3)",
  "predicted_action": [
    0.0015806066078298056,
    -0.0007478823328719852,
    -0.00024124380639371432,
    -0.003970446181063694,
    -0.010828568453297924,
    0.0015450867332663376,
    0.0235294117647058
  ],
  "ground_truth_action": [
    -0.00045042249257676303,
    0.002279105596244335,
    -0.0024801825638860464,
    0.020811110734939575,
    0.008159958757460117,
    -0.0034724147990345955,
    0.0
  ],
  "action_token_ids": [
    31864,
    31873,
    31900,
    31879,
    31877,
    31870,
    31869
  ],
  "mse_per_dim": [
    4.125079206698316e-06,
    9.16265592301591e-06,
    5.012846759801308e-06,
    0.0006141255631811095,
    0.00036056416563369856,
    2.517532162664221e-05,
    0.0005536332179930756
  ],
  "mse_mean": 0.00022454269290343446,
  "mse_spatial": 0.00016969427205516094,
  "mse_gripper": 0.0005536332179930756,
  "mse_per_dim_names": [
    "x",
    "y",
    "z",
    "roll",
    "pitch",
    "yaw",
    "gripper"
  ]
}