{
  "episode_id": 3,
  "step_id": 2,
  "instruction": "put the rectangle block on top of the red arch and yellow block",
  "condition": "var_vt_rebal",
  "condition_desc": "VAR(p=0.6,rho=0.5) + VTR(f=0.3)",
  "predicted_action": [
    0.003370000537704001,
    -0.006251799281905716,
    -0.006477050432825794,
    -0.028237026877263108,
    -0.016857350817498062,
    -6.671134046487559e-05,
    -0.06274509803921569
  ],
  "ground_truth_action": [
    0.002516337903216481,
    -0.0010572649771347642,
    0.007234157994389534,
    -0.028577717021107674,
    -0.04717095196247101,
    0.01636134274303913,
    1.0
  ],
  "action_token_ids": [
    31856,
    31890,
    31924,
    31917,
    31886,
    31871,
    31880
  ],
  "mse_per_dim": [
    7.287398935201725e-07,
    2.698318664344224e-05,
    0.00018799723653454062,
    1.1606977411283098e-07,
    0.0009189144143765051,
    0.00026988096097053265,
    1.129427143406382
  ],
  "mse_mean": 0.16154739485922495,
  "mse_spatial": 0.0002341034346987756,
  "mse_gripper": 1.129427143406382,
  "mse_per_dim_names": [
    "x",
    "y",
    "z",
    "roll",
    "pitch",
    "yaw",
    "gripper"
  ]
}