{
  "episode_id": 8,
  "step_id": 20,
  "instruction": "open the drawer",
  "condition": "var_vt_rebal",
  "condition_desc": "VAR(p=0.6,rho=0.5) + VTR(f=0.3)",
  "predicted_action": [
    -0.002221855493152857,
    -0.0023666814355289695,
    0.002357008954619655,
    0.01263300376896749,
    -0.01886694493889811,
    0.022498461691772165,
    0.22745098039215694
  ],
  "ground_truth_action": [
    -0.0016295553650707006,
    -0.0037465160712599754,
    0.0012600204208865762,
    -0.008451642468571663,
    0.003283731872215867,
    0.0015857504913583398,
    0.0
  ],
  "action_token_ids": [
    31881,
    31878,
    31890,
    31853,
    31889,
    31857,
    31843
  ],
  "mse_per_dim": [
    3.5081944172613895e-07,
    1.903943621962918e-06,
    1.20338384314185e-06,
    0.00044456230696217396,
    0.0004906524831904224,
    0.00043734148975191383,
    0.05173394848135336
  ],
  "mse_mean": 0.0075871375583092425,
  "mse_spatial": 0.0002293357378018902,
  "mse_gripper": 0.05173394848135336,
  "mse_per_dim_names": [
    "x",
    "y",
    "z",
    "roll",
    "pitch",
    "yaw",
    "gripper"
  ]
}