{
  "episode_id": 7,
  "step_id": 15,
  "instruction": "Move the blue fork to the lower right burner",
  "condition": "var_vt_rebal",
  "condition_desc": "VAR(p=0.6,rho=0.5) + VTR(f=0.3)",
  "predicted_action": [
    -0.0017745070106843092,
    -0.004956759999780139,
    0.016647399140193166,
    -0.0014160692656742802,
    -0.0014504625534310367,
    -0.011349297856583396,
    -0.14901960784313728
  ],
  "ground_truth_action": [
    0.0003033897955901921,
    -0.0026473321486264467,
    0.0172430332750082,
    0.01211563590914011,
    -0.04109688103199005,
    -0.022501036524772644,
    0.0
  ],
  "action_token_ids": [
    31879,
    31886,
    31835,
    31875,
    31863,
    31878,
    31891
  ],
  "mse_per_dim": [
    4.317655137525772e-06,
    5.33345699968436e-06,
    3.5478002255685564e-07,
    0.00018310704493809855,
    0.0015718384981770258,
    0.0001243612753235873,
    0.022206843521722423
  ],
  "mse_mean": 0.0034423080331887003,
  "mse_spatial": 0.0003148854517664131,
  "mse_gripper": 0.022206843521722423,
  "mse_per_dim_names": [
    "x",
    "y",
    "z",
    "roll",
    "pitch",
    "yaw",
    "gripper"
  ]
}