{
  "episode_id": 7,
  "step_id": 4,
  "instruction": "Move the blue fork to the lower right burner",
  "condition": "var_vt_rebal",
  "condition_desc": "VAR(p=0.6,rho=0.5) + VTR(f=0.3)",
  "predicted_action": [
    0.0015806066078298056,
    0.022239064924857117,
    0.0057347375439370275,
    0.01263300376896749,
    -0.059728692074032405,
    0.02572205783923459,
    0.4156862745098039
  ],
  "ground_truth_action": [
    -0.015686605125665665,
    0.020078985020518303,
    -0.008050421252846718,
    0.01020619086921215,
    0.011735349893569946,
    0.03909878060221672,
    1.0
  ],
  "action_token_ids": [
    31864,
    31802,
    31877,
    31853,
    31950,
    31855,
    31819
  ],
  "mse_per_dim": [
    0.00029815660104936365,
    4.665945193128382e-06,
    0.00019003060305254428,
    5.889420850418922e-06,
    0.00510710929434723,
    0.00017893671187768425,
    0.3414225297962323
  ],
  "mse_mean": 0.04960104548180038,
  "mse_spatial": 0.0009641314293950616,
  "mse_gripper": 0.3414225297962323,
  "mse_per_dim_names": [
    "x",
    "y",
    "z",
    "roll",
    "pitch",
    "yaw",
    "gripper"
  ]
}