{
  "episode_id": 7,
  "step_id": 19,
  "instruction": "Move the blue fork to the lower right burner",
  "condition": "var_vt_rebal",
  "condition_desc": "VAR(p=0.6,rho=0.5) + VTR(f=0.3)",
  "predicted_action": [
    -0.002221855493152857,
    -0.04154161971982787,
    -0.0007608943585963902,
    -0.05505798448885193,
    -0.003460056674831083,
    0.030557452060428203,
    -0.2823529411764706
  ],
  "ground_truth_action": [
    0.0022567035630345345,
    -0.01986752077937126,
    -0.0218911562114954,
    -0.016862142831087112,
    0.054808616638183594,
    -0.05203579366207123,
    0.0
  ],
  "action_token_ids": [
    31881,
    31999,
    31902,
    31959,
    31866,
    31852,
    31908
  ],
  "mse_per_dim": [
    2.0057491219758098e-05,
    0.00046976656488070237,
    0.0004464879659720791,
    0.0014589223199450421,
    0.0033952382896588287,
    0.0068216442389771705,
    0.07972318339100345
  ],
  "mse_mean": 0.01319075718023672,
  "mse_spatial": 0.0021020194784422633,
  "mse_gripper": 0.07972318339100345,
  "mse_per_dim_names": [
    "x",
    "y",
    "z",
    "roll",
    "pitch",
    "yaw",
    "gripper"
  ]
}