{
  "episode_id": 6,
  "step_id": 0,
  "instruction": "Picked the piece of chocolate and put it into the drawer",
  "condition": "var_vt_rebal",
  "condition_desc": "VAR(p=0.6,rho=0.5) + VTR(f=0.3)",
  "predicted_action": [
    -0.001998181251918585,
    -0.003014201076591762,
    -0.004398448224015101,
    -0.019935301902247515,
    0.013956425710635989,
    0.007992279028191218,
    -0.10196078431372552
  ],
  "ground_truth_action": [
    0.0,
    0.0,
    1.3877787807814457e-17,
    9.990008820182084e-09,
    1.3098198792249605e-07,
    -1.197506804828663e-07,
    1.0
  ],
  "action_token_ids": [
    31880,
    31880,
    31916,
    31904,
    31840,
    31866,
    31885
  ],
  "mse_per_dim": [
    3.992728315518923e-06,
    9.085408130126935e-06,
    1.9346346779341717e-05,
    0.0003974166602415369,
    0.00019477816255288982,
    6.387843824050985e-05,
    1.2143175701653213
  ],
  "mse_mean": 0.17357229541565444,
  "mse_spatial": 0.00011474962404332069,
  "mse_gripper": 1.2143175701653213,
  "mse_per_dim_names": [
    "x",
    "y",
    "z",
    "roll",
    "pitch",
    "yaw",
    "gripper"
  ]
}