{
  "episode_id": 2,
  "step_id": 23,
  "instruction": "put the red object into the pot",
  "condition": "var_vt_rebal",
  "condition_desc": "VAR(p=0.6,rho=0.5) + VTR(f=0.3)",
  "predicted_action": [
    -0.006247991835369799,
    -0.00010036269180919988,
    0.008332990304950393,
    -0.024405461504178987,
    -0.009488839039031222,
    0.004768682880728764,
    0.015686274509803866
  ],
  "ground_truth_action": [
    -0.004862708505243063,
    0.00898622814565897,
    0.02585766091942787,
    -0.007546849083155394,
    -0.050980422645807266,
    0.01634380966424942,
    0.0
  ],
  "action_token_ids": [
    31899,
    31871,
    31867,
    31911,
    31875,
    31868,
    31870
  ],
  "mse_per_dim": [
    1.9190099047270195e-06,
    8.25661330475605e-05,
    0.00030711408014593046,
    0.00028421281276229095,
    0.0017215515101980867,
    0.00013398356005457724,
    0.0002460592079969225
  ],
  "mse_mean": 0.00039677233058715643,
  "mse_spatial": 0.00042189118435219543,
  "mse_gripper": 0.0002460592079969225,
  "mse_per_dim_names": [
    "x",
    "y",
    "z",
    "roll",
    "pitch",
    "yaw",
    "gripper"
  ]
}