{
  "episode_id": 6,
  "step_id": 27,
  "instruction": "Picked the piece of chocolate and put it into the drawer",
  "condition": "var_vt_rebal",
  "condition_desc": "VAR(p=0.6,rho=0.5) + VTR(f=0.3)",
  "predicted_action": [
    0.009409205051029403,
    0.03065682025867341,
    0.02002512772951055,
    -0.035261563394583986,
    -0.010828568453297924,
    0.06762880775624616,
    0.43137254901960786
  ],
  "ground_truth_action": [
    0.01855863444507122,
    0.03272545337677002,
    0.00918556097894907,
    -0.017695123329758644,
    -0.004694678820669651,
    0.07427006214857101,
    0.0
  ],
  "action_token_ids": [
    31829,
    31776,
    31822,
    31928,
    31877,
    31829,
    31817
  ],
  "mse_per_dim": [
    8.37120582365564e-05,
    4.2792429772861e-06,
    0.00011749620733987795,
    0.00030857981655110095,
    3.7624602025264605e-05,
    4.410625990357415e-05,
    0.186082276047674
  ],
  "mse_mean": 0.02666829631924395,
  "mse_spatial": 9.929969783894337e-05,
  "mse_gripper": 0.186082276047674,
  "mse_per_dim_names": [
    "x",
    "y",
    "z",
    "roll",
    "pitch",
    "yaw",
    "gripper"
  ]
}