{
  "episode_id": 1,
  "step_id": 16,
  "instruction": "put the blue cube on the right side of the table on top of the rectangular block",
  "condition": "var_vt_rebal",
  "condition_desc": "VAR(p=0.6,rho=0.5) + VTR(f=0.3)",
  "predicted_action": [
    -0.002445529734387133,
    -0.003014201076591762,
    -0.012972682335359214,
    -0.06591408637925693,
    -0.0007805978462976926,
    0.049899028945202845,
    -0.2274509803921569
  ],
  "ground_truth_action": [
    0.020053133368492126,
    0.007325427606701851,
    0.0023329949472099543,
    0.020424317568540573,
    -0.006007517222315073,
    -0.01802169904112816,
    0.0
  ],
  "action_token_ids": [
    31882,
    31880,
    31949,
    31976,
    31862,
    31840,
    31901
  ],
  "mse_per_dim": [
    0.0005061898414168605,
    0.000106907921308388,
    0.0002342637570781539,
    0.007454319996253055,
    2.7320686163385922e-05,
    0.0046132252901931676,
    0.051733948481353334
  ],
  "mse_mean": 0.00923945371053805,
  "mse_spatial": 0.0021570379154021682,
  "mse_gripper": 0.051733948481353334,
  "mse_per_dim_names": [
    "x",
    "y",
    "z",
    "roll",
    "pitch",
    "yaw",
    "gripper"
  ]
}