{
  "episode_id": 8,
  "step_id": 0,
  "instruction": "open the drawer",
  "condition": "var_vt_rebal",
  "condition_desc": "VAR(p=0.6,rho=0.5) + VTR(f=0.3)",
  "predicted_action": [
    0.0009095838841269785,
    0.001842196231379177,
    -0.0007608943585963902,
    0.019018946057441033,
    -0.002790191967697725,
    -0.008125701709120942,
    0.996078431372549
  ],
  "ground_truth_action": [
    1.055186493736926e-10,
    -2.491599149223589e-10,
    -3.2596855770172795e-11,
    -5.693586402344408e-08,
    -5.654894508211328e-08,
    -2.1919252191082705e-08,
    1.0
  ],
  "action_token_ids": [
    31867,
    31865,
    31902,
    31843,
    31865,
    31876,
    31744
  ],
  "mse_per_dim": [
    8.273426503074059e-07,
    3.393687872910617e-06,
    5.789601753382858e-07,
    0.0003617224748593467,
    7.784855654977985e-06,
    6.602667204748146e-05,
    1.5378700499807656e-05
  ],
  "mse_mean": 6.510181339431002e-05,
  "mse_spatial": 7.338899887672708e-05,
  "mse_gripper": 1.5378700499807656e-05,
  "mse_per_dim_names": [
    "x",
    "y",
    "z",
    "roll",
    "pitch",
    "yaw",
    "gripper"
  ]
}