{
  "episode_id": 3,
  "step_id": 31,
  "instruction": "put the rectangle block on top of the red arch and yellow block",
  "condition": "var_vt_rebal",
  "condition_desc": "VAR(p=0.6,rho=0.5) + VTR(f=0.3)",
  "predicted_action": [
    0.002251629331532626,
    0.0011946765903163847,
    -0.0012805449107990592,
    0.004331278793951912,
    -0.00011073313916434846,
    0.0063804809544599494,
    0.0
  ],
  "ground_truth_action": [
    0.00217902148142457,
    -0.0031260717660188675,
    0.0028961687348783016,
    0.013126663863658905,
    0.010925862938165665,
    -0.005883979611098766,
    0.0
  ],
  "action_token_ids": [
    31861,
    31867,
    31904,
    31866,
    31861,
    31867,
    31872
  ],
  "mse_per_dim": [
    5.271899897313885e-09,
    1.8668866358773785e-05,
    1.744493687798747e-05,
    7.735879852442468e-05,
    0.00012180645297413623,
    0.0001504169929641448,
    0.0
  ],
  "mse_mean": 5.51001885141949e-05,
  "mse_spatial": 6.428355326656072e-05,
  "mse_gripper": 0.0,
  "mse_per_dim_names": [
    "x",
    "y",
    "z",
    "roll",
    "pitch",
    "yaw",
    "gripper"
  ]
}