{
  "episode_id": 9,
  "step_id": 4,
  "instruction": "Move the can in the middle bottom of the table",
  "condition": "var_vt_rebal",
  "condition_desc": "VAR(p=0.6,rho=0.5) + VTR(f=0.3)",
  "predicted_action": [
    -0.004234923664261325,
    -0.008518118025625486,
    -0.009335128469940498,
    0.018380351828593683,
    0.03137290809610306,
    -0.05164424969986378,
    0.996078431372549
  ],
  "ground_truth_action": [
    -0.006486942525953054,
    -0.019025003537535667,
    0.0007258533150888979,
    -0.020097097381949425,
    0.0018136324360966682,
    -0.04556237533688545,
    1.0
  ],
  "action_token_ids": [
    31890,
    31897,
    31935,
    31844,
    31814,
    31903,
    31744
  ],
  "mse_per_dim": [
    5.0715889534153146e-06,
    0.00011039464316038808,
    0.00010122335447869328,
    0.0014805140977499245,
    0.0008737507775442464,
    3.6989195767053055e-05,
    1.5378700499807656e-05
  ],
  "mse_mean": 0.0003747603368790755,
  "mse_spatial": 0.00043465727627562013,
  "mse_gripper": 1.5378700499807656e-05,
  "mse_per_dim_names": [
    "x",
    "y",
    "z",
    "roll",
    "pitch",
    "yaw",
    "gripper"
  ]
}