{
  "episode_id": 2,
  "step_id": 36,
  "instruction": "put the red object into the pot",
  "condition": "var_vt_rebal",
  "condition_desc": "VAR(p=0.6,rho=0.5) + VTR(f=0.3)",
  "predicted_action": [
    0.0011332581253612577,
    0.0005471569492535924,
    -0.0036189723957110904,
    -0.003970446181063694,
    -0.020876539060298155,
    0.04345183665027799,
    -0.03921568627450983
  ],
  "ground_truth_action": [
    0.002612098352983594,
    -0.002767560537904501,
    0.010061245411634445,
    -0.018884360790252686,
    -0.01816675439476967,
    -0.0031159166246652603,
    1.0
  ],
  "action_token_ids": [
    31866,
    31869,
    31913,
    31879,
    31892,
    31844,
    31877
  ],
  "mse_per_dim": [
    2.1869684188340835e-06,
    1.0987352019671666e-05,
    0.0001871483592564139,
    0.00022242484897018081,
    7.3429329335333304e-06,
    0.002168555645075988,
    1.0799692425990006
  ],
  "mse_mean": 0.1546525555293822,
  "mse_spatial": 0.00043310768444577026,
  "mse_gripper": 1.0799692425990006,
  "mse_per_dim_names": [
    "x",
    "y",
    "z",
    "roll",
    "pitch",
    "yaw",
    "gripper"
  ]
}