{
  "episode_id": 3,
  "step_id": 22,
  "instruction": "put the rectangle block on top of the red arch and yellow block",
  "condition": "var_vt_rebal",
  "condition_desc": "VAR(p=0.6,rho=0.5) + VTR(f=0.3)",
  "predicted_action": [
    0.0009095838841269785,
    0.014792589052635016,
    -0.003099321843508418,
    -0.034622969165736636,
    -0.0014504625534310367,
    0.0982529711571393,
    0.2666666666666666
  ],
  "ground_truth_action": [
    0.0032582038547843695,
    0.007932167500257492,
    -0.015200038440525532,
    -0.039655134081840515,
    0.034090928733348846,
    0.03298941254615784,
    0.0
  ],
  "action_token_ids": [
    31867,
    31825,
    31911,
    31927,
    31863,
    31810,
    31838
  ],
  "mse_per_dim": [
    5.516015766570724e-06,
    4.7065383876326035e-05,
    0.00014642734216132545,
    2.532268374286676e-05,
    0.001263190494599993,
    0.004259332082569012,
    0.07111111111111108
  ],
  "mse_mean": 0.01097970930197531,
  "mse_spatial": 0.0009578090004526823,
  "mse_gripper": 0.07111111111111108,
  "mse_per_dim_names": [
    "x",
    "y",
    "z",
    "roll",
    "pitch",
    "yaw",
    "gripper"
  ]
}