{
  "episode_id": 3,
  "step_id": 6,
  "instruction": "put the rectangle block on top of the red arch and yellow block",
  "condition": "var_vt_rebal",
  "condition_desc": "VAR(p=0.6,rho=0.5) + VTR(f=0.3)",
  "predicted_action": [
    -0.0013271585282157647,
    -0.009813157307751078,
    0.000798057298011634,
    0.003054090336257184,
    0.043430472824503366,
    0.014439471323116071,
    0.06274509803921569
  ],
  "ground_truth_action": [
    -0.0024415773805230856,
    -0.010849326848983765,
    -0.006653833203017712,
    0.0038103521801531315,
    0.019138747826218605,
    0.010911010205745697,
    1.0
  ],
  "action_token_ids": [
    31877,
    31901,
    31896,
    31868,
    31796,
    31862,
    31864
  ],
  "mse_per_dim": [
    1.2419293783779664e-06,
    1.0736473181783573e-06,
    5.5530672039331396e-05,
    5.719319765328982e-07,
    0.0005900879033922928,
    1.2450037856794588e-05,
    0.8784467512495194
  ],
  "mse_mean": 0.125586815338783,
  "mse_spatial": 0.00011015935366025134,
  "mse_gripper": 0.8784467512495194,
  "mse_per_dim_names": [
    "x",
    "y",
    "z",
    "roll",
    "pitch",
    "yaw",
    "gripper"
  ]
}