{
  "episode_id": 3,
  "step_id": 13,
  "instruction": "put the rectangle block on top of the red arch and yellow block",
  "condition": "var_vt_rebal",
  "condition_desc": "VAR(p=0.6,rho=0.5) + VTR(f=0.3)",
  "predicted_action": [
    -0.00311655245808996,
    0.00022339712872219974,
    -0.0033591471196097525,
    -0.0014160692656742802,
    0.009937237467835897,
    0.0063804809544599494,
    0.0
  ],
  "ground_truth_action": [
    -0.0014002633979544044,
    -9.203681838698685e-05,
    -0.002797557972371578,
    -0.0005583232850767672,
    0.005856031086295843,
    0.0022238343954086304,
    1.0
  ],
  "action_token_ids": [
    31885,
    31870,
    31912,
    31875,
    31846,
    31867,
    31872
  ],
  "mse_per_dim": [
    2.9456481379409886e-06,
    9.949857498888112e-08,
    3.1538237029569976e-07,
    7.357281672311891e-07,
    1.6656245528723256e-05,
    1.727771061687317e-05,
    1.0
  ],
  "mse_mean": 0.14286257574477085,
  "mse_spatial": 6.338368899342198e-06,
  "mse_gripper": 1.0,
  "mse_per_dim_names": [
    "x",
    "y",
    "z",
    "roll",
    "pitch",
    "yaw",
    "gripper"
  ]
}