{
  "episode_id": 3,
  "step_id": 3,
  "instruction": "put the rectangle block on top of the red arch and yellow block",
  "condition": "var_vt_rebal",
  "condition_desc": "VAR(p=0.6,rho=0.5) + VTR(f=0.3)",
  "predicted_action": [
    -0.0028928782168556808,
    -0.011431956410408051,
    0.0013177078502143065,
    0.002415496107409834,
    0.006587913932169148,
    -0.030690874741357954,
    -0.01568627450980392
  ],
  "ground_truth_action": [
    0.001317416550591588,
    -0.004244520794600248,
    0.010183299891650677,
    -0.01863430254161358,
    -0.048384979367256165,
    0.03482652083039284,
    1.0
  ],
  "action_token_ids": [
    31884,
    31906,
    31894,
    31869,
    31851,
    31890,
    31874
  ],
  "mse_per_dim": [
    1.772658202879385e-05,
    5.1659230731382494e-05,
    7.85987222451799e-05,
    0.0004430940231644279,
    0.0030220189977100006,
    0.0042925291225052705,
    1.0316186082276046
  ],
  "mse_mean": 0.14850346212942708,
  "mse_spatial": 0.0013176044463975092,
  "mse_gripper": 1.0316186082276046,
  "mse_per_dim_names": [
    "x",
    "y",
    "z",
    "roll",
    "pitch",
    "yaw",
    "gripper"
  ]
}