{
  "episode_id": 6,
  "step_id": 28,
  "instruction": "Picked the piece of chocolate and put it into the drawer",
  "condition": "var_vt_rebal",
  "condition_desc": "VAR(p=0.6,rho=0.5) + VTR(f=0.3)",
  "predicted_action": [
    0.012987992910777794,
    0.04069337469514669,
    0.02002512772951055,
    -0.035261563394583986,
    0.004578319810769102,
    0.07568779812490231,
    0.0
  ],
  "ground_truth_action": [
    0.018844807520508766,
    0.034330323338508606,
    -0.0010724812746047974,
    -0.013769183307886124,
    0.014112074859440327,
    0.08332400768995285,
    0.0
  ],
  "action_token_ids": [
    31813,
    31744,
    31822,
    31928,
    31854,
    31824,
    31872
  ],
  "mse_per_dim": [
    3.430227737275816e-05,
    4.048842256721373e-05,
    0.00044510910569052893,
    0.0004619224017910868,
    9.089248532806407e-05,
    5.831169652136934e-05,
    0.0
  ],
  "mse_mean": 0.00016157519846728873,
  "mse_spatial": 0.00018850439821183683,
  "mse_gripper": 0.0,
  "mse_per_dim_names": [
    "x",
    "y",
    "z",
    "roll",
    "pitch",
    "yaw",
    "gripper"
  ]
}