{
  "episode_id": 5,
  "step_id": 19,
  "instruction": "take broccoli out of pan",
  "condition": "var_vt_rebal",
  "condition_desc": "VAR(p=0.6,rho=0.5) + VTR(f=0.3)",
  "predicted_action": [
    -0.009826779695118186,
    0.006698593539350123,
    0.021064428833915894,
    0.025404888345914547,
    0.015966019832036035,
    0.02088666361804095,
    -0.07058823529411762
  ],
  "ground_truth_action": [
    -0.024086860939860344,
    0.028442783281207085,
    -0.01177246030420065,
    0.04940025135874748,
    0.032628946006298065,
    0.017396816983819008,
    0.0
  ],
  "action_token_ids": [
    31915,
    31850,
    31818,
    31833,
    31837,
    31858,
    31881
  ],
  "mse_per_dim": [
    0.00020334991710664705,
    0.00047280978752987755,
    0.001078261288268956,
    0.0005757774461176309,
    0.00027765310868890666,
    1.2179029530390228e-05,
    0.0049826989619377125
  ],
  "mse_mean": 0.0010861042198828743,
  "mse_spatial": 0.0004366717628737347,
  "mse_gripper": 0.0049826989619377125,
  "mse_per_dim_names": [
    "x",
    "y",
    "z",
    "roll",
    "pitch",
    "yaw",
    "gripper"
  ]
}