{
  "episode_id": 15,
  "step_id": 43,
  "instruction": "sweep into pile",
  "condition": "var_vt_rebal",
  "condition_desc": "VAR(p=0.6,rho=0.5) + VTR(f=0.3)",
  "predicted_action": [
    0.0026989778140011807,
    0.04069337469514669,
    -0.0018001954630017317,
    0.028597859490151326,
    0.014626290417769333,
    0.09664117308340811,
    0.0
  ],
  "ground_truth_action": [
    0.0018875774694606662,
    0.061124302446842194,
    -0.0055969455279409885,
    0.013214612379670143,
    0.03688683733344078,
    0.07976865023374557,
    0.0
  ],
  "action_token_ids": [
    31859,
    31744,
    31906,
    31828,
    31839,
    31811,
    31872
  ],
  "mse_per_dim": [
    6.583705191204656e-07,
    0.0004174228087950016,
    1.4415311055616252e-05,
    0.00023664429166212766,
    0.0004955319489848096,
    0.00028468202731238437,
    0.0
  ],
  "mse_mean": 0.00020705067976129428,
  "mse_spatial": 0.00024155912638817667,
  "mse_gripper": 0.0,
  "mse_per_dim_names": [
    "x",
    "y",
    "z",
    "roll",
    "pitch",
    "yaw",
    "gripper"
  ]
}