{
  "episode_id": 11,
  "step_id": 10,
  "instruction": "bmbfbbfgjjg",
  "condition": "var_vt_rebal",
  "condition_desc": "VAR(p=0.6,rho=0.5) + VTR(f=0.3)",
  "predicted_action": [
    -0.004011249423027052,
    0.016411388155291994,
    -0.008036002089433811,
    -0.025044055733026337,
    0.024674261024769578,
    0.032169250134159416,
    0.11764705882352944
  ],
  "ground_truth_action": [
    6.691490852972493e-05,
    0.008174595423042774,
    -0.0004519109206739813,
    -0.010817798785865307,
    0.011143171228468418,
    0.01801265776157379,
    1.0
  ],
  "action_token_ids": [
    31889,
    31820,
    31930,
    31912,
    31824,
    31851,
    31857
  ],
  "mse_per_dim": [
    1.6631424315181936e-05,
    6.784475451403356e-05,
    5.751843885606085e-05,
    0.00020238638672664746,
    0.00018309039107556536,
    0.0002004091076035495,
    0.7785467128027681
  ],
  "mse_mean": 0.11132494190083701,
  "mse_spatial": 0.00012131341718183977,
  "mse_gripper": 0.7785467128027681,
  "mse_per_dim_names": [
    "x",
    "y",
    "z",
    "roll",
    "pitch",
    "yaw",
    "gripper"
  ]
}