{
  "episode_id": 14,
  "step_id": 35,
  "instruction": "move the silver pot to the lower right burner",
  "condition": "var_vt_rebal",
  "condition_desc": "VAR(p=0.6,rho=0.5) + VTR(f=0.3)",
  "predicted_action": [
    -0.004011249423027052,
    -0.00042412251234059256,
    0.004955261715633021,
    -0.005247634638758394,
    -0.019536809646031453,
    0.13048893263176362,
    0.3137254901960784
  ],
  "ground_truth_action": [
    -0.0026652945671230555,
    -0.0009133397252298892,
    -0.00042008727905340493,
    -0.061247020959854126,
    0.028247274458408356,
    0.02960395999252796,
    0.0
  ],
  "action_token_ids": [
    31889,
    31872,
    31880,
    31881,
    31890,
    31790,
    31832
  ],
  "mse_per_dim": [
    1.811594474131549e-06,
    2.3933348138717134e-07,
    2.8894376814676367e-05,
    0.0031359312683393236,
    0.002283318693700177,
    0.010177777704419326,
    0.09842368319876971
  ],
  "mse_mean": 0.016293093738571247,
  "mse_spatial": 0.0026046621618715034,
  "mse_gripper": 0.09842368319876971,
  "mse_per_dim_names": [
    "x",
    "y",
    "z",
    "roll",
    "pitch",
    "yaw",
    "gripper"
  ]
}