{
  "episode_id": 11,
  "step_id": 14,
  "instruction": "bmbfbbfgjjg",
  "condition": "var_vt_rebal",
  "condition_desc": "VAR(p=0.6,rho=0.5) + VTR(f=0.3)",
  "predicted_action": [
    0.0018042808490640778,
    0.00022339712872219974,
    0.0033963100590249998,
    -0.0014160692656742802,
    -0.013508027281831314,
    0.003156884806997551,
    -0.06274509803921569
  ],
  "ground_truth_action": [
    0.0007671295898035169,
    -0.0004765589546877891,
    -0.0005604847683571279,
    -0.00423510791733861,
    -0.00030914609669707716,
    0.0036054200027137995,
    0.0
  ],
  "action_token_ids": [
    31863,
    31870,
    31886,
    31875,
    31881,
    31869,
    31880
  ],
  "mse_per_dim": [
    1.0756827345857673e-06,
    4.899385187026512e-07,
    1.5656225305997963e-05,
    7.946978919577442e-06,
    0.00017421046453929055,
    2.011838217962135e-07,
    0.003936947327950788
  ],
  "mse_mean": 0.0005909325431129625,
  "mse_spatial": 3.326341230665843e-05,
  "mse_gripper": 0.003936947327950788,
  "mse_per_dim_names": [
    "x",
    "y",
    "z",
    "roll",
    "pitch",
    "yaw",
    "gripper"
  ]
}