{
  "episode_id": 13,
  "step_id": 41,
  "instruction": "",
  "condition": "var_vt_rebal",
  "condition_desc": "VAR(p=0.6,rho=0.5) + VTR(f=0.3)",
  "predicted_action": [
    -0.001550832769450037,
    0.003784755154567561,
    0.012230369446470445,
    0.010078626853578077,
    -0.004799786089097785,
    -0.06453863428971351,
    -0.07058823529411762
  ],
  "ground_truth_action": [
    0.0011222241446375847,
    -0.0041719283908605576,
    0.005407507997006178,
    -0.00578159699216485,
    0.018209081143140793,
    0.053155992180109024,
    0.9930644631385803
  ],
  "action_token_ids": [
    31878,
    31859,
    31852,
    31857,
    31868,
    31911,
    31881
  ],
  "mse_per_dim": [
    7.145233265951639e-06,
    6.330881304208658e-05,
    4.6551438358585645e-05,
    0.00025154670043707255,
    0.0005294079713107822,
    0.013852025099871053,
    1.13135706288316
  ],
  "mse_mean": 0.1637295783056351,
  "mse_spatial": 0.0024583308760475885,
  "mse_gripper": 1.13135706288316,
  "mse_per_dim_names": [
    "x",
    "y",
    "z",
    "roll",
    "pitch",
    "yaw",
    "gripper"
  ]
}