{
  "episode_id": 11,
  "step_id": 4,
  "instruction": "bmbfbbfgjjg",
  "condition": "var_vt_rebal",
  "condition_desc": "VAR(p=0.6,rho=0.5) + VTR(f=0.3)",
  "predicted_action": [
    -0.0013271585282157647,
    0.0060510738982873236,
    0.009372291409355745,
    0.04073114983825102,
    0.032042772803236405,
    -0.027467278593895555,
    -0.20392156862745098
  ],
  "ground_truth_action": [
    -0.009821534156799316,
    0.021587060764431953,
    -0.008937858045101166,
    0.002443767385557294,
    -0.07265618443489075,
    0.0889958068728447,
    1.0
  ],
  "action_token_ids": [
    31877,
    31852,
    31863,
    31809,
    31813,
    31888,
    31898
  ],
  "mse_per_dim": [
    7.215441731947421e-05,
    0.00024136688790501844,
    0.0003352615730445487,
    0.0014659236550788393,
    0.010961871646751178,
    0.013563650276433244,
    1.4494271434063821
  ],
  "mse_mean": 0.21086676740898777,
  "mse_spatial": 0.004440038076088717,
  "mse_gripper": 1.4494271434063821,
  "mse_per_dim_names": [
    "x",
    "y",
    "z",
    "roll",
    "pitch",
    "yaw",
    "gripper"
  ]
}