{
  "episode_id": 19,
  "step_id": 23,
  "instruction": "",
  "condition": "var_vt_rebal",
  "condition_desc": "VAR(p=0.6,rho=0.5) + VTR(f=0.3)",
  "predicted_action": [
    -0.012958219072398025,
    -0.003985480538185947,
    -0.014531633991967233,
    -0.010994982698384559,
    0.06553600815990386,
    -0.09355099961687541,
    0.996078431372549
  ],
  "ground_truth_action": [
    0.012952554039657116,
    0.02706911973655224,
    0.0036950858775526285,
    -0.022018084302544594,
    0.002072409726679325,
    -0.2830584645271301,
    0.0012760382378473878
  ],
  "action_token_ids": [
    31929,
    31883,
    31955,
    31890,
    31763,
    31929,
    31744
  ],
  "mse_per_dim": [
    0.0006713681632643997,
    0.0009643881982237689,
    0.00033221331720195013,
    0.00012150876897563553,
    0.004027628326093579,
    0.035913079256711423,
    0.9896318013865295
  ],
  "mse_mean": 0.14738028391671434,
  "mse_spatial": 0.0070050310050784595,
  "mse_gripper": 0.9896318013865295,
  "mse_per_dim_names": [
    "x",
    "y",
    "z",
    "roll",
    "pitch",
    "yaw",
    "gripper"
  ]
}