{
  "episode_id": 13,
  "step_id": 10,
  "instruction": "",
  "condition": "var_vt_rebal",
  "condition_desc": "VAR(p=0.6,rho=0.5) + VTR(f=0.3)",
  "predicted_action": [
    -0.007366363041541167,
    0.0060510738982873236,
    0.012750019998673121,
    0.033068019092082776,
    -0.030924509667298393,
    0.05312262509266527,
    -0.12549019607843137
  ],
  "ground_truth_action": [
    -0.011864418163895607,
    0.002110061701387167,
    -0.005562419071793556,
    -0.017537767067551613,
    0.024159569293260574,
    0.11764717102050781,
    1.0
  ],
  "action_token_ids": [
    31904,
    31852,
    31850,
    31821,
    31907,
    31838,
    31888
  ],
  "mse_per_dim": [
    2.0232499883739015e-05,
    1.55315771361158e-05,
    0.0003353454247095545,
    0.0025609455928346436,
    0.0030342557549330952,
    0.004163417027194262,
    1.266728181468666
  ],
  "mse_mean": 0.18240827276362248,
  "mse_spatial": 0.0016882879794485684,
  "mse_gripper": 1.266728181468666,
  "mse_per_dim_names": [
    "x",
    "y",
    "z",
    "roll",
    "pitch",
    "yaw",
    "gripper"
  ]
}