{
  "episode_id": 18,
  "step_id": 23,
  "instruction": "Pick up the blue fork and place it on the left of the pot",
  "condition": "var_vt_rebal",
  "condition_desc": "VAR(p=0.6,rho=0.5) + VTR(f=0.3)",
  "predicted_action": [
    0.005383068708812468,
    0.0034609953340361613,
    0.0111910683420651,
    0.003054090336257184,
    -0.01886694493889811,
    0.017663067470578525,
    0.06274509803921569
  ],
  "ground_truth_action": [
    0.004878181964159012,
    0.002408418105915189,
    0.019412701949477196,
    -0.03505890443921089,
    -0.04420823976397514,
    0.019773783162236214,
    0.0
  ],
  "action_token_ids": [
    31847,
    31860,
    31856,
    31868,
    31889,
    31860,
    31864
  ],
  "mse_per_dim": [
    2.5491062492676457e-07,
    1.1079188211588297e-06,
    6.759525917452802e-05,
    0.0014526003707548568,
    0.0006421812234114761,
    4.455120731009995e-06,
    0.003936947327950788
  ],
  "mse_mean": 0.000872163161638392,
  "mse_spatial": 0.000361365800586326,
  "mse_gripper": 0.003936947327950788,
  "mse_per_dim_names": [
    "x",
    "y",
    "z",
    "roll",
    "pitch",
    "yaw",
    "gripper"
  ]
}