{
  "episode_id": 14,
  "step_id": 11,
  "instruction": "move the silver pot to the lower right burner",
  "condition": "var_vt_rebal",
  "condition_desc": "VAR(p=0.6,rho=0.5) + VTR(f=0.3)",
  "predicted_action": [
    0.004264697502641097,
    -0.0033379608971231545,
    -0.0005010690824950523,
    0.008162844167036026,
    0.019315343367702784,
    -0.03713806703628286,
    -0.007843137254901933
  ],
  "ground_truth_action": [
    0.004127393011003733,
    9.634151501813903e-05,
    -0.004858578555285931,
    -0.005009366199374199,
    0.014533263631165028,
    -0.0074041723273694515,
    1.0
  ],
  "action_token_ids": [
    31852,
    31881,
    31901,
    31860,
    31832,
    31894,
    31873
  ],
  "mse_per_dim": [
    1.8852523423794976e-08,
    1.1794433058039508e-05,
    1.898788880546224e-05,
    0.000173507125936965,
    2.2868286606605014e-05,
    0.0008841044945607489,
    1.0157477893118032
  ],
  "mse_mean": 0.14526558148475635,
  "mse_spatial": 0.0001852135135818741,
  "mse_gripper": 1.0157477893118032,
  "mse_per_dim_names": [
    "x",
    "y",
    "z",
    "roll",
    "pitch",
    "yaw",
    "gripper"
  ]
}