{
  "episode_id": 18,
  "step_id": 17,
  "instruction": "Pick up the blue fork and place it on the left of the pot",
  "condition": "var_vt_rebal",
  "condition_desc": "VAR(p=0.6,rho=0.5) + VTR(f=0.3)",
  "predicted_action": [
    -0.0011034842869814855,
    0.0008709167697849851,
    -0.008555652641636487,
    0.004331278793951912,
    0.015296155124902691,
    -0.021020086298970675,
    -0.10196078431372552
  ],
  "ground_truth_action": [
    0.004469976294785738,
    0.0006502835312858224,
    -0.004280534572899342,
    0.005807526409626007,
    0.01545998826622963,
    0.010322191752493382,
    0.9514039754867554
  ],
  "action_token_ids": [
    31876,
    31868,
    31932,
    31866,
    31838,
    31884,
    31885
  ],
  "mse_per_dim": [
    3.1063462856513036e-05,
    4.8679025930628416e-08,
    1.8276634501642822e-05,
    2.1793070227834507e-06,
    2.6841298197052565e-08,
    0.0009823383934552856,
    1.109577317189525
  ],
  "mse_mean": 0.15865875007252647,
  "mse_spatial": 0.0001723222196933921,
  "mse_gripper": 1.109577317189525,
  "mse_per_dim_names": [
    "x",
    "y",
    "z",
    "roll",
    "pitch",
    "yaw",
    "gripper"
  ]
}