{
  "episode_id": 15,
  "step_id": 14,
  "instruction": "sweep into pile",
  "condition": "var_vt_rebal",
  "condition_desc": "VAR(p=0.6,rho=0.5) + VTR(f=0.3)",
  "predicted_action": [
    -0.011616173624992381,
    -0.03830402151451392,
    0.003136484782923662,
    -0.05441939026000458,
    -0.06441774502396586,
    -0.09677459576433785,
    0.0
  ],
  "ground_truth_action": [
    0.0029864036478102207,
    -0.05684371665120125,
    0.001282999524846673,
    -0.09917650371789932,
    -0.003256328869611025,
    0.1249009519815445,
    0.0
  ],
  "action_token_ids": [
    31923,
    31989,
    31887,
    31958,
    31957,
    31931,
    31872
  ],
  "mse_per_dim": [
    0.00021323526300817108,
    0.00034372029576130786,
    3.4354076019087216e-06,
    0.002003199205082863,
    0.003740718826006176,
    0.049140048468436955,
    0.0
  ],
  "mse_mean": 0.007920622495128198,
  "mse_spatial": 0.00924072624431623,
  "mse_gripper": 0.0,
  "mse_per_dim_names": [
    "x",
    "y",
    "z",
    "roll",
    "pitch",
    "yaw",
    "gripper"
  ]
}