{
  "episode_id": 15,
  "step_id": 61,
  "instruction": "sweep into pile",
  "condition": "var_vt_rebal",
  "condition_desc": "VAR(p=0.6,rho=0.5) + VTR(f=0.3)",
  "predicted_action": [
    0.011869621704606429,
    -0.003014201076591762,
    -0.004398448224015101,
    0.007524249938188662,
    0.003908455103635758,
    0.003156884806997551,
    -0.04705882352941182
  ],
  "ground_truth_action": [
    0.00859223585575819,
    -0.005389041732996702,
    -0.004310772754251957,
    0.003953250125050545,
    0.003703294787555933,
    -0.02279256097972393,
    0.0
  ],
  "action_token_ids": [
    31818,
    31880,
    31916,
    31861,
    31855,
    31869,
    31878
  ],
  "mse_per_dim": [
    1.0741258002230692e-05,
    5.639868143313848e-06,
    7.686987998187962e-09,
    1.275203966543247e-05,
    4.209075529397365e-08,
    0.0006733737366379972,
    0.0022145328719723233
  ],
  "mse_mean": 0.0004167270788806556,
  "mse_spatial": 0.0001170927800320444,
  "mse_gripper": 0.0022145328719723233,
  "mse_per_dim_names": [
    "x",
    "y",
    "z",
    "roll",
    "pitch",
    "yaw",
    "gripper"
  ]
}