{
  "episode_id": 15,
  "step_id": 3,
  "instruction": "sweep into pile",
  "condition": "var_vt_rebal",
  "condition_desc": "VAR(p=0.6,rho=0.5) + VTR(f=0.3)",
  "predicted_action": [
    0.004264697502641097,
    0.009936191744664077,
    -0.00985477902214317,
    0.036260990236319554,
    0.07357438464550405,
    -0.06615043236344473,
    0.996078431372549
  ],
  "ground_truth_action": [
    0.006202696356922388,
    0.02928026206791401,
    -0.012066093273460865,
    0.029742656275629997,
    0.06172068044543266,
    -0.08859946578741074,
    1.0
  ],
  "action_token_ids": [
    31852,
    31840,
    31937,
    31816,
    31751,
    31912,
    31744
  ],
  "mse_per_dim": [
    3.755839559195598e-06,
    0.00037419305667083874,
    4.889910718080737e-06,
    4.248867762307881e-05,
    0.00014051030326278993,
    0.000503959101670343,
    1.5378700499807656e-05
  ],
  "mse_mean": 0.00015502508428630495,
  "mse_spatial": 0.0001782994815840545,
  "mse_gripper": 1.5378700499807656e-05,
  "mse_per_dim_names": [
    "x",
    "y",
    "z",
    "roll",
    "pitch",
    "yaw",
    "gripper"
  ]
}