{
  "episode_id": 14,
  "step_id": 19,
  "instruction": "move the silver pot to the lower right burner",
  "condition": "var_vt_rebal",
  "condition_desc": "VAR(p=0.6,rho=0.5) + VTR(f=0.3)",
  "predicted_action": [
    0.0015806066078298056,
    0.0008709167697849851,
    -0.0012805449107990592,
    0.021573322972830433,
    0.013956425710635989,
    -6.671134046487559e-05,
    -0.04705882352941182
  ],
  "ground_truth_action": [
    0.0006408544140867889,
    0.0011561069404706359,
    -0.0033134811092168093,
    -0.010803782381117344,
    -0.01108123455196619,
    0.008532695472240448,
    0.3076919913291931
  ],
  "action_token_ids": [
    31864,
    31868,
    31904,
    31839,
    31840,
    31871,
    31878
  ],
  "mse_per_dim": [
    8.831341856448124e-07,
    8.133343345571062e-08,
    4.132829586837213e-06,
    0.001048276951100634,
    0.0006268844314254882,
    7.394979753040273e-05,
    0.1258481406428442
  ],
  "mse_mean": 0.018228907017158093,
  "mse_spatial": 0.0002923680795437437,
  "mse_gripper": 0.1258481406428442,
  "mse_per_dim_names": [
    "x",
    "y",
    "z",
    "roll",
    "pitch",
    "yaw",
    "gripper"
  ]
}