{
  "episode_id": 18,
  "step_id": 14,
  "instruction": "Pick up the blue fork and place it on the left of the pot",
  "condition": "var_vt_rebal",
  "condition_desc": "VAR(p=0.6,rho=0.5) + VTR(f=0.3)",
  "predicted_action": [
    0.0011332581253612577,
    0.00022339712872219974,
    -0.008815477917737825,
    0.004331278793951912,
    0.015296155124902691,
    -0.003290307487927302,
    0.0235294117647058
  ],
  "ground_truth_action": [
    -0.0013838886516168714,
    0.0007264952873811126,
    -0.0043880268931388855,
    0.009530034847557545,
    0.009266046807169914,
    0.0033399772364646196,
    0.9645910263061523
  ],
  "action_token_ids": [
    31866,
    31870,
    31933,
    31866,
    31838,
    31873,
    31869
  ],
  "mse_per_dim": [
    6.336027896851383e-06,
    2.531077572459886e-07,
    1.9602322575222203e-05,
    2.702706450490121e-05,
    3.6362206323590024e-05,
    4.396067552650486e-05,
    0.8855969623633542
  ],
  "mse_mean": 0.1265329291097055,
  "mse_spatial": 2.225690076405261e-05,
  "mse_gripper": 0.8855969623633542,
  "mse_per_dim_names": [
    "x",
    "y",
    "z",
    "roll",
    "pitch",
    "yaw",
    "gripper"
  ]
}