{
  "episode_id": 12,
  "step_id": 12,
  "instruction": "",
  "condition": "var_vt_rebal",
  "condition_desc": "VAR(p=0.6,rho=0.5) + VTR(f=0.3)",
  "predicted_action": [
    0.00650143991498384,
    -0.003661720717654547,
    0.03561464429559075,
    0.04456271521133513,
    -0.06776706855963258,
    -0.016184692077777035,
    0.996078431372549
  ],
  "ground_truth_action": [
    0.008197528310120106,
    0.007401110604405403,
    -0.00821851659566164,
    0.0006897615967318416,
    -0.004984733648598194,
    -0.050854459404945374,
    0.0005283927894197404
  ],
  "action_token_ids": [
    31842,
    31882,
    31762,
    31803,
    31962,
    31881,
    31744
  ],
  "mse_per_dim": [
    2.8767158441159137e-06,
    0.0001223862368603507,
    0.0019213459937184177,
    0.001924836058869132,
    0.003941621576881287,
    0.0012019927665199892,
    0.9911198793228703
  ],
  "mse_mean": 0.14289070552450908,
  "mse_spatial": 0.0015191765581155485,
  "mse_gripper": 0.9911198793228703,
  "mse_per_dim_names": [
    "x",
    "y",
    "z",
    "roll",
    "pitch",
    "yaw",
    "gripper"
  ]
}