{
  "episode_id": 14,
  "step_id": 18,
  "instruction": "move the silver pot to the lower right burner",
  "condition": "var_vt_rebal",
  "condition_desc": "VAR(p=0.6,rho=0.5) + VTR(f=0.3)",
  "predicted_action": [
    0.0015806066078298056,
    0.003784755154567561,
    -0.0012805449107990592,
    0.019657540286288383,
    -0.013508027281831314,
    0.016051269396847284,
    0.07843137254901955
  ],
  "ground_truth_action": [
    0.0005576596013270319,
    0.0005450231838040054,
    -0.007565922569483519,
    -0.01506379246711731,
    0.007261835969984531,
    0.004995251074433327,
    0.30744799971580505
  ],
  "action_token_ids": [
    31864,
    31859,
    31904,
    31842,
    31881,
    31861,
    31862
  ],
  "mse_per_dim": [
    1.0464205781129859e-06,
    1.0495863242387512e-05,
    3.950597231228974e-05,
    0.0012055709481727228,
    0.0004313872194991303,
    0.00012223554114555314,
    0.05244861551885044
  ],
  "mse_mean": 0.0077512653548286615,
  "mse_spatial": 0.0003017069941583661,
  "mse_gripper": 0.05244861551885044,
  "mse_per_dim_names": [
    "x",
    "y",
    "z",
    "roll",
    "pitch",
    "yaw",
    "gripper"
  ]
}