{
  "episode_id": 13,
  "step_id": 21,
  "instruction": "",
  "condition": "var_vt_rebal",
  "condition_desc": "VAR(p=0.6,rho=0.5) + VTR(f=0.3)",
  "predicted_action": [
    0.0044883717438753655,
    0.004432274795630346,
    -0.005437749328420446,
    0.004969873022799262,
    0.02668385514616961,
    -0.016184692077777035,
    0.0
  ],
  "ground_truth_action": [
    0.0027187205851078033,
    -0.010825274512171745,
    0.018043411895632744,
    0.06019926071166992,
    -0.008640610612928867,
    0.01603563129901886,
    0.00273879268206656
  ],
  "action_token_ids": [
    31851,
    31857,
    31920,
    31865,
    31821,
    31881,
    31872
  ],
  "mse_per_dim": [
    3.1316652237273753e-06,
    0.0002327928108800121,
    0.0005513649324299791,
    0.003050285264487578,
    0.0012478178811657207,
    0.0010381492385053,
    7.50098535534134e-06
  ],
  "mse_mean": 0.0008758632540068083,
  "mse_spatial": 0.0010205902987820527,
  "mse_gripper": 7.50098535534134e-06,
  "mse_per_dim_names": [
    "x",
    "y",
    "z",
    "roll",
    "pitch",
    "yaw",
    "gripper"
  ]
}