{
  "episode_id": 13,
  "step_id": 7,
  "instruction": "",
  "condition": "var_vt_rebal",
  "condition_desc": "VAR(p=0.6,rho=0.5) + VTR(f=0.3)",
  "predicted_action": [
    0.010974924739669326,
    0.009936191744664077,
    -0.0018001954630017317,
    0.024127699888219833,
    0.060846955209970424,
    -0.04358525933120769,
    0.996078431372549
  ],
  "ground_truth_action": [
    -0.005312222987413406,
    -0.0011753591243177652,
    -0.029976241290569305,
    0.01628141663968563,
    0.03176242485642433,
    -0.26553916931152344,
    0.0620545819401741
  ],
  "action_token_ids": [
    31822,
    31840,
    31906,
    31835,
    31770,
    31898,
    31744
  ],
  "mse_per_dim": [
    0.0002652711810838162,
    0.00012346656271397115,
    0.0007938895584771881,
    6.156416081622844e-05,
    0.000845909905886344,
    0.04926353815555011,
    0.8724005513084718
  ],
  "mse_mean": 0.1319648844047142,
  "mse_spatial": 0.00855893992075461,
  "mse_gripper": 0.8724005513084718,
  "mse_per_dim_names": [
    "x",
    "y",
    "z",
    "roll",
    "pitch",
    "yaw",
    "gripper"
  ]
}