{
  "episode_id": 11,
  "step_id": 20,
  "instruction": "bmbfbbfgjjg",
  "condition": "var_vt_rebal",
  "condition_desc": "VAR(p=0.6,rho=0.5) + VTR(f=0.3)",
  "predicted_action": [
    0.00046223540165843055,
    -0.0023666814355289695,
    -0.0018001954630017317,
    -0.024405461504178987,
    -0.009488839039031222,
    0.02894565398669699,
    -0.007843137254901933
  ],
  "ground_truth_action": [
    -0.00026085684658028185,
    0.0009012447553686798,
    -0.0028946639504283667,
    -0.008674024604260921,
    0.0006933514960110188,
    -0.0064017814584076405,
    0.3352870047092438
  ],
  "action_token_ids": [
    31869,
    31878,
    31906,
    31911,
    31875,
    31853,
    31873
  ],
  "mse_per_dim": [
    5.228623994629157e-07,
    1.0679341589154819e-05,
    1.1978612699699463e-06,
    0.0002474781069361037,
    0.00010367700409190378,
    0.001249441192545839,
    0.11773829432433479
  ],
  "mse_mean": 0.017050184384738175,
  "mse_spatial": 0.000268832728138739,
  "mse_gripper": 0.11773829432433479,
  "mse_per_dim_names": [
    "x",
    "y",
    "z",
    "roll",
    "pitch",
    "yaw",
    "gripper"
  ]
}