{
  "episode_id": 16,
  "step_id": 24,
  "instruction": "move the pan to the left side of the stove",
  "condition": "var_vt_rebal",
  "condition_desc": "VAR(p=0.6,rho=0.5) + VTR(f=0.3)",
  "predicted_action": [
    -0.004905946387964152,
    -0.007223078743499908,
    0.001577533126315641,
    -0.011633576927231923,
    0.019985208074836128,
    0.033781048207890685,
    0.05490196078431375
  ],
  "ground_truth_action": [
    0.0,
    0.0,
    0.0,
    0.0,
    0.0,
    0.0,
    1.0
  ],
  "action_token_ids": [
    31893,
    31893,
    31893,
    31891,
    31831,
    31850,
    31865
  ],
  "mse_per_dim": [
    2.4068309961578506e-05,
    5.2172866534800215e-05,
    2.4886107646232e-06,
    0.00013534011212182294,
    0.00039940854179449514,
    0.0011411592180238345,
    0.8932103037293349
  ],
  "mse_mean": 0.12785213448407656,
  "mse_spatial": 0.0002924396098668591,
  "mse_gripper": 0.8932103037293349,
  "mse_per_dim_names": [
    "x",
    "y",
    "z",
    "roll",
    "pitch",
    "yaw",
    "gripper"
  ]
}