{
  "episode_id": 16,
  "step_id": 2,
  "instruction": "move the pan to the left side of the stove",
  "condition": "var_vt_rebal",
  "condition_desc": "VAR(p=0.6,rho=0.5) + VTR(f=0.3)",
  "predicted_action": [
    -0.005129620629198427,
    -0.03636146259132554,
    -0.00699670098502847,
    -0.01929670767340016,
    0.007257778639302506,
    -0.06615043236344473,
    -0.29803921568627456
  ],
  "ground_truth_action": [
    0.006971022114157677,
    -0.045063406229019165,
    0.002430042251944542,
    -0.017176274210214615,
    -0.013600312173366547,
    -0.09449020028114319,
    1.0
  ],
  "action_token_ids": [
    31894,
    31983,
    31926,
    31903,
    31850,
    31912,
    31910
  ],
  "mse_per_dim": [
    0.00014642555480233674,
    7.572382307359654e-05,
    8.886348805581642e-05,
    4.496238071797038e-06,
    0.00043505995234954917,
    0.000803142445629011,
    1.6849058054594388
  ],
  "mse_mean": 0.24092278813734586,
  "mse_spatial": 0.0002589519169970178,
  "mse_gripper": 1.6849058054594388,
  "mse_per_dim_names": [
    "x",
    "y",
    "z",
    "roll",
    "pitch",
    "yaw",
    "gripper"
  ]
}