{
  "episode_id": 12,
  "step_id": 46,
  "instruction": "",
  "condition": "var_vt_rebal",
  "condition_desc": "VAR(p=0.6,rho=0.5) + VTR(f=0.3)",
  "predicted_action": [
    -0.004458597905495604,
    0.0015184364108477844,
    0.016127748587990497,
    -0.004609040409911044,
    -0.0007805978462976926,
    0.0015450867332663376,
    0.996078431372549
  ],
  "ground_truth_action": [
    0.010503354482352734,
    -0.0038179734256118536,
    -0.0014327482786029577,
    -0.005883932113647461,
    -0.0020515231881290674,
    0.011227700859308243,
    1.0
  ],
  "action_token_ids": [
    31891,
    31866,
    31837,
    31880,
    31862,
    31870,
    31744
  ],
  "mse_per_dim": [
    0.00022386001925624055,
    2.847726994266318e-05,
    0.0003083710502016386,
    1.625348856255943e-06,
    1.615251224509197e-06,
    9.375301631382625e-05,
    1.5378700499807656e-05
  ],
  "mse_mean": 9.615437947070593e-05,
  "mse_spatial": 0.0001096169926325223,
  "mse_gripper": 1.5378700499807656e-05,
  "mse_per_dim_names": [
    "x",
    "y",
    "z",
    "roll",
    "pitch",
    "yaw",
    "gripper"
  ]
}