{
  "episode_id": 11,
  "step_id": 24,
  "instruction": "bmbfbbfgjjg",
  "condition": "var_vt_rebal",
  "condition_desc": "VAR(p=0.6,rho=0.5) + VTR(f=0.3)",
  "predicted_action": [
    0.002475303572766905,
    -0.009165637666688285,
    0.0002784067458089616,
    0.0004997134208677839,
    -0.0014504625534310367,
    -0.01779649015150825,
    -0.04705882352941182
  ],
  "ground_truth_action": [
    0.00031764464802108705,
    0.006226079072803259,
    0.01749303750693798,
    0.03039577417075634,
    -0.023723183199763298,
    0.017623797059059143,
    0.0
  ],
  "action_token_ids": [
    31860,
    31899,
    31898,
    31872,
    31863,
    31882,
    31878
  ],
  "mse_per_dim": [
    4.655492035535279e-06,
    0.00023690494418874422,
    0.00029634351224200946,
    0.0008937744483610271,
    0.0004960740849895554,
    0.001254596746079084,
    0.0022145328719723233
  ],
  "mse_mean": 0.0007709831571240398,
  "mse_spatial": 0.0005303915379826592,
  "mse_gripper": 0.0022145328719723233,
  "mse_per_dim_names": [
    "x",
    "y",
    "z",
    "roll",
    "pitch",
    "yaw",
    "gripper"
  ]
}