{
  "episode_id": 15,
  "step_id": 56,
  "instruction": "sweep into pile",
  "condition": "var_vt_rebal",
  "condition_desc": "VAR(p=0.6,rho=0.5) + VTR(f=0.3)",
  "predicted_action": [
    0.00023856116042415831,
    -0.04154161971982787,
    0.0002784067458089616,
    0.018380351828593683,
    0.0387414198745699,
    -0.022631884372701916,
    -0.2196078431372549
  ],
  "ground_truth_action": [
    0.0065065245144069195,
    -0.06393537670373917,
    -0.00873578991740942,
    -0.04353281483054161,
    0.02946510910987854,
    -0.05007695406675339,
    0.0
  ],
  "action_token_ids": [
    31870,
    31999,
    31898,
    31844,
    31803,
    31885,
    31900
  ],
  "mse_per_dim": [
    3.9287364606870823e-05,
    0.0005014803518544758,
    8.125574148317741e-05,
    0.0038332402057618623,
    8.604994140312883e-05,
    0.0007532318505113425,
    0.04822760476739715
  ],
  "mse_mean": 0.007646021460431145,
  "mse_spatial": 0.0008824242426034762,
  "mse_gripper": 0.04822760476739715,
  "mse_per_dim_names": [
    "x",
    "y",
    "z",
    "roll",
    "pitch",
    "yaw",
    "gripper"
  ]
}