{
  "episode_id": 19,
  "step_id": 38,
  "instruction": "",
  "condition": "var_vt_rebal",
  "condition_desc": "VAR(p=0.6,rho=0.5) + VTR(f=0.3)",
  "predicted_action": [
    0.002251629331532626,
    0.0031372355135047617,
    0.01872600134900387,
    -0.004609040409911044,
    0.015296155124902691,
    -0.03391447088882041,
    0.08627450980392148
  ],
  "ground_truth_action": [
    -0.0035476526245474815,
    0.0005988387856632471,
    -0.004519788082689047,
    0.009417255409061909,
    -0.015453069470822811,
    0.025927994400262833,
    0.9941218495368958
  ],
  "action_token_ids": [
    31861,
    31861,
    31827,
    31880,
    31838,
    31892,
    31861
  ],
  "mse_per_dim": [
    3.363167120611632e-05,
    6.443457947916508e-06,
    0.0005403667263026061,
    0.00019673697440133813,
    0.0009455148132383701,
    0.0035811206518751326,
    0.8241867922602384
  ],
  "mse_mean": 0.1184986580793157,
  "mse_spatial": 0.0008839690491619133,
  "mse_gripper": 0.8241867922602384,
  "mse_per_dim_names": [
    "x",
    "y",
    "z",
    "roll",
    "pitch",
    "yaw",
    "gripper"
  ]
}