{
  "episode_id": 18,
  "step_id": 38,
  "instruction": "Pick up the blue fork and place it on the left of the pot",
  "condition": "var_vt_rebal",
  "condition_desc": "VAR(p=0.6,rho=0.5) + VTR(f=0.3)",
  "predicted_action": [
    -0.002221855493152857,
    0.003784755154567561,
    -0.0018001954630017317,
    0.001776901878562484,
    0.0012289962751023675,
    0.014439471323116071,
    0.04705882352941182
  ],
  "ground_truth_action": [
    -0.0029155719093978405,
    0.003105124458670616,
    -0.0028401240706443787,
    -0.003909007180482149,
    0.003135793376713991,
    0.0069922166876494884,
    0.0
  ],
  "action_token_ids": [
    31881,
    31859,
    31906,
    31870,
    31859,
    31862,
    31866
  ],
  "mse_per_dim": [
    4.812424661677831e-07,
    4.618978828053654e-07,
    1.0814515089935745e-06,
    3.2329561827725824e-05,
    3.6358751867144886e-06,
    5.54616016054785e-05,
    0.0022145328719723233
  ],
  "mse_mean": 0.00032971207177860125,
  "mse_spatial": 1.5575271746314256e-05,
  "mse_gripper": 0.0022145328719723233,
  "mse_per_dim_names": [
    "x",
    "y",
    "z",
    "roll",
    "pitch",
    "yaw",
    "gripper"
  ]
}