{
  "episode_id": 10,
  "step_id": 6,
  "instruction": "end effector reaching pot or pan",
  "condition": "var_vt_rebal",
  "condition_desc": "VAR(p=0.6,rho=0.5) + VTR(f=0.3)",
  "predicted_action": [
    0.002475303572766905,
    -0.015317074256784809,
    0.001837358402416979,
    -0.08060175364274605,
    -0.017527215524631407,
    -6.671134046487559e-05,
    0.09411764705882353
  ],
  "ground_truth_action": [
    0.006522532552480698,
    -0.009501723572611809,
    0.0028329025954008102,
    0.001264457474462688,
    -0.001489754649810493,
    0.01001728605479002,
    1.0
  ],
  "action_token_ids": [
    31860,
    31918,
    31892,
    31999,
    31887,
    31871,
    31860
  ],
  "mse_per_dim": [
    1.6380062414235146e-05,
    3.381830357991138e-05,
    9.91108240183828e-07,
    0.006702076522687391,
    0.0002572001513114116,
    0.00010168700346750752,
    0.8206228373702422
  ],
  "mse_mean": 0.11824785578884899,
  "mse_spatial": 0.0011853588586167735,
  "mse_gripper": 0.8206228373702422,
  "mse_per_dim_names": [
    "x",
    "y",
    "z",
    "roll",
    "pitch",
    "yaw",
    "gripper"
  ]
}