{
  "episode_id": 14,
  "step_id": 20,
  "instruction": "move the silver pot to the lower right burner",
  "condition": "var_vt_rebal",
  "condition_desc": "VAR(p=0.6,rho=0.5) + VTR(f=0.3)",
  "predicted_action": [
    0.0015806066078298056,
    0.009936191744664077,
    0.02054477828171322,
    -0.003970446181063694,
    0.02735371985330297,
    0.017663067470578525,
    0.015686274509803866
  ],
  "ground_truth_action": [
    -0.0001962304231710732,
    -0.00019490164413582534,
    -0.0005528440815396607,
    0.0007165028364397585,
    -0.0099348658695817,
    -0.0011487066512927413,
    0.0
  ],
  "action_token_ids": [
    31864,
    31840,
    31820,
    31879,
    31820,
    31860,
    31870
  ],
  "mse_per_dim": [
    3.157149834736018e-06,
    0.0001026390532525851,
    0.000445109669382428,
    2.1967491092676583e-05,
    0.0013904386252129182,
    0.00035388284561230546,
    0.0002460592079969225
  ],
  "mse_mean": 0.0003661791489120818,
  "mse_spatial": 0.00038619913906460835,
  "mse_gripper": 0.0002460592079969225,
  "mse_per_dim_names": [
    "x",
    "y",
    "z",
    "roll",
    "pitch",
    "yaw",
    "gripper"
  ]
}