{
  "episode_id": 18,
  "step_id": 34,
  "instruction": "Pick up the blue fork and place it on the left of the pot",
  "condition": "var_vt_rebal",
  "condition_desc": "VAR(p=0.6,rho=0.5) + VTR(f=0.3)",
  "predicted_action": [
    0.00135693236659553,
    0.009936191744664077,
    -0.0015403701869003972,
    -0.004609040409911044,
    -0.02020667435316481,
    -0.016184692077777035,
    -0.1568627450980392
  ],
  "ground_truth_action": [
    -0.0022207489237189293,
    0.003039522096514702,
    -0.0029243838507682085,
    0.007028257939964533,
    -0.012781362980604172,
    -0.015785953029990196,
    0.0
  ],
  "action_token_ids": [
    31865,
    31840,
    31905,
    31880,
    31891,
    31881,
    31892
  ],
  "mse_per_dim": [
    1.2799803415066133e-05,
    4.756405223570483e-05,
    1.915493821772803e-06,
    0.00013542671288401683,
    5.513524897947836e-05,
    1.5899282822995516e-07,
    0.024605920799692427
  ],
  "mse_mean": 0.0035512744434080994,
  "mse_spatial": 4.216671736071148e-05,
  "mse_gripper": 0.024605920799692427,
  "mse_per_dim_names": [
    "x",
    "y",
    "z",
    "roll",
    "pitch",
    "yaw",
    "gripper"
  ]
}