{
  "episode_id": 14,
  "step_id": 7,
  "instruction": "move the silver pot to the lower right burner",
  "condition": "var_vt_rebal",
  "condition_desc": "VAR(p=0.6,rho=0.5) + VTR(f=0.3)",
  "predicted_action": [
    -0.002445529734387133,
    0.0021659560519105767,
    -0.013492332887561886,
    -0.0173809249868581,
    0.006587913932169148,
    -0.1531875283449304,
    0.43137254901960786
  ],
  "ground_truth_action": [
    0.008137921802699566,
    -0.0015589133836328983,
    -0.006497031543403864,
    -0.008106213994324207,
    0.0441843718290329,
    -0.08958621323108673,
    1.0
  ],
  "action_token_ids": [
    31882,
    31864,
    31951,
    31900,
    31851,
    31966,
    31817
  ],
  "mse_per_dim": [
    0.00011200944643786281,
    1.3874652311845966e-05,
    4.8934240895579034e-05,
    8.602026399502905e-05,
    0.0014134936463906485,
    0.00404512728421044,
    0.32333717800845824
  ],
  "mse_mean": 0.04700809107752852,
  "mse_spatial": 0.0009532432557069009,
  "mse_gripper": 0.32333717800845824,
  "mse_per_dim_names": [
    "x",
    "y",
    "z",
    "roll",
    "pitch",
    "yaw",
    "gripper"
  ]
}