{
  "episode_id": 11,
  "step_id": 40,
  "instruction": "bmbfbbfgjjg",
  "condition": "var_vt_rebal",
  "condition_desc": "VAR(p=0.6,rho=0.5) + VTR(f=0.3)",
  "predicted_action": [
    0.011869621704606429,
    -0.013374515333596428,
    0.007033863924443714,
    -0.06719127483695163,
    -0.026905321424498307,
    -0.02424368244643313,
    -0.11764705882352944
  ],
  "ground_truth_action": [
    0.024814140051603317,
    -0.04483267664909363,
    0.00259989220649004,
    -0.02705618552863598,
    -0.030056960880756378,
    -0.021724537014961243,
    1.0
  ],
  "action_token_ids": [
    31818,
    31912,
    31872,
    31978,
    31901,
    31886,
    31887
  ],
  "mse_per_dim": [
    0.00016756055523573906,
    0.0009896159133518444,
    1.9660105195613056e-05,
    0.0016108253937864732,
    9.932831262242668e-06,
    6.3460937049056766e-06,
    1.2491349480968859
  ],
  "mse_mean": 0.17884841271277468,
  "mse_spatial": 0.00046732348208946965,
  "mse_gripper": 1.2491349480968859,
  "mse_per_dim_names": [
    "x",
    "y",
    "z",
    "roll",
    "pitch",
    "yaw",
    "gripper"
  ]
}