{
  "episode_id": 11,
  "step_id": 0,
  "instruction": "bmbfbbfgjjg",
  "condition": "var_vt_rebal",
  "condition_desc": "VAR(p=0.6,rho=0.5) + VTR(f=0.3)",
  "predicted_action": [
    0.0018042808490640778,
    0.023534104206982702,
    -0.004918098776217777,
    0.020296134515135733,
    0.032042772803236405,
    0.049899028945202845,
    0.04705882352941182
  ],
  "ground_truth_action": [
    -1.747785249861522e-11,
    -1.6837470306896307e-10,
    9.492273633782133e-11,
    -3.2946013561740983e-07,
    2.3630093437532196e-07,
    2.1119994642049278e-08,
    1.0
  ],
  "action_token_ids": [
    31863,
    31798,
    31918,
    31841,
    31813,
    31840,
    31866
  ],
  "mse_per_dim": [
    3.255429445369299e-06,
    0.0005538540687502166,
    2.418769650631359e-05,
    0.00041194644989948773,
    0.001026724145501358,
    0.0024899109819401894,
    0.9080968858131487
  ],
  "mse_mean": 0.13037239494074165,
  "mse_spatial": 0.0007516464620071559,
  "mse_gripper": 0.9080968858131487,
  "mse_per_dim_names": [
    "x",
    "y",
    "z",
    "roll",
    "pitch",
    "yaw",
    "gripper"
  ]
}