{
  "episode_id": 12,
  "step_id": 4,
  "instruction": "",
  "condition": "var_vt_rebal",
  "condition_desc": "VAR(p=0.6,rho=0.5) + VTR(f=0.3)",
  "predicted_action": [
    -0.007813711524009715,
    0.011554990847321048,
    -0.00024124380639371432,
    0.020934728743983083,
    -0.030924509667298393,
    0.014439471323116071,
    0.996078431372549
  ],
  "ground_truth_action": [
    -0.01540279109030962,
    0.006552328355610371,
    0.0030251520220190287,
    -0.004189059603959322,
    0.007258183788508177,
    -0.10815276205539703,
    0.9993376731872559
  ],
  "action_token_ids": [
    31906,
    31835,
    31900,
    31840,
    31907,
    31862,
    31744
  ],
  "mse_per_dim": [
    5.759412866363075e-05,
    2.502663200596888e-05,
    1.066934170787217e-05,
    0.0006312047409522066,
    0.0014579180795400938,
    0.015028855684731822,
    1.0622657206733444e-05
  ],
  "mse_mean": 0.002460270180686904,
  "mse_spatial": 0.0028685447679335993,
  "mse_gripper": 1.0622657206733444e-05,
  "mse_per_dim_names": [
    "x",
    "y",
    "z",
    "roll",
    "pitch",
    "yaw",
    "gripper"
  ]
}