{
  "episode_id": 13,
  "step_id": 22,
  "instruction": "",
  "condition": "var_vt_rebal",
  "condition_desc": "VAR(p=0.6,rho=0.5) + VTR(f=0.3)",
  "predicted_action": [
    0.0044883717438753655,
    -0.0013954019739347845,
    -0.025963946140426047,
    -0.0071634173253004585,
    0.04744966106730343,
    0.0015450867332663376,
    -0.20392156862745098
  ],
  "ground_truth_action": [
    -0.021786073222756386,
    -0.0027925025206059217,
    0.002337754936888814,
    0.04792240634560585,
    0.018263524398207664,
    0.19142597913742065,
    0.0004097286728210747
  ],
  "action_token_ids": [
    31851,
    31875,
    31999,
    31884,
    31790,
    31870,
    31898
  ],
  "mse_per_dim": [
    0.0006903464583045605,
    1.9518899375087904e-06,
    0.0008009862838696852,
    0.0030344479695021817,
    0.0008518305736671365,
    0.03605475330019803,
    0.04175127905641216
  ],
  "mse_mean": 0.011883656504555893,
  "mse_spatial": 0.00690571941257985,
  "mse_gripper": 0.04175127905641216,
  "mse_per_dim_names": [
    "x",
    "y",
    "z",
    "roll",
    "pitch",
    "yaw",
    "gripper"
  ]
}