{
  "episode_id": 15,
  "step_id": 71,
  "instruction": "sweep into pile",
  "condition": "var_vt_rebal",
  "condition_desc": "VAR(p=0.6,rho=0.5) + VTR(f=0.3)",
  "predicted_action": [
    0.0026989778140011807,
    -0.011431956410408051,
    0.001577533126315641,
    0.003054090336257184,
    0.0025687256893690558,
    -0.006513903635389756,
    -0.0784313725490196
  ],
  "ground_truth_action": [
    -0.01934688910841942,
    0.022503551095724106,
    0.00743368174880743,
    0.036556776612997055,
    -0.019672894850373268,
    0.06494997441768646,
    0.0
  ],
  "action_token_ids": [
    31859,
    31906,
    31893,
    31868,
    31857,
    31875,
    31882
  ],
  "mse_per_dim": [
    0.0004860202483610787,
    0.0011516186696987518,
    3.4294476688712484e-05,
    0.001122429987757654,
    0.0004946896842338876,
    0.005107085866384949,
    0.006151480199923107
  ],
  "mse_mean": 0.0020782313047211626,
  "mse_spatial": 0.0013993564888541722,
  "mse_gripper": 0.006151480199923107,
  "mse_per_dim_names": [
    "x",
    "y",
    "z",
    "roll",
    "pitch",
    "yaw",
    "gripper"
  ]
}