{
  "episode_id": 14,
  "step_id": 26,
  "instruction": "move the silver pot to the lower right burner",
  "condition": "var_vt_rebal",
  "condition_desc": "VAR(p=0.6,rho=0.5) + VTR(f=0.3)",
  "predicted_action": [
    -0.007142688800306895,
    -0.008518118025625486,
    0.00417578588732901,
    0.016464569142051605,
    -0.019536809646031453,
    0.05151082701893403,
    0.2196078431372549
  ],
  "ground_truth_action": [
    -0.010509282350540161,
    -0.0009120700997300446,
    0.0007105282857082784,
    0.00890687108039856,
    -0.0389411523938179,
    0.059045352041721344,
    0.0
  ],
  "action_token_ids": [
    31903,
    31897,
    31883,
    31847,
    31890,
    31839,
    31844
  ],
  "mse_per_dim": [
    1.1333952132472228e-05,
    5.7851965051018345e-05,
    1.2008010245590266e-05,
    5.71187999911142e-05,
    0.00037652851747357256,
    5.6769067319008174e-05,
    0.04822760476739715
  ],
  "mse_mean": 0.006971316439944275,
  "mse_spatial": 9.526838536879597e-05,
  "mse_gripper": 0.04822760476739715,
  "mse_per_dim_names": [
    "x",
    "y",
    "z",
    "roll",
    "pitch",
    "yaw",
    "gripper"
  ]
}