{
  "episode_id": 15,
  "step_id": 24,
  "instruction": "sweep into pile",
  "condition": "var_vt_rebal",
  "condition_desc": "VAR(p=0.6,rho=0.5) + VTR(f=0.3)",
  "predicted_action": [
    0.0038173490201725453,
    0.0024897158724419693,
    -0.0015403701869003972,
    0.022850511430525133,
    -0.006139515503364487,
    -0.03552626896255165,
    0.06274509803921569
  ],
  "ground_truth_action": [
    0.0008565002353861928,
    0.0555865652859211,
    -0.00246967445127666,
    0.037798505276441574,
    0.025895610451698303,
    0.04471036419272423,
    0.0
  ],
  "action_token_ids": [
    31854,
    31863,
    31905,
    31837,
    31870,
    31893,
    31864
  ],
  "mse_per_dim": [
    8.76662552637082e-06,
    0.0028192754176376788,
    8.636064157879069e-07,
    0.00022344252001755578,
    0.0010262492949567378,
    0.006437917300094316,
    0.003936947327950788
  ],
  "mse_mean": 0.0020647802989427477,
  "mse_spatial": 0.001752752460774741,
  "mse_gripper": 0.003936947327950788,
  "mse_per_dim_names": [
    "x",
    "y",
    "z",
    "roll",
    "pitch",
    "yaw",
    "gripper"
  ]
}