{
  "episode_id": 15,
  "step_id": 45,
  "instruction": "sweep into pile",
  "condition": "var_vt_rebal",
  "condition_desc": "VAR(p=0.6,rho=0.5) + VTR(f=0.3)",
  "predicted_action": [
    0.002475303572766905,
    0.04069337469514669,
    -0.0007608943585963902,
    0.06882929590753455,
    -0.006809380210497831,
    0.09341757693594563,
    0.996078431372549
  ],
  "ground_truth_action": [
    -0.011073077097535133,
    0.07381752878427505,
    -0.006322089582681656,
    0.09194200485944748,
    0.017051072791218758,
    -0.0016254833899438381,
    0.0
  ],
  "action_token_ids": [
    31860,
    31744,
    31902,
    31765,
    31871,
    31813,
    31744
  ],
  "mse_per_dim": [
    0.00018355861878741392,
    0.0010972095841203196,
    3.092689232038877e-05,
    0.0005341973150958363,
    0.0005693212174471262,
    0.009033183316110664,
    0.9921722414455979
  ],
  "mse_mean": 0.14337437691278282,
  "mse_spatial": 0.0019080661573136247,
  "mse_gripper": 0.9921722414455979,
  "mse_per_dim_names": [
    "x",
    "y",
    "z",
    "roll",
    "pitch",
    "yaw",
    "gripper"
  ]
}