{
  "episode_id": 14,
  "step_id": 24,
  "instruction": "move the silver pot to the lower right burner",
  "condition": "var_vt_rebal",
  "condition_desc": "VAR(p=0.6,rho=0.5) + VTR(f=0.3)",
  "predicted_action": [
    0.0015806066078298056,
    0.0008709167697849851,
    0.004695436439531686,
    0.002415496107409834,
    0.0005591315679690234,
    0.017663067470578525,
    0.015686274509803866
  ],
  "ground_truth_action": [
    -0.011695279739797115,
    -0.005572887137532234,
    0.0034100585617125034,
    -0.0187660101801157,
    0.01056547462940216,
    0.0616225004196167,
    0.0
  ],
  "action_token_ids": [
    31864,
    31868,
    31881,
    31869,
    31860,
    31860,
    31870
  ],
  "mse_per_dim": [
    0.00017624915831510686,
    4.152260879595666e-05,
    1.6521962887869456e-06,
    0.0004486562086084837,
    0.00010012690146309109,
    0.001932431745200983,
    0.0002460592079969225
  ],
  "mse_mean": 0.00042095686095276156,
  "mse_spatial": 0.00045010646977873477,
  "mse_gripper": 0.0002460592079969225,
  "mse_per_dim_names": [
    "x",
    "y",
    "z",
    "roll",
    "pitch",
    "yaw",
    "gripper"
  ]
}