{
  "episode_id": 19,
  "step_id": 37,
  "instruction": "",
  "condition": "var_vt_rebal",
  "condition_desc": "VAR(p=0.6,rho=0.5) + VTR(f=0.3)",
  "predicted_action": [
    -0.0013271585282157647,
    0.0031372355135047617,
    0.01249019472257178,
    0.04073114983825102,
    -0.013508027281831314,
    0.011215875175653645,
    0.0
  ],
  "ground_truth_action": [
    -0.006930977571755648,
    0.00043090636609122157,
    -0.0011917147785425186,
    0.02474762685596943,
    -0.010073182173073292,
    0.11722934991121292,
    1.0
  ],
  "action_token_ids": [
    31877,
    31861,
    31851,
    31809,
    31881,
    31864,
    31872
  ],
  "mse_per_dim": [
    3.140278787274025e-05,
    7.3242174541400985e-06,
    0.00018719464759668172,
    0.00025547300692512376,
    1.179816092115891e-05,
    0.011238856825507066,
    1.0
  ],
  "mse_mean": 0.14453314994946814,
  "mse_spatial": 0.001955341607712818,
  "mse_gripper": 1.0,
  "mse_per_dim_names": [
    "x",
    "y",
    "z",
    "roll",
    "pitch",
    "yaw",
    "gripper"
  ]
}