{
  "episode_id": 15,
  "step_id": 70,
  "instruction": "sweep into pile",
  "condition": "var_vt_rebal",
  "condition_desc": "VAR(p=0.6,rho=0.5) + VTR(f=0.3)",
  "predicted_action": [
    0.0026989778140011807,
    0.0157638685142292,
    -0.00024124380639371432,
    0.008162844167036026,
    0.0032385903965024138,
    0.016051269396847284,
    0.0
  ],
  "ground_truth_action": [
    -0.0052116187289357185,
    0.021586604416370392,
    0.0025228552985936403,
    0.004306906368583441,
    -0.0006010534125380218,
    0.05829470977187157,
    0.0
  ],
  "action_token_ids": [
    31859,
    31822,
    31900,
    31860,
    31856,
    31861,
    31872
  ],
  "mse_per_dim": [
    6.257753766512523e-05,
    3.3904253386083985e-05,
    7.640243862191896e-06,
    1.4868256305535373e-05,
    1.4742864580302546e-05,
    0.0017845082547182317,
    0.0
  ],
  "mse_mean": 0.00027403448721678155,
  "mse_spatial": 0.00031970690175291177,
  "mse_gripper": 0.0,
  "mse_per_dim_names": [
    "x",
    "y",
    "z",
    "roll",
    "pitch",
    "yaw",
    "gripper"
  ]
}