{
  "episode_id": 18,
  "step_id": 20,
  "instruction": "Pick up the blue fork and place it on the left of the pot",
  "condition": "var_vt_rebal",
  "condition_desc": "VAR(p=0.6,rho=0.5) + VTR(f=0.3)",
  "predicted_action": [
    1.4886919189882608e-05,
    0.0011946765903163847,
    -0.00024124380639371432,
    0.011355815311272777,
    0.0012289962751023675,
    0.011215875175653645,
    0.06274509803921569
  ],
  "ground_truth_action": [
    0.0009216336184181273,
    -9.369983308715746e-05,
    0.0008581482106819749,
    0.0011906976578757167,
    -0.0059000407345592976,
    -0.0058686016127467155,
    0.0
  ],
  "action_token_ids": [
    31871,
    31867,
    31900,
    31855,
    31859,
    31864,
    31864
  ],
  "mse_per_dim": [
    8.221895765613168e-07,
    1.6599138083821034e-06,
    1.2086628072097525e-06,
    0.00010332961690740455,
    5.0823168685125734e-05,
    0.0002918793471333907,
    0.003936947327950788
  ],
  "mse_mean": 0.0006266671752669803,
  "mse_spatial": 7.49538164863457e-05,
  "mse_gripper": 0.003936947327950788,
  "mse_per_dim_names": [
    "x",
    "y",
    "z",
    "roll",
    "pitch",
    "yaw",
    "gripper"
  ]
}