{
  "episode_id": 18,
  "step_id": 5,
  "instruction": "Pick up the blue fork and place it on the left of the pot",
  "condition": "var_vt_rebal",
  "condition_desc": "VAR(p=0.6,rho=0.5) + VTR(f=0.3)",
  "predicted_action": [
    -0.006919014559072623,
    -0.02049723138528714,
    0.0010578825741129685,
    -0.028875621106110458,
    0.009937237467835897,
    -0.02424368244643313,
    -0.23529411764705888
  ],
  "ground_truth_action": [
    -0.009523903951048851,
    -0.028815800324082375,
    -0.0052144755609333515,
    -0.008181080222129822,
    0.016577105969190598,
    -0.06158783286809921,
    1.0
  ],
  "action_token_ids": [
    31902,
    31934,
    31895,
    31918,
    31846,
    31886,
    31902
  ],
  "mse_per_dim": [
    6.785448744430284e-06,
    6.919858918948888e-05,
    3.934247657428175e-05,
    0.00042826402239874603,
    4.4087853715282325e-05,
    0.001394585570716023,
    1.5259515570934257
  ],
  "mse_mean": 0.21827626015068055,
  "mse_spatial": 0.0003303773268897087,
  "mse_gripper": 1.5259515570934257,
  "mse_per_dim_names": [
    "x",
    "y",
    "z",
    "roll",
    "pitch",
    "yaw",
    "gripper"
  ]
}