{
  "episode_id": 19,
  "step_id": 35,
  "instruction": "",
  "condition": "var_vt_rebal",
  "condition_desc": "VAR(p=0.6,rho=0.5) + VTR(f=0.3)",
  "predicted_action": [
    0.002251629331532626,
    0.0008709167697849851,
    1.8581469707623643e-05,
    -0.0071634173253004585,
    -0.012168297867564626,
    0.030557452060428203,
    -0.04705882352941182
  ],
  "ground_truth_action": [
    -0.0009187701507471502,
    -0.12553898990154266,
    0.08075188100337982,
    -0.0015452314401045442,
    0.011251138523221016,
    0.1449737846851349,
    1.0
  ],
  "action_token_ids": [
    31861,
    31868,
    31899,
    31884,
    31879,
    31852,
    31878
  ],
  "mse_per_dim": [
    1.0051432877239871e-05,
    0.015979464504653765,
    0.006517865653593635,
    3.15640126406146e-05,
    0.0005484700008620548,
    0.01309109717128752,
    1.096332179930796
  ],
  "mse_mean": 0.1617872418152444,
  "mse_spatial": 0.006029752129319139,
  "mse_gripper": 1.096332179930796,
  "mse_per_dim_names": [
    "x",
    "y",
    "z",
    "roll",
    "pitch",
    "yaw",
    "gripper"
  ]
}