{
  "episode_id": 15,
  "step_id": 30,
  "instruction": "sweep into pile",
  "condition": "var_vt_rebal",
  "condition_desc": "VAR(p=0.6,rho=0.5) + VTR(f=0.3)",
  "predicted_action": [
    0.0029226520552354494,
    -0.004633000179248746,
    0.004435611163430348,
    -0.03398437493688928,
    0.007257778639302506,
    0.0063804809544599494,
    -0.03137254901960784
  ],
  "ground_truth_action": [
    0.014597980305552483,
    -0.023587657138705254,
    0.02642298862338066,
    -0.011360203847289085,
    -0.07302568107843399,
    -0.06114980950951576,
    0.0
  ],
  "action_token_ids": [
    31858,
    31885,
    31882,
    31926,
    31850,
    31867,
    31876
  ],
  "mse_per_dim": [
    0.00013631328975265098,
    0.000359279020450673,
    0.00048344476756633105,
    0.0005118531174915012,
    0.006445433904249419,
    0.004560340130148929,
    0.000984236831987697
  ],
  "mse_mean": 0.001925843008806743,
  "mse_spatial": 0.0020827773716099174,
  "mse_gripper": 0.000984236831987697,
  "mse_per_dim_names": [
    "x",
    "y",
    "z",
    "roll",
    "pitch",
    "yaw",
    "gripper"
  ]
}