{
  "episode_id": 16,
  "step_id": 22,
  "instruction": "move the pan to the left side of the stove",
  "condition": "var_vt_rebal",
  "condition_desc": "VAR(p=0.6,rho=0.5) + VTR(f=0.3)",
  "predicted_action": [
    -0.017879052379552063,
    -0.0017191617944661772,
    0.01171071889426777,
    0.04839428058441926,
    0.052138714017236895,
    0.16594849025385036,
    0.807843137254902
  ],
  "ground_truth_action": [
    -0.017750170081853867,
    -0.0030736192129552364,
    -0.005717771593481302,
    0.03779774159193039,
    0.050124641507864,
    0.09804752469062805,
    1.0
  ],
  "action_token_ids": [
    31951,
    31876,
    31854,
    31797,
    31783,
    31768,
    31769
  ],
  "mse_per_dim": [
    1.6610646659966484e-08,
    1.8345548985000466e-06,
    0.0003037522806815599,
    0.00011228663861933706,
    4.056488073011637e-06,
    0.004610541124417902,
    0.03692425990003844
  ],
  "mse_mean": 0.005993821085339344,
  "mse_spatial": 0.0008387479495561618,
  "mse_gripper": 0.03692425990003844,
  "mse_per_dim_names": [
    "x",
    "y",
    "z",
    "roll",
    "pitch",
    "yaw",
    "gripper"
  ]
}