{
  "episode_id": 18,
  "step_id": 30,
  "instruction": "Pick up the blue fork and place it on the left of the pot",
  "condition": "var_vt_rebal",
  "condition_desc": "VAR(p=0.6,rho=0.5) + VTR(f=0.3)",
  "predicted_action": [
    0.005606742950046744,
    0.010907471206258262,
    -0.0028394965674070835,
    0.011994409540120127,
    0.0012289962751023675,
    -0.021020086298970675,
    0.0
  ],
  "ground_truth_action": [
    0.005713756196200848,
    0.01737026870250702,
    -0.005082622170448303,
    0.02626914344727993,
    -0.003563153790310025,
    -0.023774562403559685,
    0.0
  ],
  "action_token_ids": [
    31846,
    31837,
    31910,
    31854,
    31859,
    31884,
    31872
  ],
  "mse_per_dim": [
    1.1451834852438768e-08,
    4.17677514775192e-05,
    5.031612471019036e-06,
    0.00020376802812021777,
    2.2964702249432002e-05,
    7.587138610751846e-06,
    0.0
  ],
  "mse_mean": 4.016152639482747e-05,
  "mse_spatial": 4.685511412729872e-05,
  "mse_gripper": 0.0,
  "mse_per_dim_names": [
    "x",
    "y",
    "z",
    "roll",
    "pitch",
    "yaw",
    "gripper"
  ]
}