{
  "episode_id": 19,
  "step_id": 8,
  "instruction": "",
  "condition": "var_vt_rebal",
  "condition_desc": "VAR(p=0.6,rho=0.5) + VTR(f=0.3)",
  "predicted_action": [
    -0.0013271585282157647,
    0.0079936328214757,
    0.009372291409355745,
    0.017103163370898955,
    0.04677979636017009,
    0.012827673249384858,
    0.996078431372549
  ],
  "ground_truth_action": [
    -0.0002812689053826034,
    -0.00394414970651269,
    -0.0071333241648972034,
    -0.016601353883743286,
    0.004917697049677372,
    0.06950859725475311,
    1.0
  ],
  "action_token_ids": [
    31877,
    31846,
    31863,
    31846,
    31791,
    31863,
    31744
  ],
  "mse_per_dim": [
    1.0938851031500924e-06,
    0.00014251065168554487,
    0.00027243534548502147,
    0.0011359944833684765,
    0.0017524353586815546,
    0.0032127271461023315,
    1.5378700499807656e-05
  ],
  "mse_mean": 0.000933225081560841,
  "mse_spatial": 0.0010861994784043467,
  "mse_gripper": 1.5378700499807656e-05,
  "mse_per_dim_names": [
    "x",
    "y",
    "z",
    "roll",
    "pitch",
    "yaw",
    "gripper"
  ]
}