{
  "episode_id": 16,
  "step_id": 3,
  "instruction": "move the pan to the left side of the stove",
  "condition": "var_vt_rebal",
  "condition_desc": "VAR(p=0.6,rho=0.5) + VTR(f=0.3)",
  "predicted_action": [
    0.005383068708812468,
    -0.04154161971982787,
    0.003136484782923662,
    -0.008440605782995159,
    -0.014177891988964658,
    -0.09677459576433785,
    -0.4627450980392157
  ],
  "ground_truth_action": [
    0.004109125584363937,
    -0.06061800941824913,
    0.0020719082094728947,
    0.008312031626701355,
    -0.003939494024962187,
    -0.1954270601272583,
    1.0
  ],
  "action_token_ids": [
    31847,
    31999,
    31887,
    31886,
    31882,
    31931,
    31931
  ],
  "mse_per_dim": [
    1.6229310843296852e-06,
    0.0003639086439260327,
    1.1333232807401765e-06,
    0.0002806508601807631,
    0.00010482479286928996,
    0.00973230872487729,
    2.139623221837755
  ],
  "mse_mean": 0.30715823873056763,
  "mse_spatial": 0.0017474082127030743,
  "mse_gripper": 2.139623221837755,
  "mse_per_dim_names": [
    "x",
    "y",
    "z",
    "roll",
    "pitch",
    "yaw",
    "gripper"
  ]
}