{
  "episode_id": 21,
  "step_id": 34,
  "instruction": "moved the green object and put it on the table",
  "condition": "var_vt_rebal",
  "condition_desc": "VAR(p=0.6,rho=0.5) + VTR(f=0.3)",
  "predicted_action": [
    0.00046223540165843055,
    -0.0007478823328719852,
    0.0366539453999961,
    0.008801438395883376,
    -0.06910679797389929,
    -0.04036166318374529,
    0.996078431372549
  ],
  "ground_truth_action": [
    0.0007414662977680564,
    0.0017782060895115137,
    0.03049490787088871,
    -0.016188733279705048,
    -0.016364291310310364,
    0.02655952051281929,
    1.0
  ],
  "action_token_ids": [
    31869,
    31873,
    31758,
    31859,
    31964,
    31896,
    31744
  ],
  "mse_per_dim": [
    7.796989334218466e-08,
    6.381122717699955e-06,
    3.793374328495325e-05,
    0.000624508680375382,
    0.0027817720091587225,
    0.004478444827349341,
    1.5378700499807656e-05
  ],
  "mse_mean": 0.001134928150468464,
  "mse_spatial": 0.00132151972546324,
  "mse_gripper": 1.5378700499807656e-05,
  "mse_per_dim_names": [
    "x",
    "y",
    "z",
    "roll",
    "pitch",
    "yaw",
    "gripper"
  ]
}