{
  "episode_id": 22,
  "step_id": 24,
  "instruction": "",
  "condition": "var_vt_rebal",
  "condition_desc": "VAR(p=0.6,rho=0.5) + VTR(f=0.3)",
  "predicted_action": [
    0.01567208380558909,
    -0.03895154115557671,
    -0.005437749328420446,
    -0.004609040409911044,
    0.032042772803236405,
    0.032169250134159416,
    0.015686274509803866
  ],
  "ground_truth_action": [
    -0.006749731954187155,
    -0.05417262390255928,
    -0.00042056935490109026,
    0.04327759891748428,
    0.03647308051586151,
    -0.06738754361867905,
    0.0
  ],
  "action_token_ids": [
    31801,
    31991,
    31920,
    31880,
    31813,
    31851,
    31870
  ],
  "mse_per_dim": [
    0.0005027378219653503,
    0.00023168135999049045,
    2.517209488668368e-05,
    0.0022931302260720448,
    1.96276264285455e-05,
    0.009911555182345216,
    0.0002460592079969225
  ],
  "mse_mean": 0.001889994788526465,
  "mse_spatial": 0.002163984051948055,
  "mse_gripper": 0.0002460592079969225,
  "mse_per_dim_names": [
    "x",
    "y",
    "z",
    "roll",
    "pitch",
    "yaw",
    "gripper"
  ]
}