{
  "episode_id": 26,
  "step_id": 18,
  "instruction": "take out the object from the silver pot and put it on the orange cloth",
  "condition": "var_vt_rebal",
  "condition_desc": "VAR(p=0.6,rho=0.5) + VTR(f=0.3)",
  "predicted_action": [
    -0.010945150901289558,
    -0.02600114833432087,
    0.027560060736449312,
    0.034345207549777476,
    -0.049010856759898816,
    -0.027467278593895555,
    0.20392156862745092
  ],
  "ground_truth_action": [
    0.0005568022024817765,
    -0.03257414698600769,
    0.0021639822516590357,
    -0.009342916309833527,
    -0.0020042117685079575,
    -0.030105138197541237,
    0.0
  ],
  "action_token_ids": [
    31920,
    31951,
    31793,
    31819,
    31934,
    31888,
    31846
  ],
  "mse_per_dim": [
    0.000132294925201355,
    4.320431127507674e-05,
    0.0006449608024056276,
    0.001908652166372712,
    0.0022096246733466513,
    6.958303288545751e-06,
    0.041584006151480175
  ],
  "mse_mean": 0.006647100190481449,
  "mse_spatial": 0.0008242825303149947,
  "mse_gripper": 0.041584006151480175,
  "mse_per_dim_names": [
    "x",
    "y",
    "z",
    "roll",
    "pitch",
    "yaw",
    "gripper"
  ]
}