{
  "episode_id": 23,
  "step_id": 16,
  "instruction": "",
  "condition": "var_vt_rebal",
  "condition_desc": "VAR(p=0.6,rho=0.5) + VTR(f=0.3)",
  "predicted_action": [
    -0.00311655245808996,
    0.004756034616161739,
    0.033016391534577375,
    0.04839428058441926,
    -0.002120327260564381,
    0.030557452060428203,
    0.996078431372549
  ],
  "ground_truth_action": [
    0.000315351877361536,
    0.0025220552925020456,
    -0.000427297898568213,
    0.004662214312702417,
    -0.016499649733304977,
    0.13256819546222687,
    0.00025337887927889824
  ],
  "action_token_ids": [
    31885,
    31856,
    31772,
    31797,
    31864,
    31852,
    31744
  ],
  "mse_per_dim": [
    1.1777967367690774e-05,
    4.990663618539021e-06,
    0.001118480362900694,
    0.0019124936203938339,
    0.00020676491477506273,
    0.01040619176938761,
    0.9916675351732243
  ],
  "mse_mean": 0.14361831921023824,
  "mse_spatial": 0.002276783216407238,
  "mse_gripper": 0.9916675351732243,
  "mse_per_dim_names": [
    "x",
    "y",
    "z",
    "roll",
    "pitch",
    "yaw",
    "gripper"
  ]
}