{
  "episode_id": 27,
  "step_id": 32,
  "instruction": "sweep into pile",
  "condition": "var_vt_rebal",
  "condition_desc": "VAR(p=0.6,rho=0.5) + VTR(f=0.3)",
  "predicted_action": [
    0.002475303572766905,
    0.023534104206982702,
    0.0002784067458089616,
    0.008162844167036026,
    -0.006809380210497831,
    0.017663067470578525,
    -0.41568627450980394
  ],
  "ground_truth_action": [
    0.01833338476717472,
    0.019125409424304962,
    -0.006875304970890284,
    0.021710887551307678,
    -0.020939718931913376,
    -0.01808983087539673,
    0.0
  ],
  "action_token_ids": [
    31860,
    31798,
    31898,
    31860,
    31871,
    31860,
    31925
  ],
  "mse_per_dim": [
    0.0002514787391684308,
    1.9436589686809922e-05,
    5.117559132564006e-05,
    0.00018354947954210687,
    0.0001996664723819355,
    0.00127826974013764,
    0.17279507881584008
  ],
  "mse_mean": 0.024968379346868946,
  "mse_spatial": 0.00033059610204042716,
  "mse_gripper": 0.17279507881584008,
  "mse_per_dim_names": [
    "x",
    "y",
    "z",
    "roll",
    "pitch",
    "yaw",
    "gripper"
  ]
}