{
  "episode_id": 27,
  "step_id": 47,
  "instruction": "sweep into pile",
  "condition": "var_vt_rebal",
  "condition_desc": "VAR(p=0.6,rho=0.5) + VTR(f=0.3)",
  "predicted_action": [
    0.0011332581253612577,
    0.011878750667852454,
    -0.0015403701869003972,
    -0.023128273046484286,
    -0.004799786089097785,
    -0.0016785094141960888,
    0.0
  ],
  "ground_truth_action": [
    -0.015521839261054993,
    0.03474699333310127,
    -0.028438830748200417,
    -0.017403362318873405,
    0.06277550756931305,
    0.1152016893029213,
    0.0
  ],
  "action_token_ids": [
    31866,
    31834,
    31905,
    31909,
    31868,
    31872,
    31872
  ],
  "mse_per_dim": [
    0.0002773922689510094,
    0.0005229565225967063,
    0.0007235271805678125,
    3.2774602839114146e-05,
    0.004566420313020459,
    0.013660980852152848,
    0.0
  ],
  "mse_mean": 0.0028262931057325643,
  "mse_spatial": 0.0032973419566879915,
  "mse_gripper": 0.0,
  "mse_per_dim_names": [
    "x",
    "y",
    "z",
    "roll",
    "pitch",
    "yaw",
    "gripper"
  ]
}