{
  "episode_id": 28,
  "step_id": 2,
  "instruction": "Move the bowl closer to the bottom right of the table.",
  "condition": "var_vt_rebal",
  "condition_desc": "VAR(p=0.6,rho=0.5) + VTR(f=0.3)",
  "predicted_action": [
    0.0038173490201725453,
    -0.011431956410408051,
    -0.0005010690824950523,
    -0.013549359613773987,
    0.003908455103635758,
    -0.008125701709120942,
    -0.10196078431372552
  ],
  "ground_truth_action": [
    0.024285506457090378,
    -0.007496490143239498,
    0.00869386363774538,
    -0.021574629470705986,
    -0.04242386296391487,
    -0.0018592682899907231,
    1.0
  ],
  "action_token_ids": [
    31854,
    31906,
    31901,
    31894,
    31855,
    31876,
    31885
  ],
  "mse_per_dim": [
    0.00041894546886245477,
    1.5487894740021588e-05,
    8.454678772974812e-05,
    6.440495627658135e-05,
    0.0021466836975126786,
    3.926818779639204e-05,
    1.2143175701653213
  ],
  "mse_mean": 0.17386955816546273,
  "mse_spatial": 0.00046155616548631276,
  "mse_gripper": 1.2143175701653213,
  "mse_per_dim_names": [
    "x",
    "y",
    "z",
    "roll",
    "pitch",
    "yaw",
    "gripper"
  ]
}