{
  "episode_id": 27,
  "step_id": 40,
  "instruction": "sweep into pile",
  "condition": "var_vt_rebal",
  "condition_desc": "VAR(p=0.6,rho=0.5) + VTR(f=0.3)",
  "predicted_action": [
    -0.018997423585723434,
    -0.029238746539634826,
    0.0005382320219102961,
    -0.0065248230964530946,
    -0.00011073313916434846,
    -0.05647964392105742,
    -0.196078431372549
  ],
  "ground_truth_action": [
    -0.012881741859018803,
    -0.0167036484926939,
    0.0019950256682932377,
    0.0037395604886114597,
    -0.004340281710028648,
    -0.053074538707733154,
    0.0
  ],
  "action_token_ids": [
    31956,
    31961,
    31897,
    31883,
    31861,
    31906,
    31897
  ],
  "mse_per_dim": [
    3.740156298234895e-05,
    0.0001571286830464222,
    2.122247728141707e-06,
    0.00010535757038134268,
    1.788908111330024e-05,
    1.1594741513808099e-05,
    0.038446751249519406
  ],
  "mse_mean": 0.005539749305183539,
  "mse_spatial": 5.524898112756064e-05,
  "mse_gripper": 0.038446751249519406,
  "mse_per_dim_names": [
    "x",
    "y",
    "z",
    "roll",
    "pitch",
    "yaw",
    "gripper"
  ]
}