{
  "episode_id": 26,
  "step_id": 2,
  "instruction": "take out the object from the silver pot and put it on the orange cloth",
  "condition": "var_vt_rebal",
  "condition_desc": "VAR(p=0.6,rho=0.5) + VTR(f=0.3)",
  "predicted_action": [
    0.0029226520552354494,
    0.0079936328214757,
    0.004695436439531686,
    0.010078626853578077,
    0.004578319810769102,
    0.01927486554430974,
    0.0
  ],
  "ground_truth_action": [
    0.010539990849792957,
    0.016598327085375786,
    0.0067733703181147575,
    0.021341752260923386,
    -0.00946008414030075,
    0.0302673801779747,
    1.0
  ],
  "action_token_ids": [
    31858,
    31846,
    31881,
    31857,
    31854,
    31859,
    31872
  ],
  "mse_per_dim": [
    5.8023850311070826e-05,
    7.404076337519504e-05,
    4.317809203763287e-06,
    0.00012685799394158742,
    0.00019707678549341366,
    0.00012083537797133834,
    1.0
  ],
  "mse_mean": 0.14294016465432804,
  "mse_spatial": 9.68587633827281e-05,
  "mse_gripper": 1.0,
  "mse_per_dim_names": [
    "x",
    "y",
    "z",
    "roll",
    "pitch",
    "yaw",
    "gripper"
  ]
}