{
  "episode_id": 21,
  "step_id": 24,
  "instruction": "moved the green object and put it on the table",
  "condition": "var_vt_rebal",
  "condition_desc": "VAR(p=0.6,rho=0.5) + VTR(f=0.3)",
  "predicted_action": [
    -0.00311655245808996,
    -0.01952595192369295,
    0.007553514476646383,
    -0.003970446181063694,
    -0.0014504625534310367,
    0.07407600005117107,
    0.16470588235294115
  ],
  "ground_truth_action": [
    -0.028363695368170738,
    0.005219956394284964,
    0.005294353701174259,
    -0.011922691017389297,
    0.011662513948976994,
    0.04672158136963844,
    0.0
  ],
  "action_token_ids": [
    31885,
    31931,
    31870,
    31879,
    31863,
    31825,
    31851
  ],
  "mse_per_dim": [
    0.0006374182251220422,
    0.0006123599784817686,
    5.1038074094318075e-06,
    6.323819793686722e-05,
    0.00017195015275270513,
    0.0007482642214045812,
    0.02712802768166089
  ],
  "mse_mean": 0.004195194609252612,
  "mse_spatial": 0.0003730557638512327,
  "mse_gripper": 0.02712802768166089,
  "mse_per_dim_names": [
    "x",
    "y",
    "z",
    "roll",
    "pitch",
    "yaw",
    "gripper"
  ]
}