{
  "episode_id": 29,
  "step_id": 14,
  "instruction": "",
  "condition": "var_vt_rebal",
  "condition_desc": "VAR(p=0.6,rho=0.5) + VTR(f=0.3)",
  "predicted_action": [
    0.0038173490201725453,
    0.0008709167697849851,
    1.8581469707623643e-05,
    0.001776901878562484,
    -0.004129921381964441,
    0.004768682880728764,
    -0.007843137254901933
  ],
  "ground_truth_action": [
    0.021037569269537926,
    0.009120441973209381,
    0.033448826521635056,
    0.004995555151253939,
    -0.08456026017665863,
    0.04083671048283577,
    0.0
  ],
  "action_token_ids": [
    31854,
    31868,
    31899,
    31870,
    31867,
    31868,
    31873
  ],
  "mse_per_dim": [
    0.0002965359854366535,
    6.805466608193433e-05,
    0.0011175812842319185,
    1.0359728889807411e-05,
    0.0064690393986292895,
    0.0013009026151063528,
    6.151480199923062e-05
  ],
  "mse_mean": 0.0013319983543393125,
  "mse_spatial": 0.0015437456130626595,
  "mse_gripper": 6.151480199923062e-05,
  "mse_per_dim_names": [
    "x",
    "y",
    "z",
    "roll",
    "pitch",
    "yaw",
    "gripper"
  ]
}