{
  "episode_id": 23,
  "step_id": 36,
  "instruction": "",
  "condition": "var_vt_rebal",
  "condition_desc": "VAR(p=0.6,rho=0.5) + VTR(f=0.3)",
  "predicted_action": [
    -0.0013271585282157647,
    -0.01952595192369295,
    0.005994562820038369,
    -0.0058862288676057445,
    -0.01618748611036472,
    -0.05486784584732621,
    0.03137254901960773
  ],
  "ground_truth_action": [
    -0.00043266243301331997,
    -0.006802428513765335,
    -0.018171731382608414,
    -0.010188398882746696,
    0.013345290906727314,
    -0.0686120092868805,
    -0.0007870885892771184
  ],
  "action_token_ids": [
    31877,
    31931,
    31876,
    31882,
    31885,
    31905,
    31868
  ],
  "mse_per_dim": [
    8.00123264332421e-07,
    0.00016188804796297607,
    0.0005840097754888795,
    1.85086668391779e-05,
    0.0008721849183412793,
    0.0001889020286531807,
    0.0010342422911348008
  ],
  "mse_mean": 0.00040864797881208953,
  "mse_spatial": 0.0003043822600916377,
  "mse_gripper": 0.0010342422911348008,
  "mse_per_dim_names": [
    "x",
    "y",
    "z",
    "roll",
    "pitch",
    "yaw",
    "gripper"
  ]
}