{
  "episode_id": 25,
  "step_id": 31,
  "instruction": "",
  "condition": "var_vt_rebal",
  "condition_desc": "VAR(p=0.6,rho=0.5) + VTR(f=0.3)",
  "predicted_action": [
    0.0060540914325152954,
    -0.007546838564031308,
    0.026260934355942626,
    0.001138307649715134,
    -0.04365193910283203,
    0.014439471323116071,
    0.09411764705882353
  ],
  "ground_truth_action": [
    0.006907079368829727,
    -0.0030930819921195507,
    -0.008480132557451725,
    0.006518383044749498,
    -0.0011208084179088473,
    -0.0011625096667557955,
    0.0030252609867602587
  ],
  "action_token_ids": [
    31844,
    31894,
    31798,
    31871,
    31926,
    31862,
    31860
  ],
  "mse_per_dim": [
    7.27588419497953e-07,
    1.9835947601847168e-05,
    0.0012069417302809434,
    2.894521125625417e-05,
    0.001808897077338014,
    0.0002434218108083231,
    0.008297822800301826
  ],
  "mse_mean": 0.001658084595143815,
  "mse_spatial": 0.0005514615609508133,
  "mse_gripper": 0.008297822800301826,
  "mse_per_dim_names": [
    "x",
    "y",
    "z",
    "roll",
    "pitch",
    "yaw",
    "gripper"
  ]
}