{
  "episode_id": 27,
  "step_id": 30,
  "instruction": "sweep into pile",
  "condition": "var_vt_rebal",
  "condition_desc": "VAR(p=0.6,rho=0.5) + VTR(f=0.3)",
  "predicted_action": [
    0.00650143991498384,
    0.021591545283794332,
    0.02366268159492926,
    -0.009079200011842509,
    -0.03695329203149853,
    0.04506363472400918,
    -0.007843137254901933
  ],
  "ground_truth_action": [
    0.00522264838218689,
    0.022718142718076706,
    0.012698660604655743,
    -0.009360871277749538,
    -0.015039509162306786,
    0.02453085221350193,
    0.0
  ],
  "action_token_ids": [
    31842,
    31804,
    31808,
    31887,
    31916,
    31843,
    31873
  ],
  "mse_per_dim": [
    1.6353077843531735e-06,
    1.269221778931628e-06,
    0.00012020975627515828,
    7.933870203766865e-08,
    0.0004802138796380816,
    0.0004215951576237923,
    6.151480199923062e-05
  ],
  "mse_mean": 0.0001552167805430836,
  "mse_spatial": 0.00017083377696705909,
  "mse_gripper": 6.151480199923062e-05,
  "mse_per_dim_names": [
    "x",
    "y",
    "z",
    "roll",
    "pitch",
    "yaw",
    "gripper"
  ]
}