{
  "episode_id": 21,
  "step_id": 30,
  "instruction": "moved the green object and put it on the table",
  "condition": "var_vt_rebal",
  "condition_desc": "VAR(p=0.6,rho=0.5) + VTR(f=0.3)",
  "predicted_action": [
    0.0060540914325152954,
    0.0079936328214757,
    -0.025963946140426047,
    -0.018658113444552808,
    0.021994802196236188,
    -0.050032451626132596,
    0.0
  ],
  "ground_truth_action": [
    0.01873711869120598,
    -0.00416317954659462,
    -0.01294016931205988,
    -0.017609264701604843,
    0.006740646902471781,
    -0.026111330837011337,
    0.0
  ],
  "action_token_ids": [
    31844,
    31846,
    31999,
    31902,
    31828,
    31902,
    31872
  ],
  "mse_per_dim": [
    0.0001608591804446909,
    0.0001477880869524675,
    0.00016961876287508752,
    1.1000836855835266e-06,
    0.0002326892537262807,
    0.0005722200198077293,
    0.0
  ],
  "mse_mean": 0.0001834679124988342,
  "mse_spatial": 0.0002140458979153066,
  "mse_gripper": 0.0,
  "mse_per_dim_names": [
    "x",
    "y",
    "z",
    "roll",
    "pitch",
    "yaw",
    "gripper"
  ]
}