{
  "episode_id": 27,
  "step_id": 34,
  "instruction": "sweep into pile",
  "condition": "var_vt_rebal",
  "condition_desc": "VAR(p=0.6,rho=0.5) + VTR(f=0.3)",
  "predicted_action": [
    0.011869621704606429,
    -0.002690441256060362,
    -0.011933381230953864,
    0.035622396007472204,
    -0.021546403767431513,
    -0.08388021117448811,
    -0.11764705882352944
  ],
  "ground_truth_action": [
    0.015749668702483177,
    0.005492753349244595,
    -0.013486583717167377,
    0.04048514366149902,
    0.0062911794520914555,
    -0.02116558514535427,
    0.0
  ],
  "action_token_ids": [
    31818,
    31879,
    31945,
    31817,
    31893,
    31923,
    31887
  ],
  "mse_per_dim": [
    1.5054764705732366e-05,
    6.696467394829214e-05,
    2.412437963179841e-06,
    2.3646314746743334e-05,
    0.0007749310395038667,
    0.003933124317974112,
    0.013840830449826995
  ],
  "mse_mean": 0.002665280571238417,
  "mse_spatial": 0.0008026889248069877,
  "mse_gripper": 0.013840830449826995,
  "mse_per_dim_names": [
    "x",
    "y",
    "z",
    "roll",
    "pitch",
    "yaw",
    "gripper"
  ]
}