{
  "episode_id": 21,
  "step_id": 31,
  "instruction": "moved the green object and put it on the table",
  "condition": "var_vt_rebal",
  "condition_desc": "VAR(p=0.6,rho=0.5) + VTR(f=0.3)",
  "predicted_action": [
    0.005830417191281013,
    -0.006251799281905716,
    -0.016350410924676588,
    -0.014187953842621337,
    0.0387414198745699,
    0.003156884806997551,
    0.10196078431372557
  ],
  "ground_truth_action": [
    0.0066382503136992455,
    -0.005813670810312033,
    0.004116818308830261,
    0.022176802158355713,
    -0.005165839567780495,
    -0.021842852234840393,
    0.0
  ],
  "action_token_ids": [
    31845,
    31890,
    31962,
    31895,
    31803,
    31869,
    31859
  ],
  "mse_per_dim": [
    6.525943536759912e-07,
    1.9195655762101728e-07,
    0.00041890747249691734,
    0.0013223954790105965,
    0.001927847431737868,
    0.0006249868521610442,
    0.010396001537870066
  ],
  "mse_mean": 0.0020987119034553982,
  "mse_spatial": 0.0007158302977196205,
  "mse_gripper": 0.010396001537870066,
  "mse_per_dim_names": [
    "x",
    "y",
    "z",
    "roll",
    "pitch",
    "yaw",
    "gripper"
  ]
}