{
  "episode_id": 23,
  "step_id": 34,
  "instruction": "",
  "condition": "var_vt_rebal",
  "condition_desc": "VAR(p=0.6,rho=0.5) + VTR(f=0.3)",
  "predicted_action": [
    -0.0013271585282157647,
    -0.01952595192369295,
    0.007293689200545048,
    -0.01674233075801075,
    -0.008818974331897864,
    -0.006513903635389756,
    -0.02352941176470591
  ],
  "ground_truth_action": [
    0.0056155771017074585,
    0.006415165029466152,
    -0.024792270734906197,
    -0.010827346704900265,
    -0.009111296385526657,
    -0.15326648950576782,
    -0.0024577444419264793
  ],
  "action_token_ids": [
    31877,
    31931,
    31871,
    31899,
    31874,
    31875,
    31875
  ],
  "mse_per_dim": [
    4.820157802700541e-05,
    0.0006729415487774787,
    0.0010295088249793823,
    3.4987036348551355e-05,
    8.545218303775522e-08,
    0.02153632145964269,
    0.00044401516376189047
  ],
  "mse_mean": 0.003395151580531434,
  "mse_spatial": 0.0038870076499930243,
  "mse_gripper": 0.00044401516376189047,
  "mse_per_dim_names": [
    "x",
    "y",
    "z",
    "roll",
    "pitch",
    "yaw",
    "gripper"
  ]
}