{
  "episode_id": 23,
  "step_id": 4,
  "instruction": "",
  "condition": "var_vt_rebal",
  "condition_desc": "VAR(p=0.6,rho=0.5) + VTR(f=0.3)",
  "predicted_action": [
    -0.004905946387964152,
    -0.004633000179248746,
    -0.00024124380639371432,
    0.017741757599746305,
    0.07759357288830414,
    0.19334905750728107,
    0.18039215686274512
  ],
  "ground_truth_action": [
    0.0022211831528693438,
    -0.01930108480155468,
    -0.012818005867302418,
    0.008136255666613579,
    -7.672033098060638e-05,
    -0.2574707269668579,
    1.0
  ],
  "action_token_ids": [
    31893,
    31885,
    31900,
    31845,
    31744,
    31751,
    31849
  ],
  "mse_per_dim": [
    5.079597549182147e-05,
    0.0002151527064871278,
    0.00015817494393671253,
    9.226566738741654e-05,
    0.00603267444876967,
    0.2032384780733091,
    0.671757016532103
  ],
  "mse_mean": 0.12593493690678353,
  "mse_spatial": 0.034964590302563645,
  "mse_gripper": 0.671757016532103,
  "mse_per_dim_names": [
    "x",
    "y",
    "z",
    "roll",
    "pitch",
    "yaw",
    "gripper"
  ]
}