{
  "episode_id": 20,
  "step_id": 29,
  "instruction": "",
  "condition": "var_vt_rebal",
  "condition_desc": "VAR(p=0.6,rho=0.5) + VTR(f=0.3)",
  "predicted_action": [
    -0.0013271585282157647,
    -0.00010036269180919988,
    1.8581469707623643e-05,
    -0.0071634173253004585,
    0.00792764334643585,
    -0.004902105561658515,
    0.0235294117647058
  ],
  "ground_truth_action": [
    -0.0036707159597426653,
    0.0016374550759792328,
    0.006548377685248852,
    0.009411349892616272,
    -0.004999206401407719,
    -0.007333307061344385,
    0.0
  ],
  "action_token_ids": [
    31877,
    31871,
    31899,
    31884,
    31849,
    31874,
    31869
  ],
  "mse_per_dim": [
    5.492261434864963e-06,
    3.020010594041171e-06,
    4.2638238616496544e-05,
    0.0002747229083281271,
    0.00016710344440332335,
    5.9107407320748235e-06,
    0.0005536332179930756
  ],
  "mse_mean": 0.00015036011744314336,
  "mse_spatial": 8.314793401815464e-05,
  "mse_gripper": 0.0005536332179930756,
  "mse_per_dim_names": [
    "x",
    "y",
    "z",
    "roll",
    "pitch",
    "yaw",
    "gripper"
  ]
}