{
  "episode_id": 29,
  "step_id": 13,
  "instruction": "",
  "condition": "var_vt_rebal",
  "condition_desc": "VAR(p=0.6,rho=0.5) + VTR(f=0.3)",
  "predicted_action": [
    -0.0011034842869814855,
    -0.0013954019739347845,
    -0.00024124380639371432,
    -0.021212490359942215,
    -0.002790191967697725,
    -0.006513903635389756,
    0.996078431372549
  ],
  "ground_truth_action": [
    0.0055545479990541935,
    7.757219282211736e-05,
    0.023150039836764336,
    -0.024506039917469025,
    -0.05616070330142975,
    0.016491662710905075,
    0.0
  ],
  "action_token_ids": [
    31876,
    31875,
    31900,
    31906,
    31865,
    31875,
    31744
  ],
  "mse_per_dim": [
    4.432939392189349e-05,
    2.1696528959331894e-06,
    0.0005471521504746734,
    1.0847468687885041e-05,
    0.0028484114800240183,
    0.0005292560829137733,
    0.9921722414455979
  ],
  "mse_mean": 0.14230777252493088,
  "mse_spatial": 0.0006636943714863628,
  "mse_gripper": 0.9921722414455979,
  "mse_per_dim_names": [
    "x",
    "y",
    "z",
    "roll",
    "pitch",
    "yaw",
    "gripper"
  ]
}