{
  "episode_id": 26,
  "step_id": 7,
  "instruction": "take out the object from the silver pot and put it on the orange cloth",
  "condition": "var_vt_rebal",
  "condition_desc": "VAR(p=0.6,rho=0.5) + VTR(f=0.3)",
  "predicted_action": [
    1.4886919189882608e-05,
    0.013821309591040831,
    -0.008295827365535153,
    -0.011633576927231923,
    0.021994802196236188,
    0.007992279028191218,
    0.07058823529411762
  ],
  "ground_truth_action": [
    0.0023413493763655424,
    0.005242594052106142,
    -0.010305674746632576,
    -0.010393969714641571,
    0.025006545707583427,
    3.227452907594852e-05,
    1.0
  ],
  "action_token_ids": [
    31871,
    31828,
    31931,
    31891,
    31828,
    31866,
    31863
  ],
  "mse_per_dim": [
    5.412427564647809e-06,
    7.359436029795949e-05,
    4.03948649530417e-06,
    1.5366260415060217e-06,
    9.070598978142201e-06,
    6.336167162593533e-05,
    0.8638062283737025
  ],
  "mse_mean": 0.12342332050638657,
  "mse_spatial": 2.6169195167249173e-05,
  "mse_gripper": 0.8638062283737025,
  "mse_per_dim_names": [
    "x",
    "y",
    "z",
    "roll",
    "pitch",
    "yaw",
    "gripper"
  ]
}