{
  "episode_id": 22,
  "step_id": 25,
  "instruction": "",
  "condition": "var_vt_rebal",
  "condition_desc": "VAR(p=0.6,rho=0.5) + VTR(f=0.3)",
  "predicted_action": [
    0.004712045985109648,
    -0.026972427795915056,
    -0.009594953746041836,
    -0.024405461504178987,
    0.021994802196236188,
    0.011215875175653645,
    0.16470588235294115
  ],
  "ground_truth_action": [
    -0.0040610358119010925,
    -0.02582627907395363,
    -0.015302448533475399,
    0.02552592009305954,
    0.05807933956384659,
    -0.05009075254201889,
    0.0
  ],
  "action_token_ids": [
    31850,
    31954,
    31936,
    31911,
    31828,
    31864,
    31851
  ],
  "mse_per_dim": [
    7.69669642170412e-05,
    1.3136568928538142e-06,
    3.2575496748581294e-05,
    0.00249314286820905,
    0.0013020938370344713,
    0.0037585026021132945,
    0.02712802768166089
  ],
  "mse_mean": 0.004970374729553741,
  "mse_spatial": 0.0012774325708692154,
  "mse_gripper": 0.02712802768166089,
  "mse_per_dim_names": [
    "x",
    "y",
    "z",
    "roll",
    "pitch",
    "yaw",
    "gripper"
  ]
}