{
  "episode_id": 22,
  "step_id": 37,
  "instruction": "",
  "condition": "var_vt_rebal",
  "condition_desc": "VAR(p=0.6,rho=0.5) + VTR(f=0.3)",
  "predicted_action": [
    -0.0013271585282157647,
    0.003784755154567561,
    0.030677964049665347,
    -0.012910765384926637,
    -0.06776706855963258,
    0.0353928462816219,
    0.07058823529411762
  ],
  "ground_truth_action": [
    -0.01629224419593811,
    0.01985377073287964,
    0.01891254633665085,
    0.03637386113405228,
    -0.005352869164198637,
    0.0031212852336466312,
    1.0
  ],
  "action_token_ids": [
    31877,
    31859,
    31781,
    31893,
    31962,
    31849,
    31863
  ],
  "mse_per_dim": [
    0.00022395378904226877,
    0.0002582132616560362,
    0.00013842505396171532,
    0.0024289744111152395,
    0.003895532286172986,
    0.0010414536524731945,
    0.8638062283737025
  ],
  "mse_mean": 0.12454182583258913,
  "mse_spatial": 0.0013310920757369068,
  "mse_gripper": 0.8638062283737025,
  "mse_per_dim_names": [
    "x",
    "y",
    "z",
    "roll",
    "pitch",
    "yaw",
    "gripper"
  ]
}