{
  "episode_id": 27,
  "step_id": 2,
  "instruction": "sweep into pile",
  "condition": "var_vt_rebal",
  "condition_desc": "VAR(p=0.6,rho=0.5) + VTR(f=0.3)",
  "predicted_action": [
    -0.0013271585282157647,
    -0.003014201076591762,
    0.010151767237659755,
    0.01391019222666219,
    0.004578319810769102,
    -0.012961095930314609,
    0.11764705882352944
  ],
  "ground_truth_action": [
    0.004711390007287264,
    -0.001363102812319994,
    -0.001985532231628895,
    0.01701327972114086,
    -0.03690940514206886,
    -0.01071079634130001,
    1.0
  ],
  "action_token_ids": [
    31877,
    31880,
    31860,
    31851,
    31854,
    31879,
    31857
  ],
  "mse_per_dim": [
    3.6464068415625773e-05,
    2.7261254782812445e-06,
    0.00014731403840719456,
    9.629151998389914e-06,
    0.001721231321762334,
    5.06384824031927e-06,
    0.7785467128027681
  ],
  "mse_mean": 0.1114955916224386,
  "mse_spatial": 0.0003204047590503575,
  "mse_gripper": 0.7785467128027681,
  "mse_per_dim_names": [
    "x",
    "y",
    "z",
    "roll",
    "pitch",
    "yaw",
    "gripper"
  ]
}