{
  "episode_id": 27,
  "step_id": 10,
  "instruction": "sweep into pile",
  "condition": "var_vt_rebal",
  "condition_desc": "VAR(p=0.6,rho=0.5) + VTR(f=0.3)",
  "predicted_action": [
    -0.0026692039756214085,
    -0.002690441256060362,
    -0.0033591471196097525,
    -0.0014160692656742802,
    0.00792764334643585,
    0.012827673249384858,
    0.0
  ],
  "ground_truth_action": [
    -0.0006868604104965925,
    0.001076775835826993,
    -0.00014173462113831192,
    -0.0013860058970749378,
    0.006909550167620182,
    -0.007551177404820919,
    0.5665450096130371
  ],
  "action_token_ids": [
    31883,
    31879,
    31912,
    31875,
    31849,
    31863,
    31872
  ],
  "mse_per_dim": [
    3.929686010191765e-06,
    1.4191924617408222e-05,
    1.0351743185320238e-05,
    9.038061315399226e-10,
    1.0365137207509923e-06,
    0.0004152975539864232,
    0.3209732479174363
  ],
  "mse_mean": 0.04591686517753751,
  "mse_spatial": 7.413472088770433e-05,
  "mse_gripper": 0.3209732479174363,
  "mse_per_dim_names": [
    "x",
    "y",
    "z",
    "roll",
    "pitch",
    "yaw",
    "gripper"
  ]
}