{
  "episode_id": 26,
  "step_id": 24,
  "instruction": "take out the object from the silver pot and put it on the orange cloth",
  "condition": "var_vt_rebal",
  "condition_desc": "VAR(p=0.6,rho=0.5) + VTR(f=0.3)",
  "predicted_action": [
    0.0035936747789382766,
    0.0011946765903163847,
    -0.006477050432825794,
    0.004969873022799262,
    -0.041642344981431975,
    -0.03552626896255165,
    0.1098039215686275
  ],
  "ground_truth_action": [
    0.002415349707007408,
    -0.0007010409608483315,
    0.006203634664416313,
    -0.004294106736779213,
    -0.01783990114927292,
    -0.009595160372555256,
    1.0
  ],
  "action_token_ids": [
    31855,
    31867,
    31924,
    31865,
    31923,
    31893,
    31858
  ],
  "mse_per_dim": [
    1.3884499751408862e-06,
    3.5937450337939483e-06,
    0.00016079977453541808,
    8.582132098587966e-05,
    0.0005665563323830867,
    0.0006724223927061847,
    0.7924490580545943
  ],
  "mse_mean": 0.11341994858145911,
  "mse_spatial": 0.000248430335936584,
  "mse_gripper": 0.7924490580545943,
  "mse_per_dim_names": [
    "x",
    "y",
    "z",
    "roll",
    "pitch",
    "yaw",
    "gripper"
  ]
}