{
  "episode_id": 21,
  "step_id": 9,
  "instruction": "moved the green object and put it on the table",
  "condition": "var_vt_rebal",
  "condition_desc": "VAR(p=0.6,rho=0.5) + VTR(f=0.3)",
  "predicted_action": [
    -0.0013271585282157647,
    -0.008841877846156886,
    -0.0025796712913057455,
    -0.05761236140424134,
    -0.020876539060298155,
    0.1691720864013128,
    -0.06274509803921569
  ],
  "ground_truth_action": [
    -0.0014816524926573038,
    -0.008493678644299507,
    -0.0001352019316982478,
    -0.018917664885520935,
    -0.006017821840941906,
    -0.027706533670425415,
    0.0
  ],
  "action_token_ids": [
    31877,
    31898,
    31909,
    31963,
    31892,
    31766,
    31880
  ],
  "mse_per_dim": [
    2.3868385048863553e-08,
    1.212426841741154e-07,
    5.97543045005989e-06,
    0.0014972795386758732,
    0.0002207814774047939,
    0.03876119104135184,
    0.003936947327950788
  ],
  "mse_mean": 0.006346045703843226,
  "mse_spatial": 0.0067475620998252986,
  "mse_gripper": 0.003936947327950788,
  "mse_per_dim_names": [
    "x",
    "y",
    "z",
    "roll",
    "pitch",
    "yaw",
    "gripper"
  ]
}