{
  "episode_id": 28,
  "step_id": 18,
  "instruction": "Move the bowl closer to the bottom right of the table.",
  "condition": "var_vt_rebal",
  "condition_desc": "VAR(p=0.6,rho=0.5) + VTR(f=0.3)",
  "predicted_action": [
    -0.010050453936352462,
    -0.018554672462098763,
    -0.012712857059257874,
    0.026682076803609248,
    0.013956425710635989,
    -0.06615043236344473,
    -0.4392156862745098
  ],
  "ground_truth_action": [
    -0.008647614158689976,
    -0.008361808955669403,
    -0.016291620209813118,
    0.04050008952617645,
    0.021571535617113113,
    -0.04084325209259987,
    0.0
  ],
  "action_token_ids": [
    31916,
    31928,
    31948,
    31831,
    31840,
    31912,
    31928
  ],
  "mse_per_dim": [
    1.967959441792133e-06,
    0.00010389446646069943,
    1.2807545687772097e-05,
    0.00019093747560102915,
    5.7989898887726036e-05,
    0.0006404533732610393,
    0.1929104190695886
  ],
  "mse_mean": 0.027702638541275526,
  "mse_spatial": 0.00016800845322334303,
  "mse_gripper": 0.1929104190695886,
  "mse_per_dim_names": [
    "x",
    "y",
    "z",
    "roll",
    "pitch",
    "yaw",
    "gripper"
  ]
}