{
  "episode_id": 22,
  "step_id": 31,
  "instruction": "",
  "condition": "var_vt_rebal",
  "condition_desc": "VAR(p=0.6,rho=0.5) + VTR(f=0.3)",
  "predicted_action": [
    -0.0013271585282157647,
    -0.005928039461374324,
    -0.008295827365535153,
    -0.012272171156079273,
    0.013956425710635989,
    0.030557452060428203,
    -0.12549019607843137
  ],
  "ground_truth_action": [
    0.00602666987106204,
    -0.00653102807700634,
    -0.009471899829804897,
    0.024140214547514915,
    0.019224241375923157,
    0.006579007022082806,
    0.0
  ],
  "action_token_ids": [
    31877,
    31889,
    31931,
    31892,
    31840,
    31852,
    31888
  ],
  "mse_per_dim": [
    5.4078792126024767e-05,
    3.6359527058181554e-07,
    1.3831464412135092e-06,
    0.0013258618326273104,
    2.7749881883444886e-05,
    0.000574965826456951,
    0.01574778931180315
  ],
  "mse_mean": 0.0025331703409440967,
  "mse_spatial": 0.00033073384580092105,
  "mse_gripper": 0.01574778931180315,
  "mse_per_dim_names": [
    "x",
    "y",
    "z",
    "roll",
    "pitch",
    "yaw",
    "gripper"
  ]
}