{
  "episode_id": 23,
  "step_id": 45,
  "instruction": "",
  "condition": "var_vt_rebal",
  "condition_desc": "VAR(p=0.6,rho=0.5) + VTR(f=0.3)",
  "predicted_action": [
    0.00023856116042415831,
    -0.0013954019739347845,
    0.0036561353351263343,
    0.029875047947846026,
    0.021994802196236188,
    -0.016184692077777035,
    0.0
  ],
  "ground_truth_action": [
    0.007474224548786879,
    0.003455081954598427,
    0.0012160759652033448,
    0.009663129225373268,
    -0.023793285712599754,
    -0.021085739135742188,
    0.9933335781097412
  ],
  "action_token_ids": [
    31870,
    31875,
    31885,
    31826,
    31828,
    31881,
    31872
  ],
  "mse_per_dim": [
    5.235482466969268e-05,
    2.3527194340958975e-05,
    5.953889728748976e-06,
    0.00040852165844384476,
    0.0020965489943472883,
    2.4020262264388873e-05,
    0.9867115974003013
  ],
  "mse_mean": 0.1413317891748709,
  "mse_spatial": 0.0004351544706324871,
  "mse_gripper": 0.9867115974003013,
  "mse_per_dim_names": [
    "x",
    "y",
    "z",
    "roll",
    "pitch",
    "yaw",
    "gripper"
  ]
}