{
  "episode_id": 21,
  "step_id": 8,
  "instruction": "moved the green object and put it on the table",
  "condition": "var_vt_rebal",
  "condition_desc": "VAR(p=0.6,rho=0.5) + VTR(f=0.3)",
  "predicted_action": [
    -0.013405567554866576,
    -0.03247634474494879,
    -0.011673555954852527,
    -0.04292469414075222,
    -0.003460056674831083,
    0.017663067470578525,
    -0.1098039215686275
  ],
  "ground_truth_action": [
    -0.003910234663635492,
    -0.008886968716979027,
    -0.005216483026742935,
    -0.018943017348647118,
    0.006576490588486195,
    -0.03528149425983429,
    0.0
  ],
  "action_token_ids": [
    31931,
    31971,
    31944,
    31940,
    31866,
    31860,
    31886
  ],
  "mse_per_dim": [
    9.016134671529485e-05,
    0.0005564586613889544,
    4.169379079892578e-05,
    0.0005751208217609925,
    0.00010073228096880154,
    0.002803126616825493,
    0.0120569011918493
  ],
  "mse_mean": 0.002317742101472537,
  "mse_spatial": 0.000694548919743077,
  "mse_gripper": 0.0120569011918493,
  "mse_per_dim_names": [
    "x",
    "y",
    "z",
    "roll",
    "pitch",
    "yaw",
    "gripper"
  ]
}