{
  "episode_id": 21,
  "step_id": 7,
  "instruction": "moved the green object and put it on the table",
  "condition": "var_vt_rebal",
  "condition_desc": "VAR(p=0.6,rho=0.5) + VTR(f=0.3)",
  "predicted_action": [
    -0.0013271585282157647,
    0.001842196231379177,
    -0.0020600207391030696,
    0.0036926845651045342,
    0.00792764334643585,
    0.004768682880728764,
    0.0
  ],
  "ground_truth_action": [
    -0.00514577329158783,
    -0.006316587328910828,
    -0.0044878339394927025,
    -0.017067085951566696,
    0.013492605648934841,
    -0.007507129572331905,
    0.8717949986457825
  ],
  "action_token_ids": [
    31877,
    31865,
    31907,
    31867,
    31849,
    31868,
    31872
  ],
  "mse_per_dim": [
    1.458181871104309e-05,
    6.656574918365844e-05,
    5.894276935986152e-06,
    0.0004309680719048521,
    3.096880542823487e-05,
    0.0001506955713827194,
    0.7600265196637999
  ],
  "mse_mean": 0.10867517056533518,
  "mse_spatial": 0.000116612382257749,
  "mse_gripper": 0.7600265196637999,
  "mse_per_dim_names": [
    "x",
    "y",
    "z",
    "roll",
    "pitch",
    "yaw",
    "gripper"
  ]
}