{
  "episode_id": 27,
  "step_id": 25,
  "instruction": "sweep into pile",
  "condition": "var_vt_rebal",
  "condition_desc": "VAR(p=0.6,rho=0.5) + VTR(f=0.3)",
  "predicted_action": [
    -0.004682272146729876,
    -0.02308730994953831,
    -0.00024124380639371432,
    -0.004609040409911044,
    -0.007479244917631175,
    0.02572205783923459,
    0.015686274509803866
  ],
  "ground_truth_action": [
    -0.0033090049400925636,
    -0.017161143943667412,
    0.003057901980355382,
    -0.01433308981359005,
    0.00525051262229681,
    -0.014537711627781391,
    0.0
  ],
  "action_token_ids": [
    31892,
    31942,
    31900,
    31880,
    31872,
    31855,
    31870
  ],
  "mse_per_dim": [
    1.8858628208254468e-06,
    3.511944352913983e-05,
    1.0884362922224314e-05,
    9.455713680519002e-05,
    0.00016204672702535339,
    0.0016208490375372723,
    0.0002460592079969225
  ],
  "mse_mean": 0.0003102002540909897,
  "mse_spatial": 0.00032089042844000087,
  "mse_gripper": 0.0002460592079969225,
  "mse_per_dim_names": [
    "x",
    "y",
    "z",
    "roll",
    "pitch",
    "yaw",
    "gripper"
  ]
}