{
  "episode_id": 23,
  "step_id": 9,
  "instruction": "",
  "condition": "var_vt_rebal",
  "condition_desc": "VAR(p=0.6,rho=0.5) + VTR(f=0.3)",
  "predicted_action": [
    -0.01049780241882101,
    0.007346113180412908,
    -0.016610236200777926,
    -0.018019519215705465,
    0.030703043388969717,
    0.14821871144280704,
    0.996078431372549
  ],
  "ground_truth_action": [
    0.0043875714763998985,
    -0.0011184083996340632,
    -0.024969998747110367,
    -0.003976395819336176,
    0.016102517023682594,
    0.08490559458732605,
    1.0
  ],
  "action_token_ids": [
    31918,
    31848,
    31963,
    31901,
    31815,
    31779,
    31744
  ],
  "mse_per_dim": [
    0.00022157435600052408,
    7.164812557908088e-05,
    6.988562983106266e-05,
    0.00019720931472565453,
    0.0002131753701434444,
    0.0040085507659557915,
    1.5378700499807656e-05
  ],
  "mse_mean": 0.0006853460375336237,
  "mse_spatial": 0.000797007260372593,
  "mse_gripper": 1.5378700499807656e-05,
  "mse_per_dim_names": [
    "x",
    "y",
    "z",
    "roll",
    "pitch",
    "yaw",
    "gripper"
  ]
}