{
  "episode_id": 22,
  "step_id": 10,
  "instruction": "",
  "condition": "var_vt_rebal",
  "condition_desc": "VAR(p=0.6,rho=0.5) + VTR(f=0.3)",
  "predicted_action": [
    0.004935720226343924,
    -0.006899318922968509,
    -0.00024124380639371432,
    -0.03845453453882076,
    -0.03628342732436519,
    -0.04036166318374529,
    0.015686274509803866
  ],
  "ground_truth_action": [
    -0.0046447585336863995,
    0.004811912775039673,
    -0.00883178599178791,
    0.012163875624537468,
    0.026060670614242554,
    0.02300056256353855,
    1.0
  ],
  "action_token_ids": [
    31849,
    31892,
    31900,
    31933,
    31915,
    31896,
    31870
  ],
  "mse_per_dim": [
    9.178557327139217e-05,
    0.0001371529478844316,
    7.379741503903729e-05,
    0.0025622234474659672,
    0.003886786547778714,
    0.004014771651649759,
    0.9688735101883892
  ],
  "mse_mean": 0.1399485753959255,
  "mse_spatial": 0.00179441959718155,
  "mse_gripper": 0.9688735101883892,
  "mse_per_dim_names": [
    "x",
    "y",
    "z",
    "roll",
    "pitch",
    "yaw",
    "gripper"
  ]
}