{
  "episode_id": 3,
  "step_id": 30,
  "instruction": "put the rectangle block on top of the red arch and yellow block",
  "condition": "var_default",
  "condition_desc": "VAR(p=0.6,rho=0.5)",
  "predicted_action": [
    -0.00311655245808996,
    0.006374833718818716,
    0.0013177078502143065,
    0.04200833829594573,
    -0.019536809646031453,
    0.007992279028191218,
    0.0
  ],
  "ground_truth_action": [
    0.0030635055154561996,
    0.0039046453312039375,
    -0.0002303415967617184,
    0.007928206585347652,
    0.0032491469755768776,
    0.007374392356723547,
    0.0
  ],
  "action_token_ids": [
    31885,
    31851,
    31894,
    31807,
    31890,
    31866,
    31872
  ],
  "mse_per_dim": [
    3.819311655639146e-05,
    6.101830670306901e-06,
    2.3964570902827767e-06,
    0.0011614553774117128,
    0.0005191998191618165,
    3.817839387773978e-07,
    0.0
  ],
  "mse_mean": 0.00024681834068989827,
  "mse_spatial": 0.0002879547308048813,
  "mse_gripper": 0.0,
  "mse_per_dim_names": [
    "x",
    "y",
    "z",
    "roll",
    "pitch",
    "yaw",
    "gripper"
  ],
  "grounding": {
    "nouns": [
      "block",
      "top"
    ],
    "num_boxes": 3,
    "num_patches": 210,
    "patch_coverage": 0.8203125
  }
}