{
  "episode_id": 4,
  "step_id": 9,
  "instruction": "",
  "condition": "var_default",
  "condition_desc": "VAR(p=0.6,rho=0.5)",
  "predicted_action": [
    0.003370000537704001,
    0.00022339712872219974,
    -0.0007608943585963902,
    0.014548786455509555,
    -0.023555997888831545,
    0.011215875175653645,
    0.0
  ],
  "ground_truth_action": [
    0.0006051000091247261,
    0.005082028917968273,
    0.0019462647615000606,
    -0.005013704765588045,
    0.01880308799445629,
    -0.12007778137922287,
    -0.0005698786117136478
  ],
  "action_token_ids": [
    31856,
    31870,
    31902,
    31850,
    31896,
    31864,
    31872
  ],
  "mse_per_dim": [
    7.644674932937953e-06,
    2.36063028634725e-05,
    7.32871050152139e-06,
    0.0003826910627755207,
    0.001794292156867755,
    0.01723802425154987,
    3.247616320886746e-07
  ],
  "mse_mean": 0.002779130274446166,
  "mse_spatial": 0.0032422645265818457,
  "mse_gripper": 3.247616320886746e-07,
  "mse_per_dim_names": [
    "x",
    "y",
    "z",
    "roll",
    "pitch",
    "yaw",
    "gripper"
  ],
  "grounding": {
    "nouns": [],
    "num_boxes": 0,
    "num_patches": 0,
    "patch_coverage": 0.0
  }
}