{
  "episode_id": 6,
  "step_id": 17,
  "instruction": "Picked the piece of chocolate and put it into the drawer",
  "condition": "var_default",
  "condition_desc": "VAR(p=0.6,rho=0.5)",
  "predicted_action": [
    0.0035936747789382766,
    0.0015184364108477844,
    -0.0028394965674070835,
    0.008162844167036026,
    -0.009488839039031222,
    -0.009737499782852183,
    0.0
  ],
  "ground_truth_action": [
    0.0008935002842918038,
    0.004106663167476654,
    -0.005149290431290865,
    0.008047456853091717,
    0.01646924577653408,
    0.018307967111468315,
    0.8210009932518005
  ],
  "action_token_ids": [
    31855,
    31866,
    31910,
    31860,
    31875,
    31877,
    31872
  ],
  "mse_per_dim": [
    7.290942301539335e-06,
    6.698917743729599e-06,
    5.335147693635169e-06,
    1.3314232219282658e-08,
    0.0006738221672920819,
    0.0007865482133204271,
    0.674042630920443
  ],
  "mse_mean": 0.09650319137471809,
  "mse_spatial": 0.0002466181170972721,
  "mse_gripper": 0.674042630920443,
  "mse_per_dim_names": [
    "x",
    "y",
    "z",
    "roll",
    "pitch",
    "yaw",
    "gripper"
  ],
  "grounding": {
    "nouns": [
      "piece",
      "chocolate",
      "it",
      "drawer"
    ],
    "num_boxes": 2,
    "num_patches": 256,
    "patch_coverage": 1.0
  }
}