{
  "episode_id": 8,
  "step_id": 20,
  "instruction": "open the drawer",
  "condition": "var_laysel",
  "condition_desc": "VAR(p=0.6,rho=0.5) + L8-24",
  "predicted_action": [
    -0.002221855493152857,
    -0.0023666814355289695,
    0.0005382320219102961,
    -0.014187953842621337,
    -0.002120327260564381,
    0.017663067470578525,
    -0.02352941176470591
  ],
  "ground_truth_action": [
    -0.0016295553650707006,
    -0.0037465160712599754,
    0.0012600204208865762,
    -0.008451642468571663,
    0.003283731872215867,
    0.0015857504913583398,
    0.0
  ],
  "action_token_ids": [
    31881,
    31878,
    31897,
    31895,
    31864,
    31860,
    31875
  ],
  "mse_per_dim": [
    3.5081944172613895e-07,
    1.903943621962918e-06,
    5.209784928967417e-07,
    3.2905268180051656e-05,
    2.9203855110585603e-05,
    0.0002584801212503217,
    0.0005536332179930808
  ],
  "mse_mean": 0.00012528545772723222,
  "mse_spatial": 5.389416434959079e-05,
  "mse_gripper": 0.0005536332179930808,
  "mse_per_dim_names": [
    "x",
    "y",
    "z",
    "roll",
    "pitch",
    "yaw",
    "gripper"
  ]
}