{
  "episode_id": 7,
  "step_id": 1,
  "instruction": "Move the blue fork to the lower right burner",
  "condition": "var_laysel",
  "condition_desc": "VAR(p=0.6,rho=0.5) + L8-24",
  "predicted_action": [
    -0.0053532948704327,
    -0.0007478823328719852,
    -0.019208488961791295,
    -0.005247634638758394,
    0.04878939048157012,
    0.004768682880728764,
    0.0235294117647058
  ],
  "ground_truth_action": [
    -0.01785966195166111,
    0.03271820768713951,
    0.0013679038966074586,
    -0.055737465620040894,
    0.003575652139261365,
    0.08146891742944717,
    1.0
  ],
  "action_token_ids": [
    31895,
    31873,
    31973,
    31881,
    31788,
    31868,
    31869
  ],
  "mse_per_dim": [
    0.00015640921757043363,
    0.0011199791812275131,
    0.0004233879430631632,
    0.0025492230325184742,
    0.0020442821348867607,
    0.005882925979828417,
    0.9534948096885815
  ],
  "mse_mean": 0.13795300245395375,
  "mse_spatial": 0.0020293679148491272,
  "mse_gripper": 0.9534948096885815,
  "mse_per_dim_names": [
    "x",
    "y",
    "z",
    "roll",
    "pitch",
    "yaw",
    "gripper"
  ]
}