{
  "episode_id": 4,
  "step_id": 48,
  "instruction": "",
  "condition": "var_laysel",
  "condition_desc": "VAR(p=0.6,rho=0.5) + L8-24",
  "predicted_action": [
    -0.00378757518179278,
    0.01025995156519547,
    0.0005382320219102961,
    0.022850511430525133,
    0.015966019832036035,
    -0.011349297856583396,
    0.996078431372549
  ],
  "ground_truth_action": [
    0.0033537177368998528,
    -0.007388625293970108,
    0.0003432362573221326,
    0.0002505652082618326,
    -0.004149644635617733,
    0.02148285135626793,
    0.9940094947814941
  ],
  "action_token_ids": [
    31888,
    31839,
    31897,
    31837,
    31837,
    31878,
    31744
  ],
  "mse_per_dim": [
    5.099806455056954e-05,
    0.00031147226515387474,
    3.802334820732248e-08,
    0.0005107575692491933,
    0.0004046399569752284,
    0.001077950021934934,
    4.280498617805841e-06
  ],
  "mse_mean": 0.00033716234283283044,
  "mse_spatial": 0.00039264265020200125,
  "mse_gripper": 4.280498617805841e-06,
  "mse_per_dim_names": [
    "x",
    "y",
    "z",
    "roll",
    "pitch",
    "yaw",
    "gripper"
  ]
}