{
  "episode_id": 3,
  "step_id": 12,
  "instruction": "put the rectangle block on top of the red arch and yellow block",
  "condition": "var_laysel",
  "condition_desc": "VAR(p=0.6,rho=0.5) + L8-24",
  "predicted_action": [
    1.4886919189882608e-05,
    0.00022339712872219974,
    -0.0018001954630017317,
    -0.0020546634945216302,
    0.0005591315679690234,
    0.0015450867332663376,
    0.0
  ],
  "ground_truth_action": [
    -0.0027283073868602514,
    0.0019198310328647494,
    -0.004142771940678358,
    -0.0020445503760129213,
    0.013042598962783813,
    0.009751519188284874,
    1.0
  ],
  "action_token_ids": [
    31871,
    31870,
    31906,
    31876,
    31860,
    31870,
    31872
  ],
  "mse_per_dim": [
    7.525115000745876e-06,
    2.8778879911243336e-06,
    5.487664553763829e-06,
    1.0227516597119021e-10,
    0.00015583695819740395,
    6.734553363878156e-05,
    1.0
  ],
  "mse_mean": 0.14289129618023672,
  "mse_spatial": 3.984554360949759e-05,
  "mse_gripper": 1.0,
  "mse_per_dim_names": [
    "x",
    "y",
    "z",
    "roll",
    "pitch",
    "yaw",
    "gripper"
  ]
}