{
  "episode_id": 7,
  "step_id": 31,
  "instruction": "Move the blue fork to the lower right burner",
  "condition": "var_laysel",
  "condition_desc": "VAR(p=0.6,rho=0.5) + L8-24",
  "predicted_action": [
    -0.006695340317838347,
    0.0079936328214757,
    0.0013177078502143065,
    0.06116616516136632,
    0.019315343367702784,
    0.004768682880728764,
    0.4392156862745098
  ],
  "ground_truth_action": [
    0.0,
    0.0,
    0.0,
    0.0,
    0.0,
    0.0,
    1.0
  ],
  "action_token_ids": [
    31901,
    31846,
    31894,
    31777,
    31832,
    31868,
    31816
  ],
  "mse_per_dim": [
    4.4827581971671696e-05,
    6.389816568457357e-05,
    1.7363539785164092e-06,
    0.0037412997605475425,
    0.0003730824894122599,
    2.274033641695558e-05,
    0.314479046520569
  ],
  "mse_mean": 0.04553237588694008,
  "mse_spatial": 0.0007079307813352533,
  "mse_gripper": 0.314479046520569,
  "mse_per_dim_names": [
    "x",
    "y",
    "z",
    "roll",
    "pitch",
    "yaw",
    "gripper"
  ]
}