{
  "episode_id": 4,
  "step_id": 44,
  "instruction": "",
  "condition": "var_laysel",
  "condition_desc": "VAR(p=0.6,rho=0.5) + L8-24",
  "predicted_action": [
    0.0044883717438753655,
    0.008964912283069892,
    0.002097183678518317,
    0.008801438395883376,
    -0.01551762140323136,
    0.016051269396847284,
    0.996078431372549
  ],
  "ground_truth_action": [
    -0.0026720669120550156,
    -0.006106073036789894,
    -0.00164432090241462,
    0.012165803462266922,
    -0.006122219376266003,
    -0.03112397901713848,
    1.0
  ],
  "action_token_ids": [
    31851,
    31843,
    31891,
    31859,
    31884,
    31861,
    31744
  ],
  "mse_per_dim": [
    5.127188174534208e-05,
    0.0002271345985114292,
    1.3998856529142152e-05,
    1.1318952299901959e-05,
    8.827357924830474e-05,
    0.0022255040629212664,
    1.5378700499807656e-05
  ],
  "mse_mean": 0.00037612580453645633,
  "mse_spatial": 0.00043625032187589774,
  "mse_gripper": 1.5378700499807656e-05,
  "mse_per_dim_names": [
    "x",
    "y",
    "z",
    "roll",
    "pitch",
    "yaw",
    "gripper"
  ]
}