{
  "episode_id": 4,
  "step_id": 30,
  "instruction": "",
  "condition": "var_laysel",
  "condition_desc": "VAR(p=0.6,rho=0.5) + L8-24",
  "predicted_action": [
    -0.0035639009405585044,
    0.00022339712872219974,
    0.0002784067458089616,
    -0.002693257723368994,
    0.022664666903369532,
    0.003156884806997551,
    0.0
  ],
  "ground_truth_action": [
    -0.0031314122024923563,
    0.0009129783138632774,
    0.008132300339639187,
    -0.013583487831056118,
    0.007465541362762451,
    -0.07652739435434341,
    0.9954814314842224
  ],
  "action_token_ids": [
    31887,
    31870,
    31898,
    31877,
    31827,
    31869,
    31872
  ],
  "mse_per_dim": [
    1.8704650855404926e-07,
    4.7552221090057325e-07,
    6.168364458320745e-05,
    0.0001185971117983751,
    0.0002310134171991345,
    0.006349584345462518,
    0.9909832804298766
  ],
  "mse_mean": 0.1425349745025199,
  "mse_spatial": 0.001126923514627115,
  "mse_gripper": 0.9909832804298766,
  "mse_per_dim_names": [
    "x",
    "y",
    "z",
    "roll",
    "pitch",
    "yaw",
    "gripper"
  ]
}