{
  "episode_id": 7,
  "step_id": 17,
  "instruction": "Move the blue fork to the lower right burner",
  "condition": "var_laysel",
  "condition_desc": "VAR(p=0.6,rho=0.5) + L8-24",
  "predicted_action": [
    -0.0006561358045129376,
    -0.028914986719103433,
    0.004435611163430348,
    -0.01929670767340016,
    -0.010158703746164566,
    -0.1386813456813495,
    -0.4
  ],
  "ground_truth_action": [
    0.0012697288766503334,
    -0.0414973720908165,
    0.019397323951125145,
    -0.01605857163667679,
    -0.025400158017873764,
    -0.11050760746002197,
    0.0
  ],
  "action_token_ids": [
    31874,
    31960,
    31882,
    31903,
    31876,
    31957,
    31923
  ],
  "mse_per_dim": [
    3.7089547701521072e-06,
    0.0001583164216422989,
    0.00022385284954147002,
    1.0485524992326534e-05,
    0.00023230192831660257,
    0.000793759525363891,
    0.16000000000000003
  ],
  "mse_mean": 0.023060346457803825,
  "mse_spatial": 0.00023707086743779017,
  "mse_gripper": 0.16000000000000003,
  "mse_per_dim_names": [
    "x",
    "y",
    "z",
    "roll",
    "pitch",
    "yaw",
    "gripper"
  ]
}