{
  "episode_id": 2,
  "step_id": 37,
  "instruction": "put the red object into the pot",
  "condition": "var_laysel",
  "condition_desc": "VAR(p=0.6,rho=0.5) + L8-24",
  "predicted_action": [
    1.4886919189882608e-05,
    0.007669873000944301,
    0.009891941961558414,
    -0.013549359613773987,
    -0.022216268474564857,
    0.003156884806997551,
    -0.02352941176470591
  ],
  "ground_truth_action": [
    0.004945605061948299,
    0.0015782836126163602,
    0.02320173755288124,
    -0.01944441720843315,
    -0.043101437389850616,
    -0.00014353857841342688,
    1.0
  ],
  "action_token_ids": [
    31871,
    31847,
    31861,
    31894,
    31894,
    31869,
    31875
  ],
  "mse_per_dim": [
    2.431198140332701e-05,
    3.7107461275989575e-05,
    0.00017715065868279656,
    3.475170404434869e-05,
    0.0004361902806200185,
    1.089279452296766e-05,
    1.0476124567474048
  ],
  "mse_mean": 0.149761837375422,
  "mse_spatial": 0.00012006748009157469,
  "mse_gripper": 1.0476124567474048,
  "mse_per_dim_names": [
    "x",
    "y",
    "z",
    "roll",
    "pitch",
    "yaw",
    "gripper"
  ]
}