{
  "episode_id": 6,
  "step_id": 20,
  "instruction": "Picked the piece of chocolate and put it into the drawer",
  "condition": "var_laysel",
  "condition_desc": "VAR(p=0.6,rho=0.5) + L8-24",
  "predicted_action": [
    -0.007366363041541167,
    -0.006575559102437116,
    0.00885264085715307,
    -0.03142999802149986,
    0.019985208074836128,
    -0.022631884372701916,
    -0.27450980392156865
  ],
  "ground_truth_action": [
    -0.00034584649256430566,
    -0.0027606345247477293,
    0.004070924129337072,
    0.00229075294919312,
    -0.005368888843804598,
    -0.00237998366355896,
    0.0
  ],
  "action_token_ids": [
    31904,
    31891,
    31865,
    31922,
    31831,
    31885,
    31907
  ],
  "mse_per_dim": [
    4.928765261445798e-05,
    1.4553649533458546e-05,
    2.2864814865075325e-05,
    0.0011370890460274915,
    0.0006428302305598271,
    0.000410139482332985,
    0.07535563244905807
  ],
  "mse_mean": 0.011090342474998767,
  "mse_spatial": 0.0003794608126555493,
  "mse_gripper": 0.07535563244905807,
  "mse_per_dim_names": [
    "x",
    "y",
    "z",
    "roll",
    "pitch",
    "yaw",
    "gripper"
  ]
}