{
  "episode_id": 5,
  "step_id": 21,
  "instruction": "take broccoli out of pan",
  "condition": "var_laysel",
  "condition_desc": "VAR(p=0.6,rho=0.5) + L8-24",
  "predicted_action": [
    -0.0011034842869814855,
    0.011231231026789655,
    -0.021546916446703323,
    -0.0065248230964530946,
    -0.03293410378869844,
    0.024110259765503378,
    0.0
  ],
  "ground_truth_action": [
    -0.005879540462046862,
    0.0014935544459149241,
    -0.022402869537472725,
    -0.0296296589076519,
    -0.0024550016969442368,
    0.004829951096326113,
    0.0
  ],
  "action_token_ids": [
    31876,
    31836,
    31982,
    31883,
    31910,
    31856,
    31872
  ],
  "mse_per_dim": [
    2.281071258738011e-05,
    9.482234519371619e-05,
    7.326556935976922e-07,
    0.0005338334378624548,
    0.0009289756643195754,
    0.000371730302378752,
    0.0
  ],
  "mse_mean": 0.00027898644543363947,
  "mse_spatial": 0.0003254841863392461,
  "mse_gripper": 0.0,
  "mse_per_dim_names": [
    "x",
    "y",
    "z",
    "roll",
    "pitch",
    "yaw",
    "gripper"
  ]
}