{
  "episode_id": 3,
  "step_id": 8,
  "instruction": "put the rectangle block on top of the red arch and yellow block",
  "condition": "var_laysel",
  "condition_desc": "VAR(p=0.6,rho=0.5) + L8-24",
  "predicted_action": [
    -0.003340226699324232,
    -0.008194358205094093,
    -0.0020600207391030696,
    -0.0058862288676057445,
    0.0018988609822357116,
    0.016051269396847284,
    0.007843137254901933
  ],
  "ground_truth_action": [
    -0.0028393054381012917,
    -0.0024787343572825193,
    -0.0017828632844612002,
    0.012107236310839653,
    0.007485888432711363,
    0.015962136909365654,
    1.0
  ],
  "action_token_ids": [
    31886,
    31896,
    31907,
    31882,
    31858,
    31861,
    31871
  ],
  "mse_per_dim": [
    2.509221099451814e-07,
    3.2668355969672385e-05,
    7.681625466355989e-08,
    0.00032376478912792705,
    3.1214875732368454e-05,
    7.944600324662958e-09,
    0.9843752402921954
  ],
  "mse_mean": 0.14068046057085576,
  "mse_spatial": 6.466395063248355e-05,
  "mse_gripper": 0.9843752402921954,
  "mse_per_dim_names": [
    "x",
    "y",
    "z",
    "roll",
    "pitch",
    "yaw",
    "gripper"
  ]
}