{
  "episode_id": 4,
  "step_id": 8,
  "instruction": "",
  "condition": "var_laysel",
  "condition_desc": "VAR(p=0.6,rho=0.5) + L8-24",
  "predicted_action": [
    -0.0013271585282157647,
    0.00022339712872219974,
    -0.0005010690824950523,
    -0.0014160692656742802,
    0.004578319810769102,
    0.017663067470578525,
    0.0235294117647058
  ],
  "ground_truth_action": [
    -0.004521820228546858,
    0.003802045714110136,
    -0.008321110159158707,
    -0.016391832381486893,
    0.024294601753354073,
    -0.008752127178013325,
    0.9916377663612366
  ],
  "action_token_ids": [
    31877,
    31870,
    31901,
    31875,
    31854,
    31860,
    31869
  ],
  "mse_per_dim": [
    1.020586337956235e-05,
    1.2806725697699078e-05,
    6.115304244070685e-05,
    0.00022427348090093348,
    0.0003887317736395022,
    0.0006977625083229954,
    0.9372337862396022
  ],
  "mse_mean": 0.13408981709056908,
  "mse_spatial": 0.00023248889906356656,
  "mse_gripper": 0.9372337862396022,
  "mse_per_dim_names": [
    "x",
    "y",
    "z",
    "roll",
    "pitch",
    "yaw",
    "gripper"
  ]
}