{
  "episode_id": 18,
  "step_id": 41,
  "instruction": "Pick up the blue fork and place it on the left of the pot",
  "condition": "var_laysel",
  "condition_desc": "VAR(p=0.6,rho=0.5) + L8-24",
  "predicted_action": [
    0.004041023261406821,
    0.0005471569492535924,
    0.002097183678518317,
    0.002415496107409834,
    -0.007479244917631175,
    -6.671134046487559e-05,
    0.1725490196078432
  ],
  "ground_truth_action": [
    -0.00016929267439991236,
    0.0015508494107052684,
    -0.0015399442054331303,
    -0.0030576183926314116,
    0.008019858039915562,
    0.00458360044285655,
    0.5721610188484192
  ],
  "action_token_ids": [
    31853,
    31869,
    31891,
    31869,
    31872,
    31871,
    31850
  ],
  "mse_per_dim": [
    1.772676027930813e-05,
    1.007398557174924e-06,
    1.3228699244217132e-05,
    2.9954982330561734e-05,
    0.000240222192488634,
    2.16253996820981e-05,
    0.15968974993705012
  ],
  "mse_mean": 0.022859073624233162,
  "mse_spatial": 5.396090543033234e-05,
  "mse_gripper": 0.15968974993705012,
  "mse_per_dim_names": [
    "x",
    "y",
    "z",
    "roll",
    "pitch",
    "yaw",
    "gripper"
  ]
}