{
  "episode_id": 10,
  "step_id": 11,
  "instruction": "end effector reaching pot or pan",
  "condition": "var_laysel",
  "condition_desc": "VAR(p=0.6,rho=0.5) + L8-24",
  "predicted_action": [
    -0.002221855493152857,
    -0.0017191617944661772,
    -0.014271808715865893,
    0.030513642176693376,
    -0.038293021445765234,
    0.0063804809544599494,
    0.07058823529411762
  ],
  "ground_truth_action": [
    0.001337418332695961,
    -0.008352673612535,
    -0.007259063888341188,
    -0.014980430714786053,
    -0.017114631831645966,
    0.01537291519343853,
    1.0
  ],
  "action_token_ids": [
    31881,
    31876,
    31954,
    31825,
    31918,
    31867,
    31863
  ],
  "mse_per_dim": [
    1.2668430167372483e-05,
    4.4003479040458734e-05,
    4.9178590015974496e-05,
    0.0020697106682552435,
    0.00044852418664743487,
    8.086387354235428e-05,
    0.8638062283737025
  ],
  "mse_mean": 0.12378731108591019,
  "mse_spatial": 0.00045082487127813976,
  "mse_gripper": 0.8638062283737025,
  "mse_per_dim_names": [
    "x",
    "y",
    "z",
    "roll",
    "pitch",
    "yaw",
    "gripper"
  ]
}