{
  "episode_id": 15,
  "step_id": 14,
  "instruction": "sweep into pile",
  "condition": "var_laysel",
  "condition_desc": "VAR(p=0.6,rho=0.5) + L8-24",
  "predicted_action": [
    -0.012287196348695205,
    -0.04154161971982787,
    0.022363555214422574,
    -0.016103736529163387,
    -0.012168297867564626,
    -0.15802292256612405,
    -0.44705882352941173
  ],
  "ground_truth_action": [
    0.0029864036478102207,
    -0.05684371665120125,
    0.001282999524846673,
    -0.09917650371789932,
    -0.003256328869611025,
    0.1249009519815445,
    0.0
  ],
  "action_token_ids": [
    31926,
    31999,
    31813,
    31898,
    31879,
    31969,
    31929
  ],
  "mse_per_dim": [
    0.00023328285685325054,
    0.00023415417049714647,
    0.00044438982818131086,
    0.006901084648393922,
    7.942319142048611e-05,
    0.08004591878906489,
    0.1998615916955017
  ],
  "mse_mean": 0.041114263597130385,
  "mse_spatial": 0.014656375580735168,
  "mse_gripper": 0.1998615916955017,
  "mse_per_dim_names": [
    "x",
    "y",
    "z",
    "roll",
    "pitch",
    "yaw",
    "gripper"
  ]
}