{
  "episode_id": 13,
  "step_id": 16,
  "instruction": "",
  "condition": "var_laysel",
  "condition_desc": "VAR(p=0.6,rho=0.5) + L8-24",
  "predicted_action": [
    -0.0011034842869814855,
    -0.005928039461374324,
    1.8581469707623643e-05,
    0.033068019092082776,
    -0.04365193910283203,
    -0.20637686477806055,
    -0.1647058823529412
  ],
  "ground_truth_action": [
    0.005197370890527964,
    0.000492371094878763,
    0.04869038239121437,
    -0.025274591520428658,
    -0.0326298363506794,
    -0.9479477405548096,
    -0.0009407354518771172
  ],
  "action_token_ids": [
    31876,
    31889,
    31899,
    31821,
    31926,
    31999,
    31893
  ],
  "mse_per_dim": [
    3.9700775967947635e-05,
    4.122167171084607e-05,
    0.002368944204942785,
    0.0034038602130831317,
    0.0001214867490790106,
    0.5499273638002944,
    0.0268190233395271
  ],
  "mse_mean": 0.0832459429649436,
  "mse_spatial": 0.09265042956917968,
  "mse_gripper": 0.0268190233395271,
  "mse_per_dim_names": [
    "x",
    "y",
    "z",
    "roll",
    "pitch",
    "yaw",
    "gripper"
  ]
}