{
  "episode_id": 19,
  "step_id": 8,
  "instruction": "",
  "condition": "var_laysel",
  "condition_desc": "VAR(p=0.6,rho=0.5) + L8-24",
  "predicted_action": [
    0.0029226520552354494,
    0.02062026582220014,
    0.010671417789862431,
    0.031790830634388076,
    -0.014177891988964658,
    0.05634622124012764,
    0.996078431372549
  ],
  "ground_truth_action": [
    -0.0002812689053826034,
    -0.00394414970651269,
    -0.0071333241648972034,
    -0.016601353883743286,
    0.004917697049677372,
    0.06950859725475311,
    1.0
  ],
  "action_token_ids": [
    31858,
    31807,
    31858,
    31823,
    31882,
    31836,
    31744
  ],
  "mse_per_dim": [
    1.0265109521887706e-05,
    0.000603410510267268,
    0.00031700883607557794,
    0.0023418035224368728,
    0.0003646415207327057,
    0.00017324814235038788,
    1.5378700499807656e-05
  ],
  "mse_mean": 0.0005465366202692155,
  "mse_spatial": 0.0006350629402307834,
  "mse_gripper": 1.5378700499807656e-05,
  "mse_per_dim_names": [
    "x",
    "y",
    "z",
    "roll",
    "pitch",
    "yaw",
    "gripper"
  ]
}