{
  "episode_id": 13,
  "step_id": 27,
  "instruction": "",
  "condition": "var_laysel",
  "condition_desc": "VAR(p=0.6,rho=0.5) + L8-24",
  "predicted_action": [
    0.009632879292263686,
    0.012202510488383847,
    -0.01946831423789263,
    -0.003970446181063694,
    0.030703043388969717,
    -0.04842065355240138,
    0.0
  ],
  "ground_truth_action": [
    -0.004095406271517277,
    0.005183826200664043,
    0.0030766483396291733,
    -0.03185509145259857,
    -0.012354335747659206,
    -0.17904101312160492,
    -0.006346140522509813
  ],
  "action_token_ids": [
    31828,
    31833,
    31974,
    31879,
    31815,
    31901,
    31872
  ],
  "mse_per_dim": [
    0.00018846582452071678,
    4.926192913068485e-05,
    0.0005082753376218585,
    0.0007775534419193325,
    0.0018539378981154077,
    0.01706167833398802,
    4.0273499531441126e-05
  ],
  "mse_mean": 0.0029256351806896375,
  "mse_spatial": 0.003406528794216004,
  "mse_gripper": 4.0273499531441126e-05,
  "mse_per_dim_names": [
    "x",
    "y",
    "z",
    "roll",
    "pitch",
    "yaw",
    "gripper"
  ]
}