{
  "episode_id": 18,
  "step_id": 16,
  "instruction": "Pick up the blue fork and place it on the left of the pot",
  "condition": "var_laysel",
  "condition_desc": "VAR(p=0.6,rho=0.5) + L8-24",
  "predicted_action": [
    -0.0011034842869814855,
    0.001842196231379177,
    -0.008036002089433811,
    0.010078626853578077,
    0.019315343367702784,
    0.011215875175653645,
    0.1098039215686275
  ],
  "ground_truth_action": [
    0.0006328875897452235,
    0.0009018793934956193,
    -0.004527400713413954,
    0.01044662855565548,
    0.011634349822998047,
    0.005434093531221151,
    0.9750919938087463
  ],
  "action_token_ids": [
    31876,
    31865,
    31930,
    31857,
    31832,
    31864,
    31858
  ],
  "mse_per_dim": [
    3.0149872942874336e-06,
    8.84195755607333e-07,
    1.231028361580844e-05,
    1.354252527318656e-07,
    5.8997661833795834e-05,
    3.3428998983896506e-05,
    0.7487234479610211
  ],
  "mse_mean": 0.10697603135910817,
  "mse_spatial": 1.81285921226879e-05,
  "mse_gripper": 0.7487234479610211,
  "mse_per_dim_names": [
    "x",
    "y",
    "z",
    "roll",
    "pitch",
    "yaw",
    "gripper"
  ]
}