{
  "episode_id": 14,
  "step_id": 19,
  "instruction": "move the silver pot to the lower right burner",
  "condition": "var_laysel",
  "condition_desc": "VAR(p=0.6,rho=0.5) + L8-24",
  "predicted_action": [
    0.0015806066078298056,
    0.0008709167697849851,
    -0.0033591471196097525,
    0.011355815311272777,
    -0.017527215524631407,
    0.0015450867332663376,
    0.06274509803921569
  ],
  "ground_truth_action": [
    0.0006408544140867889,
    0.0011561069404706359,
    -0.0033134811092168093,
    -0.010803782381117344,
    -0.01108123455196619,
    0.008532695472240448,
    0.3076919913291931
  ],
  "action_token_ids": [
    31864,
    31868,
    31912,
    31855,
    31887,
    31870,
    31864
  ],
  "mse_per_dim": [
    8.831341856448124e-07,
    8.133343345571062e-08,
    2.0853845052083976e-09,
    0.0004910477698885816,
    4.1550670699962006e-05,
    4.882667588898736e-05,
    0.05999898053241159
  ],
  "mse_mean": 0.008654481743127532,
  "mse_spatial": 9.706527824685612e-05,
  "mse_gripper": 0.05999898053241159,
  "mse_per_dim_names": [
    "x",
    "y",
    "z",
    "roll",
    "pitch",
    "yaw",
    "gripper"
  ]
}