{
  "episode_id": 15,
  "step_id": 81,
  "instruction": "sweep into pile",
  "condition": "var_laysel",
  "condition_desc": "VAR(p=0.6,rho=0.5) + L8-24",
  "predicted_action": [
    0.008961856568560859,
    -0.002690441256060362,
    -0.004138622947913766,
    -0.03398437493688928,
    -0.01618748611036472,
    -0.003290307487927302,
    0.996078431372549
  ],
  "ground_truth_action": [
    0.0017736245645210147,
    -0.006645769812166691,
    0.006664345972239971,
    -0.006174243520945311,
    -0.009527884423732758,
    -0.044787127524614334,
    1.0
  ],
  "action_token_ids": [
    31831,
    31879,
    31915,
    31926,
    31885,
    31873,
    31744
  ],
  "mse_per_dim": [
    5.167067934390267e-05,
    1.5644623986750174e-05,
    0.00011670413748980761,
    0.0007734034093720737,
    4.435029462459126e-05,
    0.0017219860731571904,
    1.5378700499807656e-05
  ],
  "mse_mean": 0.0003913054169248748,
  "mse_spatial": 0.000453959869662386,
  "mse_gripper": 1.5378700499807656e-05,
  "mse_per_dim_names": [
    "x",
    "y",
    "z",
    "roll",
    "pitch",
    "yaw",
    "gripper"
  ]
}