{
  "episode_id": 14,
  "step_id": 13,
  "instruction": "move the silver pot to the lower right burner",
  "condition": "var_laysel",
  "condition_desc": "VAR(p=0.6,rho=0.5) + L8-24",
  "predicted_action": [
    0.004264697502641097,
    0.002813475692973362,
    -0.0010207196346977247,
    0.008162844167036026,
    -0.004129921381964441,
    0.009604077101922431,
    0.996078431372549
  ],
  "ground_truth_action": [
    -0.0011515133082866669,
    -0.00021378650853876024,
    -0.008520889095962048,
    -0.016100361943244934,
    -0.003627555910497904,
    0.009877095930278301,
    1.0
  ],
  "action_token_ids": [
    31852,
    31862,
    31903,
    31860,
    31867,
    31865,
    31744
  ],
  "mse_per_dim": [
    2.9335339548410784e-05,
    9.164316436704021e-06,
    5.6252541947681965e-05,
    0.0005887031707499753,
    2.523710669217961e-07,
    7.453928063681194e-08,
    1.5378700499807656e-05
  ],
  "mse_mean": 9.988013993287693e-05,
  "mse_spatial": 0.0001139637131717218,
  "mse_gripper": 1.5378700499807656e-05,
  "mse_per_dim_names": [
    "x",
    "y",
    "z",
    "roll",
    "pitch",
    "yaw",
    "gripper"
  ]
}