{
  "episode_id": 27,
  "step_id": 7,
  "instruction": "sweep into pile",
  "condition": "var_laysel",
  "condition_desc": "VAR(p=0.6,rho=0.5) + L8-24",
  "predicted_action": [
    0.0044883717438753655,
    0.004108514975098954,
    0.002097183678518317,
    0.006885655709341312,
    -0.010828568453297924,
    0.004768682880728764,
    -0.04705882352941182
  ],
  "ground_truth_action": [
    0.0007870510453358293,
    0.0025185553822666407,
    -0.002542180009186268,
    -0.0017377191688865423,
    0.015889672562479973,
    -0.00034661011886782944,
    1.0
  ],
  "action_token_ids": [
    31851,
    31858,
    31891,
    31862,
    31877,
    31868,
    31878
  ],
  "mse_per_dim": [
    1.36997749134372e-05,
    2.5279715068394943e-06,
    2.1523695426791884e-05,
    7.436259429045127e-05,
    0.0007138644029771962,
    2.6166222471721915e-05,
    1.096332179930796
  ],
  "mse_mean": 0.15674061779891174,
  "mse_spatial": 0.00014202411026440634,
  "mse_gripper": 1.096332179930796,
  "mse_per_dim_names": [
    "x",
    "y",
    "z",
    "roll",
    "pitch",
    "yaw",
    "gripper"
  ]
}