{
  "episode_id": 29,
  "step_id": 7,
  "instruction": "",
  "condition": "var_laysel",
  "condition_desc": "VAR(p=0.6,rho=0.5) + L8-24",
  "predicted_action": [
    0.02819784131470845,
    -0.031181305462823206,
    0.0062543880961397035,
    0.001776901878562484,
    -0.012168297867564626,
    -0.14190494182881191,
    -0.3686274509803922
  ],
  "ground_truth_action": [
    0.004632053431123495,
    0.005158635322004557,
    -0.00586990499868989,
    -0.013979682698845863,
    0.023835372179746628,
    0.005088473204523325,
    1.0
  ],
  "action_token_ids": [
    31744,
    31967,
    31875,
    31870,
    31879,
    31959,
    31919
  ],
  "mse_per_dim": [
    0.0005553463585741196,
    0.001320591296244788,
    0.00014699848304933257,
    0.00024826995754502257,
    0.0012962642568756576,
    0.021607064063162346,
    1.8731410995770859
  ],
  "mse_mean": 0.2711879477132196,
  "mse_spatial": 0.004195755735908544,
  "mse_gripper": 1.8731410995770859,
  "mse_per_dim_names": [
    "x",
    "y",
    "z",
    "roll",
    "pitch",
    "yaw",
    "gripper"
  ]
}