{
  "episode_id": 28,
  "step_id": 20,
  "instruction": "Move the bowl closer to the bottom right of the table.",
  "condition": "var_laysel",
  "condition_desc": "VAR(p=0.6,rho=0.5) + L8-24",
  "predicted_action": [
    0.002475303572766905,
    -0.002042921614997577,
    -0.0075163515372311425,
    0.011355815311272777,
    0.007257778639302506,
    -0.008125701709120942,
    -0.07058823529411762
  ],
  "ground_truth_action": [
    -0.01689901389181614,
    0.0006215166067704558,
    -0.008932182565331459,
    0.027700498700141907,
    0.017075715586543083,
    -0.021022390574216843,
    0.0
  ],
  "action_token_ids": [
    31860,
    31877,
    31928,
    31855,
    31850,
    31876,
    31881
  ],
  "mse_per_dim": [
    0.00037536417721844754,
    7.0992310376183954e-06,
    2.0045775001315992e-06,
    0.0002671486750823745,
    9.639188589999162e-05,
    0.0001663245836830886,
    0.0049826989619377125
  ],
  "mse_mean": 0.0008424331560513378,
  "mse_spatial": 0.00015238885507027537,
  "mse_gripper": 0.0049826989619377125,
  "mse_per_dim_names": [
    "x",
    "y",
    "z",
    "roll",
    "pitch",
    "yaw",
    "gripper"
  ]
}