{
  "episode_id": 20,
  "step_id": 3,
  "instruction": "",
  "condition": "var_laysel",
  "condition_desc": "VAR(p=0.6,rho=0.5) + L8-24",
  "predicted_action": [
    0.00135693236659553,
    0.032275619361330395,
    0.001577533126315641,
    0.03881536715170897,
    -0.025565592010231605,
    -0.014572894004045822,
    0.996078431372549
  ],
  "ground_truth_action": [
    -0.002453005174174905,
    -0.029882149770855904,
    -0.012389833107590675,
    0.03150113299489021,
    0.07512315362691879,
    -0.031778983771800995,
    1.0
  ],
  "action_token_ids": [
    31865,
    31771,
    31893,
    31812,
    31899,
    31880,
    31744
  ],
  "mse_per_dim": [
    1.4515624064571869e-05,
    0.003863588263490172,
    0.0001950873195120663,
    5.349802130077417e-05,
    0.010138223497982773,
    0.00029604952509604927,
    1.5378700499807656e-05
  ],
  "mse_mean": 0.0020823344217066023,
  "mse_spatial": 0.0024268270419077346,
  "mse_gripper": 1.5378700499807656e-05,
  "mse_per_dim_names": [
    "x",
    "y",
    "z",
    "roll",
    "pitch",
    "yaw",
    "gripper"
  ]
}