{
  "episode_id": 27,
  "step_id": 35,
  "instruction": "sweep into pile",
  "condition": "var_laysel",
  "condition_desc": "VAR(p=0.6,rho=0.5) + L8-24",
  "predicted_action": [
    0.024171704972491517,
    0.01025995156519547,
    -0.023105868103311344,
    0.022850511430525133,
    0.030703043388969717,
    -0.01940828822523946,
    0.0
  ],
  "ground_truth_action": [
    0.013324994593858719,
    -0.0020894010085612535,
    -0.009522286243736744,
    0.039268191903829575,
    0.00202166591770947,
    -0.021235745400190353,
    0.0
  ],
  "action_token_ids": [
    31763,
    31839,
    31988,
    31837,
    31815,
    31883,
    31872
  ],
  "mse_per_dim": [
    0.00011765112603794045,
    0.00015250650899095182,
    0.00018451369613576413,
    0.0002695402321235219,
    0.0008226214136489149,
    3.339599726279494e-06,
    0.0
  ],
  "mse_mean": 0.00022145322523762465,
  "mse_spatial": 0.0002583620961105621,
  "mse_gripper": 0.0,
  "mse_per_dim_names": [
    "x",
    "y",
    "z",
    "roll",
    "pitch",
    "yaw",
    "gripper"
  ]
}