{
  "episode_id": 22,
  "step_id": 38,
  "instruction": "",
  "condition": "var_laysel",
  "condition_desc": "VAR(p=0.6,rho=0.5) + L8-24",
  "predicted_action": [
    0.004041023261406821,
    -0.008841877846156886,
    -0.006736875708927132,
    0.0036926845651045342,
    0.013956425710635989,
    0.011215875175653645,
    -0.10196078431372552
  ],
  "ground_truth_action": [
    -0.04559694975614548,
    0.025399791076779366,
    0.004763472825288773,
    0.031069228425621986,
    0.04211168736219406,
    0.029772227630019188,
    1.0
  ],
  "action_token_ids": [
    31853,
    31898,
    31925,
    31867,
    31840,
    31864,
    31885
  ],
  "mse_per_dim": [
    0.0024639283652912497,
    0.0011724918906279782,
    0.0001322580164084419,
    0.0007494751537468358,
    0.0007927187586676966,
    0.00034433821641063813,
    1.2143175701653213
  ],
  "mse_mean": 0.1742818257952106,
  "mse_spatial": 0.0009425350668588068,
  "mse_gripper": 1.2143175701653213,
  "mse_per_dim_names": [
    "x",
    "y",
    "z",
    "roll",
    "pitch",
    "yaw",
    "gripper"
  ]
}