{
  "episode_id": 25,
  "step_id": 27,
  "instruction": "",
  "condition": "var_laysel",
  "condition_desc": "VAR(p=0.6,rho=0.5) + L8-24",
  "predicted_action": [
    0.02819784131470845,
    -0.030210026001229018,
    -0.0036189723957110904,
    -0.0173809249868581,
    0.011276966882102613,
    -0.03713806703628286,
    -0.11764705882352944
  ],
  "ground_truth_action": [
    0.011634228751063347,
    0.0044842977076768875,
    -0.025645706802606583,
    -0.002787558129057288,
    -0.006768473889678717,
    -0.05098003149032593,
    0.009303375147283077
  ],
  "action_token_ids": [
    31744,
    31964,
    31913,
    31900,
    31844,
    31894,
    31887
  ],
  "mse_per_dim": [
    0.00027435326115854197,
    0.0012036960976183504,
    0.00048517702863191373,
    0.00021296635624635916,
    0.00032563793264786794,
    0.00019159997994699172,
    0.01611641268537763
  ],
  "mse_mean": 0.0026871204773753796,
  "mse_spatial": 0.00044890510937500416,
  "mse_gripper": 0.01611641268537763,
  "mse_per_dim_names": [
    "x",
    "y",
    "z",
    "roll",
    "pitch",
    "yaw",
    "gripper"
  ]
}