{
  "episode_id": 22,
  "step_id": 3,
  "instruction": "",
  "condition": "var_laysel",
  "condition_desc": "VAR(p=0.6,rho=0.5) + L8-24",
  "predicted_action": [
    -0.0013271585282157647,
    -0.009165637666688285,
    -0.009335128469940498,
    -0.03717734608112604,
    0.025344125731902922,
    0.02894565398669699,
    0.996078431372549
  ],
  "ground_truth_action": [
    0.010877871885895729,
    0.03746709227561951,
    -0.00790773332118988,
    0.05886446684598923,
    0.03749547898769379,
    -0.01378902979195118,
    1.0
  ],
  "action_token_ids": [
    31877,
    31899,
    31935,
    31931,
    31823,
    31853,
    31744
  ],
  "mse_per_dim": [
    0.00014896276740938657,
    0.0021746115018722095,
    2.0374569106767973e-06,
    0.009224029830327007,
    0.00014765538594701925,
    0.001826253197661055,
    1.5378700499807656e-05
  ],
  "mse_mean": 0.0019341326915181657,
  "mse_spatial": 0.0022539250233545587,
  "mse_gripper": 1.5378700499807656e-05,
  "mse_per_dim_names": [
    "x",
    "y",
    "z",
    "roll",
    "pitch",
    "yaw",
    "gripper"
  ]
}