{
  "episode_id": 22,
  "step_id": 1,
  "instruction": "",
  "condition": "var_laysel",
  "condition_desc": "VAR(p=0.6,rho=0.5) + L8-24",
  "predicted_action": [
    -0.004011249423027052,
    0.015440108693697809,
    -0.0028394965674070835,
    -0.002693257723368994,
    0.00591804922503579,
    0.06279341353505255,
    0.14117647058823524
  ],
  "ground_truth_action": [
    0.022486180067062378,
    0.027144942432641983,
    0.0010042620124295354,
    -0.006625891663134098,
    -0.04214832931756973,
    0.003764641936868429,
    1.0
  ],
  "action_token_ids": [
    31889,
    31823,
    31910,
    31877,
    31852,
    31832,
    31854
  ],
  "mse_per_dim": [
    0.000702113769582261,
    0.00013700313285632586,
    1.4774480020067621e-05,
    1.5465609704192402e-05,
    0.0023103767462010487,
    0.0034843958763905885,
    0.7375778546712803
  ],
  "mse_mean": 0.10632028346943355,
  "mse_spatial": 0.0011106882691257474,
  "mse_gripper": 0.7375778546712803,
  "mse_per_dim_names": [
    "x",
    "y",
    "z",
    "roll",
    "pitch",
    "yaw",
    "gripper"
  ]
}