{
  "episode_id": 25,
  "step_id": 37,
  "instruction": "",
  "condition": "var_laysel",
  "condition_desc": "VAR(p=0.6,rho=0.5) + L8-24",
  "predicted_action": [
    0.0029226520552354494,
    -0.0007478823328719852,
    -0.0012805449107990592,
    0.001138307649715134,
    -0.024895727303098247,
    -0.0016785094141960888,
    0.996078431372549
  ],
  "ground_truth_action": [
    0.00770760141313076,
    0.0012269039871171117,
    0.05089859664440155,
    -0.0035186053719371557,
    0.007566062733530998,
    -0.023441674187779427,
    0.9992870092391968
  ],
  "action_token_ids": [
    31858,
    31873,
    31904,
    31871,
    31898,
    31872,
    31744
  ],
  "mse_per_dim": [
    2.2895740357622746e-05,
    3.89978100961608e-06,
    0.0027226628134376625,
    2.1686838891234658e-05,
    0.0010537678123822018,
    0.0004736353409621387,
    1.0294971926341787e-05
  ],
  "mse_mean": 0.0006155490427095454,
  "mse_spatial": 0.0007164247211734128,
  "mse_gripper": 1.0294971926341787e-05,
  "mse_per_dim_names": [
    "x",
    "y",
    "z",
    "roll",
    "pitch",
    "yaw",
    "gripper"
  ]
}