{
  "episode_id": 20,
  "step_id": 15,
  "instruction": "",
  "condition": "var_laysel",
  "condition_desc": "VAR(p=0.6,rho=0.5) + L8-24",
  "predicted_action": [
    0.003146326296469725,
    -0.0017191617944661772,
    0.00885264085715307,
    -0.009717794240689859,
    -0.03561356261723183,
    0.009604077101922431,
    0.996078431372549
  ],
  "ground_truth_action": [
    0.0009777415543794632,
    0.0012454437091946602,
    0.007681550923734903,
    0.01662852056324482,
    -0.017805205658078194,
    0.0062926472164690495,
    0.0
  ],
  "action_token_ids": [
    31857,
    31876,
    31865,
    31888,
    31914,
    31865,
    31744
  ],
  "mse_per_dim": [
    4.702759783626688e-06,
    8.788885792336127e-06,
    1.371451632153364e-06,
    0.0006941283037480276,
    0.0003171375775846357,
    1.0965567886273799e-05,
    0.9921722414455979
  ],
  "mse_mean": 0.1418870479988607,
  "mse_spatial": 0.00017284909107117554,
  "mse_gripper": 0.9921722414455979,
  "mse_per_dim_names": [
    "x",
    "y",
    "z",
    "roll",
    "pitch",
    "yaw",
    "gripper"
  ]
}