{
  "episode_id": 24,
  "step_id": 19,
  "instruction": "",
  "condition": "var_laysel",
  "condition_desc": "VAR(p=0.6,rho=0.5) + L8-24",
  "predicted_action": [
    -0.004458597905495604,
    0.005727314077755924,
    0.0062543880961397035,
    0.007524249938188662,
    -0.018197080231764765,
    0.04184003857654672,
    -0.47843137254901963
  ],
  "ground_truth_action": [
    -0.005363337229937315,
    -0.01216106303036213,
    0.02613276056945324,
    -0.016803894191980362,
    -0.008203942328691483,
    -0.20387676358222961,
    0.0005356782930903137
  ],
  "action_token_ids": [
    31891,
    31853,
    31875,
    31861,
    31888,
    31845,
    31933
  ],
  "mse_per_dim": [
    8.18553245191244e-07,
    0.000319994035562242,
    0.0003951496921877893,
    0.0005918585968182775,
    9.986280514983987e-05,
    0.06037674686313523,
    0.22940943579238834
  ],
  "mse_mean": 0.04159912376264099,
  "mse_spatial": 0.010297405091016428,
  "mse_gripper": 0.22940943579238834,
  "mse_per_dim_names": [
    "x",
    "y",
    "z",
    "roll",
    "pitch",
    "yaw",
    "gripper"
  ]
}