{
  "episode_id": 27,
  "step_id": 49,
  "instruction": "sweep into pile",
  "condition": "var_laysel",
  "condition_desc": "VAR(p=0.6,rho=0.5) + L8-24",
  "predicted_action": [
    -0.0013271585282157647,
    0.012202510488383847,
    -0.025963946140426047,
    -0.0007774750368269162,
    0.01060710217496924,
    -0.03391447088882041,
    0.0
  ],
  "ground_truth_action": [
    -0.00021401737467385828,
    0.01947336085140705,
    -0.015532249584794044,
    -0.004730719607323408,
    0.031204894185066223,
    0.06127668917179108,
    0.0
  ],
  "action_token_ids": [
    31877,
    31833,
    31999,
    31874,
    31845,
    31892,
    31872
  ],
  "mse_per_dim": [
    1.2390832277086061e-06,
    5.286526500147466e-05,
    0.00010882029302878459,
    1.5628142634159993e-05,
    0.0004242690356912151,
    0.009061356953684955,
    0.0
  ],
  "mse_mean": 0.001380596967609757,
  "mse_spatial": 0.001610696462211383,
  "mse_gripper": 0.0,
  "mse_per_dim_names": [
    "x",
    "y",
    "z",
    "roll",
    "pitch",
    "yaw",
    "gripper"
  ]
}