{
  "episode_id": 20,
  "step_id": 14,
  "instruction": "",
  "condition": "var_laysel",
  "condition_desc": "VAR(p=0.6,rho=0.5) + L8-24",
  "predicted_action": [
    0.003146326296469725,
    0.0015184364108477844,
    0.0013177078502143065,
    0.011994409540120127,
    -0.006139515503364487,
    0.011215875175653645,
    0.0
  ],
  "ground_truth_action": [
    -0.0015910303918644786,
    0.0022682715207338333,
    0.001436730963177979,
    0.006751714739948511,
    -0.003264972474426031,
    0.006455380469560623,
    0.0
  ],
  "action_token_ids": [
    31857,
    31866,
    31894,
    31854,
    31870,
    31864,
    31872
  ],
  "mse_per_dim": [
    2.2442548392504814e-05,
    5.622526920178231e-07,
    1.4166501419563143e-08,
    2.7485848767746498e-05,
    8.262997625218673e-06,
    2.2662309846739684e-05,
    0.0
  ],
  "mse_mean": 1.1632874832235294e-05,
  "mse_spatial": 1.357168730427451e-05,
  "mse_gripper": 0.0,
  "mse_per_dim_names": [
    "x",
    "y",
    "z",
    "roll",
    "pitch",
    "yaw",
    "gripper"
  ]
}