{
  "episode_id": 27,
  "step_id": 36,
  "instruction": "sweep into pile",
  "condition": "var_laysel",
  "condition_desc": "VAR(p=0.6,rho=0.5) + L8-24",
  "predicted_action": [
    0.02707947010853708,
    -0.006899318922968509,
    -0.006736875708927132,
    0.036260990236319554,
    0.025344125731902922,
    0.009604077101922431,
    0.0
  ],
  "ground_truth_action": [
    0.008025330491364002,
    -0.012282968498766422,
    -0.004685439635068178,
    0.003552098758518696,
    0.00340254046022892,
    -0.043446432799100876,
    0.0
  ],
  "action_token_ids": [
    31750,
    31892,
    31925,
    31816,
    31823,
    31865,
    31872
  ],
  "mse_per_dim": [
    0.0003630602365507246,
    2.8983682754989054e-05,
    4.208389965129839e-06,
    0.0010698715817065536,
    0.0004814331642341415,
    0.002814356600758572,
    0.0
  ],
  "mse_mean": 0.0006802733794243014,
  "mse_spatial": 0.0007936522759950183,
  "mse_gripper": 0.0,
  "mse_per_dim_names": [
    "x",
    "y",
    "z",
    "roll",
    "pitch",
    "yaw",
    "gripper"
  ]
}