{
  "episode_id": 6,
  "step_id": 13,
  "instruction": "Picked the piece of chocolate and put it into the drawer",
  "condition": "full_bg",
  "condition_desc": "bg_sup(\u03b3=0.85) + gripex + L[12, 14, 16, 18, 20] + resid(\u03b1=1.5)",
  "predicted_action": [
    -0.00020878732204438963,
    -0.0007478823328719852,
    -0.004138622947913766,
    0.008162844167036026,
    -0.010828568453297924,
    0.012827673249384858,
    0.996078431372549
  ],
  "ground_truth_action": [
    0.0016218244563788176,
    -0.006808591540902853,
    -0.007145590148866177,
    0.0024392243940383196,
    -0.0014191502705216408,
    0.019471703097224236,
    1.0
  ],
  "action_token_ids": [
    31872,
    31873,
    31915,
    31860,
    31877,
    31863,
    31744
  ],
  "mse_per_dim": [
    3.3511394833017773e-06,
    3.6732196104310145e-05,
    9.041851747603573e-06,
    3.275982330585032e-05,
    8.853715053836092e-05,
    4.414313261898054e-05,
    1.5378700499807656e-05
  ],
  "mse_mean": 3.284914204260213e-05,
  "mse_spatial": 3.5760882299734544e-05,
  "mse_gripper": 1.5378700499807656e-05,
  "mse_per_dim_names": [
    "x",
    "y",
    "z",
    "roll",
    "pitch",
    "yaw",
    "gripper"
  ],
  "grounding": {
    "nouns": [
      "piece",
      "chocolate",
      "it",
      "drawer"
    ],
    "num_boxes": 1,
    "num_patches": 9,
    "patch_coverage": 0.03515625
  }
}