{
  "episode_id": 3,
  "step_id": 15,
  "instruction": "put the rectangle block on top of the red arch and yellow block",
  "condition": "full_bg",
  "condition_desc": "bg_sup(\u03b3=0.85) + gripex + L[12, 14, 16, 18, 20] + resid(\u03b1=1.5)",
  "predicted_action": [
    -0.014300264519803674,
    0.003784755154567561,
    -0.0007608943585963902,
    0.008801438395883376,
    0.011946831589235957,
    0.02572205783923459,
    0.05490196078431375
  ],
  "ground_truth_action": [
    0.0006292707403190434,
    0.0002749309642240405,
    -0.0006187808467075229,
    -0.0014372695004567504,
    -0.00020802071958314627,
    0.0033243519719690084,
    0.0156289990991354
  ],
  "action_token_ids": [
    31935,
    31859,
    31902,
    31859,
    31843,
    31855,
    31865
  ],
  "mse_per_dim": [
    0.0002228910230832475,
    1.2318865847120548e-05,
    2.0196250261387245e-08,
    0.00010483113938657766,
    0.00014774043464920507,
    0.0005016572281165431,
    0.001542365519525487
  ],
  "mse_mean": 0.00036168920097977747,
  "mse_spatial": 0.00016490981455549256,
  "mse_gripper": 0.001542365519525487,
  "mse_per_dim_names": [
    "x",
    "y",
    "z",
    "roll",
    "pitch",
    "yaw",
    "gripper"
  ],
  "grounding": {
    "nouns": [
      "block",
      "top"
    ],
    "num_boxes": 4,
    "num_patches": 36,
    "patch_coverage": 0.140625
  }
}