{
  "episode_id": 2,
  "step_id": 42,
  "instruction": "put the red object into the pot",
  "condition": "full_bg",
  "condition_desc": "bg_sup(\u03b3=0.85) + gripex + L[12, 14, 16, 18, 20] + resid(\u03b1=1.5)",
  "predicted_action": [
    0.005383068708812468,
    0.0079936328214757,
    0.001577533126315641,
    -0.030791403792652508,
    -0.005469650796231129,
    0.04022824050281551,
    -0.2901960784313726
  ],
  "ground_truth_action": [
    0.003033985150977969,
    0.00030551294912584126,
    -0.014585327357053757,
    0.01973309926688671,
    0.019290419295430183,
    -0.05385097861289978,
    1.0
  ],
  "action_token_ids": [
    31847,
    31846,
    31893,
    31921,
    31869,
    31846,
    31909
  ],
  "mse_per_dim": [
    5.5181935616883885e-06,
    5.9107187171620815e-05,
    0.00026123805900486405,
    0.002552725409413388,
    0.0006130610709439811,
    0.008850899469422769,
    1.6646059207996926
  ],
  "mse_mean": 0.2395640671698873,
  "mse_spatial": 0.0020570915649197187,
  "mse_gripper": 1.6646059207996926,
  "mse_per_dim_names": [
    "x",
    "y",
    "z",
    "roll",
    "pitch",
    "yaw",
    "gripper"
  ],
  "grounding": {
    "nouns": [
      "object",
      "pot"
    ],
    "num_boxes": 2,
    "num_patches": 56,
    "patch_coverage": 0.21875
  }
}