{
  "episode_id": 2,
  "step_id": 30,
  "instruction": "put the red object into the pot",
  "condition": "full_bg",
  "condition_desc": "bg_sup(\u03b3=0.85) + gripex + L[12, 14, 16, 18, 20] + resid(\u03b1=1.5)",
  "predicted_action": [
    0.002475303572766905,
    -0.006899318922968509,
    0.014828622207483818,
    -0.0007774750368269162,
    -0.014177891988964658,
    -0.01940828822523946,
    0.0
  ],
  "ground_truth_action": [
    0.009489279240369797,
    -0.007048522122204304,
    -0.01013991516083479,
    -0.005299037788063288,
    0.002987165004014969,
    -0.014210551977157593,
    0.0
  ],
  "action_token_ids": [
    31860,
    31892,
    31842,
    31874,
    31882,
    31883,
    31872
  ],
  "mse_per_dim": [
    4.919585466572543e-05,
    2.2261594662196356e-08,
    0.0006234278583131227,
    2.0444529713368224e-05,
    0.0002946391815722388,
    2.7016462104624186e-05,
    0.0
  ],
  "mse_mean": 0.00014496373542339166,
  "mse_spatial": 0.00016912435799395695,
  "mse_gripper": 0.0,
  "mse_per_dim_names": [
    "x",
    "y",
    "z",
    "roll",
    "pitch",
    "yaw",
    "gripper"
  ],
  "grounding": {
    "nouns": [
      "object",
      "pot"
    ],
    "num_boxes": 3,
    "num_patches": 99,
    "patch_coverage": 0.38671875
  }
}