{
  "episode_id": 4,
  "step_id": 22,
  "instruction": "",
  "condition": "full_bg",
  "condition_desc": "bg_sup(\u03b3=0.85) + gripex + L[12, 14, 16, 18, 20] + resid(\u03b1=1.5)",
  "predicted_action": [
    0.004712045985109648,
    0.008964912283069892,
    0.001577533126315641,
    0.0036926845651045342,
    -0.04566153322423207,
    0.004768682880728764,
    0.03137254901960773
  ],
  "ground_truth_action": [
    -0.0013985916739329696,
    -0.009832089766860008,
    0.0011020906968042254,
    0.010263640433549881,
    0.008719267323613167,
    -0.04200073704123497,
    -0.006907695904374123
  ],
  "action_token_ids": [
    31850,
    31843,
    31893,
    31867,
    31929,
    31868,
    31868
  ],
  "mse_per_dim": [
    3.733989260010984e-05,
    0.0003533272860650689,
    2.2604550377971734e-07,
    4.3177461025056344e-05,
    0.0029572714682245247,
    0.0021873786398369783,
    0.0014653771514400386
  ],
  "mse_mean": 0.0010062997063850795,
  "mse_spatial": 0.0009297867988759196,
  "mse_gripper": 0.0014653771514400386,
  "mse_per_dim_names": [
    "x",
    "y",
    "z",
    "roll",
    "pitch",
    "yaw",
    "gripper"
  ],
  "grounding": {
    "nouns": [],
    "num_boxes": 0,
    "num_patches": 0,
    "patch_coverage": 0.0
  }
}