{
  "episode_id": 3,
  "step_id": 24,
  "instruction": "put the rectangle block on top of the red arch and yellow block",
  "condition": "sam_var_obj_laysel",
  "condition_desc": "VAR(p=0.6,rho=0.5) + obj_redirect + L8-24 + SAM2",
  "predicted_action": [
    0.0001254134485497889,
    0.0023170861243851926,
    -0.012765126597223574,
    0.0027260624413609907,
    -0.002474884556722859,
    0.04568379921722218,
    0.10546875
  ],
  "ground_truth_action": [
    0.003910035360604525,
    -0.00047788716619834304,
    -0.013420630246400833,
    -0.00302040739916265,
    0.010779231786727905,
    0.0400439091026783,
    0.0
  ],
  "action_token_ids": [
    31870,
    31863,
    31948,
    31868,
    31864,
    31842,
    31858
  ],
  "gt_is_zero_spatial": false,
  "mse_per_dim": [
    1.4323363017204843e-05,
    7.811875695075357e-06,
    4.296850340847028e-07,
    3.3021915628047796e-05,
    0.00017567160004572865,
    3.1808360504129815e-05,
    0.0111236572265625
  ],
  "mse_mean": 0.0016266748609266818,
  "mse_spatial": 4.38444666540452e-05,
  "mse_gripper": 0.0111236572265625,
  "mse_per_dim_names": [
    "x",
    "y",
    "z",
    "roll",
    "pitch",
    "yaw",
    "gripper"
  ],
  "grounding": {
    "nouns": [
      "block"
    ],
    "num_boxes": 1,
    "num_patches": 24,
    "patch_coverage": 0.09375
  }
}