{
  "episode_id": 2,
  "step_id": 31,
  "instruction": "put the red object into the pot",
  "condition": "sam_var_obj_laysel",
  "condition_desc": "VAR(p=0.6,rho=0.5) + obj_redirect + L8-24 + SAM2",
  "predicted_action": [
    0.004358623209409395,
    -0.007035272753855716,
    -0.012247505929990441,
    0.0014538630010791642,
    0.012871820550062654,
    -0.01693077829550027,
    0.25390625
  ],
  "ground_truth_action": [
    -0.0009152858983725309,
    -0.013473874889314175,
    -0.006888912990689278,
    0.012760019861161709,
    0.006521322764456272,
    -0.04617968201637268,
    0.0
  ],
  "action_token_ids": [
    31851,
    31892,
    31946,
    31870,
    31841,
    31881,
    31839
  ],
  "gt_is_zero_spatial": false,
  "mse_per_dim": [
    2.781411727714515e-05,
    4.1455597458730224e-05,
    2.8714518289128283e-05,
    0.00012782918294479157,
    4.032882212499156e-05,
    0.0008554983688728639,
    0.0644683837890625
  ],
  "mse_mean": 0.009370003485147164,
  "mse_spatial": 0.00018694010116127513,
  "mse_gripper": 0.0644683837890625,
  "mse_per_dim_names": [
    "x",
    "y",
    "z",
    "roll",
    "pitch",
    "yaw",
    "gripper"
  ],
  "grounding": {
    "nouns": [
      "object",
      "pot"
    ],
    "num_boxes": 2,
    "num_patches": 60,
    "patch_coverage": 0.234375
  }
}