{
  "episode_id": 2,
  "step_id": 16,
  "instruction": "put the red object into the pot",
  "condition": "sam_var_obj_laysel",
  "condition_desc": "VAR(p=0.6,rho=0.5) + obj_redirect + L8-24 + SAM2",
  "predicted_action": [
    -0.0014341901475563822,
    -0.008970243556250389,
    -0.0034479545870272042,
    -0.0029988350399072633,
    0.010870076405699328,
    -0.01693077829550027,
    -0.14453125
  ],
  "ground_truth_action": [
    -0.0004659775586333126,
    -0.007048401050269604,
    -0.0004079979262314737,
    -0.016277160495519638,
    0.0003624634991865605,
    -0.003425976261496544,
    1.0
  ],
  "action_token_ids": [
    31877,
    31898,
    31912,
    31877,
    31844,
    31881,
    31890
  ],
  "gt_is_zero_spatial": false,
  "mse_per_dim": [
    9.374356173491129e-07,
    3.693478617794504e-06,
    9.241336499516328e-06,
    0.0001763139269051636,
    0.00011040992899311368,
    0.00018237967797763119,
    1.3099517822265625
  ],
  "mse_mean": 0.18720496543016757,
  "mse_spatial": 8.04959641017614e-05,
  "mse_gripper": 1.3099517822265625,
  "mse_per_dim_names": [
    "x",
    "y",
    "z",
    "roll",
    "pitch",
    "yaw",
    "gripper"
  ],
  "grounding": {
    "nouns": [
      "object",
      "pot"
    ],
    "num_boxes": 2,
    "num_patches": 25,
    "patch_coverage": 0.09765625
  }
}