{
  "episode_id": 0,
  "step_id": 7,
  "instruction": "put small spoon from basket to tray",
  "condition": "sam_var_obj_laysel",
  "condition_desc": "VAR(p=0.6,rho=0.5) + obj_redirect + L8-24 + SAM2",
  "predicted_action": [
    -0.004553397339768721,
    0.005542037461709642,
    -0.010694643928291047,
    -0.02971502328582582,
    -0.02516131819284058,
    0.03605078729218794,
    0.12109375
  ],
  "ground_truth_action": [
    0.0022429765667766333,
    0.005591107998043299,
    -0.004383669700473547,
    -0.004689473193138838,
    0.034834008663892746,
    -0.0027747079730033875,
    1.0
  ],
  "action_token_ids": [
    31891,
    31853,
    31940,
    31919,
    31898,
    31848,
    31856
  ],
  "gt_is_zero_spatial": false,
  "mse_per_dim": [
    4.6190698277570555e-05,
    2.4079175360726853e-09,
    3.9828395704176686e-05,
    0.0006262781574415855,
    0.003599439244646267,
    0.0015074190825873942,
    0.7724761962890625
  ],
  "mse_mean": 0.11118505061080529,
  "mse_spatial": 0.0009698596644290885,
  "mse_gripper": 0.7724761962890625,
  "mse_per_dim_names": [
    "x",
    "y",
    "z",
    "roll",
    "pitch",
    "yaw",
    "gripper"
  ],
  "grounding": {
    "nouns": [
      "spoon",
      "basket"
    ],
    "num_boxes": 2,
    "num_patches": 142,
    "patch_coverage": 0.5546875
  }
}