{
  "episode_id": 2,
  "step_id": 19,
  "instruction": "put the red object into the pot",
  "condition": "sam_var_obj_laysel",
  "condition_desc": "VAR(p=0.6,rho=0.5) + obj_redirect + L8-24 + SAM2",
  "predicted_action": [
    0.002130618072114867,
    -0.0015528554804041528,
    -0.002930333919794071,
    -0.005543233920470944,
    -0.006478372845449512,
    0.005546249529579578,
    -0.00390625
  ],
  "ground_truth_action": [
    -0.0025661515537649393,
    -0.0025787504855543375,
    -0.006618686951696873,
    -0.0009801730047911406,
    0.015833403915166855,
    -0.007649984676390886,
    1.0
  ],
  "action_token_ids": [
    31861,
    31875,
    31910,
    31881,
    31870,
    31867,
    31872
  ],
  "gt_is_zero_spatial": false,
  "mse_per_dim": [
    2.2059644918587135e-05,
    1.0524605615920975e-06,
    1.3603948087946589e-05,
    2.0821524920204606e-05,
    0.0004978153822155806,
    0.0001741405972188249,
    1.0078277587890625
  ],
  "mse_mean": 0.14407960747814075,
  "mse_spatial": 0.00012158225965378932,
  "mse_gripper": 1.0078277587890625,
  "mse_per_dim_names": [
    "x",
    "y",
    "z",
    "roll",
    "pitch",
    "yaw",
    "gripper"
  ],
  "grounding": {
    "nouns": [
      "object",
      "pot"
    ],
    "num_boxes": 2,
    "num_patches": 25,
    "patch_coverage": 0.09765625
  }
}