{
  "episode_id": 4,
  "step_id": 38,
  "instruction": "",
  "condition": "sam_var_obj_laysel",
  "condition_desc": "VAR(p=0.6,rho=0.5) + obj_redirect + L8-24 + SAM2",
  "predicted_action": [
    -0.0038849957985803638,
    0.006509522862906979,
    0.005351596755936033,
    0.029442250687279556,
    0.011537324453820441,
    -0.04261881009559154,
    0.99609375
  ],
  "ground_truth_action": [
    0.006295850034803152,
    -0.005792688112705946,
    -0.00014472680049948394,
    -0.004212057683616877,
    0.015346209518611431,
    -0.056288428604602814,
    0.99541836977005
  ],
  "action_token_ids": [
    31888,
    31850,
    31878,
    31826,
    31843,
    31897,
    31744
  ],
  "gt_is_zero_spatial": false,
  "mse_per_dim": [
    0.0001036496218831225,
    0.0001513443948884911,
    3.0209572637027967e-05,
    0.0011326124719233898,
    1.4507605436787864e-05,
    0.00018685847018190356,
    4.561384550072489e-07
  ],
  "mse_mean": 0.0002313768964865329,
  "mse_spatial": 0.00026986368949178714,
  "mse_gripper": 4.561384550072489e-07,
  "mse_per_dim_names": [
    "x",
    "y",
    "z",
    "roll",
    "pitch",
    "yaw",
    "gripper"
  ],
  "grounding": {
    "nouns": [],
    "num_boxes": 0,
    "num_patches": 0,
    "patch_coverage": 0.0
  }
}