{
  "episode_id": 4,
  "step_id": 25,
  "instruction": "",
  "condition": "sam_var_obj_laysel",
  "condition_desc": "VAR(p=0.6,rho=0.5) + obj_redirect + L8-24 + SAM2",
  "predicted_action": [
    0.009483035025186815,
    -0.005422797085193491,
    0.02398594077632878,
    0.05106964117207076,
    -0.023826822096598352,
    0.07939934095484194,
    -0.30078125
  ],
  "ground_truth_action": [
    -0.000535125844180584,
    -0.0010643465211614966,
    -0.0230433139950037,
    0.022328834980726242,
    -0.0056099360808730125,
    0.15331770479679108,
    0.0006344927242025733
  ],
  "action_token_ids": [
    31828,
    31887,
    31806,
    31792,
    31896,
    31821,
    31910
  ],
  "gt_is_zero_spatial": false,
  "mse_per_dim": [
    0.00010036354720452417,
    1.899609131911081e-05,
    0.0022117508043468987,
    0.0008260339405284274,
    0.00033185493610992945,
    0.005463924513070774,
    0.09085144996198267
  ],
  "mse_mean": 0.014257767684937476,
  "mse_spatial": 0.0014921539720966104,
  "mse_gripper": 0.09085144996198267,
  "mse_per_dim_names": [
    "x",
    "y",
    "z",
    "roll",
    "pitch",
    "yaw",
    "gripper"
  ],
  "grounding": {
    "nouns": [],
    "num_boxes": 0,
    "num_patches": 0,
    "patch_coverage": 0.0
  }
}