{
  "episode_id": 3,
  "step_id": 18,
  "instruction": "put the rectangle block on top of the red arch and yellow block",
  "condition": "sam_var_obj_laysel",
  "condition_desc": "VAR(p=0.6,rho=0.5) + obj_redirect + L8-24 + SAM2",
  "predicted_action": [
    0.001016615503467603,
    0.0026395812581176334,
    0.0022458727525372472,
    -0.004271034480189104,
    -0.0044766287010861855,
    0.011968257479602395,
    0.04296875
  ],
  "ground_truth_action": [
    0.013749484904110432,
    0.015174413099884987,
    0.03574371337890625,
    -0.03485797345638275,
    -0.12337902188301086,
    0.11093764007091522,
    0.0
  ],
  "action_token_ids": [
    31866,
    31862,
    31890,
    31879,
    31867,
    31863,
    31866
  ],
  "gt_is_zero_spatial": false,
  "mse_per_dim": [
    0.00016212596317382647,
    0.00015712200930138474,
    0.0011221053266296174,
    0.0009355608359333941,
    0.014137779104389007,
    0.009794938690505654,
    0.0018463134765625
  ],
  "mse_mean": 0.0040222779152136266,
  "mse_spatial": 0.004384938654988815,
  "mse_gripper": 0.0018463134765625,
  "mse_per_dim_names": [
    "x",
    "y",
    "z",
    "roll",
    "pitch",
    "yaw",
    "gripper"
  ],
  "grounding": {
    "nouns": [
      "block"
    ],
    "num_boxes": 1,
    "num_patches": 16,
    "patch_coverage": 0.0625
  }
}