{
  "episode_id": 9,
  "step_id": 19,
  "instruction": "Move the can in the middle bottom of the table",
  "condition": "sam_var_obj_laysel",
  "condition_desc": "VAR(p=0.6,rho=0.5) + obj_redirect + L8-24 + SAM2",
  "predicted_action": [
    0.0005710144760086959,
    0.011669445002626101,
    0.026574044112494432,
    -0.008723732521175531,
    -0.03917352720338387,
    0.0007297435670624575,
    0.37109375
  ],
  "ground_truth_action": [
    0.00980442389845848,
    0.008692334406077862,
    0.026029322296380997,
    -0.03140782192349434,
    -0.06810685247182846,
    0.04893117770552635,
    1.0
  ],
  "action_token_ids": [
    31868,
    31834,
    31796,
    31886,
    31919,
    31870,
    31824
  ],
  "gt_is_zero_spatial": false,
  "mse_per_dim": [
    8.525584956258448e-05,
    8.863187504079815e-06,
    2.9672185694991916e-07,
    0.0005145679120123924,
    0.0008371373110896141,
    0.0023233782530046724,
    0.3955230712890625
  ],
  "mse_mean": 0.057041795789156115,
  "mse_spatial": 0.0006282498725050488,
  "mse_gripper": 0.3955230712890625,
  "mse_per_dim_names": [
    "x",
    "y",
    "z",
    "roll",
    "pitch",
    "yaw",
    "gripper"
  ],
  "grounding": {
    "nouns": [
      "can",
      "table"
    ],
    "num_boxes": 0,
    "num_patches": 0,
    "patch_coverage": 0.0
  }
}