{
  "episode_id": 2,
  "step_id": 23,
  "instruction": "put the red object into the pot",
  "condition": "sam_var_obj_laysel",
  "condition_desc": "VAR(p=0.6,rho=0.5) + obj_redirect + L8-24 + SAM2",
  "predicted_action": [
    -0.0027709932299330997,
    -0.001230360346671705,
    0.0006930107508378511,
    -0.004907134200330024,
    -0.001140388460480632,
    0.0023352455545681827,
    0.01953125
  ],
  "ground_truth_action": [
    -0.004862708505243063,
    0.00898622814565897,
    0.02585766091942787,
    -0.007546849083155394,
    -0.050980422645807266,
    0.01634380966424942,
    0.0
  ],
  "action_token_ids": [
    31883,
    31874,
    31896,
    31880,
    31862,
    31869,
    31869
  ],
  "gt_is_zero_spatial": false,
  "mse_per_dim": [
    4.3752727929650355e-06,
    0.00010437868042162357,
    0.0006332596181075177,
    6.968094662609755e-06,
    0.0024840290075945274,
    0.00019623986841504928,
    0.0003814697265625
  ],
  "mse_mean": 0.0005443886097938276,
  "mse_spatial": 0.0005715417569990488,
  "mse_gripper": 0.0003814697265625,
  "mse_per_dim_names": [
    "x",
    "y",
    "z",
    "roll",
    "pitch",
    "yaw",
    "gripper"
  ],
  "grounding": {
    "nouns": [
      "object",
      "pot"
    ],
    "num_boxes": 2,
    "num_patches": 45,
    "patch_coverage": 0.17578125
  }
}