{
  "episode_id": 8,
  "step_id": 2,
  "instruction": "open the drawer",
  "condition": "sam_var_obj_laysel",
  "condition_desc": "VAR(p=0.6,rho=0.5) + obj_redirect + L8-24 + SAM2",
  "predicted_action": [
    0.011711040162481343,
    0.001672095856920304,
    -0.01302393693084014,
    0.05425013977277536,
    -0.005811124797328399,
    -0.05385732400813145,
    -0.19921875
  ],
  "ground_truth_action": [
    0.024004435166716576,
    0.0046511245891451836,
    -0.00692003732547164,
    0.047484733164310455,
    -0.05268844962120056,
    -0.0652184784412384,
    1.0
  ],
  "action_token_ids": [
    31818,
    31865,
    31949,
    31787,
    31869,
    31904,
    31897
  ],
  "gt_is_zero_spatial": false,
  "mse_per_dim": [
    0.00015112756073015578,
    8.874612187421373e-06,
    3.7257590392417727e-05,
    4.577072657786061e-05,
    0.0021974835826428212,
    0.00012907583005290573,
    1.4381256103515625
  ],
  "mse_mean": 0.20581360003630658,
  "mse_spatial": 0.0004282649837639304,
  "mse_gripper": 1.4381256103515625,
  "mse_per_dim_names": [
    "x",
    "y",
    "z",
    "roll",
    "pitch",
    "yaw",
    "gripper"
  ],
  "grounding": {
    "nouns": [
      "drawer"
    ],
    "num_boxes": 0,
    "num_patches": 0,
    "patch_coverage": 0.0
  }
}