{
  "episode_id": 4,
  "step_id": 7,
  "instruction": "",
  "condition": "sam_var_obj_laysel",
  "condition_desc": "VAR(p=0.6,rho=0.5) + obj_redirect + L8-24 + SAM2",
  "predicted_action": [
    -0.0014341901475563822,
    0.001994590990652745,
    -0.0052596269223431635,
    -0.013812530282302865,
    0.007533836165093788,
    0.00394074754207388,
    0.05078125
  ],
  "ground_truth_action": [
    0.000407500599976629,
    -0.000383376725949347,
    -0.008535142056643963,
    -0.028216348960995674,
    0.020083140581846237,
    0.12663574516773224,
    1.0
  ],
  "action_token_ids": [
    31877,
    31864,
    31919,
    31894,
    31849,
    31868,
    31865
  ],
  "gt_is_zero_spatial": false,
  "mse_per_dim": [
    3.3918248095487016e-06,
    5.654730461201766e-06,
    1.0728999395033584e-05,
    0.00020746999252865985,
    0.00015748504134432254,
    0.01505406244236031,
    0.9010162353515625
  ],
  "mse_mean": 0.13092214691178022,
  "mse_spatial": 0.0025731321718165125,
  "mse_gripper": 0.9010162353515625,
  "mse_per_dim_names": [
    "x",
    "y",
    "z",
    "roll",
    "pitch",
    "yaw",
    "gripper"
  ],
  "grounding": {
    "nouns": [],
    "num_boxes": 0,
    "num_patches": 0,
    "patch_coverage": 0.0
  }
}