{
  "episode_id": 1,
  "step_id": 1,
  "instruction": "put the blue cube on the right side of the table on top of the rectangular block",
  "condition": "sam_var_obj_laysel",
  "condition_desc": "VAR(p=0.6,rho=0.5) + obj_redirect + L8-24 + SAM2",
  "predicted_action": [
    -0.0032165942573920032,
    -0.0005853700792068164,
    -0.010435833594674482,
    -0.006815433360752771,
    0.03422375808993815,
    0.0023352455545681827,
    0.99609375
  ],
  "ground_truth_action": [
    -0.0034493617713451385,
    -0.01218640897423029,
    -0.0032778517343103886,
    -0.043397676199674606,
    0.02493463084101677,
    0.03427054360508919,
    1.0
  ],
  "action_token_ids": [
    31885,
    31872,
    31939,
    31883,
    31809,
    31869,
    31744
  ],
  "gt_is_zero_spatial": false,
  "mse_per_dim": [
    5.4180715551923035e-08,
    0.00013458410344384744,
    5.123670431330141e-05,
    0.0013382604911258479,
    8.628788504665365e-05,
    0.0010198632615756108,
    1.52587890625e-05
  ],
  "mse_mean": 0.00037793505932618755,
  "mse_spatial": 0.0004383811043701355,
  "mse_gripper": 1.52587890625e-05,
  "mse_per_dim_names": [
    "x",
    "y",
    "z",
    "roll",
    "pitch",
    "yaw",
    "gripper"
  ],
  "grounding": {
    "nouns": [
      "cube",
      "table",
      "block"
    ],
    "num_boxes": 2,
    "num_patches": 15,
    "patch_coverage": 0.05859375
  }
}