{
  "episode_id": 4,
  "step_id": 1,
  "instruction": "",
  "condition": "sam_var_obj_laysel",
  "condition_desc": "VAR(p=0.6,rho=0.5) + obj_redirect + L8-24 + SAM2",
  "predicted_action": [
    0.004581423723138852,
    0.005219542327977195,
    -0.011212264595524178,
    0.02689785180671589,
    0.0028630998282460213,
    0.03765628927969364,
    0.05859375
  ],
  "ground_truth_action": [
    -0.015349676832556725,
    0.004317705053836107,
    -0.028184402734041214,
    0.01877557300031185,
    -0.047313325107097626,
    -0.4690060615539551,
    1.0
  ],
  "action_token_ids": [
    31850,
    31854,
    31942,
    31830,
    31856,
    31847,
    31864
  ],
  "gt_is_zero_spatial": false,
  "mse_per_dim": [
    0.00039724876936124854,
    8.133104690302268e-07,
    0.00028805347299290453,
    6.59714130089602e-05,
    0.002517673619292176,
    0.25670673775227937,
    0.8862457275390625
  ],
  "mse_mean": 0.1637460322680666,
  "mse_spatial": 0.04332941638956728,
  "mse_gripper": 0.8862457275390625,
  "mse_per_dim_names": [
    "x",
    "y",
    "z",
    "roll",
    "pitch",
    "yaw",
    "gripper"
  ],
  "grounding": {
    "nouns": [],
    "num_boxes": 0,
    "num_patches": 0,
    "patch_coverage": 0.0
  }
}