{
  "episode_id": 8,
  "step_id": 22,
  "instruction": "open the drawer",
  "condition": "sam_var_obj_laysel",
  "condition_desc": "VAR(p=0.6,rho=0.5) + obj_redirect + L8-24 + SAM2",
  "predicted_action": [
    -0.0023253922024741927,
    0.001672095856920304,
    0.0012106314180709808,
    0.007178760482347418,
    0.01754255688691042,
    -0.01693077829550027,
    -0.00390625
  ],
  "ground_truth_action": [
    -0.010006348602473736,
    0.0020131906494498253,
    -0.00019307505863253027,
    -0.003451565746217966,
    0.001911176135763526,
    -0.010756222531199455,
    0.0
  ],
  "action_token_ids": [
    31881,
    31865,
    31894,
    31861,
    31834,
    31881,
    31872
  ],
  "gt_is_zero_spatial": false,
  "mse_per_dim": [
    5.899709121869394e-05,
    1.1634565749075718e-07,
    1.9703918727393848e-06,
    0.00011300383572572514,
    0.00024434006418732566,
    3.812513888646042e-05,
    1.52587890625e-05
  ],
  "mse_mean": 6.740166523013362e-05,
  "mse_spatial": 7.609214459140588e-05,
  "mse_gripper": 1.52587890625e-05,
  "mse_per_dim_names": [
    "x",
    "y",
    "z",
    "roll",
    "pitch",
    "yaw",
    "gripper"
  ],
  "grounding": {
    "nouns": [
      "drawer"
    ],
    "num_boxes": 0,
    "num_patches": 0,
    "patch_coverage": 0.0
  }
}