{
  "episode_id": 3,
  "step_id": 4,
  "instruction": "put the rectangle block on top of the red arch and yellow block",
  "condition": "sam_var_obj_laysel",
  "condition_desc": "VAR(p=0.6,rho=0.5) + obj_redirect + L8-24 + SAM2",
  "predicted_action": [
    0.003021820127032681,
    -0.00510030195146105,
    0.0025046830861538104,
    0.013539757683756606,
    -0.001140388460480632,
    0.039261791267199364,
    0.16015625
  ],
  "ground_truth_action": [
    0.007404630072414875,
    -0.01205538958311081,
    -0.005988513585180044,
    0.01338336430490017,
    0.030304687097668648,
    0.02013583667576313,
    1.0
  ],
  "action_token_ids": [
    31857,
    31886,
    31889,
    31851,
    31862,
    31846,
    31851
  ],
  "gt_is_zero_spatial": false,
  "mse_per_dim": [
    1.920902301734107e-05,
    4.8373243963927455e-05,
    7.213438969795646e-05,
    2.4458888950133038e-08,
    0.0009887927768577173,
    0.00036580213903368076,
    0.7053375244140625
  ],
  "mse_mean": 0.10097598006364601,
  "mse_spatial": 0.0002490560052432622,
  "mse_gripper": 0.7053375244140625,
  "mse_per_dim_names": [
    "x",
    "y",
    "z",
    "roll",
    "pitch",
    "yaw",
    "gripper"
  ],
  "grounding": {
    "nouns": [
      "block"
    ],
    "num_boxes": 1,
    "num_patches": 27,
    "patch_coverage": 0.10546875
  }
}