{
  "episode_id": 0,
  "step_id": 11,
  "instruction": "put small spoon from basket to tray",
  "condition": "sam_var_obj_laysel",
  "condition_desc": "VAR(p=0.6,rho=0.5) + obj_redirect + L8-24 + SAM2",
  "predicted_action": [
    -0.004330596826039271,
    -0.00510030195146105,
    0.009751372427417655,
    0.03389494872826598,
    0.011537324453820441,
    -0.0024812604079489375,
    -0.00390625
  ],
  "ground_truth_action": [
    -0.004379247315227985,
    -0.005319803021848202,
    0.02435963787138462,
    0.016860248520970345,
    0.04827437922358513,
    -0.028984159231185913,
    0.0
  ],
  "action_token_ids": [
    31890,
    31886,
    31861,
    31819,
    31843,
    31872,
    31872
  ],
  "gt_is_zero_spatial": false,
  "mse_per_dim": [
    2.366870098301238e-09,
    4.818071990110519e-08,
    0.0002134014192813994,
    0.00029018101115243806,
    0.0013496111931566904,
    0.0007024036460347359,
    1.52587890625e-05
  ],
  "mse_mean": 0.0003672723723253947,
  "mse_spatial": 0.00042594130286921055,
  "mse_gripper": 1.52587890625e-05,
  "mse_per_dim_names": [
    "x",
    "y",
    "z",
    "roll",
    "pitch",
    "yaw",
    "gripper"
  ],
  "grounding": {
    "nouns": [
      "spoon",
      "basket"
    ],
    "num_boxes": 2,
    "num_patches": 127,
    "patch_coverage": 0.49609375
  }
}