{
  "episode_id": 4,
  "step_id": 15,
  "instruction": "",
  "condition": "sam_var_obj_laysel",
  "condition_desc": "VAR(p=0.6,rho=0.5) + obj_redirect + L8-24 + SAM2",
  "predicted_action": [
    0.002576219099573774,
    -0.001230360346671705,
    0.01466876876613241,
    0.02180905404558854,
    -0.018488837711629486,
    0.005546249529579578,
    0.05078125
  ],
  "ground_truth_action": [
    0.005899797193706036,
    -0.0019890679977834225,
    0.054294437170028687,
    0.031198568642139435,
    -0.030540309846401215,
    0.5624399185180664,
    -0.003477165475487709
  ],
  "action_token_ids": [
    31859,
    31874,
    31842,
    31838,
    31888,
    31867,
    31865
  ],
  "gt_is_zero_spatial": false,
  "mse_per_dim": [
    1.1046171347795836e-05,
    5.756372998554596e-07,
    0.001570193596455544,
    8.81629843588423e-05,
    0.00014523798061517946,
    0.3101305585594583,
    0.002943975649910644
  ],
  "mse_mean": 0.044984250082778024,
  "mse_spatial": 0.05199096248825592,
  "mse_gripper": 0.002943975649910644,
  "mse_per_dim_names": [
    "x",
    "y",
    "z",
    "roll",
    "pitch",
    "yaw",
    "gripper"
  ],
  "grounding": {
    "nouns": [],
    "num_boxes": 0,
    "num_patches": 0,
    "patch_coverage": 0.0
  }
}