{
  "episode_id": 4,
  "step_id": 22,
  "instruction": "",
  "condition": "sam_var_obj_laysel",
  "condition_desc": "VAR(p=0.6,rho=0.5) + obj_redirect + L8-24 + SAM2",
  "predicted_action": [
    0.009483035025186815,
    0.010056969333963876,
    -0.01794133326955489,
    -0.03480382104695317,
    -0.015819845519145045,
    -0.0731233478581999,
    -0.00390625
  ],
  "ground_truth_action": [
    -0.0013985916739329696,
    -0.009832089766860008,
    0.0011020906968042254,
    0.010263640433549881,
    0.008719267323613167,
    -0.04200073704123497,
    -0.006907695904374123
  ],
  "action_token_ids": [
    31828,
    31839,
    31968,
    31927,
    31884,
    31916,
    31872
  ],
  "gt_is_zero_spatial": false,
  "mse_per_dim": [
    0.00011840979961899654,
    0.00039557467191606537,
    0.0003626519963625007,
    0.0020310760842966263,
    0.000602168059109621,
    0.0009686169040642627,
    9.008677516884195e-06
  ],
  "mse_mean": 0.0006410723132692796,
  "mse_spatial": 0.0007464162525613454,
  "mse_gripper": 9.008677516884195e-06,
  "mse_per_dim_names": [
    "x",
    "y",
    "z",
    "roll",
    "pitch",
    "yaw",
    "gripper"
  ],
  "grounding": {
    "nouns": [],
    "num_boxes": 0,
    "num_patches": 0,
    "patch_coverage": 0.0
  }
}