{
  "episode_id": 3,
  "step_id": 29,
  "instruction": "put the rectangle block on top of the red arch and yellow block",
  "condition": "sam_var_obj_laysel",
  "condition_desc": "VAR(p=0.6,rho=0.5) + obj_redirect + L8-24 + SAM2",
  "predicted_action": [
    -0.0027709932299330997,
    0.006187027729174531,
    -0.0013774719180946748,
    -0.004271034480189104,
    -0.007145620893570626,
    0.02160126940463661,
    0.16796875
  ],
  "ground_truth_action": [
    0.0023491359315812588,
    0.005501260980963707,
    -0.008578931912779808,
    -0.011275414377450943,
    0.01752934232354164,
    0.01707684062421322,
    0.0
  ],
  "action_token_ids": [
    31883,
    31851,
    31904,
    31879,
    31871,
    31857,
    31850
  ],
  "gt_is_zero_spatial": false,
  "mse_per_dim": [
    2.6215722630589728e-05,
    4.702760329516477e-07,
    5.18610260550504e-05,
    4.9061337745165775e-05,
    0.0006088538097658434,
    2.047045578912348e-05,
    0.0282135009765625
  ],
  "mse_mean": 0.004138633372083032,
  "mse_spatial": 0.00012615543800312073,
  "mse_gripper": 0.0282135009765625,
  "mse_per_dim_names": [
    "x",
    "y",
    "z",
    "roll",
    "pitch",
    "yaw",
    "gripper"
  ],
  "grounding": {
    "nouns": [
      "block"
    ],
    "num_boxes": 1,
    "num_patches": 22,
    "patch_coverage": 0.0859375
  }
}