{
  "episode_id": 4,
  "step_id": 32,
  "instruction": "",
  "condition": "sam_var_obj_laysel",
  "condition_desc": "VAR(p=0.6,rho=0.5) + obj_redirect + L8-24 + SAM2",
  "predicted_action": [
    0.002576219099573774,
    -0.01284018516103973,
    0.007939700092101692,
    0.0052704613219246715,
    -0.024494070144719465,
    -0.02174728425801739,
    -0.09765625
  ],
  "ground_truth_action": [
    0.00825287401676178,
    -0.004170064348727465,
    -0.003956763073801994,
    -0.004075138363987207,
    -0.0027979828882962465,
    0.0761113241314888,
    1.0
  ],
  "action_token_ids": [
    31859,
    31910,
    31868,
    31864,
    31897,
    31884,
    31884
  ],
  "gt_is_zero_spatial": false,
  "mse_per_dim": [
    3.222441104883476e-05,
    7.51709949000903e-05,
    0.00014152583585770316,
    8.734023348931621e-05,
    0.00047072020223832997,
    0.00957630723593073,
    1.2048492431640625
  ],
  "mse_mean": 0.1736046474396468,
  "mse_spatial": 0.0017305481522441677,
  "mse_gripper": 1.2048492431640625,
  "mse_per_dim_names": [
    "x",
    "y",
    "z",
    "roll",
    "pitch",
    "yaw",
    "gripper"
  ],
  "grounding": {
    "nouns": [],
    "num_boxes": 0,
    "num_patches": 0,
    "patch_coverage": 0.0
  }
}