{
  "episode_id": 4,
  "step_id": 29,
  "instruction": "",
  "condition": "sam_var_obj_laysel",
  "condition_desc": "VAR(p=0.6,rho=0.5) + obj_redirect + L8-24 + SAM2",
  "predicted_action": [
    0.004581423723138852,
    0.008121998531569204,
    0.013892337765282706,
    0.034531048448406904,
    -0.005811124797328399,
    -0.0024812604079489375,
    -0.00390625
  ],
  "ground_truth_action": [
    0.00431818887591362,
    -0.0038276512641459703,
    -0.00994422659277916,
    -0.015657920390367508,
    0.005807843524962664,
    -0.1271352767944336,
    0.003918109927326441
  ],
  "action_token_ids": [
    31850,
    31845,
    31845,
    31818,
    31869,
    31872,
    31872
  ],
  "gt_is_zero_spatial": false,
  "mse_per_dim": [
    6.929258479369124e-08,
    0.0001427941302402357,
    0.0005681818003960252,
    0.002518932593099469,
    0.00013500042487440319,
    0.015538623801281985,
    6.122060827235183e-05
  ],
  "mse_mean": 0.0027092603786784664,
  "mse_spatial": 0.003150600340412819,
  "mse_gripper": 6.122060827235183e-05,
  "mse_per_dim_names": [
    "x",
    "y",
    "z",
    "roll",
    "pitch",
    "yaw",
    "gripper"
  ],
  "grounding": {
    "nouns": [],
    "num_boxes": 0,
    "num_patches": 0,
    "patch_coverage": 0.0
  }
}