{
  "episode_id": 0,
  "step_id": 1,
  "instruction": "put small spoon from basket to tray",
  "condition": "sam_var_obj_laysel",
  "condition_desc": "VAR(p=0.6,rho=0.5) + obj_redirect + L8-24 + SAM2",
  "predicted_action": [
    -0.0023253922024741927,
    -0.0031653311490663777,
    -0.005000816588726597,
    -0.018901328043430213,
    0.057577439774176994,
    0.14040841648005867,
    0.99609375
  ],
  "ground_truth_action": [
    0.00815527979284525,
    0.002605537883937359,
    -0.00971079058945179,
    -0.04788215458393097,
    -0.02560991607606411,
    0.13556690514087677,
    1.0
  ],
  "action_token_ids": [
    31881,
    31880,
    31918,
    31902,
    31774,
    31783,
    31744
  ],
  "gt_is_zero_spatial": false,
  "mse_per_dim": [
    0.00010984448547347322,
    3.330292939608148e-05,
    2.218385508750728e-05,
    0.000839888306970593,
    0.006920136173354643,
    2.344023204742689e-05,
    1.52587890625e-05
  ],
  "mse_mean": 0.0011377221101988894,
  "mse_spatial": 0.0013247993303882877,
  "mse_gripper": 1.52587890625e-05,
  "mse_per_dim_names": [
    "x",
    "y",
    "z",
    "roll",
    "pitch",
    "yaw",
    "gripper"
  ],
  "grounding": {
    "nouns": [
      "spoon",
      "basket"
    ],
    "num_boxes": 2,
    "num_patches": 74,
    "patch_coverage": 0.2890625
  }
}