{
  "episode_id": 2,
  "step_id": 33,
  "instruction": "put the red object into the pot",
  "condition": "sam_var_obj_laysel",
  "condition_desc": "VAR(p=0.6,rho=0.5) + obj_redirect + L8-24 + SAM2",
  "predicted_action": [
    -0.005667399908415988,
    -0.008002758155053052,
    -0.010177023261057915,
    -0.0029988350399072633,
    0.024882285416242628,
    -0.026563790220534483,
    -0.14453125
  ],
  "ground_truth_action": [
    -0.00040431632078252733,
    0.0005299530457705259,
    -0.011481027118861675,
    0.005618729162961245,
    0.025337398052215576,
    -0.002466138917952776,
    0.0
  ],
  "action_token_ids": [
    31896,
    31895,
    31938,
    31877,
    31823,
    31887,
    31890
  ],
  "gt_is_zero_spatial": false,
  "mse_per_dim": [
    2.7700048850416702e-05,
    7.280716043666016e-05,
    1.700426061167089e-06,
    7.426241279056074e-05,
    2.0712751142224553e-07,
    0.0005806967983008178,
    0.0208892822265625
  ],
  "mse_mean": 0.0030923794572162203,
  "mse_spatial": 0.00012622899565850748,
  "mse_gripper": 0.0208892822265625,
  "mse_per_dim_names": [
    "x",
    "y",
    "z",
    "roll",
    "pitch",
    "yaw",
    "gripper"
  ],
  "grounding": {
    "nouns": [
      "object",
      "pot"
    ],
    "num_boxes": 2,
    "num_patches": 24,
    "patch_coverage": 0.09375
  }
}