{
  "episode_id": 4,
  "step_id": 27,
  "instruction": "",
  "condition": "sam_var_obj_laysel",
  "condition_desc": "VAR(p=0.6,rho=0.5) + obj_redirect + L8-24 + SAM2",
  "predicted_action": [
    0.01081983810756353,
    -0.0009078652129392573,
    0.02269188910824595,
    0.000817763280938244,
    -0.006478372845449512,
    0.06334432107978491,
    0.99609375
  ],
  "ground_truth_action": [
    0.008250032551586628,
    0.0022506683599203825,
    -0.01414437871426344,
    -0.015753140673041344,
    -0.0017271804390475154,
    -0.03943520784378052,
    -0.003368166508153081
  ],
  "action_token_ids": [
    31822,
    31873,
    31811,
    31871,
    31870,
    31831,
    31744
  ],
  "gt_is_zero_spatial": false,
  "mse_per_dim": [
    6.603900595529751e-06,
    9.976334330881482e-06,
    0.0013569106270916404,
    0.00027459485785201633,
    2.2573829282651998e-05,
    0.010563631565750022,
    0.9989241225501504
  ],
  "mse_mean": 0.14445120195215044,
  "mse_spatial": 0.002039048519150457,
  "mse_gripper": 0.9989241225501504,
  "mse_per_dim_names": [
    "x",
    "y",
    "z",
    "roll",
    "pitch",
    "yaw",
    "gripper"
  ],
  "grounding": {
    "nouns": [],
    "num_boxes": 0,
    "num_patches": 0,
    "patch_coverage": 0.0
  }
}