{
  "episode_id": 1,
  "step_id": 42,
  "instruction": "put the blue cube on the right side of the table on top of the rectangular block",
  "condition": "sam_var_obj_laysel",
  "condition_desc": "VAR(p=0.6,rho=0.5) + obj_redirect + L8-24 + SAM2",
  "predicted_action": [
    0.00703222937416283,
    -0.0002628749454743687,
    0.03433835412099141,
    -0.015720829442725626,
    -0.076539417898166,
    0.00394074754207388,
    0.99609375
  ],
  "ground_truth_action": [
    -0.008818346075713634,
    0.016225092113018036,
    0.043353985995054245,
    -0.039675068110227585,
    -0.04370688647031784,
    -0.002430369844660163,
    1.0
  ],
  "action_token_ids": [
    31839,
    31871,
    31766,
    31897,
    31975,
    31868,
    31744
  ],
  "gt_is_zero_spatial": false,
  "mse_per_dim": [
    0.0002512407420922265,
    0.00027185305772193066,
    8.128161808861769e-05,
    0.000573805550139646,
    0.001077975119960637,
    4.059113675554482e-05,
    1.52587890625e-05
  ],
  "mse_mean": 0.0003302865734030147,
  "mse_spatial": 0.0003827912041264338,
  "mse_gripper": 1.52587890625e-05,
  "mse_per_dim_names": [
    "x",
    "y",
    "z",
    "roll",
    "pitch",
    "yaw",
    "gripper"
  ],
  "grounding": {
    "nouns": [
      "cube",
      "table",
      "block"
    ],
    "num_boxes": 1,
    "num_patches": 5,
    "patch_coverage": 0.01953125
  }
}