{
  "episode_id": 5,
  "step_id": 4,
  "instruction": "take broccoli out of pan",
  "condition": "sam_var_obj_laysel",
  "condition_desc": "VAR(p=0.6,rho=0.5) + obj_redirect + L8-24 + SAM2",
  "predicted_action": [
    0.005695426291786116,
    -0.04154225206322735,
    0.037702888458006775,
    0.0313505498477023,
    0.0375599983305437,
    -0.06349033593316566,
    0.99609375
  ],
  "ground_truth_action": [
    0.019863465800881386,
    -0.05030679330229759,
    0.02506604604423046,
    -0.041627995669841766,
    0.01887095533311367,
    0.023223189637064934,
    1.0
  ],
  "action_token_ids": [
    31845,
    31999,
    31753,
    31823,
    31804,
    31910,
    31744
  ],
  "gt_is_zero_spatial": false,
  "mse_per_dim": [
    0.00020073334353128453,
    7.681718313136296e-05,
    0.00015968978619061597,
    0.005325868105856252,
    0.00034928032815978845,
    0.0075192355168190355,
    1.52587890625e-05
  ],
  "mse_mean": 0.0019495547218215485,
  "mse_spatial": 0.00227193737728139,
  "mse_gripper": 1.52587890625e-05,
  "mse_per_dim_names": [
    "x",
    "y",
    "z",
    "roll",
    "pitch",
    "yaw",
    "gripper"
  ],
  "grounding": {
    "nouns": [
      "broccoli",
      "pan"
    ],
    "num_boxes": 2,
    "num_patches": 24,
    "patch_coverage": 0.09375
  }
}