{
  "episode_id": 3,
  "step_id": 35,
  "instruction": "put the rectangle block on top of the red arch and yellow block",
  "condition": "sam_var_obj_laysel",
  "condition_desc": "VAR(p=0.6,rho=0.5) + obj_redirect + L8-24 + SAM2",
  "predicted_action": [
    -0.0032165942573920032,
    0.002962076391850081,
    -0.0003422305836284119,
    0.003998261881642831,
    0.007533836165093788,
    0.010362755492096698,
    -0.04296875
  ],
  "ground_truth_action": [
    -0.0014447479043155909,
    -0.0018031435320153832,
    0.0014745082007721066,
    -0.006986229680478573,
    0.010565599426627159,
    -0.018925761803984642,
    0.0
  ],
  "action_token_ids": [
    31885,
    31861,
    31900,
    31866,
    31849,
    31864,
    31877
  ],
  "gt_is_zero_spatial": false,
  "mse_per_dim": [
    3.1394394989101825e-06,
    2.270732092280438e-05,
    3.3005398107450737e-06,
    0.00012065905487831633,
    9.191588473983465e-06,
    0.0008578172454028558,
    0.0018463134765625
  ],
  "mse_mean": 0.0004090183807928736,
  "mse_spatial": 0.00016946919816460254,
  "mse_gripper": 0.0018463134765625,
  "mse_per_dim_names": [
    "x",
    "y",
    "z",
    "roll",
    "pitch",
    "yaw",
    "gripper"
  ],
  "grounding": {
    "nouns": [
      "block"
    ],
    "num_boxes": 1,
    "num_patches": 23,
    "patch_coverage": 0.08984375
  }
}