{
  "episode_id": 19,
  "step_id": 19,
  "instruction": "",
  "condition": "sam_var_obj_laysel",
  "condition_desc": "VAR(p=0.6,rho=0.5) + obj_redirect + L8-24 + SAM2",
  "predicted_action": [
    -0.0009885891200974752,
    0.0003821153219905199,
    0.0014694417516875474,
    0.0020899627212200844,
    -0.006478372845449512,
    -0.00087575842044324,
    -0.10546875
  ],
  "ground_truth_action": [
    0.00358853442594409,
    -0.0018069527577608824,
    0.04665220528841019,
    0.012360423803329468,
    -0.025377176702022552,
    0.3061898350715637,
    -0.006602805573493242
  ],
  "action_token_ids": [
    31875,
    31869,
    31893,
    31869,
    31870,
    31871,
    31885
  ],
  "gt_is_zero_spatial": false,
  "mse_per_dim": [
    2.095005995572811e-05,
    4.792019057786491e-06,
    0.0020414821208153927,
    0.00010548237083912345,
    0.00035716478720922005,
    0.09428927870659846,
    0.009774474967345122
  ],
  "mse_mean": 0.015227660718831549,
  "mse_spatial": 0.01613652501074595,
  "mse_gripper": 0.009774474967345122,
  "mse_per_dim_names": [
    "x",
    "y",
    "z",
    "roll",
    "pitch",
    "yaw",
    "gripper"
  ],
  "grounding": {
    "nouns": [],
    "num_boxes": 0,
    "num_patches": 0,
    "patch_coverage": 0.0
  }
}