{
  "episode_id": 15,
  "step_id": 33,
  "instruction": "sweep into pile",
  "condition": "sam_var_obj_laysel",
  "condition_desc": "VAR(p=0.6,rho=0.5) + obj_redirect + L8-24 + SAM2",
  "predicted_action": [
    0.008591832970269001,
    -0.04154225206322735,
    0.0022458727525372472,
    0.0027260624413609907,
    -0.02249232600035614,
    -0.008903268357971755,
    -0.42578125
  ],
  "ground_truth_action": [
    -0.00018837457173503935,
    -0.0512915700674057,
    0.0030313078314065933,
    -0.03371933475136757,
    -0.015877842903137207,
    -0.0695914477109909,
    0.0
  ],
  "action_token_ids": [
    31832,
    31999,
    31890,
    31868,
    31894,
    31876,
    31926
  ],
  "gt_is_zero_spatial": false,
  "mse_per_dim": [
    7.709204448066463e-05,
    9.504920154659616e-05,
    6.169082631184959e-07,
    0.0013282669765357468,
    4.375138664339495e-05,
    0.00368305511318422,
    0.1812896728515625
  ],
  "mse_mean": 0.02664535778317375,
  "mse_spatial": 0.0008713052717756236,
  "mse_gripper": 0.1812896728515625,
  "mse_per_dim_names": [
    "x",
    "y",
    "z",
    "roll",
    "pitch",
    "yaw",
    "gripper"
  ],
  "grounding": {
    "nouns": [
      "pile"
    ],
    "num_boxes": 0,
    "num_patches": 0,
    "patch_coverage": 0.0
  }
}