{
  "episode_id": 13,
  "step_id": 17,
  "instruction": "",
  "condition": "sam_var_obj_laysel",
  "condition_desc": "VAR(p=0.6,rho=0.5) + obj_redirect + L8-24 + SAM2",
  "predicted_action": [
    -0.007227003504522159,
    -0.006712777620123275,
    0.004316355421469773,
    -0.013812530282302865,
    0.01687530883878932,
    -0.02174728425801739,
    -0.13671875
  ],
  "ground_truth_action": [
    -0.003290478140115738,
    0.005282697733491659,
    0.04147066920995712,
    -0.01498537976294756,
    -0.03665616363286972,
    -0.8528708815574646,
    -0.004439509008079767
  ],
  "action_token_ids": [
    31903,
    31891,
    31882,
    31894,
    31835,
    31884,
    31889
  ],
  "gt_is_zero_spatial": false,
  "mse_per_dim": [
    1.549623194461511e-05,
    0.00014389142895918333,
    0.0013804430330933814,
    1.375575904248529e-06,
    0.0028656185449839897,
    0.6907664339879737,
    0.01749779759739851
  ],
  "mse_mean": 0.10181015091432252,
  "mse_spatial": 0.11586220980047651,
  "mse_gripper": 0.01749779759739851,
  "mse_per_dim_names": [
    "x",
    "y",
    "z",
    "roll",
    "pitch",
    "yaw",
    "gripper"
  ],
  "grounding": {
    "nouns": [],
    "num_boxes": 0,
    "num_patches": 0,
    "patch_coverage": 0.0
  }
}