{
  "episode_id": 15,
  "step_id": 41,
  "instruction": "sweep into pile",
  "condition": "sam_var_obj_laysel",
  "condition_desc": "VAR(p=0.6,rho=0.5) + obj_redirect + L8-24 + SAM2",
  "predicted_action": [
    0.003244620640762131,
    -0.005422797085193491,
    -0.0006010409172449785,
    -0.008087632801034611,
    -0.013150853326660605,
    0.0007297435670624575,
    0.01953125
  ],
  "ground_truth_action": [
    -0.003965762909501791,
    0.011846765875816345,
    -0.007582309655845165,
    0.023126270622015,
    0.012284203432500362,
    0.003890329273417592,
    0.0
  ],
  "action_token_ids": [
    31856,
    31887,
    31901,
    31885,
    31880,
    31870,
    31869
  ],
  "gt_is_zero_spatial": false,
  "mse_per_dim": [
    5.198963094191656e-05,
    0.00029823780486428283,
    4.873811320055624e-05,
    0.0009743077669034681,
    0.00064694211234174,
    9.989302007216385e-06,
    0.0003814697265625
  ],
  "mse_mean": 0.0003445249224030972,
  "mse_spatial": 0.0003383674550431967,
  "mse_gripper": 0.0003814697265625,
  "mse_per_dim_names": [
    "x",
    "y",
    "z",
    "roll",
    "pitch",
    "yaw",
    "gripper"
  ],
  "grounding": {
    "nouns": [
      "pile"
    ],
    "num_boxes": 0,
    "num_patches": 0,
    "patch_coverage": 0.0
  }
}