{
  "episode_id": 14,
  "step_id": 13,
  "instruction": "move the silver pot to the lower right burner",
  "condition": "sam_var_obj_laysel",
  "condition_desc": "VAR(p=0.6,rho=0.5) + obj_redirect + L8-24 + SAM2",
  "predicted_action": [
    0.004135822695679945,
    0.0026395812581176334,
    -0.0011186615844781117,
    0.007814860202488338,
    -0.0044766287010861855,
    0.008757253504590973,
    0.99609375
  ],
  "ground_truth_action": [
    -0.0011515133082866669,
    -0.00021378650853876024,
    -0.008520889095962048,
    -0.016100361943244934,
    -0.003627555910497904,
    0.009877095930278301,
    1.0
  ],
  "action_token_ids": [
    31852,
    31862,
    31903,
    31860,
    31867,
    31865,
    31744
  ],
  "gt_is_zero_spatial": false,
  "mse_per_dim": [
    2.795592201884162e-05,
    8.141707611793696e-06,
    5.479297213176966e-05,
    0.0005719378502797712,
    7.20924603717372e-07,
    1.25404705836928e-06,
    1.52587890625e-05
  ],
  "mse_mean": 9.71517446809661e-05,
  "mse_spatial": 0.00011080057061737712,
  "mse_gripper": 1.52587890625e-05,
  "mse_per_dim_names": [
    "x",
    "y",
    "z",
    "roll",
    "pitch",
    "yaw",
    "gripper"
  ],
  "grounding": {
    "nouns": [
      "pot",
      "burner"
    ],
    "num_boxes": 2,
    "num_patches": 53,
    "patch_coverage": 0.20703125
  }
}