{
  "episode_id": 15,
  "step_id": 29,
  "instruction": "sweep into pile",
  "condition": "sam_var_obj_laysel",
  "condition_desc": "VAR(p=0.6,rho=0.5) + obj_redirect + L8-24 + SAM2",
  "predicted_action": [
    -0.0027709932299330997,
    0.040694007038546164,
    0.00043420041722128447,
    0.04025594592967516,
    -0.015152597471023932,
    0.060133317104773515,
    0.25390625
  ],
  "ground_truth_action": [
    0.0002315199963049963,
    0.039668332785367966,
    0.016360430046916008,
    0.01624852418899536,
    -0.023947378620505333,
    0.011396790854632854,
    0.0
  ],
  "action_token_ids": [
    31883,
    31744,
    31897,
    31809,
    31883,
    31833,
    31839
  ],
  "gt_is_zero_spatial": false,
  "mse_per_dim": [
    9.0150856737347e-06,
    1.052007673632654e-06,
    0.00025364479021776614,
    0.000576356298634865,
    7.73481754672734e-05,
    0.0023752489909306495,
    0.0644683837890625
  ],
  "mse_mean": 0.009680149876808633,
  "mse_spatial": 0.0005487775580996536,
  "mse_gripper": 0.0644683837890625,
  "mse_per_dim_names": [
    "x",
    "y",
    "z",
    "roll",
    "pitch",
    "yaw",
    "gripper"
  ],
  "grounding": {
    "nouns": [
      "pile"
    ],
    "num_boxes": 0,
    "num_patches": 0,
    "patch_coverage": 0.0
  }
}