{
  "episode_id": 18,
  "step_id": 30,
  "instruction": "Pick up the blue fork and place it on the left of the pot",
  "condition": "sam_var_obj_laysel",
  "condition_desc": "VAR(p=0.6,rho=0.5) + obj_redirect + L8-24 + SAM2",
  "predicted_action": [
    0.003690221668221038,
    0.02037681361340212,
    -0.0026715235861775044,
    0.080330228298553,
    -0.002474884556722859,
    -0.09078386972076263,
    -0.11328125
  ],
  "ground_truth_action": [
    0.005713756196200848,
    0.01737026870250702,
    -0.005082622170448303,
    0.02626914344727993,
    -0.003563153790310025,
    -0.023774562403559685,
    0.0
  ],
  "action_token_ids": [
    31854,
    31807,
    31909,
    31746,
    31864,
    31927,
    31886
  ],
  "gt_is_zero_spatial": false,
  "mse_per_dim": [
    4.094691985926471e-06,
    9.039312301229239e-06,
    5.81339638307265e-06,
    0.002922600895296547,
    1.1843299247723983e-06,
    0.0044902472671313485,
    0.0128326416015625
  ],
  "mse_mean": 0.0028950887849407713,
  "mse_spatial": 0.0012388299821704826,
  "mse_gripper": 0.0128326416015625,
  "mse_per_dim_names": [
    "x",
    "y",
    "z",
    "roll",
    "pitch",
    "yaw",
    "gripper"
  ],
  "grounding": {
    "nouns": [
      "fork",
      "pot"
    ],
    "num_boxes": 1,
    "num_patches": 10,
    "patch_coverage": 0.0390625
  }
}