{
  "episode_id": 15,
  "step_id": 76,
  "instruction": "sweep into pile",
  "condition": "sam_var_obj_laysel",
  "condition_desc": "VAR(p=0.6,rho=0.5) + obj_redirect + L8-24 + SAM2",
  "predicted_action": [
    0.008814633483998458,
    -0.016065136498364184,
    0.009751372427417655,
    -0.025898424964980314,
    -0.016487093567266145,
    -0.047435316058108634,
    -0.00390625
  ],
  "ground_truth_action": [
    0.0023069707676768303,
    -0.027480849996209145,
    0.01365575473755598,
    0.04157530888915062,
    -0.025006309151649475,
    -0.07839246094226837,
    0.0
  ],
  "action_token_ids": [
    31831,
    31920,
    31861,
    31913,
    31885,
    31900,
    31872
  ],
  "gt_is_zero_spatial": false,
  "mse_per_dim": [
    4.234967402940259e-05,
    0.00013031851466487962,
    1.5244201223721091e-05,
    0.004552704760218095,
    7.25770341731998e-05,
    0.0009583448193788574,
    1.52587890625e-05
  ],
  "mse_mean": 0.0008266853989643794,
  "mse_spatial": 0.0009619231672813593,
  "mse_gripper": 1.52587890625e-05,
  "mse_per_dim_names": [
    "x",
    "y",
    "z",
    "roll",
    "pitch",
    "yaw",
    "gripper"
  ],
  "grounding": {
    "nouns": [
      "pile"
    ],
    "num_boxes": 0,
    "num_patches": 0,
    "patch_coverage": 0.0
  }
}