{
  "episode_id": 19,
  "step_id": 8,
  "instruction": "",
  "condition": "sam_var_obj_laysel",
  "condition_desc": "VAR(p=0.6,rho=0.5) + obj_redirect + L8-24 + SAM2",
  "predicted_action": [
    0.002799019613303224,
    0.02037681361340212,
    0.010527803428267351,
    0.0313505498477023,
    -0.014485349422902818,
    0.05531681114225637,
    0.99609375
  ],
  "ground_truth_action": [
    -0.0002812689053826034,
    -0.00394414970651269,
    -0.0071333241648972034,
    -0.016601353883743286,
    0.004917697049677372,
    0.06950859725475311,
    1.0
  ],
  "action_token_ids": [
    31858,
    31807,
    31858,
    31823,
    31882,
    31836,
    31744
  ],
  "gt_is_zero_spatial": false,
  "mse_per_dim": [
    9.48817735834773e-06,
    0.0005915092568086417,
    0.0003119154278620384,
    0.0022993850714698254,
    0.00037647821241710655,
    0.0002014067930628555,
    1.52587890625e-05
  ],
  "mse_mean": 0.0005436345325773307,
  "mse_spatial": 0.0006316971564964692,
  "mse_gripper": 1.52587890625e-05,
  "mse_per_dim_names": [
    "x",
    "y",
    "z",
    "roll",
    "pitch",
    "yaw",
    "gripper"
  ],
  "grounding": {
    "nouns": [],
    "num_boxes": 0,
    "num_patches": 0,
    "patch_coverage": 0.0
  }
}