{
  "episode_id": 13,
  "step_id": 34,
  "instruction": "",
  "condition": "sam_var_obj_laysel",
  "condition_desc": "VAR(p=0.6,rho=0.5) + obj_redirect + L8-24 + SAM2",
  "predicted_action": [
    -0.0009885891200974752,
    0.0007046104557229677,
    0.009492562093801091,
    -0.002362735319766343,
    -0.011816357230418392,
    0.011968257479602395,
    -0.00390625
  ],
  "ground_truth_action": [
    0.0015294519253075123,
    -0.001163684413768351,
    -0.01022282987833023,
    -0.00016641995171085,
    0.0070540462620556355,
    -0.03468157723546028,
    0.9931426048278809
  ],
  "action_token_ids": [
    31875,
    31868,
    31862,
    31876,
    31878,
    31863,
    31872
  ],
  "gt_is_zero_spatial": false,
  "mse_per_dim": [
    6.340530706344242e-06,
    3.4905257193675836e-06,
    0.0003886966806147802,
    4.823801195956736e-06,
    0.000356092127968776,
    0.002176207078942667,
    0.9941064189135886
  ],
  "mse_mean": 0.1424345813798195,
  "mse_spatial": 0.0004892751241913153,
  "mse_gripper": 0.9941064189135886,
  "mse_per_dim_names": [
    "x",
    "y",
    "z",
    "roll",
    "pitch",
    "yaw",
    "gripper"
  ],
  "grounding": {
    "nouns": [],
    "num_boxes": 0,
    "num_patches": 0,
    "patch_coverage": 0.0
  }
}