{
  "episode_id": 16,
  "step_id": 22,
  "instruction": "move the pan to the left side of the stove",
  "condition": "sam_var_obj_laysel",
  "condition_desc": "VAR(p=0.6,rho=0.5) + obj_redirect + L8-24 + SAM2",
  "predicted_action": [
    -0.024605443575419488,
    -0.0018753506141365936,
    0.015445199766982106,
    0.04216424509009792,
    0.051572207341087015,
    0.1933899820677469,
    0.92578125
  ],
  "ground_truth_action": [
    -0.017750170081853867,
    -0.0030736192129552364,
    -0.005717771593481302,
    0.03779774159193039,
    0.050124641507864,
    0.09804752469062805,
    1.0
  ],
  "action_token_ids": [
    31981,
    31876,
    31839,
    31806,
    31783,
    31750,
    31753
  ],
  "gt_is_zero_spatial": false,
  "mse_per_dim": [
    4.6994774671583396e-05,
    1.4358476349147935e-06,
    0.00044787135680379443,
    1.9066352799509266e-05,
    2.0954468415146452e-06,
    0.009090184178707725,
    0.0055084228515625
  ],
  "mse_mean": 0.0021594386870030773,
  "mse_spatial": 0.0016012746595765069,
  "mse_gripper": 0.0055084228515625,
  "mse_per_dim_names": [
    "x",
    "y",
    "z",
    "roll",
    "pitch",
    "yaw",
    "gripper"
  ],
  "grounding": {
    "nouns": [
      "pan",
      "stove"
    ],
    "num_boxes": 2,
    "num_patches": 49,
    "patch_coverage": 0.19140625
  }
}