{
  "episode_id": 12,
  "step_id": 31,
  "instruction": "",
  "condition": "sam_var_obj_laysel",
  "condition_desc": "VAR(p=0.6,rho=0.5) + obj_redirect + L8-24 + SAM2",
  "predicted_action": [
    -0.021486236383207145,
    -0.010582719224912614,
    -0.0073301095912756895,
    -0.004271034480189104,
    -0.037171783059020545,
    -0.020141782270511693,
    -0.05859375
  ],
  "ground_truth_action": [
    0.006085352506488562,
    0.00141059048473835,
    -0.016428973525762558,
    0.001377249020151794,
    0.00633259816095233,
    0.03520991653203964,
    -0.010532221756875515
  ],
  "action_token_ids": [
    31967,
    31903,
    31927,
    31879,
    31916,
    31883,
    31879
  ],
  "gt_is_zero_spatial": false,
  "mse_per_dim": [
    0.0007601925139023917,
    0.00014383947779160808,
    8.278932489830586e-05,
    3.190310650022322e-05,
    0.0018926311853327286,
    0.003063810560328363,
    0.0023099104970646525
  ],
  "mse_mean": 0.0011835823808311818,
  "mse_spatial": 0.0009958610281256034,
  "mse_gripper": 0.0023099104970646525,
  "mse_per_dim_names": [
    "x",
    "y",
    "z",
    "roll",
    "pitch",
    "yaw",
    "gripper"
  ],
  "grounding": {
    "nouns": [],
    "num_boxes": 0,
    "num_patches": 0,
    "patch_coverage": 0.0
  }
}