{
  "episode_id": 13,
  "step_id": 8,
  "instruction": "",
  "condition": "sam_var_obj_laysel",
  "condition_desc": "VAR(p=0.6,rho=0.5) + obj_redirect + L8-24 + SAM2",
  "predicted_action": [
    -0.0032165942573920032,
    0.009411979066498988,
    0.002763493419770377,
    0.05170574089221168,
    -0.003809380652965072,
    0.016784763442119516,
    -0.36328125
  ],
  "ground_truth_action": [
    0.0080203115940094,
    -0.010482171550393105,
    -0.014975475147366524,
    0.02100442722439766,
    0.039110392332077026,
    -0.18172721564769745,
    0.9992195963859558
  ],
  "action_token_ids": [
    31885,
    31841,
    31888,
    31791,
    31866,
    31860,
    31918
  ],
  "gt_is_zero_spatial": false,
  "mse_per_dim": [
    0.0001262680531132591,
    0.00039577722876758803,
    0.00031467100582587096,
    0.0009425706609295039,
    0.0018421069130875496,
    0.03940700584215593,
    1.856408556402446
  ],
  "mse_mean": 0.27134813658661794,
  "mse_spatial": 0.007171399950646616,
  "mse_gripper": 1.856408556402446,
  "mse_per_dim_names": [
    "x",
    "y",
    "z",
    "roll",
    "pitch",
    "yaw",
    "gripper"
  ],
  "grounding": {
    "nouns": [],
    "num_boxes": 0,
    "num_patches": 0,
    "patch_coverage": 0.0
  }
}