{
  "episode_id": 15,
  "step_id": 21,
  "instruction": "sweep into pile",
  "condition": "sam_var_obj_laysel",
  "condition_desc": "VAR(p=0.6,rho=0.5) + obj_redirect + L8-24 + SAM2",
  "predicted_action": [
    0.003244620640762131,
    -0.002520340881601489,
    -0.0037067649206437674,
    -0.008087632801034611,
    0.004864843972609348,
    0.0007297435670624575,
    0.03515625
  ],
  "ground_truth_action": [
    0.002429777989163995,
    -0.002915311139076948,
    -0.008952024392783642,
    0.013329066336154938,
    0.006711080204695463,
    -0.008326319977641106,
    0.0
  ],
  "action_token_ids": [
    31856,
    31878,
    31913,
    31885,
    31853,
    31870,
    31867
  ],
  "gt_is_zero_spatial": false,
  "mse_per_dim": [
    6.639685468634816e-07,
    1.560015042902304e-07,
    2.7512746930073073e-05,
    0.00045867500193289554,
    3.4085882246675364e-06,
    8.201228692570886e-05,
    0.0012359619140625
  ],
  "mse_mean": 0.00025834150116099984,
  "mse_spatial": 9.540476567741647e-05,
  "mse_gripper": 0.0012359619140625,
  "mse_per_dim_names": [
    "x",
    "y",
    "z",
    "roll",
    "pitch",
    "yaw",
    "gripper"
  ],
  "grounding": {
    "nouns": [
      "pile"
    ],
    "num_boxes": 0,
    "num_patches": 0,
    "patch_coverage": 0.0
  }
}