{
  "episode_id": 13,
  "step_id": 12,
  "instruction": "",
  "condition": "sam_var_obj_laysel",
  "condition_desc": "VAR(p=0.6,rho=0.5) + obj_redirect + L8-24 + SAM2",
  "predicted_action": [
    -0.005221798880957081,
    0.001994590990652745,
    0.012857096430816447,
    0.0052704613219246715,
    -0.02849755843344612,
    0.007151751517085275,
    -0.00390625
  ],
  "ground_truth_action": [
    -0.002804186660796404,
    0.0006317351362667978,
    -0.006540144328027964,
    -0.02267375960946083,
    -0.0004948437563143671,
    0.17498832941055298,
    0.008876248262822628
  ],
  "action_token_ids": [
    31894,
    31864,
    31849,
    31864,
    31903,
    31866,
    31872
  ],
  "gt_is_zero_spatial": false,
  "mse_per_dim": [
    5.8448488470702396e-06,
    1.8573760798340496e-06,
    0.0003762529490565749,
    0.0007808794834620836,
    0.00078415202928885,
    0.028169116878990052,
    0.0001633922618390635
  ],
  "mse_mean": 0.004325927975366218,
  "mse_spatial": 0.005019683927620744,
  "mse_gripper": 0.0001633922618390635,
  "mse_per_dim_names": [
    "x",
    "y",
    "z",
    "roll",
    "pitch",
    "yaw",
    "gripper"
  ],
  "grounding": {
    "nouns": [],
    "num_boxes": 0,
    "num_patches": 0,
    "patch_coverage": 0.0
  }
}