{
  "episode_id": 11,
  "step_id": 22,
  "instruction": "bmbfbbfgjjg",
  "condition": "sam_var_obj_laysel",
  "condition_desc": "VAR(p=0.6,rho=0.5) + obj_redirect + L8-24 + SAM2",
  "predicted_action": [
    -0.008786607100628327,
    -0.0018753506141365936,
    0.002763493419770377,
    0.028170051246997715,
    0.03288926199369595,
    -0.02816929220804021,
    -0.00390625
  ],
  "ground_truth_action": [
    0.0011786037357524037,
    0.00047694594832137227,
    0.0041753919795155525,
    0.010812195017933846,
    0.007919728755950928,
    2.6738373435364338e-06,
    0.20586100220680237
  ],
  "action_token_ids": [
    31910,
    31876,
    31888,
    31828,
    31811,
    31888,
    31872
  ],
  "gt_is_zero_spatial": false,
  "mse_per_dim": [
    9.930542701351995e-05,
    5.533299117751563e-06,
    1.993457543010501e-06,
    0.0003012951728688514,
    0.0006234775901108533,
    0.0007936596708622547,
    0.04400230009839223
  ],
  "mse_mean": 0.006546794959415496,
  "mse_spatial": 0.0003042107695860402,
  "mse_gripper": 0.04400230009839223,
  "mse_per_dim_names": [
    "x",
    "y",
    "z",
    "roll",
    "pitch",
    "yaw",
    "gripper"
  ],
  "grounding": {
    "nouns": [],
    "num_boxes": 0,
    "num_patches": 0,
    "patch_coverage": 0.0
  }
}