{
  "episode_id": 19,
  "step_id": 17,
  "instruction": "",
  "condition": "sam_var_obj_laysel",
  "condition_desc": "VAR(p=0.6,rho=0.5) + obj_redirect + L8-24 + SAM2",
  "predicted_action": [
    -0.004107796312309817,
    -0.0034878262827988185,
    0.0006930107508378511,
    0.014811957124038433,
    0.052239455389208114,
    -0.004086762395454635,
    -0.00390625
  ],
  "ground_truth_action": [
    -0.004478598944842815,
    0.009677751921117306,
    0.007115679793059826,
    0.032245934009552,
    -0.01735823228955269,
    0.02205713279545307,
    -0.005105898249894381
  ],
  "action_token_ids": [
    31889,
    31881,
    31896,
    31849,
    31782,
    31873,
    31872
  ],
  "gt_is_zero_spatial": false,
  "mse_per_dim": [
    1.3749459229340166e-07,
    0.0001733324494434313,
    4.125067762591654e-05,
    0.0003039435500446214,
    0.004843838130230333,
    0.0006835032557531671,
    1.4391559234746502e-06
  ],
  "mse_mean": 0.0008639206733733196,
  "mse_spatial": 0.0010076675929482938,
  "mse_gripper": 1.4391559234746502e-06,
  "mse_per_dim_names": [
    "x",
    "y",
    "z",
    "roll",
    "pitch",
    "yaw",
    "gripper"
  ],
  "grounding": {
    "nouns": [],
    "num_boxes": 0,
    "num_patches": 0,
    "patch_coverage": 0.0
  }
}