{
  "episode_id": 12,
  "step_id": 43,
  "instruction": "",
  "condition": "sam_var_obj_laysel",
  "condition_desc": "VAR(p=0.6,rho=0.5) + obj_redirect + L8-24 + SAM2",
  "predicted_action": [
    -0.008563806586898877,
    -0.0002628749454743687,
    -0.0024127132525609413,
    0.04025594592967516,
    -0.057189224502653825,
    0.00394074754207388,
    0.99609375
  ],
  "ground_truth_action": [
    0.003691571531817317,
    -0.003546059364452958,
    0.0029409995768219233,
    -0.0007235481753014028,
    -0.0056394473649561405,
    -0.01182137057185173,
    1.0
  ],
  "action_token_ids": [
    31909,
    31871,
    31908,
    31809,
    31946,
    31868,
    31744
  ],
  "gt_is_zero_spatial": false,
  "mse_per_dim": [
    0.0001501942928327077,
    1.0779299929023777e-05,
    2.8662241059498678e-05,
    0.0016793189370998087,
    0.0026573795229462988,
    0.00024844436743734185,
    1.52587890625e-05
  ],
  "mse_mean": 0.0006842910643381685,
  "mse_spatial": 0.00079579644355078,
  "mse_gripper": 1.52587890625e-05,
  "mse_per_dim_names": [
    "x",
    "y",
    "z",
    "roll",
    "pitch",
    "yaw",
    "gripper"
  ],
  "grounding": {
    "nouns": [],
    "num_boxes": 0,
    "num_patches": 0,
    "patch_coverage": 0.0
  }
}