{
  "episode_id": 19,
  "step_id": 16,
  "instruction": "",
  "condition": "sam_var_obj_laysel",
  "condition_desc": "VAR(p=0.6,rho=0.5) + obj_redirect + L8-24 + SAM2",
  "predicted_action": [
    -0.0012113896338269287,
    -0.001230360346671705,
    -0.0003422305836284119,
    -0.007451533080893691,
    -0.001140388460480632,
    -0.00569226438296036,
    -0.01953125
  ],
  "ground_truth_action": [
    0.004732069093734026,
    -0.00028361534350551665,
    -0.014369356445968151,
    0.03490420803427696,
    -0.0013798677828162909,
    0.17917832732200623,
    -0.003992469981312752
  ],
  "action_token_ids": [
    31876,
    31874,
    31900,
    31884,
    31862,
    31874,
    31874
  ],
  "gt_is_zero_spatial": false,
  "mse_per_dim": [
    3.5324701646220484e-05,
    8.963261010201461e-07,
    0.00019676025995792038,
    0.0017940088054153578,
    5.735034582634643e-08,
    0.03417713567734446,
    0.00024145368446915408
  ],
  "mse_mean": 0.005206519543611422,
  "mse_spatial": 0.006034030520135135,
  "mse_gripper": 0.00024145368446915408,
  "mse_per_dim_names": [
    "x",
    "y",
    "z",
    "roll",
    "pitch",
    "yaw",
    "gripper"
  ],
  "grounding": {
    "nouns": [],
    "num_boxes": 0,
    "num_patches": 0,
    "patch_coverage": 0.0
  }
}