{
  "episode_id": 14,
  "step_id": 21,
  "instruction": "move the silver pot to the lower right burner",
  "condition": "sam_var_obj_laysel",
  "condition_desc": "VAR(p=0.6,rho=0.5) + obj_redirect + L8-24 + SAM2",
  "predicted_action": [
    0.0014622165309265064,
    0.0007046104557229677,
    -8.342025001184528e-05,
    0.015448056844179353,
    0.0001941076357615812,
    -0.008903268357971755,
    -0.00390625
  ],
  "ground_truth_action": [
    -0.004772851709276438,
    -0.0016883154166862369,
    0.006022168789058924,
    0.017502393573522568,
    -0.02302546426653862,
    0.014364895410835743,
    0.0
  ],
  "action_token_ids": [
    31864,
    31868,
    31899,
    31848,
    31860,
    31876,
    31872
  ],
  "gt_is_zero_spatial": false,
  "mse_per_dim": [
    3.887607595998744e-05,
    5.726094230845352e-06,
    3.7278217514021115e-05,
    4.220299397528576e-06,
    0.000539148519326089,
    0.000541407445172046,
    1.52587890625e-05
  ],
  "mse_mean": 0.00016884506295185961,
  "mse_spatial": 0.0001944427752667529,
  "mse_gripper": 1.52587890625e-05,
  "mse_per_dim_names": [
    "x",
    "y",
    "z",
    "roll",
    "pitch",
    "yaw",
    "gripper"
  ],
  "grounding": {
    "nouns": [
      "pot",
      "burner"
    ],
    "num_boxes": 2,
    "num_patches": 42,
    "patch_coverage": 0.1640625
  }
}