{
  "episode_id": 13,
  "step_id": 39,
  "instruction": "",
  "condition": "sam_var_obj_laysel",
  "condition_desc": "VAR(p=0.6,rho=0.5) + obj_redirect + L8-24 + SAM2",
  "predicted_action": [
    0.004135822695679945,
    0.004252056926779865,
    -0.0003422305836284119,
    0.0052704613219246715,
    -0.013818101374781719,
    0.011968257479602395,
    0.12109375
  ],
  "ground_truth_action": [
    0.008154747076332569,
    -0.005654124543070793,
    -0.0025068882387131453,
    -0.0020520673133432865,
    0.0003577085444703698,
    0.06643799692392349,
    0.9957494735717773
  ],
  "action_token_ids": [
    31852,
    31857,
    31900,
    31864,
    31881,
    31863,
    31856
  ],
  "gt_is_zero_spatial": false,
  "mse_per_dim": [
    1.615175317740408e-05,
    9.813243131361255e-05,
    4.685742763716936e-06,
    5.361942561431922e-05,
    0.0002009535868667659,
    0.0029669525151322295,
    0.7650226347768694
  ],
  "mse_mean": 0.10976616146167677,
  "mse_spatial": 0.0005567492424780081,
  "mse_gripper": 0.7650226347768694,
  "mse_per_dim_names": [
    "x",
    "y",
    "z",
    "roll",
    "pitch",
    "yaw",
    "gripper"
  ],
  "grounding": {
    "nouns": [],
    "num_boxes": 0,
    "num_patches": 0,
    "patch_coverage": 0.0
  }
}