{
  "episode_id": 17,
  "step_id": 15,
  "instruction": "",
  "condition": "sam_var_obj_laysel",
  "condition_desc": "VAR(p=0.6,rho=0.5) + obj_redirect + L8-24 + SAM2",
  "predicted_action": [
    -0.0027709932299330997,
    -0.0018753506141365936,
    -8.342025001184528e-05,
    0.006542660762206512,
    0.0008613556838826947,
    -0.008903268357971755,
    -0.00390625
  ],
  "ground_truth_action": [
    -0.005250252783298492,
    -0.002408410422503948,
    -0.0014402390224859118,
    0.0440671369433403,
    -0.009425465017557144,
    -0.023910759016871452,
    0.0
  ],
  "action_token_ids": [
    31883,
    31876,
    31899,
    31862,
    31859,
    31876,
    31872
  ],
  "gt_is_zero_spatial": false,
  "mse_per_dim": [
    6.146727932953567e-06,
    2.841527592966408e-07,
    1.8409571813380329e-06,
    0.001408086312668477,
    0.00010581868014357122,
    0.00022522477587696166,
    1.52587890625e-05
  ],
  "mse_mean": 0.0002518086279464426,
  "mse_spatial": 0.00029123360109376635,
  "mse_gripper": 1.52587890625e-05,
  "mse_per_dim_names": [
    "x",
    "y",
    "z",
    "roll",
    "pitch",
    "yaw",
    "gripper"
  ],
  "grounding": {
    "nouns": [],
    "num_boxes": 0,
    "num_patches": 0,
    "patch_coverage": 0.0
  }
}