{
  "episode_id": 19,
  "step_id": 45,
  "instruction": "",
  "condition": "sam_var_obj_laysel",
  "condition_desc": "VAR(p=0.6,rho=0.5) + obj_redirect + L8-24 + SAM2",
  "predicted_action": [
    -0.0016569906612858322,
    0.0026395812581176334,
    -0.007847730258508823,
    0.003362162161501911,
    -0.0004731404123595323,
    0.010362755492096698,
    0.10546875
  ],
  "ground_truth_action": [
    -0.00038612884236499667,
    -0.0002593114331830293,
    0.0018251960864290595,
    0.004556370433419943,
    0.02367182821035385,
    0.1346113234758377,
    0.9986451268196106
  ],
  "action_token_ids": [
    31878,
    31862,
    31929,
    31867,
    31861,
    31864,
    31858
  ],
  "gt_is_zero_spatial": false,
  "mse_per_dim": [
    1.6150897627907746e-06,
    8.403578835676399e-06,
    9.356550407459333e-05,
    1.426133396717452e-06,
    0.0005829795097918139,
    0.015437706646010312,
    0.797764040108607
  ],
  "mse_mean": 0.11626996236721128,
  "mse_spatial": 0.0026876160769786508,
  "mse_gripper": 0.797764040108607,
  "mse_per_dim_names": [
    "x",
    "y",
    "z",
    "roll",
    "pitch",
    "yaw",
    "gripper"
  ],
  "grounding": {
    "nouns": [],
    "num_boxes": 0,
    "num_patches": 0,
    "patch_coverage": 0.0
  }
}