{
  "episode_id": 13,
  "step_id": 36,
  "instruction": "",
  "condition": "sam_var_obj_laysel",
  "condition_desc": "VAR(p=0.6,rho=0.5) + obj_redirect + L8-24 + SAM2",
  "predicted_action": [
    0.003021820127032681,
    0.0010271055894554085,
    0.008457320759334825,
    -0.020173527483712053,
    -0.031833798674051665,
    0.023206771392142306,
    -0.01953125
  ],
  "ground_truth_action": [
    0.005501575767993927,
    -0.0018921250011771917,
    -0.008851755410432816,
    -0.01287259440869093,
    -0.011167896911501884,
    -0.10420726984739304,
    0.9990261793136597
  ],
  "action_token_ids": [
    31857,
    31867,
    31866,
    31904,
    31908,
    31856,
    31874
  ],
  "gt_is_zero_spatial": false,
  "mse_per_dim": [
    6.14918803887912e-06,
    8.52190724128516e-06,
    0.000299604117850818,
    5.33036237659374e-05,
    0.00042707949565935814,
    0.01623433790499001,
    1.0374592368100508
  ],
  "mse_mean": 0.15064117614965672,
  "mse_spatial": 0.0028381660395910484,
  "mse_gripper": 1.0374592368100508,
  "mse_per_dim_names": [
    "x",
    "y",
    "z",
    "roll",
    "pitch",
    "yaw",
    "gripper"
  ],
  "grounding": {
    "nouns": [],
    "num_boxes": 0,
    "num_patches": 0,
    "patch_coverage": 0.0
  }
}