{
  "episode_id": 12,
  "step_id": 40,
  "instruction": "",
  "condition": "sam_var_obj_laysel",
  "condition_desc": "VAR(p=0.6,rho=0.5) + obj_redirect + L8-24 + SAM2",
  "predicted_action": [
    -0.004330596826039271,
    -0.016065136498364184,
    -0.0024127132525609413,
    0.014811957124038433,
    -0.015152597471023932,
    -0.06188483394565997,
    -0.06640625
  ],
  "ground_truth_action": [
    0.013136149384081364,
    -0.01337199006229639,
    -0.01290785800665617,
    -0.006970003247261047,
    0.005530478898435831,
    0.005563057493418455,
    1.0
  ],
  "action_token_ids": [
    31890,
    31920,
    31908,
    31849,
    31883,
    31909,
    31880
  ],
  "gt_is_zero_spatial": false,
  "mse_per_dim": [
    0.0003050872231687635,
    7.253037726104657e-06,
    0.0001101480634094126,
    0.00047445379761686097,
    0.00042778964810490485,
    0.004549218059577708,
    1.1372222900390625
  ],
  "mse_mean": 0.16329946283838087,
  "mse_spatial": 0.0009789916382672923,
  "mse_gripper": 1.1372222900390625,
  "mse_per_dim_names": [
    "x",
    "y",
    "z",
    "roll",
    "pitch",
    "yaw",
    "gripper"
  ],
  "grounding": {
    "nouns": [],
    "num_boxes": 0,
    "num_patches": 0,
    "patch_coverage": 0.0
  }
}