{
  "episode_id": 15,
  "step_id": 56,
  "instruction": "sweep into pile",
  "condition": "sam_var_obj_laysel",
  "condition_desc": "VAR(p=0.6,rho=0.5) + obj_redirect + L8-24 + SAM2",
  "predicted_action": [
    -0.0016569906612858322,
    -0.04154225206322735,
    -0.008365350925741952,
    -0.04434531684906694,
    0.03822724637866483,
    -0.0747288498457056,
    -0.18359375
  ],
  "ground_truth_action": [
    0.0065065245144069195,
    -0.06393537670373917,
    -0.00873578991740942,
    -0.04353281483054161,
    0.02946510910987854,
    -0.05007695406675339,
    0.0
  ],
  "action_token_ids": [
    31878,
    31999,
    31931,
    31942,
    31803,
    31917,
    31895
  ],
  "gt_is_zero_spatial": false,
  "mse_per_dim": [
    6.664298002376586e-05,
    0.0005014520311654975,
    1.3722504654761013e-07,
    6.601595301077304e-07,
    7.677504951705363e-05,
    0.0006077159654963221,
    0.0337066650390625
  ],
  "mse_mean": 0.004994292635691685,
  "mse_spatial": 0.00020889723512988238,
  "mse_gripper": 0.0337066650390625,
  "mse_per_dim_names": [
    "x",
    "y",
    "z",
    "roll",
    "pitch",
    "yaw",
    "gripper"
  ],
  "grounding": {
    "nouns": [
      "pile"
    ],
    "num_boxes": 1,
    "num_patches": 5,
    "patch_coverage": 0.01953125
  }
}