{
  "episode_id": 19,
  "step_id": 14,
  "instruction": "",
  "condition": "sam_var_obj_laysel",
  "condition_desc": "VAR(p=0.6,rho=0.5) + obj_redirect + L8-24 + SAM2",
  "predicted_action": [
    -0.0016569906612858322,
    0.00908948393276654,
    -0.001895092585327808,
    0.003998261881642831,
    0.004864843972609348,
    0.02481227337964803,
    -0.00390625
  ],
  "ground_truth_action": [
    0.005417296197265387,
    -0.0009475726983509958,
    0.0014807559782639146,
    0.0016213360941037536,
    -0.0006864173337817192,
    0.18982824683189392,
    -0.00018201347847934812
  ],
  "action_token_ids": [
    31878,
    31842,
    31906,
    31866,
    31853,
    31855,
    31872
  ],
  "gt_is_zero_spatial": false,
  "mse_per_dim": [
    5.004553455707047e-05,
    0.00010074250581626049,
    1.1396353524304297e-05,
    5.649776199468264e-06,
    3.081650209183466e-05,
    0.02723027149439232,
    1.3869937668228245e-05
  ],
  "mse_mean": 0.003920398872035641,
  "mse_spatial": 0.004571487027763543,
  "mse_gripper": 1.3869937668228245e-05,
  "mse_per_dim_names": [
    "x",
    "y",
    "z",
    "roll",
    "pitch",
    "yaw",
    "gripper"
  ],
  "grounding": {
    "nouns": [],
    "num_boxes": 0,
    "num_patches": 0,
    "patch_coverage": 0.0
  }
}