{
  "episode_id": 17,
  "step_id": 31,
  "instruction": "",
  "condition": "sam_var_obj_laysel",
  "condition_desc": "VAR(p=0.6,rho=0.5) + obj_redirect + L8-24 + SAM2",
  "predicted_action": [
    0.004358623209409395,
    -0.005745292218925939,
    -0.0037067649206437674,
    0.012267558243474766,
    0.023547789320000415,
    0.013573759467108093,
    -0.02734375
  ],
  "ground_truth_action": [
    0.0026193223893642426,
    0.0005276006413623691,
    -0.013464503921568394,
    0.017200954258441925,
    0.036878664046525955,
    -0.0036157588474452496,
    0.0
  ],
  "action_token_ids": [
    31851,
    31888,
    31913,
    31853,
    31825,
    31862,
    31875
  ],
  "gt_is_zero_spatial": false,
  "mse_per_dim": [
    3.02516734260974e-06,
    3.934918483665603e-05,
    9.521347041016553e-05,
    2.4338396240493846e-05,
    0.0001777122209743174,
    0.0002954795398863648,
    0.0007476806640625
  ],
  "mse_mean": 0.00019754266339330105,
  "mse_spatial": 0.00010585299661510124,
  "mse_gripper": 0.0007476806640625,
  "mse_per_dim_names": [
    "x",
    "y",
    "z",
    "roll",
    "pitch",
    "yaw",
    "gripper"
  ],
  "grounding": {
    "nouns": [],
    "num_boxes": 0,
    "num_patches": 0,
    "patch_coverage": 0.0
  }
}