{
  "episode_id": 11,
  "step_id": 35,
  "instruction": "bmbfbbfgjjg",
  "condition": "sam_var_obj_laysel",
  "condition_desc": "VAR(p=0.6,rho=0.5) + obj_redirect + L8-24 + SAM2",
  "predicted_action": [
    0.0023534185858443205,
    -0.00510030195146105,
    0.004833976088702903,
    0.027533951526856795,
    0.009535580309457115,
    -0.026563790220534483,
    -0.05078125
  ],
  "ground_truth_action": [
    -0.009980002418160439,
    0.011282647028565407,
    0.005799154285341501,
    0.03818928450345993,
    0.04890356957912445,
    -0.00840124674141407,
    1.0
  ],
  "action_token_ids": [
    31860,
    31886,
    31880,
    31829,
    31846,
    31887,
    31878
  ],
  "gt_is_zero_spatial": false,
  "mse_per_dim": [
    0.00015211327366202576,
    0.0002684010172821499,
    9.315689512665367e-07,
    0.00011353612084228623,
    0.0015498385791366425,
    0.00032987798563093945,
    1.1041412353515625
  ],
  "mse_mean": 0.15807941912815254,
  "mse_spatial": 0.00040244975758421843,
  "mse_gripper": 1.1041412353515625,
  "mse_per_dim_names": [
    "x",
    "y",
    "z",
    "roll",
    "pitch",
    "yaw",
    "gripper"
  ],
  "grounding": {
    "nouns": [],
    "num_boxes": 0,
    "num_patches": 0,
    "patch_coverage": 0.0
  }
}