{
  "episode_id": 21,
  "step_id": 1,
  "instruction": "moved the green object and put it on the table",
  "condition": "sam_var_obj_laysel",
  "condition_desc": "VAR(p=0.6,rho=0.5) + obj_redirect + L8-24 + SAM2",
  "predicted_action": [
    -0.0005429880926385681,
    -0.0009078652129392573,
    -0.01302393693084014,
    -0.010632031681598278,
    0.03822724637866483,
    -0.00087575842044324,
    -0.14453125
  ],
  "ground_truth_action": [
    -0.006720727309584618,
    -0.01812935434281826,
    -0.015175044536590576,
    -0.02743462473154068,
    0.005603067576885223,
    -0.06488227844238281,
    1.0
  ],
  "action_token_ids": [
    31873,
    31873,
    31949,
    31889,
    31803,
    31871,
    31890
  ],
  "gt_is_zero_spatial": false,
  "mse_per_dim": [
    3.816446183259319e-05,
    0.0002965796878505407,
    4.627263931517377e-06,
    0.0002823271332019727,
    0.0010643370424904858,
    0.004096834605318952,
    1.3099517822265625
  ],
  "mse_mean": 0.18796209320302695,
  "mse_spatial": 0.0009638116991043436,
  "mse_gripper": 1.3099517822265625,
  "mse_per_dim_names": [
    "x",
    "y",
    "z",
    "roll",
    "pitch",
    "yaw",
    "gripper"
  ],
  "grounding": {
    "nouns": [
      "object",
      "table"
    ],
    "num_boxes": 1,
    "num_patches": 73,
    "patch_coverage": 0.28515625
  }
}