{
  "episode_id": 23,
  "step_id": 28,
  "instruction": "",
  "condition": "sam_var_obj_laysel",
  "condition_desc": "VAR(p=0.6,rho=0.5) + obj_redirect + L8-24 + SAM2",
  "predicted_action": [
    -0.0014341901475563822,
    0.03617907516629194,
    -0.0006010409172449785,
    -0.0029988350399072633,
    -0.0031421326048439585,
    0.05852781511726782,
    -0.00390625
  ],
  "ground_truth_action": [
    -0.0025211067404597998,
    0.021650943905115128,
    0.00022294145310297608,
    0.02172309346497059,
    -0.0017217264976352453,
    -0.030930206179618835,
    0.005061271134763956
  ],
  "action_token_ids": [
    31877,
    31758,
    31901,
    31877,
    31865,
    31834,
    31872
  ],
  "gt_is_zero_spatial": false,
  "mse_per_dim": [
    1.1813876799287737e-06,
    0.00021106659794198286,
    6.789469466442338e-07,
    0.000611173749000292,
    2.0175535093958102e-06,
    0.008002737574354227,
    8.041643530243823e-05
  ],
  "mse_mean": 0.0012727531778192727,
  "mse_spatial": 0.0014714759682387451,
  "mse_gripper": 8.041643530243823e-05,
  "mse_per_dim_names": [
    "x",
    "y",
    "z",
    "roll",
    "pitch",
    "yaw",
    "gripper"
  ],
  "grounding": {
    "nouns": [],
    "num_boxes": 0,
    "num_patches": 0,
    "patch_coverage": 0.0
  }
}