{
  "episode_id": 23,
  "step_id": 26,
  "instruction": "",
  "condition": "sam_var_obj_laysel",
  "condition_desc": "VAR(p=0.6,rho=0.5) + obj_redirect + L8-24 + SAM2",
  "predicted_action": [
    0.004358623209409395,
    -0.017032621899561517,
    -0.00810654059212539,
    -0.03925651908793959,
    -0.014485349422902818,
    -0.010508770345477453,
    -0.00390625
  ],
  "ground_truth_action": [
    -0.0009671430452726781,
    0.022969849407672882,
    0.0004372130206320435,
    0.005941588897258043,
    0.014840560033917427,
    -0.29126325249671936,
    0.002126597333699465
  ],
  "action_token_ids": [
    31851,
    31923,
    31930,
    31934,
    31882,
    31877,
    31872
  ],
  "gt_is_zero_spatial": false,
  "mse_per_dim": [
    2.8363786199510316e-05,
    0.0016001977106861116,
    7.299572579550569e-05,
    0.0020428689654415863,
    0.0008600089654696191,
    0.07882307924801199,
    3.639524695172474e-05
  ],
  "mse_mean": 0.011923415664079437,
  "mse_spatial": 0.01390458573360072,
  "mse_gripper": 3.639524695172474e-05,
  "mse_per_dim_names": [
    "x",
    "y",
    "z",
    "roll",
    "pitch",
    "yaw",
    "gripper"
  ],
  "grounding": {
    "nouns": [],
    "num_boxes": 0,
    "num_patches": 0,
    "patch_coverage": 0.0
  }
}