{
  "episode_id": 29,
  "step_id": 13,
  "instruction": "",
  "condition": "sam_var_obj_laysel",
  "condition_desc": "VAR(p=0.6,rho=0.5) + obj_redirect + L8-24 + SAM2",
  "predicted_action": [
    -0.0012113896338269287,
    -0.0015528554804041528,
    0.030197388783126358,
    -0.011904231121880118,
    -0.03984077525150498,
    0.018390265429625213,
    0.23046875
  ],
  "ground_truth_action": [
    0.0055545479990541935,
    7.757219282211736e-05,
    0.023150039836764336,
    -0.024506039917469025,
    -0.05616070330142975,
    0.016491662710905075,
    0.0
  ],
  "action_token_ids": [
    31876,
    31875,
    31782,
    31891,
    31920,
    31859,
    31842
  ],
  "gt_is_zero_spatial": false,
  "mse_per_dim": [
    4.5777912052037e-05,
    2.658294397622029e-06,
    4.9665127171789903e-05,
    0.00015880558492058192,
    0.0002663400515547213,
    3.6046922835315e-06,
    0.0531158447265625
  ],
  "mse_mean": 0.007663242341277541,
  "mse_spatial": 8.780861039671395e-05,
  "mse_gripper": 0.0531158447265625,
  "mse_per_dim_names": [
    "x",
    "y",
    "z",
    "roll",
    "pitch",
    "yaw",
    "gripper"
  ],
  "grounding": {
    "nouns": [],
    "num_boxes": 0,
    "num_patches": 0,
    "patch_coverage": 0.0
  }
}