{
  "episode_id": 22,
  "step_id": 22,
  "instruction": "",
  "condition": "sam_var_obj_laysel",
  "condition_desc": "VAR(p=0.6,rho=0.5) + obj_redirect + L8-24 + SAM2",
  "predicted_action": [
    -0.0014341901475563822,
    0.01231443527009099,
    -0.020788246939337115,
    0.000817763280938244,
    0.0228805412718793,
    -0.08436186177073983,
    0.25390625
  ],
  "ground_truth_action": [
    0.0042044357396662235,
    -0.06843280047178268,
    0.008634176105260849,
    -0.09582410007715225,
    0.008775058202445507,
    -0.11256285756826401,
    0.0
  ],
  "action_token_ids": [
    31877,
    31832,
    31979,
    31871,
    31826,
    31923,
    31839
  ],
  "gt_is_zero_spatial": false,
  "mse_per_dim": [
    3.1794101896056914e-05,
    0.006520116079953721,
    0.0008656789778152893,
    0.009339649753323834,
    0.0001989646526220834,
    0.0007952961639719763,
    0.0644683837890625
  ],
  "mse_mean": 0.011745697645520779,
  "mse_spatial": 0.0029585832882638267,
  "mse_gripper": 0.0644683837890625,
  "mse_per_dim_names": [
    "x",
    "y",
    "z",
    "roll",
    "pitch",
    "yaw",
    "gripper"
  ],
  "grounding": {
    "nouns": [],
    "num_boxes": 0,
    "num_patches": 0,
    "patch_coverage": 0.0
  }
}