{
  "episode_id": 21,
  "step_id": 18,
  "instruction": "moved the green object and put it on the table",
  "condition": "sam_var_obj_laysel",
  "condition_desc": "VAR(p=0.6,rho=0.5) + obj_redirect + L8-24 + SAM2",
  "predicted_action": [
    0.002576219099573774,
    -0.00510030195146105,
    -0.0011186615844781117,
    -0.016356929162866546,
    -0.009814613086055052,
    0.04247279524221076,
    -0.00390625
  ],
  "ground_truth_action": [
    0.005290639586746693,
    -0.009287988767027855,
    0.00017616334662307054,
    0.009068663232028484,
    0.017728403210639954,
    0.015815289691090584,
    1.0
  ],
  "action_token_ids": [
    31859,
    31886,
    31903,
    31898,
    31875,
    31844,
    31872
  ],
  "gt_is_zero_spatial": false,
  "mse_per_dim": [
    7.368078581184065e-06,
    1.7536720865272046e-05,
    1.6765716022011814e-06,
    0.000646460748631344,
    0.0007586177467200066,
    0.0007106226022080029,
    1.0078277587890625
  ],
  "mse_mean": 0.1442814344653815,
  "mse_spatial": 0.00035704707810133517,
  "mse_gripper": 1.0078277587890625,
  "mse_per_dim_names": [
    "x",
    "y",
    "z",
    "roll",
    "pitch",
    "yaw",
    "gripper"
  ],
  "grounding": {
    "nouns": [
      "object",
      "table"
    ],
    "num_boxes": 1,
    "num_patches": 45,
    "patch_coverage": 0.17578125
  }
}