{
  "episode_id": 26,
  "step_id": 16,
  "instruction": "take out the object from the silver pot and put it on the orange cloth",
  "condition": "sam_var_obj_laysel",
  "condition_desc": "VAR(p=0.6,rho=0.5) + obj_redirect + L8-24 + SAM2",
  "predicted_action": [
    0.001016615503467603,
    -0.005745292218925939,
    0.03951456079332273,
    0.058066738093620854,
    -0.08854988276434596,
    -0.02816929220804021,
    0.13671875
  ],
  "ground_truth_action": [
    -0.009494845755398273,
    -0.006460618227720261,
    0.015250426717102528,
    0.03580312803387642,
    -0.03139500692486763,
    -0.004037951119244099,
    0.0
  ],
  "action_token_ids": [
    31866,
    31888,
    31746,
    31781,
    31993,
    31888,
    31854
  ],
  "gt_is_zero_spatial": false,
  "mse_per_dim": [
    0.0001104908177966382,
    5.11691298857614e-07,
    0.0005887482024687905,
    0.0004956683328923535,
    0.0032666798322261836,
    0.0005823216227438194,
    0.0186920166015625
  ],
  "mse_mean": 0.003390919585855592,
  "mse_spatial": 0.0008407367499044404,
  "mse_gripper": 0.0186920166015625,
  "mse_per_dim_names": [
    "x",
    "y",
    "z",
    "roll",
    "pitch",
    "yaw",
    "gripper"
  ],
  "grounding": {
    "nouns": [
      "object",
      "pot",
      "cloth"
    ],
    "num_boxes": 2,
    "num_patches": 41,
    "patch_coverage": 0.16015625
  }
}