{
  "episode_id": 22,
  "step_id": 3,
  "instruction": "",
  "condition": "sam_var_obj_laysel",
  "condition_desc": "VAR(p=0.6,rho=0.5) + obj_redirect + L8-24 + SAM2",
  "predicted_action": [
    -0.0014341901475563822,
    -0.009292738689982837,
    -0.009400592260208219,
    -0.037348219927516836,
    0.024882285416242628,
    0.028023277354659426,
    0.99609375
  ],
  "ground_truth_action": [
    0.010877871885895729,
    0.03746709227561951,
    -0.00790773332118988,
    0.05886446684598923,
    0.03749547898769379,
    -0.01378902979195118,
    1.0
  ],
  "action_token_ids": [
    31877,
    31899,
    31935,
    31931,
    31823,
    31853,
    31744
  ],
  "gt_is_zero_spatial": false,
  "mse_per_dim": [
    0.00015158687151557295,
    0.002186481791931704,
    2.2286278118069593e-06,
    0.009256881096176787,
    0.00015909265207089685,
    0.0017482690289225044,
    1.52587890625e-05
  ],
  "mse_mean": 0.0019313998367845389,
  "mse_spatial": 0.002250756678071545,
  "mse_gripper": 1.52587890625e-05,
  "mse_per_dim_names": [
    "x",
    "y",
    "z",
    "roll",
    "pitch",
    "yaw",
    "gripper"
  ],
  "grounding": {
    "nouns": [],
    "num_boxes": 0,
    "num_patches": 0,
    "patch_coverage": 0.0
  }
}