{
  "episode_id": 24,
  "step_id": 1,
  "instruction": "",
  "condition": "sam_var_obj_laysel",
  "condition_desc": "VAR(p=0.6,rho=0.5) + obj_redirect + L8-24 + SAM2",
  "predicted_action": [
    0.004581423723138852,
    0.010379464467696317,
    -0.012765126597223574,
    -0.03925651908793959,
    0.040228990523028155,
    0.00394074754207388,
    -0.00390625
  ],
  "ground_truth_action": [
    0.009715457446873188,
    -0.0373539961874485,
    -0.0019219027599319816,
    0.013179569505155087,
    -0.052213095128536224,
    -0.29342132806777954,
    0.06316912174224854
  ],
  "action_token_ids": [
    31850,
    31838,
    31948,
    31934,
    31800,
    31868,
    31872
  ],
  "gt_is_zero_spatial": false,
  "mse_per_dim": [
    2.6358302276441454e-05,
    0.0022784832661162584,
    0.00011757550318560862,
    0.0027495433869428737,
    0.008545539199611166,
    0.08842420401100017,
    0.004499105494360833
  ],
  "mse_mean": 0.015234401309070477,
  "mse_spatial": 0.01702361727818875,
  "mse_gripper": 0.004499105494360833,
  "mse_per_dim_names": [
    "x",
    "y",
    "z",
    "roll",
    "pitch",
    "yaw",
    "gripper"
  ],
  "grounding": {
    "nouns": [],
    "num_boxes": 0,
    "num_patches": 0,
    "patch_coverage": 0.0
  }
}