{
  "episode_id": 27,
  "step_id": 37,
  "instruction": "sweep into pile",
  "condition": "sam_var_obj_laysel",
  "condition_desc": "VAR(p=0.6,rho=0.5) + obj_redirect + L8-24 + SAM2",
  "predicted_action": [
    -0.0012113896338269287,
    -0.010905214358645061,
    -0.0021539029189443747,
    0.010995358803192926,
    0.0015286037320037943,
    -0.013719774320488876,
    -0.06640625
  ],
  "ground_truth_action": [
    -0.0025428852532058954,
    -0.026505379006266594,
    0.0019764909520745277,
    0.010265637189149857,
    -0.007447388488799334,
    -0.0843549594283104,
    0.0
  ],
  "action_token_ids": [
    31876,
    31904,
    31907,
    31855,
    31858,
    31879,
    31880
  ],
  "gt_is_zero_spatial": false,
  "mse_per_dim": [
    1.7728805844253783e-06,
    0.00024336513703290065,
    1.7060153529750514e-05,
    5.324936340016217e-07,
    8.056843634791827e-05,
    0.004989329375216211,
    0.0044097900390625
  ],
  "mse_mean": 0.0013917740736296726,
  "mse_spatial": 0.0008887714127242013,
  "mse_gripper": 0.0044097900390625,
  "mse_per_dim_names": [
    "x",
    "y",
    "z",
    "roll",
    "pitch",
    "yaw",
    "gripper"
  ],
  "grounding": {
    "nouns": [
      "pile"
    ],
    "num_boxes": 1,
    "num_patches": 21,
    "patch_coverage": 0.08203125
  }
}