{
  "episode_id": 24,
  "step_id": 46,
  "instruction": "",
  "condition": "sam_var_obj_laysel",
  "condition_desc": "VAR(p=0.6,rho=0.5) + obj_redirect + L8-24 + SAM2",
  "predicted_action": [
    0.003913022181950488,
    -0.00510030195146105,
    -0.004742006255110034,
    0.03389494872826598,
    0.0028630998282460213,
    -0.00569226438296036,
    -0.08203125
  ],
  "ground_truth_action": [
    0.004650766495615244,
    0.005804758053272963,
    0.009169896133244038,
    -0.012088567018508911,
    0.003735290840268135,
    0.010652254335582256,
    1.0
  ],
  "action_token_ids": [
    31853,
    31886,
    31917,
    31819,
    31856,
    31874,
    31882
  ],
  "gt_is_zero_spatial": false,
  "mse_per_dim": [
    5.442666723446817e-07,
    0.00011892033370684939,
    0.0001935410280630917,
    0.0021144837204338947,
    7.607171614521591e-07,
    0.00026714329214079,
    1.1707916259765625
  ],
  "mse_mean": 0.16764100276210583,
  "mse_spatial": 0.0004492322263630704,
  "mse_gripper": 1.1707916259765625,
  "mse_per_dim_names": [
    "x",
    "y",
    "z",
    "roll",
    "pitch",
    "yaw",
    "gripper"
  ],
  "grounding": {
    "nouns": [],
    "num_boxes": 0,
    "num_patches": 0,
    "patch_coverage": 0.0
  }
}