{
  "episode_id": 23,
  "step_id": 7,
  "instruction": "",
  "condition": "sam_var_obj_laysel",
  "condition_desc": "VAR(p=0.6,rho=0.5) + obj_redirect + L8-24 + SAM2",
  "predicted_action": [
    -0.011905814292840669,
    0.006509522862906979,
    0.00328111408700351,
    -0.06215610901301264,
    0.008868332261336001,
    0.2030229939927811,
    0.13671875
  ],
  "ground_truth_action": [
    0.001173715223558247,
    -0.0071763587184250355,
    0.0037392645608633757,
    -0.011422408744692802,
    0.026733921840786934,
    0.2715420126914978,
    0.9931000471115112
  ],
  "action_token_ids": [
    31924,
    31850,
    31886,
    31970,
    31847,
    31744,
    31854
  ],
  "gt_is_zero_spatial": false,
  "mse_per_dim": [
    0.00017107409237035047,
    0.00018730335465824287,
    2.0990185669801926e-07,
    0.0025739083429157164,
    0.00031917929102138576,
    0.00469485592343509,
    0.7333889260423945
  ],
  "mse_mean": 0.10590506527837885,
  "mse_spatial": 0.0013244218177095805,
  "mse_gripper": 0.7333889260423945,
  "mse_per_dim_names": [
    "x",
    "y",
    "z",
    "roll",
    "pitch",
    "yaw",
    "gripper"
  ],
  "grounding": {
    "nouns": [],
    "num_boxes": 0,
    "num_patches": 0,
    "patch_coverage": 0.0
  }
}