{
  "episode_id": 20,
  "step_id": 7,
  "instruction": "",
  "condition": "sam_var_obj_laysel",
  "condition_desc": "VAR(p=0.6,rho=0.5) + obj_redirect + L8-24 + SAM2",
  "predicted_action": [
    -0.009455008641816687,
    5.962018825807214e-05,
    0.00379873475423664,
    -0.00617933364061185,
    0.0008613556838826947,
    -0.00569226438296036,
    0.99609375
  ],
  "ground_truth_action": [
    0.0013501595240086317,
    -0.004262569360435009,
    -0.012292136438190937,
    -0.007996060885488987,
    0.019225452095270157,
    -0.004938601050525904,
    1.0
  ],
  "action_token_ids": [
    31913,
    31870,
    31884,
    31882,
    31859,
    31874,
    31744
  ],
  "gt_is_zero_spatial": false,
  "mse_per_dim": [
    0.0001167516590917649,
    1.86813224948317e-05,
    0.00025891613573129565,
    3.3004978822788713e-06,
    0.0003372400370067339,
    5.680084186562102e-07,
    1.52587890625e-05
  ],
  "mse_mean": 0.00010724520709829448,
  "mse_spatial": 0.0001225762767709269,
  "mse_gripper": 1.52587890625e-05,
  "mse_per_dim_names": [
    "x",
    "y",
    "z",
    "roll",
    "pitch",
    "yaw",
    "gripper"
  ],
  "grounding": {
    "nouns": [],
    "num_boxes": 0,
    "num_patches": 0,
    "patch_coverage": 0.0
  }
}