{
  "episode_id": 22,
  "step_id": 19,
  "instruction": "",
  "condition": "sam_var_obj_laysel",
  "condition_desc": "VAR(p=0.6,rho=0.5) + obj_redirect + L8-24 + SAM2",
  "predicted_action": [
    0.002130618072114867,
    -0.007357767887588164,
    -0.007588919924892256,
    -0.008087632801034611,
    0.013539068598183768,
    -0.00569226438296036,
    -0.00390625
  ],
  "ground_truth_action": [
    0.01449603121727705,
    -0.01743937097489834,
    0.031683310866355896,
    0.115878164768219,
    -0.059576600790023804,
    -0.00155674759298563,
    0.0
  ],
  "action_token_ids": [
    31861,
    31893,
    31928,
    31885,
    31840,
    31874,
    31872
  ],
  "gt_is_zero_spatial": false,
  "mse_per_dim": [
    0.0001529034422505497,
    0.00010163872081006205,
    0.0015423081113210596,
    0.015367518966981164,
    0.005345901110085673,
    1.7102499120162897e-05,
    1.52587890625e-05
  ],
  "mse_mean": 0.003220375948518739,
  "mse_spatial": 0.0037545621417614454,
  "mse_gripper": 1.52587890625e-05,
  "mse_per_dim_names": [
    "x",
    "y",
    "z",
    "roll",
    "pitch",
    "yaw",
    "gripper"
  ],
  "grounding": {
    "nouns": [],
    "num_boxes": 0,
    "num_patches": 0,
    "patch_coverage": 0.0
  }
}