{
  "episode_id": 27,
  "step_id": 5,
  "instruction": "sweep into pile",
  "condition": "sam_var_obj_laysel",
  "condition_desc": "VAR(p=0.6,rho=0.5) + obj_redirect + L8-24 + SAM2",
  "predicted_action": [
    0.004135822695679945,
    0.001994590990652745,
    0.001728252085304114,
    0.006542660762206512,
    -0.0044766287010861855,
    -0.004086762395454635,
    0.00390625
  ],
  "ground_truth_action": [
    0.004490639548748732,
    0.0029158410616219044,
    0.0001261764846276492,
    0.0009172753198072314,
    0.0038259427528828382,
    0.004496388603001833,
    1.0
  ],
  "action_token_ids": [
    31852,
    31864,
    31892,
    31862,
    31867,
    31873,
    31871
  ],
  "gt_is_zero_spatial": false,
  "mse_per_dim": [
    1.258949992216369e-07,
    8.487016932606815e-07,
    2.5666462302828555e-06,
    3.164496137555775e-05,
    6.893269274826131e-05,
    7.367048106230427e-05,
    0.9922027587890625
  ],
  "mse_mean": 0.14176864973816733,
  "mse_spatial": 2.9631563018148086e-05,
  "mse_gripper": 0.9922027587890625,
  "mse_per_dim_names": [
    "x",
    "y",
    "z",
    "roll",
    "pitch",
    "yaw",
    "gripper"
  ],
  "grounding": {
    "nouns": [
      "pile"
    ],
    "num_boxes": 1,
    "num_patches": 26,
    "patch_coverage": 0.1015625
  }
}