{
  "episode_id": 23,
  "step_id": 45,
  "instruction": "",
  "condition": "sam_var_obj_laysel",
  "condition_desc": "VAR(p=0.6,rho=0.5) + obj_redirect + L8-24 + SAM2",
  "predicted_action": [
    -0.0032165942573920032,
    0.001672095856920304,
    0.01855092377038089,
    0.013539757683756606,
    -0.03517003891465721,
    0.008757253504590973,
    0.99609375
  ],
  "ground_truth_action": [
    0.007474224548786879,
    0.003455081954598427,
    0.0012160759652033448,
    0.009663129225373268,
    -0.023793285712599754,
    -0.021085739135742188,
    0.9933335781097412
  ],
  "action_token_ids": [
    31885,
    31865,
    31827,
    31851,
    31913,
    31865,
    31744
  ],
  "gt_is_zero_spatial": false,
  "mse_per_dim": [
    0.00011429360674654805,
    3.1790394245134606e-06,
    0.0003004969484286688,
    1.5028248204347577e-05,
    0.0001294305134205246,
    0.0008906042097309791,
    7.618548863774777e-06
  ],
  "mse_mean": 0.0002086644449741938,
  "mse_spatial": 0.0002421720943259303,
  "mse_gripper": 7.618548863774777e-06,
  "mse_per_dim_names": [
    "x",
    "y",
    "z",
    "roll",
    "pitch",
    "yaw",
    "gripper"
  ],
  "grounding": {
    "nouns": [],
    "num_boxes": 0,
    "num_patches": 0,
    "patch_coverage": 0.0
  }
}