{
  "episode_id": 26,
  "step_id": 24,
  "instruction": "take out the object from the silver pot and put it on the orange cloth",
  "condition": "sam_var_obj_laysel",
  "condition_desc": "VAR(p=0.6,rho=0.5) + obj_redirect + L8-24 + SAM2",
  "predicted_action": [
    -9.738706517966461e-05,
    -0.0031653311490663777,
    -0.0011186615844781117,
    -0.017629128603148386,
    0.004864843972609348,
    -0.00087575842044324,
    -0.02734375
  ],
  "ground_truth_action": [
    0.002415349707007408,
    -0.0007010409608483315,
    0.006203634664416313,
    -0.004294106736779213,
    -0.01783990114927292,
    -0.009595160372555256,
    1.0
  ],
  "action_token_ids": [
    31871,
    31880,
    31903,
    31900,
    31853,
    31871,
    31875
  ],
  "gt_is_zero_spatial": false,
  "mse_per_dim": [
    6.313846086301109e-06,
    6.072726131747734e-06,
    5.361602235657336e-05,
    0.00017782280817654398,
    0.0005155054510496365,
    7.602797040249483e-05,
    1.0554351806640625
  ],
  "mse_mean": 0.15089579135546655,
  "mse_spatial": 0.00013922647070054958,
  "mse_gripper": 1.0554351806640625,
  "mse_per_dim_names": [
    "x",
    "y",
    "z",
    "roll",
    "pitch",
    "yaw",
    "gripper"
  ],
  "grounding": {
    "nouns": [
      "object",
      "pot",
      "cloth"
    ],
    "num_boxes": 3,
    "num_patches": 58,
    "patch_coverage": 0.2265625
  }
}