{
  "episode_id": 22,
  "step_id": 37,
  "instruction": "",
  "condition": "sam_var_obj_laysel",
  "condition_desc": "VAR(p=0.6,rho=0.5) + obj_redirect + L8-24 + SAM2",
  "predicted_action": [
    -0.0014341901475563822,
    -0.00284283601533393,
    0.016739251435064936,
    -0.027806724125403068,
    -0.02516131819284058,
    0.007151751517085275,
    0.99609375
  ],
  "ground_truth_action": [
    -0.01629224419593811,
    0.01985377073287964,
    0.01891254633665085,
    0.03637386113405228,
    -0.005352869164198637,
    0.0031212852336466312,
    1.0
  ],
  "action_token_ids": [
    31877,
    31879,
    31834,
    31916,
    31898,
    31866,
    31744
  ],
  "gt_is_zero_spatial": false,
  "mse_per_dim": [
    0.00022076177010463266,
    0.0005151359578830537,
    4.723210729259323e-06,
    0.004119147524246217,
    0.0003923746529203059,
    1.6244658461935715e-05,
    1.52587890625e-05
  ],
  "mse_mean": 0.0007548066519154148,
  "mse_spatial": 0.0008780646290575672,
  "mse_gripper": 1.52587890625e-05,
  "mse_per_dim_names": [
    "x",
    "y",
    "z",
    "roll",
    "pitch",
    "yaw",
    "gripper"
  ],
  "grounding": {
    "nouns": [],
    "num_boxes": 0,
    "num_patches": 0,
    "patch_coverage": 0.0
  }
}