{
  "episode_id": 27,
  "step_id": 6,
  "instruction": "sweep into pile",
  "condition": "sam_var_obj_laysel",
  "condition_desc": "VAR(p=0.6,rho=0.5) + obj_redirect + L8-24 + SAM2",
  "predicted_action": [
    0.004135822695679945,
    0.0023170861243851926,
    0.00379873475423664,
    0.005906561042065592,
    -0.007145620893570626,
    -0.00569226438296036,
    -0.05078125
  ],
  "ground_truth_action": [
    0.002498296555131674,
    0.0019302961882203817,
    -0.0014872743049636483,
    0.003146535251289606,
    0.011433044448494911,
    0.002921243431046605,
    1.0
  ],
  "action_token_ids": [
    31852,
    31863,
    31884,
    31863,
    31871,
    31874,
    31878
  ],
  "gt_is_zero_spatial": false,
  "mse_per_dim": [
    2.6814918609789166e-06,
    1.4960645471837844e-07,
    2.7941891773947515e-05,
    7.6177423657486045e-06,
    0.0003451668058924672,
    7.419251686195905e-05,
    1.1041412353515625
  ],
  "mse_mean": 0.15779985505811034,
  "mse_spatial": 7.629167586830326e-05,
  "mse_gripper": 1.1041412353515625,
  "mse_per_dim_names": [
    "x",
    "y",
    "z",
    "roll",
    "pitch",
    "yaw",
    "gripper"
  ],
  "grounding": {
    "nouns": [
      "pile"
    ],
    "num_boxes": 1,
    "num_patches": 26,
    "patch_coverage": 0.1015625
  }
}