{
  "episode_id": 22,
  "step_id": 34,
  "instruction": "",
  "condition": "sam_var_obj_laysel",
  "condition_desc": "VAR(p=0.6,rho=0.5) + obj_redirect + L8-24 + SAM2",
  "predicted_action": [
    -0.0018797911750152857,
    -0.001230360346671705,
    0.0006930107508378511,
    -0.020173527483712053,
    -0.0004731404123595323,
    -0.007297766370466058,
    0.32421875
  ],
  "ground_truth_action": [
    -0.0006987241213209927,
    0.003470252500846982,
    0.011859080754220486,
    -0.008457322604954243,
    -0.011443758383393288,
    0.014453722164034843,
    1.0
  ],
  "action_token_ids": [
    31879,
    31874,
    31896,
    31904,
    31861,
    31875,
    31830
  ],
  "gt_is_zero_spatial": false,
  "mse_per_dim": [
    1.394919385322118e-06,
    2.209576114225774e-05,
    0.00012468111932044146,
    0.0001372694567610283,
    0.0001203544586663688,
    0.0004731272534665242,
    0.4566802978515625
  ],
  "mse_mean": 0.06536560297432921,
  "mse_spatial": 0.00014648716145699043,
  "mse_gripper": 0.4566802978515625,
  "mse_per_dim_names": [
    "x",
    "y",
    "z",
    "roll",
    "pitch",
    "yaw",
    "gripper"
  ],
  "grounding": {
    "nouns": [],
    "num_boxes": 0,
    "num_patches": 0,
    "patch_coverage": 0.0
  }
}