{
  "episode_id": 24,
  "step_id": 7,
  "instruction": "",
  "condition": "sam_var_obj_laysel",
  "condition_desc": "VAR(p=0.6,rho=0.5) + obj_redirect + L8-24 + SAM2",
  "predicted_action": [
    0.001239416017197053,
    -0.0018753506141365936,
    -0.010435833594674482,
    -0.022081826644134807,
    0.015540812742547094,
    -0.013719774320488876,
    -0.00390625
  ],
  "ground_truth_action": [
    0.009161132387816906,
    -0.0023710238747298717,
    -0.019303355365991592,
    -0.03695244342088699,
    0.0036741772200912237,
    0.021320007741451263,
    1.0
  ],
  "action_token_ids": [
    31865,
    31876,
    31939,
    31907,
    31837,
    31879,
    31872
  ],
  "gt_is_zero_spatial": false,
  "mse_per_dim": [
    6.275359025654658e-05,
    2.4569198126717183e-07,
    7.863294236478294e-05,
    0.00022113524332102358,
    0.00014081703862281152,
    0.001227786326948262,
    1.0078277587890625
  ],
  "mse_mean": 0.14422273280322245,
  "mse_spatial": 0.00028856180558244895,
  "mse_gripper": 1.0078277587890625,
  "mse_per_dim_names": [
    "x",
    "y",
    "z",
    "roll",
    "pitch",
    "yaw",
    "gripper"
  ],
  "grounding": {
    "nouns": [],
    "num_boxes": 0,
    "num_patches": 0,
    "patch_coverage": 0.0
  }
}