{
  "episode_id": 23,
  "step_id": 17,
  "instruction": "",
  "condition": "sam_var_obj_laysel",
  "condition_desc": "VAR(p=0.6,rho=0.5) + obj_redirect + L8-24 + SAM2",
  "predicted_action": [
    0.003467421154491581,
    0.008444493665301651,
    0.0014694417516875474,
    0.011631458523333846,
    -0.011816357230418392,
    0.007151751517085275,
    0.99609375
  ],
  "ground_truth_action": [
    0.000306025700410828,
    0.0008412151364609599,
    0.0014145973837003112,
    -0.006363932508975267,
    -0.027799488976597786,
    0.07547987252473831,
    -0.005836940370500088
  ],
  "action_token_ids": [
    31855,
    31844,
    31893,
    31854,
    31878,
    31866,
    31744
  ],
  "gt_is_zero_spatial": false,
  "mse_per_dim": [
    9.99442121708245e-06,
    5.780984438712987e-05,
    3.0079046999193836e-09,
    0.00032383409840571126,
    0.00025546050041572757,
    0.004668732120436476,
    1.0038651083063068
  ],
  "mse_mean": 0.1441687060427248,
  "mse_spatial": 0.0008859723321278045,
  "mse_gripper": 1.0038651083063068,
  "mse_per_dim_names": [
    "x",
    "y",
    "z",
    "roll",
    "pitch",
    "yaw",
    "gripper"
  ],
  "grounding": {
    "nouns": [],
    "num_boxes": 0,
    "num_patches": 0,
    "patch_coverage": 0.0
  }
}