{
  "episode_id": 22,
  "step_id": 29,
  "instruction": "",
  "condition": "sam_var_obj_laysel",
  "condition_desc": "VAR(p=0.6,rho=0.5) + obj_redirect + L8-24 + SAM2",
  "predicted_action": [
    0.004358623209409395,
    0.004252056926779865,
    -0.016388471267855496,
    -0.002362735319766343,
    0.022213293223758188,
    0.008757253504590973,
    0.15234375
  ],
  "ground_truth_action": [
    0.00776858814060688,
    -0.001707184361293912,
    -0.01078526210039854,
    0.011309077963232994,
    -0.027220584452152252,
    0.009298943914473057,
    0.0
  ],
  "action_token_ids": [
    31851,
    31857,
    31962,
    31876,
    31827,
    31865,
    31852
  ],
  "gt_is_zero_spatial": false,
  "mse_per_dim": [
    1.1627860831996669e-05,
    3.551255672948321e-05,
    3.139595297427367e-05,
    0.00018691847844519712,
    0.0024437082620768764,
    2.934285001582202e-07,
    0.0232086181640625
  ],
  "mse_mean": 0.003702582100517212,
  "mse_spatial": 0.0004515760899263309,
  "mse_gripper": 0.0232086181640625,
  "mse_per_dim_names": [
    "x",
    "y",
    "z",
    "roll",
    "pitch",
    "yaw",
    "gripper"
  ],
  "grounding": {
    "nouns": [],
    "num_boxes": 0,
    "num_patches": 0,
    "patch_coverage": 0.0
  }
}