{
  "episode_id": 4,
  "step_id": 45,
  "instruction": "",
  "condition": "sam_var_obj_decay_laysel",
  "condition_desc": "VAR(p=0.6,rho=0.5) + obj_redirect + decay + L8-24 + SAM2",
  "predicted_action": [
    0.0044883717438753655,
    0.01025995156519547,
    -0.009075303193839163,
    0.033068019092082776,
    -0.0007805978462976926,
    -0.008125701709120942,
    0.0
  ],
  "ground_truth_action": [
    -0.007802712731063366,
    -0.005551682785153389,
    0.002547124633565545,
    0.000803887436632067,
    -0.008405528962612152,
    -0.037739697843790054,
    1.0
  ],
  "action_token_ids": [
    31851,
    31839,
    31934,
    31821,
    31862,
    31876,
    31872
  ],
  "mse_per_dim": [
    0.0001510707575700799,
    0.000250007780829132,
    0.00013508082860323132,
    0.0010409741914802564,
    5.813957452854047e-05,
    0.0008769887670641972,
    1.0
  ],
  "mse_mean": 0.1432160374142965,
  "mse_spatial": 0.00041871031667923956,
  "mse_gripper": 1.0,
  "mse_per_dim_names": [
    "x",
    "y",
    "z",
    "roll",
    "pitch",
    "yaw",
    "gripper"
  ],
  "grounding": {
    "nouns": [],
    "num_boxes": 0,
    "num_patches": 0,
    "patch_coverage": 0.0,
    "segmentation": "sam2"
  }
}