{
  "episode_id": 4,
  "step_id": 43,
  "instruction": "",
  "condition": "sam_var_obj_decay_laysel",
  "condition_desc": "VAR(p=0.6,rho=0.5) + obj_redirect + decay + L8-24 + SAM2",
  "predicted_action": [
    -0.0008798100457472133,
    -0.0007478823328719852,
    0.0002784067458089616,
    -0.0033318519522163442,
    0.006587913932169148,
    0.004768682880728764,
    0.0235294117647058
  ],
  "ground_truth_action": [
    0.0006657860358245671,
    -0.010099212639033794,
    0.005439866799861193,
    -0.0005010248278267682,
    -0.003924162592738867,
    0.00876797828823328,
    0.9993298649787903
  ],
  "action_token_ids": [
    31875,
    31873,
    31898,
    31878,
    31851,
    31868,
    31869
  ],
  "mse_per_dim": [
    2.3888672473700416e-06,
    8.744737849494031e-05,
    2.664066988957686e-05,
    8.013582208179756e-06,
    0.00011050375286552217,
    1.5994363756486714e-05,
    0.9521865244928127
  ],
  "mse_mean": 0.13606250187246782,
  "mse_spatial": 4.1831435743679305e-05,
  "mse_gripper": 0.9521865244928127,
  "mse_per_dim_names": [
    "x",
    "y",
    "z",
    "roll",
    "pitch",
    "yaw",
    "gripper"
  ],
  "grounding": {
    "nouns": [],
    "num_boxes": 0,
    "num_patches": 0,
    "patch_coverage": 0.0,
    "segmentation": "sam2"
  }
}