{
  "episode_id": 8,
  "step_id": 16,
  "instruction": "open the drawer",
  "condition": "sam_var_obj_decay_laysel",
  "condition_desc": "VAR(p=0.6,rho=0.5) + obj_redirect + decay + L8-24 + SAM2",
  "predicted_action": [
    -0.004234923664261325,
    -0.005604279640842924,
    -0.0018001954630017317,
    0.006885655709341312,
    0.015296155124902691,
    0.02088666361804095,
    0.0
  ],
  "ground_truth_action": [
    -0.007237467914819717,
    -0.012253477238118649,
    -0.0017256473656743765,
    -0.03811218589544296,
    0.03589002788066864,
    0.012562481686472893,
    0.0
  ],
  "action_token_ids": [
    31890,
    31888,
    31906,
    31862,
    31838,
    31858,
    31872
  ],
  "mse_per_dim": [
    9.015271976561262e-06,
    4.4211828687617266e-05,
    5.55741881512882e-09,
    0.0020248057490892548,
    0.000424107595080679,
    6.929200482984414e-05,
    0.0
  ],
  "mse_mean": 0.0003673482867261103,
  "mse_spatial": 0.000428573001180462,
  "mse_gripper": 0.0,
  "mse_per_dim_names": [
    "x",
    "y",
    "z",
    "roll",
    "pitch",
    "yaw",
    "gripper"
  ],
  "grounding": {
    "nouns": [
      "drawer"
    ],
    "num_boxes": 0,
    "num_patches": 0,
    "patch_coverage": 0.0,
    "segmentation": "sam2"
  }
}