{
  "episode_id": 5,
  "step_id": 1,
  "instruction": "take broccoli out of pan",
  "condition": "sam_var_obj_decay_laysel",
  "condition_desc": "VAR(p=0.6,rho=0.5) + obj_redirect + decay + L8-24 + SAM2",
  "predicted_action": [
    -0.004682272146729876,
    -0.009165637666688285,
    -0.0005010690824950523,
    0.008162844167036026,
    0.054148308138636955,
    0.07891139427236468,
    -0.07058823529411762
  ],
  "ground_truth_action": [
    0.0041030156426131725,
    -0.034149911254644394,
    0.0303002018481493,
    0.031654562801122665,
    0.0015200558118522167,
    0.04666576161980629,
    1.0
  ],
  "action_token_ids": [
    31892,
    31899,
    31901,
    31860,
    31780,
    31822,
    31881
  ],
  "mse_per_dim": [
    7.718128154158007e-05,
    0.0006242139267178412,
    0.0009487182909429568,
    0.0005518608443830934,
    0.0027697329429717233,
    0.00103978082516374,
    1.146159169550173
  ],
  "mse_mean": 0.16459580823741343,
  "mse_spatial": 0.0010019146852868225,
  "mse_gripper": 1.146159169550173,
  "mse_per_dim_names": [
    "x",
    "y",
    "z",
    "roll",
    "pitch",
    "yaw",
    "gripper"
  ],
  "grounding": {
    "nouns": [
      "broccoli",
      "pan"
    ],
    "num_boxes": 2,
    "num_patches": 18,
    "patch_coverage": 0.0703125,
    "segmentation": "sam2"
  }
}