{
  "episode_id": 8,
  "step_id": 28,
  "instruction": "open the drawer",
  "condition": "sam_var_obj_decay_laysel",
  "condition_desc": "VAR(p=0.6,rho=0.5) + obj_redirect + decay + L8-24 + SAM2",
  "predicted_action": [
    0.0018042808490640778,
    -0.002042921614997577,
    0.008332990304950393,
    0.0004997134208677839,
    0.009937237467835897,
    -0.05164424969986378,
    -0.0784313725490196
  ],
  "ground_truth_action": [
    -0.002906709909439087,
    0.0049619413912296295,
    0.024042615666985512,
    -0.023152954876422882,
    -0.01884201169013977,
    -0.009782793000340462,
    1.0
  ],
  "action_token_ids": [
    31863,
    31877,
    31867,
    31872,
    31846,
    31903,
    31882
  ],
  "mse_per_dim": [
    2.2193433926702224e-05,
    4.9068105736010454e-05,
    0.00024679232901549705,
    0.000559448717581659,
    0.0008282451820968432,
    0.0017523815570060657,
    1.1630142252979623
  ],
  "mse_mean": 0.16663890780333215,
  "mse_spatial": 0.0005763548875604629,
  "mse_gripper": 1.1630142252979623,
  "mse_per_dim_names": [
    "x",
    "y",
    "z",
    "roll",
    "pitch",
    "yaw",
    "gripper"
  ],
  "grounding": {
    "nouns": [
      "drawer"
    ],
    "num_boxes": 0,
    "num_patches": 0,
    "patch_coverage": 0.0,
    "segmentation": "sam2"
  }
}