{
  "episode_id": 4,
  "step_id": 46,
  "instruction": "",
  "condition": "sam_var_obj_decay_laysel",
  "condition_desc": "VAR(p=0.6,rho=0.5) + obj_redirect + decay + L8-24 + SAM2",
  "predicted_action": [
    0.003370000537704001,
    0.012526270308915247,
    -0.0028394965674070835,
    0.03881536715170897,
    -0.030924509667298393,
    0.017663067470578525,
    0.996078431372549
  ],
  "ground_truth_action": [
    -0.003104348201304674,
    -0.004804610274732113,
    -0.002472219057381153,
    0.006185285281389952,
    0.004004980903118849,
    -0.014851389452815056,
    0.9975066184997559
  ],
  "action_token_ids": [
    31856,
    31832,
    31910,
    31812,
    31907,
    31860,
    31744
  ],
  "mse_per_dim": [
    4.191719159430322e-05,
    0.000300359421804645,
    1.348927693708474e-07,
    0.0010647222428637217,
    0.001220069311508867,
    0.0010571899090232168,
    2.039718470319286e-06
  ],
  "mse_mean": 0.0005266332411477777,
  "mse_spatial": 0.0006140654949273542,
  "mse_gripper": 2.039718470319286e-06,
  "mse_per_dim_names": [
    "x",
    "y",
    "z",
    "roll",
    "pitch",
    "yaw",
    "gripper"
  ],
  "grounding": {
    "nouns": [],
    "num_boxes": 0,
    "num_patches": 0,
    "patch_coverage": 0.0,
    "segmentation": "sam2"
  }
}