{
  "episode_id": 1,
  "step_id": 42,
  "instruction": "put the blue cube on the right side of the table on top of the rectangular block",
  "condition": "sam_var_obj_decay_laysel",
  "condition_desc": "VAR(p=0.6,rho=0.5) + obj_redirect + decay + L8-24 + SAM2",
  "predicted_action": [
    0.00717246263868666,
    -0.00010036269180919988,
    0.034575343191185395,
    -0.015465142300316037,
    -0.07647530975236613,
    0.004768682880728764,
    0.996078431372549
  ],
  "ground_truth_action": [
    -0.008818346075713634,
    0.016225092113018036,
    0.043353985995054245,
    -0.039675068110227585,
    -0.04370688647031784,
    -0.002430369844660163,
    1.0
  ],
  "action_token_ids": [
    31839,
    31871,
    31766,
    31897,
    31975,
    31868,
    31744
  ],
  "mse_per_dim": [
    0.00025570596334054043,
    0.00026652047458445666,
    7.706456947791833e-05,
    0.0005861205077214213,
    0.0010737695643914845,
    5.1826360142929735e-05,
    1.5378700499807656e-05
  ],
  "mse_mean": 0.00033234087716550845,
  "mse_spatial": 0.00038516790660979186,
  "mse_gripper": 1.5378700499807656e-05,
  "mse_per_dim_names": [
    "x",
    "y",
    "z",
    "roll",
    "pitch",
    "yaw",
    "gripper"
  ],
  "grounding": {
    "nouns": [
      "cube",
      "table",
      "block"
    ],
    "num_boxes": 1,
    "num_patches": 5,
    "patch_coverage": 0.01953125,
    "segmentation": "sam2"
  }
}