{
  "episode_id": 4,
  "step_id": 22,
  "instruction": "",
  "condition": "sam_var_obj_decay_laysel",
  "condition_desc": "VAR(p=0.6,rho=0.5) + obj_redirect + decay + L8-24 + SAM2",
  "predicted_action": [
    0.009632879292263686,
    0.01025995156519547,
    -0.011413730678751193,
    -0.015465142300316037,
    -0.023555997888831545,
    -0.012961095930314609,
    -0.29803921568627456
  ],
  "ground_truth_action": [
    -0.0013985916739329696,
    -0.009832089766860008,
    0.0011020906968042254,
    0.010263640433549881,
    0.008719267323613167,
    -0.04200073704123497,
    -0.006907695904374123
  ],
  "action_token_ids": [
    31828,
    31839,
    31943,
    31897,
    31896,
    31879,
    31910
  ],
  "mse_per_dim": [
    0.00012169335167803977,
    0.00040369012488902567,
    0.00015664578470480994,
    0.000661970260966477,
    0.0010416927445336438,
    0.000843300755851056,
    0.08475756181051909
  ],
  "mse_mean": 0.01256950783330602,
  "mse_spatial": 0.0005381655037705087,
  "mse_gripper": 0.08475756181051909,
  "mse_per_dim_names": [
    "x",
    "y",
    "z",
    "roll",
    "pitch",
    "yaw",
    "gripper"
  ],
  "grounding": {
    "nouns": [],
    "num_boxes": 0,
    "num_patches": 0,
    "patch_coverage": 0.0,
    "segmentation": "sam2"
  }
}