{
  "episode_id": 1,
  "step_id": 4,
  "instruction": "put the blue cube on the right side of the table on top of the rectangular block",
  "condition": "sam_var_obj_decay_laysel",
  "condition_desc": "VAR(p=0.6,rho=0.5) + obj_redirect + decay + L8-24 + SAM2",
  "predicted_action": [
    -0.004234923664261325,
    -0.008194358205094093,
    -0.012712857059257874,
    0.016464569142051605,
    0.014626290417769333,
    -0.016184692077777035,
    -0.03921568627450983
  ],
  "ground_truth_action": [
    -0.006752301473170519,
    -0.007317765150219202,
    -0.012549218721687794,
    -0.0004189776082057506,
    0.019544152542948723,
    0.027757583186030388,
    1.0
  ],
  "action_token_ids": [
    31890,
    31896,
    31948,
    31847,
    31839,
    31881,
    31877
  ],
  "mse_per_dim": [
    6.337191032788456e-06,
    7.684153838548941e-07,
    2.677750552269952e-08,
    0.0002850541508681257,
    2.4185367882273943e-05,
    0.0019309235553602218,
    1.0799692425990006
  ],
  "mse_mean": 0.1546023625795762,
  "mse_spatial": 0.00037454924300546455,
  "mse_gripper": 1.0799692425990006,
  "mse_per_dim_names": [
    "x",
    "y",
    "z",
    "roll",
    "pitch",
    "yaw",
    "gripper"
  ],
  "grounding": {
    "nouns": [
      "cube",
      "table",
      "block"
    ],
    "num_boxes": 1,
    "num_patches": 15,
    "patch_coverage": 0.05859375,
    "segmentation": "sam2"
  }
}