{
  "episode_id": 4,
  "step_id": 11,
  "instruction": "",
  "condition": "sam_var_obj_decay_laysel",
  "condition_desc": "VAR(p=0.6,rho=0.5) + obj_redirect + decay + L8-24 + SAM2",
  "predicted_action": [
    -0.0013271585282157647,
    0.0024897158724419693,
    -0.0005010690824950523,
    0.008801438395883376,
    -0.002790191967697725,
    0.0063804809544599494,
    0.0
  ],
  "ground_truth_action": [
    0.0040814620442688465,
    0.0017174932872876525,
    -0.002827164949849248,
    0.016240887343883514,
    0.008105501532554626,
    -0.11945923417806625,
    0.0025797602720558643
  ],
  "action_token_ids": [
    31877,
    31863,
    31901,
    31859,
    31865,
    31867,
    31872
  ],
  "mse_per_dim": [
    2.9253176497103763e-05,
    5.963277210224162e-07,
    5.410721984122268e-06,
    5.534540064990036e-05,
    0.00011871613685144133,
    0.015835633904635344,
    6.655163061277747e-06
  ],
  "mse_mean": 0.002293087261628602,
  "mse_spatial": 0.0026741592780564895,
  "mse_gripper": 6.655163061277747e-06,
  "mse_per_dim_names": [
    "x",
    "y",
    "z",
    "roll",
    "pitch",
    "yaw",
    "gripper"
  ],
  "grounding": {
    "nouns": [],
    "num_boxes": 0,
    "num_patches": 0,
    "patch_coverage": 0.0,
    "segmentation": "sam2"
  }
}