{
  "episode_id": 3,
  "step_id": 35,
  "instruction": "put the rectangle block on top of the red arch and yellow block",
  "condition": "sam_var_obj_decay_laysel",
  "condition_desc": "VAR(p=0.6,rho=0.5) + obj_redirect + decay + L8-24 + SAM2",
  "predicted_action": [
    -0.00311655245808996,
    0.0031372355135047617,
    -0.00024124380639371432,
    0.004331278793951912,
    0.00792764334643585,
    0.014439471323116071,
    0.03137254901960773
  ],
  "ground_truth_action": [
    -0.0014447479043155909,
    -0.0018031435320153832,
    0.0014745082007721066,
    -0.006986229680478573,
    0.010565599426627159,
    -0.018925761803984642,
    0.0
  ],
  "action_token_ids": [
    31885,
    31861,
    31900,
    31866,
    31849,
    31862,
    31868
  ],
  "mse_per_dim": [
    2.7949304660207175e-06,
    2.440734511341454e-05,
    2.9438049500935434e-06,
    0.00012808599806880583,
    6.958812281018294e-06,
    0.0011132387816257788,
    0.00098423683198769
  ],
  "mse_mean": 0.0003232380720704031,
  "mse_spatial": 0.0002130716120841886,
  "mse_gripper": 0.00098423683198769,
  "mse_per_dim_names": [
    "x",
    "y",
    "z",
    "roll",
    "pitch",
    "yaw",
    "gripper"
  ],
  "grounding": {
    "nouns": [
      "block"
    ],
    "num_boxes": 1,
    "num_patches": 23,
    "patch_coverage": 0.08984375,
    "segmentation": "sam2"
  }
}