{
  "episode_id": 19,
  "step_id": 21,
  "instruction": "",
  "condition": "sam_var_obj_decay_laysel",
  "condition_desc": "VAR(p=0.6,rho=0.5) + obj_redirect + decay + L8-24 + SAM2",
  "predicted_action": [
    0.010303902015966506,
    0.008964912283069892,
    0.01197054417036911,
    -0.00013888080797956615,
    -0.003460056674831083,
    -0.09838639383806906,
    0.38431372549019605
  ],
  "ground_truth_action": [
    -0.0003992751007899642,
    0.001187611953355372,
    0.03192344680428505,
    -0.03222111985087395,
    -0.039325255900621414,
    -0.05930555239319801,
    -0.001795856049284339
  ],
  "action_token_ids": [
    31825,
    31843,
    31853,
    31873,
    31866,
    31932,
    31823
  ],
  "mse_per_dim": [
    0.00011455800039265934,
    6.048640041857759e-05,
    0.0003981183235185296,
    0.0010292700620054165,
    0.0012863125155056314,
    0.0015273121680391506,
    0.14908060895659264
  ],
  "mse_mean": 0.021928095203781802,
  "mse_spatial": 0.0007360095783133275,
  "mse_gripper": 0.14908060895659264,
  "mse_per_dim_names": [
    "x",
    "y",
    "z",
    "roll",
    "pitch",
    "yaw",
    "gripper"
  ],
  "grounding": {
    "nouns": [],
    "num_boxes": 0,
    "num_patches": 0,
    "patch_coverage": 0.0,
    "segmentation": "sam2"
  }
}