{
  "episode_id": 12,
  "step_id": 40,
  "instruction": "",
  "condition": "sam_var_obj_decay_laysel",
  "condition_desc": "VAR(p=0.6,rho=0.5) + obj_redirect + decay + L8-24 + SAM2",
  "predicted_action": [
    -0.004234923664261325,
    -0.015964593897847597,
    -0.00024124380639371432,
    -0.056973767175393986,
    -0.01618748611036472,
    -0.0629268362159823,
    -0.1411764705882353
  ],
  "ground_truth_action": [
    0.013136149384081364,
    -0.01337199006229639,
    -0.01290785800665617,
    -0.006970003247261047,
    0.005530478898435831,
    0.005563057493418455,
    1.0
  ],
  "action_token_ids": [
    31890,
    31920,
    31900,
    31962,
    31885,
    31910,
    31890
  ],
  "mse_per_dim": [
    0.00030175417885085773,
    6.72159464811483e-06,
    0.0001604431152982905,
    0.002500376406980449,
    0.00047167000412348507,
    0.004690865540325014,
    1.3022837370242213
  ],
  "mse_mean": 0.18720222398063538,
  "mse_spatial": 0.001355305140037702,
  "mse_gripper": 1.3022837370242213,
  "mse_per_dim_names": [
    "x",
    "y",
    "z",
    "roll",
    "pitch",
    "yaw",
    "gripper"
  ],
  "grounding": {
    "nouns": [],
    "num_boxes": 0,
    "num_patches": 0,
    "patch_coverage": 0.0,
    "segmentation": "sam2"
  }
}