{
  "episode_id": 17,
  "step_id": 27,
  "instruction": "",
  "condition": "sam_var_obj_decay_laysel",
  "condition_desc": "VAR(p=0.6,rho=0.5) + obj_redirect + decay + L8-24 + SAM2",
  "predicted_action": [
    0.004935720226343924,
    -0.01013691712828247,
    -0.003099321843508418,
    0.032429424863235426,
    0.0032385903965024138,
    0.027333855912965777,
    0.0
  ],
  "ground_truth_action": [
    -0.006299543660134077,
    -0.004326113034039736,
    -0.009289714507758617,
    -0.046658217906951904,
    0.015891117975115776,
    -0.03612842038273811,
    0.0
  ],
  "action_token_ids": [
    31849,
    31902,
    31911,
    31822,
    31856,
    31854,
    31872
  ],
  "mse_per_dim": [
    0.00012623115459879674,
    3.376544422166812e-05,
    3.832096133760268e-05,
    0.006254855238944764,
    0.00016008645412757171,
    0.00402746051263226,
    0.0
  ],
  "mse_mean": 0.0015201028236946662,
  "mse_spatial": 0.0017734532943104438,
  "mse_gripper": 0.0,
  "mse_per_dim_names": [
    "x",
    "y",
    "z",
    "roll",
    "pitch",
    "yaw",
    "gripper"
  ],
  "grounding": {
    "nouns": [],
    "num_boxes": 0,
    "num_patches": 0,
    "patch_coverage": 0.0,
    "segmentation": "sam2"
  }
}