{
  "episode_id": 11,
  "step_id": 36,
  "instruction": "bmbfbbfgjjg",
  "condition": "sam_var_obj_decay_laysel",
  "condition_desc": "VAR(p=0.6,rho=0.5) + obj_redirect + decay + L8-24 + SAM2",
  "predicted_action": [
    0.012093295945840698,
    0.015116348873166409,
    0.015608098035787821,
    0.036260990236319554,
    -0.01283816257469797,
    -0.059703240068519875,
    -0.0784313725490196
  ],
  "ground_truth_action": [
    -0.009840035811066628,
    0.011312775313854218,
    0.008814477361738682,
    0.032224006950855255,
    0.016377562656998634,
    0.00021705999097321182,
    1.0
  ],
  "action_token_ids": [
    31817,
    31824,
    31839,
    31816,
    31880,
    31908,
    31882
  ],
  "mse_per_dim": [
    0.00048107104195855936,
    1.4467171821098813e-05,
    4.615328186286789e-05,
    1.6297234047118125e-05,
    0.0008535586008139936,
    0.003590442359219687,
    1.1630142252979623
  ],
  "mse_mean": 0.1668594592839551,
  "mse_spatial": 0.0008336649482872209,
  "mse_gripper": 1.1630142252979623,
  "mse_per_dim_names": [
    "x",
    "y",
    "z",
    "roll",
    "pitch",
    "yaw",
    "gripper"
  ],
  "grounding": {
    "nouns": [],
    "num_boxes": 0,
    "num_patches": 0,
    "patch_coverage": 0.0,
    "segmentation": "sam2"
  }
}