{
  "episode_id": 10,
  "step_id": 4,
  "instruction": "end effector reaching pot or pan",
  "condition": "sam_var_obj_decay_laysel",
  "condition_desc": "VAR(p=0.6,rho=0.5) + obj_redirect + decay + L8-24 + SAM2",
  "predicted_action": [
    -0.00378757518179278,
    -0.005928039461374324,
    -0.0075163515372311425,
    0.01327159799781484,
    -0.016857350817498062,
    0.011215875175653645,
    0.996078431372549
  ],
  "ground_truth_action": [
    0.006981039885431528,
    -0.028413817286491394,
    0.002659008838236332,
    -0.021746104583144188,
    0.002001358661800623,
    0.04282751306891441,
    1.0
  ],
  "action_token_ids": [
    31888,
    31889,
    31928,
    31852,
    31886,
    31864,
    31744
  ],
  "mse_per_dim": [
    0.0001159630704660504,
    0.0005056102044005265,
    0.00010353795877063359,
    0.0012262394940485046,
    0.0003556509232245901,
    0.00099929565029464,
    1.5378700499807656e-05
  ],
  "mse_mean": 0.000474525143100679,
  "mse_spatial": 0.0005510495502008242,
  "mse_gripper": 1.5378700499807656e-05,
  "mse_per_dim_names": [
    "x",
    "y",
    "z",
    "roll",
    "pitch",
    "yaw",
    "gripper"
  ],
  "grounding": {
    "nouns": [
      "pot"
    ],
    "num_boxes": 1,
    "num_patches": 14,
    "patch_coverage": 0.0546875,
    "segmentation": "sam2"
  }
}