{
  "episode_id": 15,
  "step_id": 18,
  "instruction": "sweep into pile",
  "condition": "sam_var_obj_decay_laysel",
  "condition_desc": "VAR(p=0.6,rho=0.5) + obj_redirect + decay + L8-24 + SAM2",
  "predicted_action": [
    0.003146326296469725,
    -0.003985480538185947,
    -0.010114604298244505,
    -0.030152809563805158,
    -0.01886694493889811,
    0.08052319234609592,
    0.42352941176470593
  ],
  "ground_truth_action": [
    0.006609028205275536,
    -0.018977876752614975,
    -0.006729507353156805,
    -0.05558573827147484,
    0.009011853486299515,
    -0.011617853306233883,
    0.0
  ],
  "action_token_ids": [
    31857,
    31883,
    31938,
    31920,
    31889,
    31821,
    31818
  ],
  "mse_per_dim": [
    1.1990304509247403e-05,
    0.00022477194425042586,
    1.1458881327642077e-05,
    0.0006468338626494086,
    0.0007772274016328015,
    0.008489972293904725,
    0.17937716262975784
  ],
  "mse_mean": 0.027077059616861725,
  "mse_spatial": 0.001693709114712375,
  "mse_gripper": 0.17937716262975784,
  "mse_per_dim_names": [
    "x",
    "y",
    "z",
    "roll",
    "pitch",
    "yaw",
    "gripper"
  ],
  "grounding": {
    "nouns": [
      "pile"
    ],
    "num_boxes": 0,
    "num_patches": 0,
    "patch_coverage": 0.0,
    "segmentation": "sam2"
  }
}