{
  "episode_id": 13,
  "step_id": 34,
  "instruction": "",
  "condition": "sam_var_obj_decay_laysel",
  "condition_desc": "VAR(p=0.6,rho=0.5) + obj_redirect + decay + L8-24 + SAM2",
  "predicted_action": [
    -0.0008798100457472133,
    0.0008709167697849851,
    0.00963211668545708,
    -0.0020546634945216302,
    -0.011498433160431268,
    0.012827673249384858,
    -0.05490196078431375
  ],
  "ground_truth_action": [
    0.0015294519253075123,
    -0.001163684413768351,
    -0.01022282987833023,
    -0.00016641995171085,
    0.0070540462620556355,
    -0.03468157723546028,
    0.9931426048278809
  ],
  "action_token_ids": [
    31875,
    31868,
    31862,
    31876,
    31878,
    31863,
    31879
  ],
  "mse_per_dim": [
    5.804543245170501e-06,
    4.139601976116636e-06,
    0.00039421890305084954,
    3.565463676966607e-06,
    0.00034419449272179997,
    0.0022571288816317582,
    1.0983974115092536
  ],
  "mse_mean": 0.15734378048507947,
  "mse_spatial": 0.0005015086477171102,
  "mse_gripper": 1.0983974115092536,
  "mse_per_dim_names": [
    "x",
    "y",
    "z",
    "roll",
    "pitch",
    "yaw",
    "gripper"
  ],
  "grounding": {
    "nouns": [],
    "num_boxes": 0,
    "num_patches": 0,
    "patch_coverage": 0.0,
    "segmentation": "sam2"
  }
}