{
  "episode_id": 12,
  "step_id": 21,
  "instruction": "",
  "condition": "sam_var_obj_decay_laysel",
  "condition_desc": "VAR(p=0.6,rho=0.5) + obj_redirect + decay + L8-24 + SAM2",
  "predicted_action": [
    -0.003340226699324232,
    -0.013374515333596428,
    0.015608098035787821,
    0.07010648436522927,
    0.019985208074836128,
    -0.01940828822523946,
    0.5725490196078431
  ],
  "ground_truth_action": [
    0.00785564724355936,
    -0.02747403085231781,
    0.002307829214259982,
    -0.0036674493458122015,
    0.005621173419058323,
    0.052601415663957596,
    -0.0008503067074343562
  ],
  "action_token_ids": [
    31886,
    31912,
    31839,
    31763,
    31831,
    31883,
    31799
  ],
  "mse_per_dim": [
    0.0001253475933449398,
    0.00019879633786266506,
    0.00017689715072490554,
    0.005442593295201142,
    0.0002063254915923858,
    0.005185397454209842,
    0.32878678741881406
  ],
  "mse_mean": 0.048588877820249995,
  "mse_spatial": 0.0018892262204893134,
  "mse_gripper": 0.32878678741881406,
  "mse_per_dim_names": [
    "x",
    "y",
    "z",
    "roll",
    "pitch",
    "yaw",
    "gripper"
  ],
  "grounding": {
    "nouns": [],
    "num_boxes": 0,
    "num_patches": 0,
    "patch_coverage": 0.0,
    "segmentation": "sam2"
  }
}