{
  "episode_id": 12,
  "step_id": 9,
  "instruction": "",
  "condition": "sam_var_obj_decay_laysel",
  "condition_desc": "VAR(p=0.6,rho=0.5) + obj_redirect + decay + L8-24 + SAM2",
  "predicted_action": [
    -0.004234923664261325,
    0.019972746181137355,
    -0.01323250761146055,
    0.023489105659372483,
    0.02668385514616961,
    0.08374678849355835,
    0.996078431372549
  ],
  "ground_truth_action": [
    -0.006090593058615923,
    -0.006973657291382551,
    -0.02295082062482834,
    -0.004793174099177122,
    -0.0028364169411361217,
    0.09052887558937073,
    0.9977416396141052
  ],
  "action_token_ids": [
    31890,
    31809,
    31950,
    31836,
    31821,
    31819,
    31744
  ],
  "mse_per_dim": [
    3.4435089011443617e-06,
    0.0007261086601038329,
    9.44456078257937e-05,
    0.0007998873483408647,
    0.0008714464641085619,
    4.5996705375184774e-05,
    2.7662616547804372e-06
  ],
  "mse_mean": 0.0003634420794728804,
  "mse_spatial": 0.0004235547157758971,
  "mse_gripper": 2.7662616547804372e-06,
  "mse_per_dim_names": [
    "x",
    "y",
    "z",
    "roll",
    "pitch",
    "yaw",
    "gripper"
  ],
  "grounding": {
    "nouns": [],
    "num_boxes": 0,
    "num_patches": 0,
    "patch_coverage": 0.0,
    "segmentation": "sam2"
  }
}