{
  "episode_id": 16,
  "step_id": 22,
  "instruction": "move the pan to the left side of the stove",
  "condition": "sam_var_obj_decay_laysel",
  "condition_desc": "VAR(p=0.6,rho=0.5) + obj_redirect + decay + L8-24 + SAM2",
  "predicted_action": [
    -0.024589279616580296,
    -0.0017191617944661772,
    0.011450893618166435,
    0.04839428058441926,
    0.052138714017236895,
    0.19012546135981864,
    0.9490196078431372
  ],
  "ground_truth_action": [
    -0.017750170081853867,
    -0.0030736192129552364,
    -0.005717771593481302,
    0.03779774159193039,
    0.050124641507864,
    0.09804752469062805,
    1.0
  ],
  "action_token_ids": [
    31981,
    31876,
    31855,
    31797,
    31783,
    31753,
    31751
  ],
  "mse_per_dim": [
    4.677341922798596e-05,
    1.8345548985000466e-06,
    0.00029476306514964325,
    0.00011228663861933706,
    4.056488073011637e-06,
    0.008478346421255473,
    0.0025990003844675166
  ],
  "mse_mean": 0.0016481515673844955,
  "mse_spatial": 0.0014896767645373253,
  "mse_gripper": 0.0025990003844675166,
  "mse_per_dim_names": [
    "x",
    "y",
    "z",
    "roll",
    "pitch",
    "yaw",
    "gripper"
  ],
  "grounding": {
    "nouns": [
      "pan",
      "stove"
    ],
    "num_boxes": 2,
    "num_patches": 49,
    "patch_coverage": 0.19140625,
    "segmentation": "sam2"
  }
}