{
  "episode_id": 17,
  "step_id": 17,
  "instruction": "",
  "condition": "sam_var_obj_decay_laysel",
  "condition_desc": "VAR(p=0.6,rho=0.5) + obj_redirect + decay + L8-24 + SAM2",
  "predicted_action": [
    0.002251629331532626,
    0.002813475692973362,
    0.0005382320219102961,
    -0.005247634638758394,
    -0.006809380210497831,
    0.014439471323116071,
    0.03137254901960773
  ],
  "ground_truth_action": [
    -0.004617870785295963,
    0.011440915055572987,
    0.019387520849704742,
    -0.040509242564439774,
    0.006906186230480671,
    0.02878878451883793,
    0.0
  ],
  "action_token_ids": [
    31861,
    31862,
    31897,
    31881,
    31871,
    31862,
    31868
  ],
  "mse_per_dim": [
    4.7190031855108e-05,
    7.443270995533342e-05,
    0.00035529568931361654,
    0.0012433809935044758,
    0.0001881167627968957,
    0.00020590278918891744,
    0.00098423683198769
  ],
  "mse_mean": 0.000442650829800291,
  "mse_spatial": 0.0003523864961023911,
  "mse_gripper": 0.00098423683198769,
  "mse_per_dim_names": [
    "x",
    "y",
    "z",
    "roll",
    "pitch",
    "yaw",
    "gripper"
  ],
  "grounding": {
    "nouns": [],
    "num_boxes": 0,
    "num_patches": 0,
    "patch_coverage": 0.0,
    "segmentation": "sam2"
  }
}