{
  "episode_id": 17,
  "step_id": 36,
  "instruction": "",
  "condition": "sam_var_obj_decay_laysel",
  "condition_desc": "VAR(p=0.6,rho=0.5) + obj_redirect + decay + L8-24 + SAM2",
  "predicted_action": [
    0.00650143991498384,
    -0.0007478823328719852,
    -0.0036189723957110904,
    -0.004609040409911044,
    0.0012289962751023675,
    -0.003290307487927302,
    -0.02352941176470591
  ],
  "ground_truth_action": [
    0.0009861045982688665,
    -0.0040261708199977875,
    0.004251051228493452,
    -0.004661396611481905,
    -0.01163279265165329,
    -0.005584255326539278,
    1.0
  ],
  "action_token_ids": [
    31842,
    31873,
    31913,
    31880,
    31859,
    31873,
    31875
  ],
  "mse_per_dim": [
    3.0418923655803456e-05,
    1.0747175404821582e-05,
    6.19372718455376e-05,
    2.741171842928589e-09,
    0.00016542561439641444,
    5.262196686272557e-06,
    1.0476124567474048
  ],
  "mse_mean": 0.1496980358100808,
  "mse_spatial": 4.56323205267821e-05,
  "mse_gripper": 1.0476124567474048,
  "mse_per_dim_names": [
    "x",
    "y",
    "z",
    "roll",
    "pitch",
    "yaw",
    "gripper"
  ],
  "grounding": {
    "nouns": [],
    "num_boxes": 0,
    "num_patches": 0,
    "patch_coverage": 0.0,
    "segmentation": "sam2"
  }
}