{
  "episode_id": 12,
  "step_id": 36,
  "instruction": "",
  "condition": "sam_var_obj_decay_laysel",
  "condition_desc": "VAR(p=0.6,rho=0.5) + obj_redirect + decay + L8-24 + SAM2",
  "predicted_action": [
    0.003146326296469725,
    -0.004956759999780139,
    0.021843904662219905,
    0.017103163370898955,
    -0.03762315673863189,
    -0.008125701709120942,
    0.996078431372549
  ],
  "ground_truth_action": [
    -0.0012029741192236543,
    0.009578087367117405,
    0.03758696839213371,
    0.001889911014586687,
    -0.002390132052823901,
    -0.01818750984966755,
    1.0
  ],
  "action_token_ids": [
    31857,
    31886,
    31815,
    31846,
    31917,
    31876,
    31744
  ],
  "mse_per_dim": [
    1.8916414105950604e-05,
    0.00021126178797900845,
    0.0002478440556041277,
    0.00023144304725684076,
    0.0012413660285107552,
    0.00010123998305716998,
    1.5378700499807656e-05
  ],
  "mse_mean": 0.00029535000243052296,
  "mse_spatial": 0.0003420118860856421,
  "mse_gripper": 1.5378700499807656e-05,
  "mse_per_dim_names": [
    "x",
    "y",
    "z",
    "roll",
    "pitch",
    "yaw",
    "gripper"
  ],
  "grounding": {
    "nouns": [],
    "num_boxes": 0,
    "num_patches": 0,
    "patch_coverage": 0.0,
    "segmentation": "sam2"
  }
}