{
  "episode_id": 19,
  "step_id": 31,
  "instruction": "",
  "condition": "sam_var_obj_decay_laysel",
  "condition_desc": "VAR(p=0.6,rho=0.5) + obj_redirect + decay + L8-24 + SAM2",
  "predicted_action": [
    0.009632879292263686,
    -0.010460676948813866,
    0.00885264085715307,
    -0.03398437493688928,
    0.0025687256893690558,
    -0.041973461257476474,
    0.0
  ],
  "ground_truth_action": [
    -0.008144439198076725,
    -0.001913712010718882,
    -0.016168659552931786,
    -0.006297593005001545,
    -0.01283189281821251,
    -0.19658075273036957,
    0.006987512577325106
  ],
  "action_token_ids": [
    31828,
    31903,
    31865,
    31926,
    31857,
    31897,
    31872
  ],
  "mse_per_dim": [
    0.00031603305270699904,
    7.3050609653025e-05,
    0.0006260654742117125,
    0.0007665578937439051,
    0.00023717905041606383,
    0.023903414576584122,
    4.882533201827654e-05
  ],
  "mse_mean": 0.003710160855619158,
  "mse_spatial": 0.0043203834428859715,
  "mse_gripper": 4.882533201827654e-05,
  "mse_per_dim_names": [
    "x",
    "y",
    "z",
    "roll",
    "pitch",
    "yaw",
    "gripper"
  ],
  "grounding": {
    "nouns": [],
    "num_boxes": 0,
    "num_patches": 0,
    "patch_coverage": 0.0,
    "segmentation": "sam2"
  }
}