{
  "episode_id": 18,
  "step_id": 9,
  "instruction": "Pick up the blue fork and place it on the left of the pot",
  "condition": "sam_var_obj_decay_laysel",
  "condition_desc": "VAR(p=0.6,rho=0.5) + obj_redirect + decay + L8-24 + SAM2",
  "predicted_action": [
    -0.002221855493152857,
    -0.0023666814355289695,
    -0.0072565262611298045,
    -0.019935301902247515,
    -0.011498433160431268,
    0.004768682880728764,
    0.03137254901960773
  ],
  "ground_truth_action": [
    -0.007316151168197393,
    -0.0074530006386339664,
    -0.012253439985215664,
    0.0037043269257992506,
    0.013966446742415428,
    -0.02313368394970894,
    0.9365079998970032
  ],
  "action_token_ids": [
    31881,
    31878,
    31927,
    31904,
    31878,
    31868,
    31868
  ],
  "mse_per_dim": [
    2.5951848424777468e-05,
    2.587064303587465e-05,
    2.4969146765957614e-05,
    0.0005588320511278197,
    0.0006484601084664056,
    0.0007785420747403101,
    0.819270184435026
  ],
  "mse_mean": 0.11733325861536958,
  "mse_spatial": 0.00034377097876019087,
  "mse_gripper": 0.819270184435026,
  "mse_per_dim_names": [
    "x",
    "y",
    "z",
    "roll",
    "pitch",
    "yaw",
    "gripper"
  ],
  "grounding": {
    "nouns": [
      "fork",
      "pot"
    ],
    "num_boxes": 2,
    "num_patches": 35,
    "patch_coverage": 0.13671875,
    "segmentation": "sam2"
  }
}