{
  "episode_id": 19,
  "step_id": 45,
  "instruction": "",
  "condition": "sam_var_obj_decay_laysel",
  "condition_desc": "VAR(p=0.6,rho=0.5) + obj_redirect + decay + L8-24 + SAM2",
  "predicted_action": [
    -0.001550832769450037,
    0.002813475692973362,
    -0.007776176813332477,
    0.0036926845651045342,
    -0.00011073313916434846,
    0.011215875175653645,
    0.1098039215686275
  ],
  "ground_truth_action": [
    -0.00038612884236499667,
    -0.0002593114331830293,
    0.0018251960864290595,
    0.004556370433419943,
    0.02367182821035385,
    0.1346113234758377,
    0.9986451268196106
  ],
  "action_token_ids": [
    31878,
    31862,
    31929,
    31867,
    31861,
    31864,
    31858
  ],
  "mse_per_dim": [
    1.3565352377673147e-06,
    9.442020722672454e-06,
    9.218636156027525e-05,
    7.459532791277413e-07,
    0.0005656102243435969,
    0.015226436661203399,
    0.7900386881520203
  ],
  "mse_mean": 0.11513349512976674,
  "mse_spatial": 0.0026492962927244733,
  "mse_gripper": 0.7900386881520203,
  "mse_per_dim_names": [
    "x",
    "y",
    "z",
    "roll",
    "pitch",
    "yaw",
    "gripper"
  ],
  "grounding": {
    "nouns": [],
    "num_boxes": 0,
    "num_patches": 0,
    "patch_coverage": 0.0,
    "segmentation": "sam2"
  }
}