{
  "episode_id": 12,
  "step_id": 3,
  "instruction": "",
  "condition": "sam_var_obj_decay_laysel",
  "condition_desc": "VAR(p=0.6,rho=0.5) + obj_redirect + decay + L8-24 + SAM2",
  "predicted_action": [
    -0.00378757518179278,
    0.017382667616886185,
    -0.0020600207391030696,
    0.029236453718998676,
    -0.04365193910283203,
    0.007992279028191218,
    0.996078431372549
  ],
  "ground_truth_action": [
    -0.01614472270011902,
    0.020463306456804276,
    0.0020667987409979105,
    -0.002913604723289609,
    -0.005707548465579748,
    -0.05108063295483589,
    1.0
  ],
  "action_token_ids": [
    31888,
    31817,
    31907,
    31827,
    31926,
    31866,
    31744
  ],
  "mse_per_dim": [
    0.0001526990947896763,
    9.490335662011875e-06,
    1.7030639021340923e-05,
    0.0010336262578425522,
    0.0014397767808323986,
    0.0034896089301544677,
    1.5378700499807656e-05
  ],
  "mse_mean": 0.0008796586769717506,
  "mse_spatial": 0.0010237053397170745,
  "mse_gripper": 1.5378700499807656e-05,
  "mse_per_dim_names": [
    "x",
    "y",
    "z",
    "roll",
    "pitch",
    "yaw",
    "gripper"
  ],
  "grounding": {
    "nouns": [],
    "num_boxes": 0,
    "num_patches": 0,
    "patch_coverage": 0.0,
    "segmentation": "sam2"
  }
}