{
  "episode_id": 12,
  "step_id": 48,
  "instruction": "",
  "condition": "sam_var_obj_decay_laysel",
  "condition_desc": "VAR(p=0.6,rho=0.5) + obj_redirect + decay + L8-24 + SAM2",
  "predicted_action": [
    -0.004905946387964152,
    -0.009165637666688285,
    -0.00621722515672446,
    0.033706613320930126,
    0.024004396317636234,
    0.011215875175653645,
    -0.2274509803921569
  ],
  "ground_truth_action": [
    -0.008178075775504112,
    0.0035500749945640564,
    0.0016260355478152633,
    -0.009264648891985416,
    0.0032525910064578056,
    0.0016429914394393563,
    0.9965841770172119
  ],
  "action_token_ids": [
    31893,
    31899,
    31923,
    31820,
    31825,
    31864,
    31901
  ],
  "mse_per_dim": [
    1.0706830728802638e-05,
    0.00016168934848353312,
    6.151673847937695e-05,
    0.0018465293761711432,
    0.00043063742367305323,
    9.164010302707603e-05,
    1.4982620665741784
  ],
  "mse_mean": 0.21440925519924875,
  "mse_spatial": 0.0004337866367604976,
  "mse_gripper": 1.4982620665741784,
  "mse_per_dim_names": [
    "x",
    "y",
    "z",
    "roll",
    "pitch",
    "yaw",
    "gripper"
  ],
  "grounding": {
    "nouns": [],
    "num_boxes": 0,
    "num_patches": 0,
    "patch_coverage": 0.0,
    "segmentation": "sam2"
  }
}