{
  "episode_id": 13,
  "step_id": 3,
  "instruction": "",
  "condition": "sam_var_obj_decay_laysel",
  "condition_desc": "VAR(p=0.6,rho=0.5) + obj_redirect + decay + L8-24 + SAM2",
  "predicted_action": [
    -0.017879052379552063,
    0.016087628334760594,
    0.0010578825741129685,
    0.024127699888219833,
    0.03137290809610306,
    0.032169250134159416,
    0.0
  ],
  "ground_truth_action": [
    -0.004552369471639395,
    0.0056974682956933975,
    0.004638804122805595,
    -0.009207780472934246,
    -0.020779406651854515,
    0.38980475068092346,
    0.05777039751410484
  ],
  "action_token_ids": [
    31951,
    31821,
    31895,
    31835,
    31814,
    31851,
    31872
  ],
  "mse_per_dim": [
    0.00017760047732805166,
    0.00010795542563742885,
    1.2822999137891202e-05,
    0.0011112542509088893,
    0.0027198639335700332,
    0.12790315125133447,
    0.003337418828937691
  ],
  "mse_mean": 0.01933858102383635,
  "mse_spatial": 0.022005441389652797,
  "mse_gripper": 0.003337418828937691,
  "mse_per_dim_names": [
    "x",
    "y",
    "z",
    "roll",
    "pitch",
    "yaw",
    "gripper"
  ],
  "grounding": {
    "nouns": [],
    "num_boxes": 0,
    "num_patches": 0,
    "patch_coverage": 0.0,
    "segmentation": "sam2"
  }
}