{
  "episode_id": 15,
  "step_id": 4,
  "instruction": "sweep into pile",
  "condition": "sam_var_obj_decay_laysel",
  "condition_desc": "VAR(p=0.6,rho=0.5) + obj_redirect + decay + L8-24 + SAM2",
  "predicted_action": [
    -0.007813711524009715,
    0.021267785463262932,
    -0.015311109820271243,
    0.01327159799781484,
    0.02132493748910283,
    -0.10322178805926271,
    -0.1568627450980392
  ],
  "ground_truth_action": [
    0.011634298600256443,
    0.016601506620645523,
    -0.023363709449768066,
    0.015687549486756325,
    0.004938391037285328,
    -0.10233768820762634,
    1.0
  ],
  "action_token_ids": [
    31906,
    31805,
    31958,
    31852,
    31829,
    31935,
    31892
  ],
  "mse_per_dim": [
    0.000378225097793559,
    2.1774158237058868e-05,
    6.484436079297238e-05,
    5.836821596918574e-06,
    0.0002685189046175728,
    7.816325476634547e-07,
    1.3383314109957707
  ],
  "mse_mean": 0.1912959131387652,
  "mse_spatial": 0.0001233301625976242,
  "mse_gripper": 1.3383314109957707,
  "mse_per_dim_names": [
    "x",
    "y",
    "z",
    "roll",
    "pitch",
    "yaw",
    "gripper"
  ],
  "grounding": {
    "nouns": [
      "pile"
    ],
    "num_boxes": 0,
    "num_patches": 0,
    "patch_coverage": 0.0,
    "segmentation": "sam2"
  }
}