{
  "episode_id": 11,
  "step_id": 6,
  "instruction": "bmbfbbfgjjg",
  "condition": "sam_var_obj_decay_laysel",
  "condition_desc": "VAR(p=0.6,rho=0.5) + obj_redirect + decay + L8-24 + SAM2",
  "predicted_action": [
    0.0018042808490640778,
    -0.0078705983845627,
    0.0062543880961397035,
    -0.028237026877263108,
    -0.052360180295565564,
    0.0772995961986335,
    -0.01568627450980392
  ],
  "ground_truth_action": [
    -0.005899892654269934,
    0.015456593595445156,
    -0.009250625036656857,
    -0.004365366883575916,
    -0.04112926125526428,
    0.0590774342417717,
    1.0
  ],
  "action_token_ids": [
    31863,
    31895,
    31875,
    31917,
    31939,
    31823,
    31874
  ],
  "mse_per_dim": [
    5.935428936947386e-05,
    0.0005441578856721429,
    0.0002404054322481938,
    0.0005698561508542055,
    0.00012613354248980187,
    0.0003320471863821014,
    1.0316186082276046
  ],
  "mse_mean": 0.1476415089592315,
  "mse_spatial": 0.0003119924145026532,
  "mse_gripper": 1.0316186082276046,
  "mse_per_dim_names": [
    "x",
    "y",
    "z",
    "roll",
    "pitch",
    "yaw",
    "gripper"
  ],
  "grounding": {
    "nouns": [],
    "num_boxes": 0,
    "num_patches": 0,
    "patch_coverage": 0.0,
    "segmentation": "sam2"
  }
}