{
  "episode_id": 16,
  "step_id": 9,
  "instruction": "move the pan to the left side of the stove",
  "condition": "sam_var_obj_decay_laysel",
  "condition_desc": "VAR(p=0.6,rho=0.5) + obj_redirect + decay + L8-24 + SAM2",
  "predicted_action": [
    0.00023856116042415831,
    0.0008709167697849851,
    -0.00024124380639371432,
    0.002415496107409834,
    -0.014177891988964658,
    -0.004902105561658515,
    -0.01568627450980392
  ],
  "ground_truth_action": [
    0.001460763975046575,
    0.0022703518625348806,
    0.012087473645806313,
    -0.002379431389272213,
    -0.03481845557689667,
    -0.014636286534368992,
    0.0
  ],
  "action_token_ids": [
    31870,
    31868,
    31900,
    31869,
    31882,
    31874,
    31874
  ],
  "mse_per_dim": [
    1.4937797200709576e-06,
    1.958418578819909e-06,
    0.00015199727401618153,
    2.299132969843756e-05,
    0.0004260328652274647,
    9.475427920947868e-05,
    0.00024605920799692423
  ],
  "mse_mean": 0.00013504102206391108,
  "mse_spatial": 0.00011653799107507556,
  "mse_gripper": 0.00024605920799692423,
  "mse_per_dim_names": [
    "x",
    "y",
    "z",
    "roll",
    "pitch",
    "yaw",
    "gripper"
  ],
  "grounding": {
    "nouns": [
      "pan",
      "stove"
    ],
    "num_boxes": 2,
    "num_patches": 49,
    "patch_coverage": 0.19140625,
    "segmentation": "sam2"
  }
}