{
  "episode_id": 20,
  "step_id": 20,
  "instruction": "",
  "condition": "sam_var_obj_decay_laysel",
  "condition_desc": "VAR(p=0.6,rho=0.5) + obj_redirect + decay + L8-24 + SAM2",
  "predicted_action": [
    -0.004682272146729876,
    -0.003661720717654547,
    -0.00985477902214317,
    -0.0173809249868581,
    0.019985208074836128,
    -0.04036166318374529,
    -0.3137254901960784
  ],
  "ground_truth_action": [
    0.017175590619444847,
    0.0015592197887599468,
    -0.01041718665510416,
    -0.0011031989706680179,
    -0.04147619381546974,
    0.01527255866676569,
    0.0
  ],
  "action_token_ids": [
    31892,
    31882,
    31937,
    31900,
    31831,
    31896,
    31912
  ],
  "mse_per_dim": [
    0.00047776616470492734,
    2.7258219771519633e-05,
    3.163023456127837e-07,
    0.0002649643642581515,
    0.003777503922321694,
    0.0030951666409118734,
    0.09842368319876971
  ],
  "mse_mean": 0.015152379830440498,
  "mse_spatial": 0.0012738292690522965,
  "mse_gripper": 0.09842368319876971,
  "mse_per_dim_names": [
    "x",
    "y",
    "z",
    "roll",
    "pitch",
    "yaw",
    "gripper"
  ],
  "grounding": {
    "nouns": [],
    "num_boxes": 0,
    "num_patches": 0,
    "patch_coverage": 0.0,
    "segmentation": "sam2"
  }
}