{
  "episode_id": 20,
  "step_id": 1,
  "instruction": "",
  "condition": "sam_var_obj_decay_laysel",
  "condition_desc": "VAR(p=0.6,rho=0.5) + obj_redirect + decay + L8-24 + SAM2",
  "predicted_action": [
    0.0015806066078298056,
    0.007669873000944301,
    -0.009075303193839163,
    -0.018019519215705465,
    -0.029584780253031684,
    0.06440521160878379,
    0.996078431372549
  ],
  "ground_truth_action": [
    -0.002697603777050972,
    -0.02949083223938942,
    -0.001935381325893104,
    -0.0019125666003674269,
    0.012688610702753067,
    -0.0706641748547554,
    1.0
  ],
  "action_token_ids": [
    31864,
    31847,
    31934,
    31901,
    31905,
    31831,
    31744
  ],
  "mse_per_dim": [
    1.830308409730173e-05,
    0.001380918013958966,
    5.0978484280374346e-05,
    0.00025943392255274486,
    0.001787039582900624,
    0.018243739159636903,
    1.5378700499807656e-05
  ],
  "mse_mean": 0.0031079701354181028,
  "mse_spatial": 0.0036234020412378187,
  "mse_gripper": 1.5378700499807656e-05,
  "mse_per_dim_names": [
    "x",
    "y",
    "z",
    "roll",
    "pitch",
    "yaw",
    "gripper"
  ],
  "grounding": {
    "nouns": [],
    "num_boxes": 0,
    "num_patches": 0,
    "patch_coverage": 0.0,
    "segmentation": "sam2"
  }
}