{
  "episode_id": 23,
  "step_id": 10,
  "instruction": "",
  "condition": "sam_var_obj_decay_laysel",
  "condition_desc": "VAR(p=0.6,rho=0.5) + obj_redirect + decay + L8-24 + SAM2",
  "predicted_action": [
    -0.009379431212649638,
    0.023534104206982702,
    -0.008815477917737825,
    0.015187380684356905,
    0.02936331397470303,
    0.20301984594966835,
    0.6431372549019607
  ],
  "ground_truth_action": [
    -0.0021441560238599777,
    -0.003115093568339944,
    -0.021207429468631744,
    0.014569255523383617,
    0.014801387675106525,
    -0.08704423904418945,
    1.0
  ],
  "action_token_ids": [
    31913,
    31798,
    31933,
    31849,
    31817,
    31744,
    31790
  ],
  "mse_per_dim": [
    5.2349207057515254e-05,
    0.0007101797420682615,
    0.0001535604632397022,
    3.820787146282525e-07,
    0.0002120496975548803,
    0.08413717340332398,
    0.12735101883890815
  ],
  "mse_mean": 0.03037381620440959,
  "mse_spatial": 0.014210949098659829,
  "mse_gripper": 0.12735101883890815,
  "mse_per_dim_names": [
    "x",
    "y",
    "z",
    "roll",
    "pitch",
    "yaw",
    "gripper"
  ],
  "grounding": {
    "nouns": [],
    "num_boxes": 0,
    "num_patches": 0,
    "patch_coverage": 0.0,
    "segmentation": "sam2"
  }
}