{
  "episode_id": 26,
  "step_id": 1,
  "instruction": "take out the object from the silver pot and put it on the orange cloth",
  "condition": "sam_var_obj_decay_laysel",
  "condition_desc": "VAR(p=0.6,rho=0.5) + obj_redirect + decay + L8-24 + SAM2",
  "predicted_action": [
    0.011869621704606429,
    0.032599379181861794,
    0.010151767237659755,
    0.017741757599746305,
    -0.01886694493889811,
    0.033781048207890685,
    0.996078431372549
  ],
  "ground_truth_action": [
    0.01426507718861103,
    0.011698411777615547,
    0.005421107169240713,
    0.0025756200775504112,
    -0.030749350786209106,
    0.01860055699944496,
    1.0
  ],
  "action_token_ids": [
    31818,
    31770,
    31860,
    31845,
    31889,
    31850,
    31744
  ],
  "mse_per_dim": [
    5.73820697584772e-06,
    0.0004368504384333641,
    2.237914468293446e-05,
    0.0002300117273421582,
    0.00014119156872021058,
    0.0002304473133296979,
    1.5378700499807656e-05
  ],
  "mse_mean": 0.0001545710142834315,
  "mse_spatial": 0.0001777697332473688,
  "mse_gripper": 1.5378700499807656e-05,
  "mse_per_dim_names": [
    "x",
    "y",
    "z",
    "roll",
    "pitch",
    "yaw",
    "gripper"
  ],
  "grounding": {
    "nouns": [
      "object",
      "pot",
      "cloth"
    ],
    "num_boxes": 2,
    "num_patches": 58,
    "patch_coverage": 0.2265625,
    "segmentation": "sam2"
  }
}