{
  "episode_id": 27,
  "step_id": 18,
  "instruction": "sweep into pile",
  "condition": "sam_var_obj_decay_laysel",
  "condition_desc": "VAR(p=0.6,rho=0.5) + obj_redirect + decay + L8-24 + SAM2",
  "predicted_action": [
    0.0029226520552354494,
    -0.004956759999780139,
    -0.01375215816366322,
    0.010717221082425427,
    0.02936331397470303,
    -0.008125701709120942,
    0.0
  ],
  "ground_truth_action": [
    0.0027993908151984215,
    -0.03656044602394104,
    -0.01054446492344141,
    0.010829743929207325,
    0.02838703989982605,
    -0.04176845774054527,
    0.0
  ],
  "action_token_ids": [
    31858,
    31886,
    31952,
    31856,
    31817,
    31876,
    31872
  ],
  "mse_per_dim": [
    1.5193333295465824e-08,
    0.000998792970313743,
    1.0289295923364698e-05,
    1.266139104790258e-08,
    9.531110692769008e-07,
    0.0011318350333899383,
    0.0
  ],
  "mse_mean": 0.0003059854664886666,
  "mse_spatial": 0.00035698304423677766,
  "mse_gripper": 0.0,
  "mse_per_dim_names": [
    "x",
    "y",
    "z",
    "roll",
    "pitch",
    "yaw",
    "gripper"
  ],
  "grounding": {
    "nouns": [
      "pile"
    ],
    "num_boxes": 1,
    "num_patches": 26,
    "patch_coverage": 0.1015625,
    "segmentation": "sam2"
  }
}