{
  "episode_id": 29,
  "step_id": 5,
  "instruction": "",
  "condition": "sam_var_obj_decay_laysel",
  "condition_desc": "VAR(p=0.6,rho=0.5) + obj_redirect + decay + L8-24 + SAM2",
  "predicted_action": [
    -0.002445529734387133,
    -0.01013691712828247,
    0.0057347375439370275,
    -0.013549359613773987,
    -0.022216268474564857,
    -0.012961095930314609,
    0.007843137254901933
  ],
  "ground_truth_action": [
    0.010001040063798428,
    0.007586502470076084,
    -0.015485805459320545,
    0.015001829713582993,
    0.04806274548172951,
    0.007598422933369875,
    1.0
  ],
  "action_token_ids": [
    31882,
    31902,
    31877,
    31894,
    31894,
    31879,
    31871
  ],
  "mse_per_dim": [
    0.00015491709974110494,
    0.0003141196022594801,
    0.0004503114453531039,
    0.0008151704120065831,
    0.004939139802669018,
    0.00042269381590619815,
    0.9843752402921954
  ],
  "mse_mean": 0.1416387989243044,
  "mse_spatial": 0.0011827253629892482,
  "mse_gripper": 0.9843752402921954,
  "mse_per_dim_names": [
    "x",
    "y",
    "z",
    "roll",
    "pitch",
    "yaw",
    "gripper"
  ],
  "grounding": {
    "nouns": [],
    "num_boxes": 0,
    "num_patches": 0,
    "patch_coverage": 0.0,
    "segmentation": "sam2"
  }
}