{
  "episode_id": 24,
  "step_id": 22,
  "instruction": "",
  "condition": "sam_var_obj_decay_laysel",
  "condition_desc": "VAR(p=0.6,rho=0.5) + obj_redirect + decay + L8-24 + SAM2",
  "predicted_action": [
    0.004041023261406821,
    -0.004633000179248746,
    -0.02180674172280466,
    -0.04994923065807311,
    0.024674261024769578,
    0.13371252877922604,
    -0.1333333333333333
  ],
  "ground_truth_action": [
    -0.006670031696557999,
    0.035844698548316956,
    -0.0015904332976788282,
    0.016213389113545418,
    0.004797945264726877,
    0.04829184338450432,
    -0.002817088970914483
  ],
  "action_token_ids": [
    31853,
    31885,
    31983,
    31951,
    31824,
    31788,
    31889
  ],
  "mse_per_dim": [
    0.00011472669831254275,
    0.001638444094279574,
    0.0004086991263398137,
    0.004377492255043767,
    0.00039506792819292186,
    0.007296693493304025,
    0.017034490042470624
  ],
  "mse_mean": 0.004466516233991895,
  "mse_spatial": 0.002371853932578774,
  "mse_gripper": 0.017034490042470624,
  "mse_per_dim_names": [
    "x",
    "y",
    "z",
    "roll",
    "pitch",
    "yaw",
    "gripper"
  ],
  "grounding": {
    "nouns": [],
    "num_boxes": 0,
    "num_patches": 0,
    "patch_coverage": 0.0,
    "segmentation": "sam2"
  }
}