{
  "episode_id": 22,
  "step_id": 2,
  "instruction": "",
  "condition": "sam_var_obj_decay_laysel",
  "condition_desc": "VAR(p=0.6,rho=0.5) + obj_redirect + decay + L8-24 + SAM2",
  "predicted_action": [
    -0.00960310545388391,
    0.028066741694422255,
    -0.011673555954852527,
    0.01327159799781484,
    -0.047671127345632114,
    0.061181615461321365,
    0.07058823529411762
  ],
  "ground_truth_action": [
    0.01830683834850788,
    0.03709404170513153,
    0.00037939983303658664,
    0.06908417493104935,
    -0.027618804946541786,
    0.023835381492972374,
    1.0
  ],
  "action_token_ids": [
    31914,
    31784,
    31944,
    31852,
    31932,
    31833,
    31863
  ],
  "mse_per_dim": [
    0.0007789649630526679,
    8.14921454833517e-05,
    0.0001452737432248097,
    0.0031150437439282203,
    0.0004020956335970597,
    0.001394741191618664,
    0.8638062283737025
  ],
  "mse_mean": 0.12424626282780103,
  "mse_spatial": 0.0009862685701507955,
  "mse_gripper": 0.8638062283737025,
  "mse_per_dim_names": [
    "x",
    "y",
    "z",
    "roll",
    "pitch",
    "yaw",
    "gripper"
  ],
  "grounding": {
    "nouns": [],
    "num_boxes": 0,
    "num_patches": 0,
    "patch_coverage": 0.0,
    "segmentation": "sam2"
  }
}