{
  "episode_id": 22,
  "step_id": 30,
  "instruction": "",
  "condition": "sam_var_obj_decay_laysel",
  "condition_desc": "VAR(p=0.6,rho=0.5) + obj_redirect + decay + L8-24 + SAM2",
  "predicted_action": [
    0.0044883717438753655,
    -0.016612113538910386,
    -0.003099321843508418,
    -0.005247634638758394,
    -0.019536809646031453,
    -0.01779649015150825,
    -0.196078431372549
  ],
  "ground_truth_action": [
    0.007314033806324005,
    -0.005778083112090826,
    -0.009505725465714931,
    0.03567957505583763,
    -0.02066919580101967,
    0.013912631198763847,
    0.0
  ],
  "action_token_ids": [
    31851,
    31922,
    31911,
    31881,
    31890,
    31882,
    31897
  ],
  "mse_per_dim": [
    7.9843660911615e-06,
    0.00011737621528925202,
    4.104200737062073e-05,
    0.001675036493385435,
    1.2822984040089956e-06,
    0.0010054683768062817,
    0.038446751249519406
  ],
  "mse_mean": 0.005899277286695167,
  "mse_spatial": 0.0004746982928911267,
  "mse_gripper": 0.038446751249519406,
  "mse_per_dim_names": [
    "x",
    "y",
    "z",
    "roll",
    "pitch",
    "yaw",
    "gripper"
  ],
  "grounding": {
    "nouns": [],
    "num_boxes": 0,
    "num_patches": 0,
    "patch_coverage": 0.0,
    "segmentation": "sam2"
  }
}