{
  "episode_id": 26,
  "step_id": 29,
  "instruction": "take out the object from the silver pot and put it on the orange cloth",
  "condition": "sam_var_obj_decay_laysel",
  "condition_desc": "VAR(p=0.6,rho=0.5) + obj_redirect + decay + L8-24 + SAM2",
  "predicted_action": [
    -0.0011034842869814855,
    -0.003985480538185947,
    -0.0005010690824950523,
    -0.023128273046484286,
    0.009267372760702552,
    0.007992279028191218,
    0.015686274509803866
  ],
  "ground_truth_action": [
    -0.0016910003032535315,
    -0.0011007013963535428,
    -0.004089745227247477,
    -0.016912251710891724,
    0.03754372522234917,
    0.0074751549400389194,
    1.0
  ],
  "action_token_ids": [
    31876,
    31883,
    31901,
    31909,
    31847,
    31866,
    31870
  ],
  "mse_per_dim": [
    3.4517506937617493e-07,
    8.321950697151302e-06,
    1.2878596471915123e-05,
    3.863892124454195e-05,
    0.0007995521085352686,
    2.674173225473464e-07,
    0.9688735101883892
  ],
  "mse_mean": 0.13853335919396143,
  "mse_spatial": 0.00014333402822346676,
  "mse_gripper": 0.9688735101883892,
  "mse_per_dim_names": [
    "x",
    "y",
    "z",
    "roll",
    "pitch",
    "yaw",
    "gripper"
  ],
  "grounding": {
    "nouns": [
      "object",
      "pot",
      "cloth"
    ],
    "num_boxes": 3,
    "num_patches": 88,
    "patch_coverage": 0.34375,
    "segmentation": "sam2"
  }
}