{
  "episode_id": 22,
  "step_id": 12,
  "instruction": "",
  "condition": "sam_var_obj_decay_laysel",
  "condition_desc": "VAR(p=0.6,rho=0.5) + obj_redirect + decay + L8-24 + SAM2",
  "predicted_action": [
    -0.0013271585282157647,
    0.0024897158724419693,
    -0.0033591471196097525,
    -0.0014160692656742802,
    0.007257778639302506,
    0.022498461691772165,
    0.996078431372549
  ],
  "ground_truth_action": [
    0.0035454791504889727,
    0.0016141931992024183,
    -0.005687087774276733,
    -0.03118583746254444,
    -0.042487356811761856,
    -0.003220157464966178,
    1.0
  ],
  "action_token_ids": [
    31877,
    31863,
    31912,
    31875,
    31850,
    31857,
    31744
  ],
  "mse_per_dim": [
    2.374259794793309e-05,
    7.665399513565296e-07,
    5.419307691651332e-06,
    0.0008862390984953821,
    0.0024745785010447403,
    0.0006614473713293485,
    1.5378700499807656e-05
  ],
  "mse_mean": 0.0005810817309943171,
  "mse_spatial": 0.0006753655694100687,
  "mse_gripper": 1.5378700499807656e-05,
  "mse_per_dim_names": [
    "x",
    "y",
    "z",
    "roll",
    "pitch",
    "yaw",
    "gripper"
  ],
  "grounding": {
    "nouns": [],
    "num_boxes": 0,
    "num_patches": 0,
    "patch_coverage": 0.0,
    "segmentation": "sam2"
  }
}