{
  "episode_id": 28,
  "step_id": 32,
  "instruction": "Move the bowl closer to the bottom right of the table.",
  "condition": "sam_var_obj_decay_laysel",
  "condition_desc": "VAR(p=0.6,rho=0.5) + obj_redirect + decay + L8-24 + SAM2",
  "predicted_action": [
    0.008290833844858039,
    -0.00010036269180919988,
    0.002097183678518317,
    0.010717221082425427,
    0.0025687256893690558,
    0.004768682880728764,
    0.996078431372549
  ],
  "ground_truth_action": [
    0.0,
    0.0,
    0.0,
    0.0,
    0.0,
    0.0,
    1.0
  ],
  "action_token_ids": [
    31834,
    31871,
    31891,
    31856,
    31857,
    31868,
    31744
  ],
  "mse_per_dim": [
    6.873792584304352e-05,
    1.0072669907188437e-08,
    4.398179381443619e-06,
    0.00011485882772958403,
    6.598351667224531e-06,
    2.274033641695558e-05,
    1.5378700499807656e-05
  ],
  "mse_mean": 3.324605631542373e-05,
  "mse_spatial": 3.622394895135974e-05,
  "mse_gripper": 1.5378700499807656e-05,
  "mse_per_dim_names": [
    "x",
    "y",
    "z",
    "roll",
    "pitch",
    "yaw",
    "gripper"
  ],
  "grounding": {
    "nouns": [
      "bowl",
      "table"
    ],
    "num_boxes": 1,
    "num_patches": 24,
    "patch_coverage": 0.09375,
    "segmentation": "sam2"
  }
}