{
  "episode_id": 27,
  "step_id": 5,
  "instruction": "sweep into pile",
  "condition": "sam_var_obj_decay_laysel",
  "condition_desc": "VAR(p=0.6,rho=0.5) + obj_redirect + decay + L8-24 + SAM2",
  "predicted_action": [
    0.004264697502641097,
    0.0021659560519105767,
    0.001837358402416979,
    0.006885655709341312,
    0.0025687256893690558,
    -0.004902105561658515,
    0.09411764705882353
  ],
  "ground_truth_action": [
    0.004490639548748732,
    0.0029158410616219044,
    0.0001261764846276492,
    0.0009172753198072314,
    0.0038259427528828382,
    0.004496388603001833,
    1.0
  ],
  "action_token_ids": [
    31852,
    31864,
    31892,
    31862,
    31857,
    31874,
    31860
  ],
  "mse_per_dim": [
    5.1049808199304605e-08,
    5.623275277897581e-07,
    2.9281435557691687e-06,
    3.5621564474174986e-05,
    1.5805947447902182e-06,
    8.833169256315462e-05,
    0.8206228373702422
  ],
  "mse_mean": 0.11725027324898803,
  "mse_spatial": 2.1512562112313012e-05,
  "mse_gripper": 0.8206228373702422,
  "mse_per_dim_names": [
    "x",
    "y",
    "z",
    "roll",
    "pitch",
    "yaw",
    "gripper"
  ],
  "grounding": {
    "nouns": [
      "pile"
    ],
    "num_boxes": 1,
    "num_patches": 26,
    "patch_coverage": 0.1015625,
    "segmentation": "sam2"
  }
}