{
  "episode_id": 24,
  "step_id": 28,
  "instruction": "",
  "condition": "sam_var_obj_decay_laysel",
  "condition_desc": "VAR(p=0.6,rho=0.5) + obj_redirect + decay + L8-24 + SAM2",
  "predicted_action": [
    0.0015806066078298056,
    -0.02600114833432087,
    -0.008555652641636487,
    0.04328552675364043,
    0.015966019832036035,
    -0.027467278593895555,
    -0.0862745098039216
  ],
  "ground_truth_action": [
    0.004707207903265953,
    0.001361221307888627,
    -0.03161098435521126,
    -0.02096954733133316,
    0.004958217032253742,
    -0.10566024482250214,
    0.004366686567664146
  ],
  "action_token_ids": [
    31864,
    31951,
    31932,
    31805,
    31837,
    31888,
    31883
  ],
  "mse_per_dim": [
    9.775635660622996e-06,
    0.0007486992724369079,
    0.0005315483204229665,
    0.004128714545665445,
    0.00012117172247889489,
    0.006114139967628009,
    0.008215826479672369
  ],
  "mse_mean": 0.002838553706280745,
  "mse_spatial": 0.0019423415773821412,
  "mse_gripper": 0.008215826479672369,
  "mse_per_dim_names": [
    "x",
    "y",
    "z",
    "roll",
    "pitch",
    "yaw",
    "gripper"
  ],
  "grounding": {
    "nouns": [],
    "num_boxes": 0,
    "num_patches": 0,
    "patch_coverage": 0.0,
    "segmentation": "sam2"
  }
}