{
  "episode_id": 23,
  "step_id": 16,
  "instruction": "",
  "condition": "sam_var_obj_decay_laysel",
  "condition_desc": "VAR(p=0.6,rho=0.5) + obj_redirect + decay + L8-24 + SAM2",
  "predicted_action": [
    -0.004011249423027052,
    0.005079794436693139,
    0.020804603557814553,
    0.020296134515135733,
    0.02668385514616961,
    0.04184003857654672,
    0.996078431372549
  ],
  "ground_truth_action": [
    0.000315351877361536,
    0.0025220552925020456,
    -0.000427297898568213,
    0.004662214312702417,
    -0.016499649733304977,
    0.13256819546222687,
    0.00025337887927889824
  ],
  "action_token_ids": [
    31889,
    31855,
    31819,
    31841,
    31821,
    31845,
    31744
  ],
  "mse_per_dim": [
    1.8719478812524224e-05,
    6.5420295297273845e-06,
    0.0004507936394535486,
    0.00024441946089605256,
    0.0018648150936756056,
    0.00823159845187259,
    0.9916675351732243
  ],
  "mse_mean": 0.14321206047535204,
  "mse_spatial": 0.0018028146923733414,
  "mse_gripper": 0.9916675351732243,
  "mse_per_dim_names": [
    "x",
    "y",
    "z",
    "roll",
    "pitch",
    "yaw",
    "gripper"
  ],
  "grounding": {
    "nouns": [],
    "num_boxes": 0,
    "num_patches": 0,
    "patch_coverage": 0.0,
    "segmentation": "sam2"
  }
}