{
  "episode_id": 20,
  "step_id": 0,
  "instruction": "",
  "condition": "sam_var_obj_decay_laysel",
  "condition_desc": "VAR(p=0.6,rho=0.5) + obj_redirect + decay + L8-24 + SAM2",
  "predicted_action": [
    0.0015806066078298056,
    0.007669873000944301,
    -0.009075303193839163,
    -0.018019519215705465,
    -0.029584780253031684,
    0.06440521160878379,
    0.996078431372549
  ],
  "ground_truth_action": [
    3.242785484580679e-10,
    -3.8458181084166654e-10,
    3.092766598378205e-10,
    -7.12853420736792e-07,
    -2.0240000253579638e-07,
    -4.3234157942606544e-07,
    1.0
  ],
  "action_token_ids": [
    31864,
    31847,
    31934,
    31901,
    31905,
    31831,
    31744
  ],
  "mse_per_dim": [
    2.4983162236017173e-06,
    5.882695775000178e-05,
    8.236113367366633e-05,
    0.0003246773827215126,
    0.0008752472467419427,
    0.004148086972660958,
    1.5378700499807656e-05
  ],
  "mse_mean": 0.0007867252443244986,
  "mse_spatial": 0.0009152830016286138,
  "mse_gripper": 1.5378700499807656e-05,
  "mse_per_dim_names": [
    "x",
    "y",
    "z",
    "roll",
    "pitch",
    "yaw",
    "gripper"
  ],
  "grounding": {
    "nouns": [],
    "num_boxes": 0,
    "num_patches": 0,
    "patch_coverage": 0.0,
    "segmentation": "sam2"
  }
}