{
  "episode_id": 22,
  "step_id": 17,
  "instruction": "",
  "condition": "sam_var_obj_decay_laysel",
  "condition_desc": "VAR(p=0.6,rho=0.5) + obj_redirect + decay + L8-24 + SAM2",
  "predicted_action": [
    0.005159394467578193,
    -0.0010716421534033849,
    -0.005697574604521784,
    0.016464569142051605,
    0.01060710217496924,
    -0.0016785094141960888,
    0.0
  ],
  "ground_truth_action": [
    0.0005682448972947896,
    0.0008698595338501036,
    0.0006259144865907729,
    -0.0017014179611578584,
    -0.016087302938103676,
    0.0028856301214545965,
    0.0
  ],
  "action_token_ids": [
    31848,
    31874,
    31921,
    31847,
    31845,
    31872,
    31872
  ],
  "mse_per_dim": [
    2.1078654376713478e-05,
    3.7694288016081426e-06,
    3.998651428541951e-05,
    0.00033000308743397254,
    0.0007125912643408535,
    2.0831369700889654e-05,
    0.0
  ],
  "mse_mean": 0.00016118004556277957,
  "mse_spatial": 0.00018804338648990948,
  "mse_gripper": 0.0,
  "mse_per_dim_names": [
    "x",
    "y",
    "z",
    "roll",
    "pitch",
    "yaw",
    "gripper"
  ],
  "grounding": {
    "nouns": [],
    "num_boxes": 0,
    "num_patches": 0,
    "patch_coverage": 0.0,
    "segmentation": "sam2"
  }
}