{
  "episode_id": 29,
  "step_id": 12,
  "instruction": "",
  "condition": "sam_var_obj_decay_laysel",
  "condition_desc": "VAR(p=0.6,rho=0.5) + obj_redirect + decay + L8-24 + SAM2",
  "predicted_action": [
    0.003146326296469725,
    0.0011946765903163847,
    -0.009075303193839163,
    0.0036926845651045342,
    0.0032385903965024138,
    0.05151082701893403,
    0.07058823529411762
  ],
  "ground_truth_action": [
    -0.0005217720754444599,
    -0.0016048518009483814,
    0.007169712800532579,
    -0.012986577115952969,
    -0.016233058646321297,
    0.02122674696147442,
    0.0
  ],
  "action_token_ids": [
    31857,
    31867,
    31934,
    31867,
    31856,
    31839,
    31863
  ],
  "mse_per_dim": [
    1.3454945666039495e-05,
    7.83735921349749e-06,
    0.00026390054465739375,
    0.00027819777022519313,
    0.00037914511644689754,
    0.0009171255049266229,
    0.0049826989619377125
  ],
  "mse_mean": 0.0009774800290104795,
  "mse_spatial": 0.00030994354018927403,
  "mse_gripper": 0.0049826989619377125,
  "mse_per_dim_names": [
    "x",
    "y",
    "z",
    "roll",
    "pitch",
    "yaw",
    "gripper"
  ],
  "grounding": {
    "nouns": [],
    "num_boxes": 0,
    "num_patches": 0,
    "patch_coverage": 0.0,
    "segmentation": "sam2"
  }
}