{
  "episode_id": 29,
  "step_id": 9,
  "instruction": "",
  "condition": "sam_var_obj_decay_laysel",
  "condition_desc": "VAR(p=0.6,rho=0.5) + obj_redirect + decay + L8-24 + SAM2",
  "predicted_action": [
    0.02819784131470845,
    0.01835394707848037,
    -0.0020600207391030696,
    0.006885655709341312,
    -0.010158703746164566,
    0.09180577886221444,
    0.996078431372549
  ],
  "ground_truth_action": [
    0.0018611778505146503,
    -0.004472837317734957,
    -0.007976052351295948,
    -0.012723423540592194,
    0.012370862066745758,
    -0.008068183436989784,
    1.0
  ],
  "action_token_ids": [
    31744,
    31814,
    31907,
    31862,
    31876,
    31814,
    31744
  ],
  "mse_per_dim": [
    0.0006936198424262007,
    0.0005210620858712995,
    3.499943003646547e-05,
    0.0003845159890301728,
    0.0005075813357182577,
    0.009974808345342867,
    1.5378700499807656e-05
  ],
  "mse_mean": 0.0017331379612750102,
  "mse_spatial": 0.0020194311714042106,
  "mse_gripper": 1.5378700499807656e-05,
  "mse_per_dim_names": [
    "x",
    "y",
    "z",
    "roll",
    "pitch",
    "yaw",
    "gripper"
  ],
  "grounding": {
    "nouns": [],
    "num_boxes": 0,
    "num_patches": 0,
    "patch_coverage": 0.0,
    "segmentation": "sam2"
  }
}