{
  "episode_id": 29,
  "step_id": 25,
  "instruction": "",
  "condition": "sam_var_obj_decay_laysel",
  "condition_desc": "VAR(p=0.6,rho=0.5) + obj_redirect + decay + L8-24 + SAM2",
  "predicted_action": [
    -0.001998181251918585,
    -0.0013954019739347845,
    -0.003099321843508418,
    0.07968539779793955,
    -0.021546403767431513,
    0.004768682880728764,
    0.996078431372549
  ],
  "ground_truth_action": [
    -0.02824724279344082,
    -0.01301101315766573,
    0.03569284453988075,
    0.04918890818953514,
    -0.08775915950536728,
    -0.0034323392901569605,
    1.0
  ],
  "action_token_ids": [
    31880,
    31875,
    31911,
    31748,
    31893,
    31868,
    31744
  ],
  "mse_per_dim": [
    0.0006890132318106216,
    0.00013492242317161542,
    0.0015048321727165487,
    0.0009300358784355183,
    0.004384129022411545,
    6.72567646473592e-05,
    1.5378700499807656e-05
  ],
  "mse_mean": 0.0011036525990990025,
  "mse_spatial": 0.0012850315821988682,
  "mse_gripper": 1.5378700499807656e-05,
  "mse_per_dim_names": [
    "x",
    "y",
    "z",
    "roll",
    "pitch",
    "yaw",
    "gripper"
  ],
  "grounding": {
    "nouns": [],
    "num_boxes": 0,
    "num_patches": 0,
    "patch_coverage": 0.0,
    "segmentation": "sam2"
  }
}