{
  "episode_id": 20,
  "step_id": 23,
  "instruction": "",
  "condition": "sam_var_obj_decay_laysel",
  "condition_desc": "VAR(p=0.6,rho=0.5) + obj_redirect + decay + L8-24 + SAM2",
  "predicted_action": [
    -0.004458597905495604,
    -0.005928039461374324,
    -0.003099321843508418,
    -0.018658113444552808,
    -0.004129921381964441,
    0.014439471323116071,
    -0.1725490196078432
  ],
  "ground_truth_action": [
    0.013305031694471836,
    0.005836844444274902,
    -0.0005218566511757672,
    -0.006833926774561405,
    0.01233255211263895,
    0.020129377022385597,
    0.0
  ],
  "action_token_ids": [
    31891,
    31889,
    31911,
    31902,
    31867,
    31862,
    31894
  ],
  "mse_per_dim": [
    0.00031554653656483937,
    0.00013841249331340418,
    6.643326817686389e-06,
    0.0001398113904068024,
    0.0002710130335605192,
    3.237502686657984e-05,
    0.029773164167627854
  ],
  "mse_mean": 0.004382423710736812,
  "mse_spatial": 0.00015063363458830522,
  "mse_gripper": 0.029773164167627854,
  "mse_per_dim_names": [
    "x",
    "y",
    "z",
    "roll",
    "pitch",
    "yaw",
    "gripper"
  ],
  "grounding": {
    "nouns": [],
    "num_boxes": 0,
    "num_patches": 0,
    "patch_coverage": 0.0,
    "segmentation": "sam2"
  }
}