{
  "episode_id": 24,
  "step_id": 25,
  "instruction": "",
  "condition": "sam_var_obj_decay_laysel",
  "condition_desc": "VAR(p=0.6,rho=0.5) + obj_redirect + decay + L8-24 + SAM2",
  "predicted_action": [
    0.0018042808490640778,
    -0.022439790308475514,
    -0.008555652641636487,
    -0.003970446181063694,
    -0.01618748611036472,
    0.02894565398669699,
    -0.03921568627450983
  ],
  "ground_truth_action": [
    0.014685641042888165,
    -0.00040981810889206827,
    -0.0005462210392579436,
    0.01697383262217045,
    0.01396173145622015,
    0.08003304898738861,
    0.004756444599479437
  ],
  "action_token_ids": [
    31863,
    31940,
    31932,
    31879,
    31885,
    31853,
    31877
  ],
  "mse_per_dim": [
    0.0001659294404430357,
    0.00048531967511441945,
    6.415099459318013e-05,
    0.00043866281458760303,
    0.0009089753198772697,
    0.0026099219279566914,
    0.0019335482935992402
  ],
  "mse_mean": 0.0009437869237387773,
  "mse_spatial": 0.0007788266954287,
  "mse_gripper": 0.0019335482935992402,
  "mse_per_dim_names": [
    "x",
    "y",
    "z",
    "roll",
    "pitch",
    "yaw",
    "gripper"
  ],
  "grounding": {
    "nouns": [],
    "num_boxes": 0,
    "num_patches": 0,
    "patch_coverage": 0.0,
    "segmentation": "sam2"
  }
}