{
  "episode_id": 0,
  "step_id": 8,
  "instruction": "put small spoon from basket to tray",
  "condition": "tri_micro_gripex_resid",
  "condition_desc": "wr(\u03bb=1.1) + gripex + resid(\u03b1=1.5)",
  "predicted_action": [
    0.0018042808490640778,
    0.005079794436693139,
    -0.004918098776217777,
    0.011994409540120127,
    -0.03159437437443174,
    0.0015450867332663376,
    0.0
  ],
  "ground_truth_action": [
    0.000997894094325602,
    -0.00026395334862172604,
    -0.006160037126392126,
    0.019063813611865044,
    0.0026527494192123413,
    0.014320624060928822,
    0.0
  ],
  "action_token_ids": [
    31863,
    31855,
    31918,
    31854,
    31908,
    31870,
    31872
  ],
  "mse_per_dim": [
    6.502595982176508e-07,
    2.855564039305752e-05,
    1.5424108656337847e-06,
    4.997647392960361e-05,
    0.0011728654881371823,
    0.00016321435401049747,
    0.0
  ],
  "mse_mean": 0.0002024006609905989,
  "mse_spatial": 0.00023613410448903205,
  "mse_gripper": 0.0,
  "mse_per_dim_names": [
    "x",
    "y",
    "z",
    "roll",
    "pitch",
    "yaw",
    "gripper"
  ],
  "grounding": {
    "nouns": [
      "spoon",
      "basket"
    ],
    "num_boxes": 6,
    "num_patches": 189,
    "patch_coverage": 0.73828125
  }
}