{
  "episode_id": 1,
  "step_id": 40,
  "instruction": "put the blue cube on the right side of the table on top of the rectangular block",
  "condition": "tri_micro_gripex_resid",
  "condition_desc": "wr(\u03bb=1.1) + gripex + resid(\u03b1=1.5)",
  "predicted_action": [
    -0.0008798100457472133,
    -0.00042412251234059256,
    -0.0005010690824950523,
    -0.0065248230964530946,
    0.003908455103635758,
    0.004768682880728764,
    0.1333333333333333
  ],
  "ground_truth_action": [
    0.00033965372131206095,
    0.0009584955987520516,
    -5.304880687617697e-05,
    -0.0028095829766243696,
    0.0054754531010985374,
    0.0011471250327304006,
    1.0
  ],
  "action_token_ids": [
    31875,
    31872,
    31901,
    31883,
    31855,
    31868,
    31855
  ],
  "mse_per_dim": [
    1.487091879170396e-06,
    1.9116328411213913e-06,
    2.00722167365613e-07,
    1.3803009147984958e-05,
    2.4554827240523615e-06,
    1.3115681246398537e-05,
    0.7511111111111112
  ],
  "mse_mean": 0.10730629781873104,
  "mse_spatial": 5.495603334348876e-06,
  "mse_gripper": 0.7511111111111112,
  "mse_per_dim_names": [
    "x",
    "y",
    "z",
    "roll",
    "pitch",
    "yaw",
    "gripper"
  ],
  "grounding": {
    "nouns": [
      "cube",
      "side",
      "table",
      "top",
      "block"
    ],
    "num_boxes": 3,
    "num_patches": 256,
    "patch_coverage": 1.0
  }
}