{
  "episode_id": 0,
  "step_id": 27,
  "instruction": "put small spoon from basket to tray",
  "condition": "tri_micro_gripex_resid",
  "condition_desc": "wr(\u03bb=1.1) + gripex + resid(\u03b1=1.5)",
  "predicted_action": [
    -0.0013271585282157647,
    0.004756034616161739,
    -0.008295827365535153,
    0.003054090336257184,
    0.01864547866056944,
    -0.012961095930314609,
    0.996078431372549
  ],
  "ground_truth_action": [
    0.0,
    0.0,
    0.0,
    0.0,
    0.0,
    0.0,
    1.0
  ],
  "action_token_ids": [
    31877,
    31856,
    31931,
    31868,
    31833,
    31879,
    31744
  ],
  "mse_per_dim": [
    1.7613497590158346e-06,
    2.261986527012874e-05,
    6.882075167876191e-05,
    9.327467782019521e-06,
    0.0003476538744817503,
    0.00016799000771481793,
    1.5378700499807656e-05
  ],
  "mse_mean": 9.050743102661457e-05,
  "mse_spatial": 0.0001030288861144157,
  "mse_gripper": 1.5378700499807656e-05,
  "mse_per_dim_names": [
    "x",
    "y",
    "z",
    "roll",
    "pitch",
    "yaw",
    "gripper"
  ],
  "grounding": {
    "nouns": [
      "spoon",
      "basket"
    ],
    "num_boxes": 3,
    "num_patches": 111,
    "patch_coverage": 0.43359375
  }
}