{
  "episode_id": 4,
  "step_id": 15,
  "instruction": "",
  "condition": "tri_micro_gripex_resid",
  "condition_desc": "wr(\u03bb=1.1) + gripex + resid(\u03b1=1.5)",
  "predicted_action": [
    -0.001550832769450037,
    0.0008709167697849851,
    0.0013177078502143065,
    -0.003970446181063694,
    0.015296155124902691,
    -6.671134046487559e-05,
    0.12549019607843137
  ],
  "ground_truth_action": [
    0.005899797193706036,
    -0.0019890679977834225,
    0.054294437170028687,
    0.031198568642139435,
    -0.030540309846401215,
    0.5624399185180664,
    -0.003477165475487709
  ],
  "action_token_ids": [
    31878,
    31868,
    31894,
    31879,
    31838,
    31871,
    31856
  ],
  "mse_per_dim": [
    5.551188684787906e-05,
    8.179512870723318e-06,
    0.002806533849424881,
    0.0012368596036346814,
    0.00210098152106557,
    0.3164137086348027,
    0.016632580346179284
  ],
  "mse_mean": 0.04846490790783225,
  "mse_spatial": 0.05377029583477441,
  "mse_gripper": 0.016632580346179284,
  "mse_per_dim_names": [
    "x",
    "y",
    "z",
    "roll",
    "pitch",
    "yaw",
    "gripper"
  ],
  "grounding": {
    "nouns": [],
    "num_boxes": 0,
    "num_patches": 0,
    "patch_coverage": 0.0
  }
}