{
  "episode_id": 5,
  "step_id": 26,
  "instruction": "take broccoli out of pan",
  "condition": "tri_micro_gripex_resid",
  "condition_desc": "wr(\u03bb=1.1) + gripex + resid(\u03b1=1.5)",
  "predicted_action": [
    0.006277765673749571,
    0.015440108693697809,
    0.03613429484779343,
    0.04456271521133513,
    0.04744966106730343,
    0.04345183665027799,
    0.996078431372549
  ],
  "ground_truth_action": [
    0.0,
    0.0,
    0.0,
    0.0,
    0.0,
    0.0,
    1.0
  ],
  "action_token_ids": [
    31843,
    31823,
    31760,
    31803,
    31790,
    31844,
    31744
  ],
  "mse_per_dim": [
    3.941034185450841e-05,
    0.00023839695647320265,
    0.0013056872641472707,
    0.0019858355870065597,
    0.002251470335401971,
    0.0018880621082824416,
    1.5378700499807656e-05
  ],
  "mse_mean": 0.0011034630419522516,
  "mse_spatial": 0.0012848104321943256,
  "mse_gripper": 1.5378700499807656e-05,
  "mse_per_dim_names": [
    "x",
    "y",
    "z",
    "roll",
    "pitch",
    "yaw",
    "gripper"
  ],
  "grounding": {
    "nouns": [
      "broccoli",
      "pan"
    ],
    "num_boxes": 1,
    "num_patches": 25,
    "patch_coverage": 0.09765625
  }
}