{
  "episode_id": 3,
  "step_id": 25,
  "instruction": "put the rectangle block on top of the red arch and yellow block",
  "condition": "tri_micro_gripex_resid",
  "condition_desc": "wr(\u03bb=1.1) + gripex + resid(\u03b1=1.5)",
  "predicted_action": [
    -0.005129620629198427,
    0.0008709167697849851,
    -0.01245303178315654,
    -0.022489678817636923,
    -0.00814910962476452,
    0.04345183665027799,
    -0.007843137254901933
  ],
  "ground_truth_action": [
    0.0035175683442503214,
    -0.0018071143422275782,
    -0.013462538830935955,
    -0.018365947529673576,
    0.03592997416853905,
    0.02248356118798256,
    0.0
  ],
  "action_token_ids": [
    31894,
    31868,
    31947,
    31908,
    31873,
    31844,
    31873
  ],
  "mse_per_dim": [
    7.477387714253363e-05,
    7.171850636907246e-06,
    1.0191044795163112e-06,
    1.7005159735327837e-05,
    0.001942965628057077,
    0.0004396685758627007,
    6.151480199923062e-05
  ],
  "mse_mean": 0.0003634455711304705,
  "mse_spatial": 0.00041376736598567715,
  "mse_gripper": 6.151480199923062e-05,
  "mse_per_dim_names": [
    "x",
    "y",
    "z",
    "roll",
    "pitch",
    "yaw",
    "gripper"
  ],
  "grounding": {
    "nouns": [
      "block",
      "top"
    ],
    "num_boxes": 3,
    "num_patches": 22,
    "patch_coverage": 0.0859375
  }
}