{
  "episode_id": 2,
  "step_id": 13,
  "instruction": "put the red object into the pot",
  "condition": "tri_micro_gripex_resid",
  "condition_desc": "wr(\u03bb=1.1) + gripex + resid(\u03b1=1.5)",
  "predicted_action": [
    1.4886919189882608e-05,
    -0.007223078743499908,
    -0.0036189723957110904,
    0.0004997134208677839,
    0.00591804922503579,
    -0.008125701709120942,
    -0.14901960784313728
  ],
  "ground_truth_action": [
    -0.00066737289307639,
    -0.0016495123272761703,
    -0.0047786422073841095,
    -0.02053970843553543,
    0.00851176306605339,
    0.013687916100025177,
    1.0
  ],
  "action_token_ids": [
    31871,
    31893,
    31913,
    31872,
    31852,
    31876,
    31891
  ],
  "mse_per_dim": [
    4.6547845143360956e-07,
    3.106464259605712e-05,
    1.3448340721057355e-06,
    0.0004426572720516973,
    6.7273514890862735e-06,
    0.0004758339219234967,
    1.3202460592079968
  ],
  "mse_mean": 0.1887434503869401,
  "mse_spatial": 0.0001596822500973128,
  "mse_gripper": 1.3202460592079968,
  "mse_per_dim_names": [
    "x",
    "y",
    "z",
    "roll",
    "pitch",
    "yaw",
    "gripper"
  ],
  "grounding": {
    "nouns": [
      "object",
      "pot"
    ],
    "num_boxes": 2,
    "num_patches": 56,
    "patch_coverage": 0.21875
  }
}