{
  "episode_id": 7,
  "step_id": 13,
  "instruction": "Move the blue fork to the lower right burner",
  "condition": "tri_micro_gripex_resid",
  "condition_desc": "wr(\u03bb=1.1) + gripex + resid(\u03b1=1.5)",
  "predicted_action": [
    -0.0011034842869814855,
    0.0011946765903163847,
    -0.004398448224015101,
    0.01327159799781484,
    0.00792764334643585,
    0.007992279028191218,
    -0.03137254901960784
  ],
  "ground_truth_action": [
    -0.00026309152599424124,
    -0.002051333896815777,
    0.0034226446878165007,
    0.007478575687855482,
    -0.009928517043590546,
    -0.010426384396851063,
    0.0
  ],
  "action_token_ids": [
    31876,
    31867,
    31916,
    31852,
    31849,
    31866,
    31876
  ],
  "mse_per_dim": [
    7.062599927197634e-07,
    1.0536584082571973e-05,
    6.116949433550251e-05,
    3.355910748368686e-05,
    0.00031884246387434763,
    0.00033924716236499025,
    0.000984236831987697
  ],
  "mse_mean": 0.00024975684344593084,
  "mse_spatial": 0.00012734351202230317,
  "mse_gripper": 0.000984236831987697,
  "mse_per_dim_names": [
    "x",
    "y",
    "z",
    "roll",
    "pitch",
    "yaw",
    "gripper"
  ],
  "grounding": {
    "nouns": [
      "fork",
      "burner"
    ],
    "num_boxes": 3,
    "num_patches": 180,
    "patch_coverage": 0.703125
  }
}