{
  "episode_id": 7,
  "step_id": 17,
  "instruction": "Move the blue fork to the lower right burner",
  "condition": "act_default",
  "condition_desc": "ACT(a=5.0,b=0.4)",
  "predicted_action": [
    0.003370000537704001,
    0.00022339712872219974,
    0.007553514476646383,
    0.001776901878562484,
    -0.006139515503364487,
    0.017663067470578525,
    0.09411764705882353
  ],
  "ground_truth_action": [
    0.0012697288766503334,
    -0.0414973720908165,
    0.019397323951125145,
    -0.01605857163667679,
    -0.025400158017873764,
    -0.11050760746002197,
    0.0
  ],
  "action_token_ids": [
    31856,
    31870,
    31870,
    31870,
    31870,
    31860,
    31860
  ],
  "mse_per_dim": [
    4.411141050225132e-06,
    0.0017406225842700076,
    0.0001402758228677529,
    0.0003181041155128015,
    0.0003709723500717222,
    0.016427721912165662,
    0.008858131487889272
  ],
  "mse_mean": 0.003980034201975349,
  "mse_spatial": 0.003167017987656362,
  "mse_gripper": 0.008858131487889272,
  "mse_per_dim_names": [
    "x",
    "y",
    "z",
    "roll",
    "pitch",
    "yaw",
    "gripper"
  ],
  "grounding": {
    "nouns": [
      "fork",
      "burner"
    ],
    "num_boxes": 2,
    "num_patches": 180,
    "patch_coverage": 0.703125
  }
}