{
  "episode_id": 0,
  "step_id": 12,
  "instruction": "put small spoon from basket to tray",
  "condition": "act_default",
  "condition_desc": "ACT(a=5.0,b=0.4)",
  "predicted_action": [
    -0.0008798100457472133,
    -0.0013954019739347845,
    0.0062543880961397035,
    -0.0014160692656742802,
    -0.009488839039031222,
    -0.006513903635389756,
    -0.02352941176470591
  ],
  "ground_truth_action": [
    -0.01317630149424076,
    -0.011196513660252094,
    0.035802777856588364,
    -0.02097121998667717,
    0.05375051125884056,
    -0.05434707924723625,
    0.0
  ],
  "action_token_ids": [
    31875,
    31875,
    31875,
    31875,
    31875,
    31875,
    31875
  ],
  "mse_per_dim": [
    0.00015120370194287496,
    9.606179028766574e-05,
    0.0008731073374353873,
    0.0003824039197211398,
    0.003999215426096936,
    0.0022880126891137464,
    0.0005536332179930808
  ],
  "mse_mean": 0.001191948297512976,
  "mse_spatial": 0.0012983341440996252,
  "mse_gripper": 0.0005536332179930808,
  "mse_per_dim_names": [
    "x",
    "y",
    "z",
    "roll",
    "pitch",
    "yaw",
    "gripper"
  ],
  "grounding": {
    "nouns": [
      "spoon",
      "basket"
    ],
    "num_boxes": 6,
    "num_patches": 189,
    "patch_coverage": 0.73828125
  }
}