{
  "episode_id": 5,
  "step_id": 2,
  "instruction": "take broccoli out of pan",
  "condition": "act_default",
  "condition_desc": "ACT(a=5.0,b=0.4)",
  "predicted_action": [
    -0.001998181251918585,
    -0.003014201076591762,
    0.004955261715633021,
    -0.004609040409911044,
    -0.01283816257469797,
    -0.014572894004045822,
    -0.06274509803921569
  ],
  "ground_truth_action": [
    0.016268588602542877,
    -0.045632217079401016,
    0.01615646481513977,
    0.01274164393544197,
    -0.05485814809799194,
    0.008495164103806019,
    1.0
  ],
  "action_token_ids": [
    31880,
    31880,
    31880,
    31880,
    31880,
    31880,
    31880
  ],
  "mse_per_dim": [
    0.000333674880915862,
    0.0018162952880157058,
    0.0001254669508763996,
    0.0003010462472520782,
    0.001765679183377835,
    0.0005321353048672291,
    1.129427143406382
  ],
  "mse_mean": 0.1620430630373839,
  "mse_spatial": 0.000812382975884185,
  "mse_gripper": 1.129427143406382,
  "mse_per_dim_names": [
    "x",
    "y",
    "z",
    "roll",
    "pitch",
    "yaw",
    "gripper"
  ],
  "grounding": {
    "nouns": [
      "broccoli",
      "pan"
    ],
    "num_boxes": 2,
    "num_patches": 25,
    "patch_coverage": 0.09765625
  }
}