{
  "episode_id": 4,
  "step_id": 39,
  "instruction": "",
  "condition": "act_default",
  "condition_desc": "ACT(a=5.0,b=0.4)",
  "predicted_action": [
    0.0020279550902983536,
    0.002813475692973362,
    0.007813339752747724,
    0.006885655709341312,
    -0.0007805978462976926,
    0.014439471323116071,
    0.12549019607843137
  ],
  "ground_truth_action": [
    0.007865957915782928,
    -0.0076386090368032455,
    0.003375195199623704,
    -0.005051135551184416,
    0.006731885951012373,
    -0.009957309812307358,
    1.0
  ],
  "action_token_ids": [
    31862,
    31862,
    31869,
    31862,
    31862,
    31862,
    31856
  ],
  "mse_per_dim": [
    3.408227699036588e-05,
    0.00010924607519842934,
    1.969712707442441e-05,
    0.0001424869855973634,
    5.6437412804846264e-05,
    0.0005952029297697525,
    0.7647673971549405
  ],
  "mse_mean": 0.10938922142319651,
  "mse_spatial": 0.00015952546790586365,
  "mse_gripper": 0.7647673971549405,
  "mse_per_dim_names": [
    "x",
    "y",
    "z",
    "roll",
    "pitch",
    "yaw",
    "gripper"
  ],
  "grounding": {
    "nouns": [],
    "num_boxes": 0,
    "num_patches": 0,
    "patch_coverage": 0.0
  }
}