{
  "episode_id": 3,
  "step_id": 23,
  "instruction": "put the rectangle block on top of the red arch and yellow block",
  "condition": "act_default",
  "condition_desc": "ACT(a=5.0,b=0.4)",
  "predicted_action": [
    0.004264697502641097,
    0.0060510738982873236,
    0.012230369446470445,
    0.01327159799781484,
    0.00591804922503579,
    0.014439471323116071,
    0.07843137254901955
  ],
  "ground_truth_action": [
    0.004236145410686731,
    0.0013709915801882744,
    -0.01800871454179287,
    -0.050812628120183945,
    -0.0015815711813047528,
    -0.003064011689275503,
    0.0
  ],
  "action_token_ids": [
    31852,
    31852,
    31852,
    31852,
    31852,
    31862,
    31862
  ],
  "mse_per_dim": [
    8.152219549705371e-10,
    2.190317050418337e-05,
    0.0009144022004492427,
    0.004106788037142798,
    5.624430623919949e-05,
    0.0003063719175650804,
    0.006151480199923098
  ],
  "mse_mean": 0.0016510272352922223,
  "mse_spatial": 0.0009009517411870763,
  "mse_gripper": 0.006151480199923098,
  "mse_per_dim_names": [
    "x",
    "y",
    "z",
    "roll",
    "pitch",
    "yaw",
    "gripper"
  ],
  "grounding": {
    "nouns": [
      "block",
      "top"
    ],
    "num_boxes": 4,
    "num_patches": 210,
    "patch_coverage": 0.8203125
  }
}