{
  "episode_id": 5,
  "step_id": 11,
  "instruction": "take broccoli out of pan",
  "condition": "act_default",
  "condition_desc": "ACT(a=5.0,b=0.4)",
  "predicted_action": [
    -0.0013271585282157647,
    -0.00042412251234059256,
    0.007033863924443714,
    0.0004997134208677839,
    -0.007479244917631175,
    -0.0016785094141960888,
    0.0
  ],
  "ground_truth_action": [
    0.0020504663698375225,
    -0.0015477301785722375,
    -0.014056033454835415,
    -0.010346455499529839,
    -0.029452603310346603,
    0.006996131502091885,
    1.0
  ],
  "action_token_ids": [
    31877,
    31872,
    31872,
    31872,
    31872,
    31872,
    31872
  ],
  "mse_per_dim": [
    1.1408349951949478e-05,
    1.2624941876145236e-06,
    0.00044478377146852467,
    0.00011763938024979933,
    0.00048282847905471753,
    7.524939502653745e-05,
    1.0
  ],
  "mse_mean": 0.14301902455284846,
  "mse_spatial": 0.0001888619783231905,
  "mse_gripper": 1.0,
  "mse_per_dim_names": [
    "x",
    "y",
    "z",
    "roll",
    "pitch",
    "yaw",
    "gripper"
  ],
  "grounding": {
    "nouns": [
      "broccoli",
      "pan"
    ],
    "num_boxes": 3,
    "num_patches": 34,
    "patch_coverage": 0.1328125
  }
}