{
  "episode_id": 8,
  "step_id": 19,
  "instruction": "open the drawer",
  "condition": "act_default",
  "condition_desc": "ACT(a=5.0,b=0.4)",
  "predicted_action": [
    0.0006859096428927063,
    -0.003985480538185947,
    0.00417578588732901,
    0.003054090336257184,
    -0.004799786089097785,
    0.02572205783923459,
    0.1333333333333333
  ],
  "ground_truth_action": [
    0.0011662511387839913,
    -0.0066944994032382965,
    -0.00015515794802922755,
    -0.014972030185163021,
    0.01511097140610218,
    0.016165798529982567,
    0.0
  ],
  "action_token_ids": [
    31868,
    31883,
    31883,
    31868,
    31868,
    31855,
    31855
  ],
  "mse_per_dim": [
    2.3072795267507743e-07,
    7.338783211209521e-06,
    1.875707450502752e-05,
    0.00032494102105276666,
    0.0003964382640326616,
    9.132209198566598e-05,
    0.01777777777777777
  ],
  "mse_mean": 0.002659543677216825,
  "mse_spatial": 0.00013983799379000105,
  "mse_gripper": 0.01777777777777777,
  "mse_per_dim_names": [
    "x",
    "y",
    "z",
    "roll",
    "pitch",
    "yaw",
    "gripper"
  ],
  "grounding": {
    "nouns": [
      "drawer"
    ],
    "num_boxes": 1,
    "num_patches": 256,
    "patch_coverage": 1.0
  }
}