{
  "episode_id": 3,
  "step_id": 47,
  "instruction": "put the rectangle block on top of the red arch and yellow block",
  "condition": "act_default",
  "condition_desc": "ACT(a=5.0,b=0.4)",
  "predicted_action": [
    0.003370000537704001,
    0.01025995156519547,
    0.014308971655281142,
    0.038176772922861604,
    0.011276966882102613,
    0.04345183665027799,
    0.14117647058823524
  ],
  "ground_truth_action": [
    -0.0017996757524088025,
    0.0009471753146499395,
    -0.006344854366034269,
    -0.046633824706077576,
    0.013783560134470463,
    0.014711728319525719,
    1.0
  ],
  "action_token_ids": [
    31856,
    31839,
    31844,
    31813,
    31844,
    31844,
    31854
  ],
  "mse_per_dim": [
    2.672555294455448e-05,
    8.672780149272488e-05,
    0.0004265805293187656,
    0.007192837470177824,
    6.2830097328160374e-06,
    0.0008259938268633762,
    0.7375778546712803
  ],
  "mse_mean": 0.10659185755168721,
  "mse_spatial": 0.001427524698421677,
  "mse_gripper": 0.7375778546712803,
  "mse_per_dim_names": [
    "x",
    "y",
    "z",
    "roll",
    "pitch",
    "yaw",
    "gripper"
  ],
  "grounding": {
    "nouns": [
      "block",
      "top"
    ],
    "num_boxes": 4,
    "num_patches": 210,
    "patch_coverage": 0.8203125
  }
}