{
  "episode_id": 5,
  "step_id": 18,
  "instruction": "take broccoli out of pan",
  "condition": "act_default",
  "condition_desc": "ACT(a=5.0,b=0.4)",
  "predicted_action": [
    -0.00378757518179278,
    -0.005604279640842924,
    0.0028766595068223273,
    -0.009717794240689859,
    -0.018197080231764765,
    -0.027467278593895555,
    -0.12549019607843137
  ],
  "ground_truth_action": [
    -0.01579596847295761,
    0.018799902871251106,
    0.017308320850133896,
    0.04298017546534538,
    0.053922537714242935,
    0.03284323960542679,
    0.0
  ],
  "action_token_ids": [
    31888,
    31888,
    31888,
    31888,
    31888,
    31888,
    31888
  ],
  "mse_per_dim": [
    0.00014420150943529253,
    0.0005955641240835961,
    0.00020827284912803347,
    0.002777076011138208,
    0.005201239292678116,
    0.003637358605470792,
    0.01574778931180315
  ],
  "mse_mean": 0.004044500243391027,
  "mse_spatial": 0.0020939520653223396,
  "mse_gripper": 0.01574778931180315,
  "mse_per_dim_names": [
    "x",
    "y",
    "z",
    "roll",
    "pitch",
    "yaw",
    "gripper"
  ],
  "grounding": {
    "nouns": [
      "broccoli",
      "pan"
    ],
    "num_boxes": 1,
    "num_patches": 9,
    "patch_coverage": 0.03515625
  }
}