{
  "episode_id": 3,
  "step_id": 32,
  "instruction": "put the rectangle block on top of the red arch and yellow block",
  "condition": "act_default",
  "condition_desc": "ACT(a=5.0,b=0.4)",
  "predicted_action": [
    0.0018042808490640778,
    0.0015184364108477844,
    0.008592815581051735,
    0.004331278793951912,
    -0.003460056674831083,
    0.007992279028191218,
    0.04705882352941182
  ],
  "ground_truth_action": [
    -0.005138207692652941,
    0.0007339056464843452,
    0.005194670520722866,
    0.03200884163379669,
    0.01599741168320179,
    -0.008892601355910301,
    0.0
  ],
  "action_token_ids": [
    31863,
    31866,
    31866,
    31866,
    31866,
    31866,
    31866
  ],
  "mse_per_dim": [
    4.8198147151872096e-05,
    6.154885202326821e-07,
    1.154738985103749e-05,
    0.0007660474847535566,
    0.00037859307490385047,
    0.00028509918558541626,
    0.0022145328719723233
  ],
  "mse_mean": 0.0005292333775340412,
  "mse_spatial": 0.0002483501284609942,
  "mse_gripper": 0.0022145328719723233,
  "mse_per_dim_names": [
    "x",
    "y",
    "z",
    "roll",
    "pitch",
    "yaw",
    "gripper"
  ],
  "grounding": {
    "nouns": [
      "block",
      "top"
    ],
    "num_boxes": 4,
    "num_patches": 210,
    "patch_coverage": 0.8203125
  }
}