{
  "episode_id": 2,
  "step_id": 30,
  "instruction": "put the red object into the pot",
  "condition": "act_default",
  "condition_desc": "ACT(a=5.0,b=0.4)",
  "predicted_action": [
    0.004041023261406821,
    -0.003985480538185947,
    0.00417578588732901,
    -0.0065248230964530946,
    -0.014847756696098016,
    -0.01940828822523946,
    -0.04705882352941182
  ],
  "ground_truth_action": [
    0.009489279240369797,
    -0.007048522122204304,
    -0.01013991516083479,
    -0.005299037788063288,
    0.002987165004014969,
    -0.014210551977157593,
    0.0
  ],
  "action_token_ids": [
    31853,
    31883,
    31883,
    31883,
    31883,
    31883,
    31878
  ],
  "mse_per_dim": [
    2.9683493212305812e-05,
    9.382223745425685e-06,
    0.0002049392965003981,
    1.5025496222642938e-06,
    0.00031808443204916104,
    2.7016462104624186e-05,
    0.0022145328719723233
  ],
  "mse_mean": 0.00040073447560092895,
  "mse_spatial": 9.843474287236318e-05,
  "mse_gripper": 0.0022145328719723233,
  "mse_per_dim_names": [
    "x",
    "y",
    "z",
    "roll",
    "pitch",
    "yaw",
    "gripper"
  ],
  "grounding": {
    "nouns": [
      "object",
      "pot"
    ],
    "num_boxes": 3,
    "num_patches": 99,
    "patch_coverage": 0.38671875
  }
}