{
  "episode_id": 1,
  "step_id": 6,
  "instruction": "put the blue cube on the right side of the table on top of the rectangular block",
  "condition": "act_default",
  "condition_desc": "ACT(a=5.0,b=0.4)",
  "predicted_action": [
    0.00135693236659553,
    0.001842196231379177,
    0.00885264085715307,
    0.004969873022799262,
    0.00591804922503579,
    0.009604077101922431,
    0.1098039215686275
  ],
  "ground_truth_action": [
    1.2196751413284801e-05,
    -0.012992768548429012,
    0.0005445501883514225,
    -0.013533622026443481,
    -0.0062782797031104565,
    -0.0138913718983531,
    1.0
  ],
  "action_token_ids": [
    31865,
    31865,
    31865,
    31865,
    31852,
    31865,
    31858
  ],
  "mse_per_dim": [
    1.8083138747395712e-06,
    0.00022007618001814943,
    6.902437056102899e-05,
    0.0003423793290373507,
    0.00014875043932353698,
    0.0005520361237245485,
    0.7924490580545943
  ],
  "mse_mean": 0.11339759040159052,
  "mse_spatial": 0.00022234579275655903,
  "mse_gripper": 0.7924490580545943,
  "mse_per_dim_names": [
    "x",
    "y",
    "z",
    "roll",
    "pitch",
    "yaw",
    "gripper"
  ],
  "grounding": {
    "nouns": [
      "cube",
      "side",
      "table",
      "top",
      "block"
    ],
    "num_boxes": 2,
    "num_patches": 256,
    "patch_coverage": 1.0
  }
}