{
  "episode_id": 7,
  "step_id": 15,
  "instruction": "Move the blue fork to the lower right burner",
  "condition": "act_default",
  "condition_desc": "ACT(a=5.0,b=0.4)",
  "predicted_action": [
    0.00023856116042415831,
    0.00022339712872219974,
    0.007553514476646383,
    0.001776901878562484,
    -0.003460056674831083,
    0.0015450867332663376,
    0.015686274509803866
  ],
  "ground_truth_action": [
    0.0003033897955901921,
    -0.0026473321486264467,
    0.0172430332750082,
    0.01211563590914011,
    -0.04109688103199005,
    -0.022501036524772644,
    0.0
  ],
  "action_token_ids": [
    31870,
    31870,
    31870,
    31870,
    31866,
    31870,
    31870
  ],
  "mse_per_dim": [
    4.20275193749071e-09,
    8.241086583826681e-06,
    9.388677454380706e-05,
    0.00010688942135502388,
    0.0014165305476916345,
    0.0005782160437408033,
    0.0002460592079969225
  ],
  "mse_mean": 0.0003499753263805651,
  "mse_spatial": 0.0003672946794445055,
  "mse_gripper": 0.0002460592079969225,
  "mse_per_dim_names": [
    "x",
    "y",
    "z",
    "roll",
    "pitch",
    "yaw",
    "gripper"
  ],
  "grounding": {
    "nouns": [
      "fork",
      "burner"
    ],
    "num_boxes": 3,
    "num_patches": 180,
    "patch_coverage": 0.703125
  }
}