{
  "episode_id": 6,
  "step_id": 34,
  "instruction": "Picked the piece of chocolate and put it into the drawer",
  "condition": "act_default",
  "condition_desc": "ACT(a=5.0,b=0.4)",
  "predicted_action": [
    0.0006859096428927063,
    -0.0017191617944661772,
    0.005994562820038369,
    -0.0020546634945216302,
    -0.010158703746164566,
    0.03700464435535311,
    -0.03137254901960784
  ],
  "ground_truth_action": [
    0.012193158268928528,
    -0.0024816261138767004,
    -0.0061443946324288845,
    0.014873487874865532,
    0.005430351942777634,
    -0.010311292484402657,
    0.0
  ],
  "action_token_ids": [
    31868,
    31876,
    31876,
    31876,
    31876,
    31848,
    31876
  ],
  "mse_per_dim": [
    0.0001324167709414033,
    5.813518383741524e-07,
    0.00014735428803281026,
    0.00028656230878488446,
    0.00024301865727294116,
    0.002238797879023757,
    0.000984236831987697
  ],
  "mse_mean": 0.0005761382982688381,
  "mse_spatial": 0.0005081218759823617,
  "mse_gripper": 0.000984236831987697,
  "mse_per_dim_names": [
    "x",
    "y",
    "z",
    "roll",
    "pitch",
    "yaw",
    "gripper"
  ],
  "grounding": {
    "nouns": [
      "piece",
      "chocolate",
      "it",
      "drawer"
    ],
    "num_boxes": 0,
    "num_patches": 0,
    "patch_coverage": 0.0
  }
}