{
  "episode_id": 4,
  "step_id": 3,
  "instruction": "",
  "condition": "act_default",
  "condition_desc": "ACT(a=5.0,b=0.4)",
  "predicted_action": [
    -0.0011034842869814855,
    -0.0017191617944661772,
    0.005994562820038369,
    -0.0020546634945216302,
    -0.010158703746164566,
    -0.008125701709120942,
    -0.03137254901960784
  ],
  "ground_truth_action": [
    0.004439690615981817,
    0.0002553345402702689,
    -0.010047313757240772,
    0.019657356664538383,
    -0.021681683138012886,
    -0.11414557695388794,
    0.9971933364868164
  ],
  "action_token_ids": [
    31876,
    31876,
    31876,
    31876,
    31876,
    31876,
    31876
  ],
  "mse_per_dim": [
    3.072678800484222e-05,
    3.89863577588766e-06,
    0.0002573418041206571,
    0.00047141181938742844,
    0.00013277905406496108,
    0.011240213946915958,
    1.0579477808276143
  ],
  "mse_mean": 0.15286916469655484,
  "mse_spatial": 0.0020227286747116226,
  "mse_gripper": 1.0579477808276143,
  "mse_per_dim_names": [
    "x",
    "y",
    "z",
    "roll",
    "pitch",
    "yaw",
    "gripper"
  ],
  "grounding": {
    "nouns": [],
    "num_boxes": 0,
    "num_patches": 0,
    "patch_coverage": 0.0
  }
}