{
  "episode_id": 0,
  "step_id": 18,
  "instruction": "put small spoon from basket to tray",
  "condition": "act_default",
  "condition_desc": "ACT(a=5.0,b=0.4)",
  "predicted_action": [
    0.002251629331532626,
    0.0031372355135047617,
    0.002357008954619655,
    -0.010994982698384559,
    -0.019536809646031453,
    -0.030690874741357954,
    0.05490196078431375
  ],
  "ground_truth_action": [
    0.00722905108705163,
    -0.01749270223081112,
    -0.0013646559091284871,
    -0.11039914935827255,
    0.015078102238476276,
    0.04085924103856087,
    0.0
  ],
  "action_token_ids": [
    31861,
    31861,
    31890,
    31890,
    31890,
    31890,
    31865
  ],
  "mse_per_dim": [
    2.4774727332313887e-05,
    0.000425594331334349,
    1.3850789358057476e-05,
    0.009881188349346788,
    0.0011981921247722345,
    0.0051194190681197885,
    0.003014225297962325
  ],
  "mse_mean": 0.0028110349554608363,
  "mse_spatial": 0.0027771698983772553,
  "mse_gripper": 0.003014225297962325,
  "mse_per_dim_names": [
    "x",
    "y",
    "z",
    "roll",
    "pitch",
    "yaw",
    "gripper"
  ],
  "grounding": {
    "nouns": [
      "spoon",
      "basket"
    ],
    "num_boxes": 5,
    "num_patches": 136,
    "patch_coverage": 0.53125
  }
}