{
  "episode_id": 4,
  "step_id": 48,
  "instruction": "",
  "condition": "act_default",
  "condition_desc": "ACT(a=5.0,b=0.4)",
  "predicted_action": [
    0.0020279550902983536,
    0.002813475692973362,
    0.00963211668545708,
    0.006885655709341312,
    0.008597508053569194,
    0.03700464435535311,
    0.12549019607843137
  ],
  "ground_truth_action": [
    0.0033537177368998528,
    -0.007388625293970108,
    0.0003432362573221326,
    0.0002505652082618326,
    -0.004149644635617733,
    0.02148285135626793,
    0.9940094947814941
  ],
  "action_token_ids": [
    31862,
    31862,
    31862,
    31862,
    31848,
    31848,
    31856
  ],
  "mse_per_dim": [
    1.7576465951238117e-06,
    0.00010408286454779293,
    8.628329960818848e-05,
    4.402442595751514e-05,
    0.00016248990168144553,
    0.00024092605790644977,
    0.75432577221966
  ],
  "mse_mean": 0.10785219091656521,
  "mse_spatial": 0.00010659403271608593,
  "mse_gripper": 0.75432577221966,
  "mse_per_dim_names": [
    "x",
    "y",
    "z",
    "roll",
    "pitch",
    "yaw",
    "gripper"
  ],
  "grounding": {
    "nouns": [],
    "num_boxes": 0,
    "num_patches": 0,
    "patch_coverage": 0.0
  }
}