{
  "episode_id": 4,
  "step_id": 37,
  "instruction": "",
  "condition": "act_default",
  "condition_desc": "ACT(a=5.0,b=0.4)",
  "predicted_action": [
    0.00135693236659553,
    0.001842196231379177,
    0.0111910683420651,
    0.010717221082425427,
    0.0032385903965024138,
    -0.006513903635389756,
    0.12549019607843137
  ],
  "ground_truth_action": [
    0.0005510150804184377,
    -0.004775076173245907,
    0.003751943586394191,
    -0.004059623461216688,
    0.008602293208241463,
    -0.06748703122138977,
    0.9947685599327087
  ],
  "action_token_ids": [
    31865,
    31865,
    31856,
    31856,
    31856,
    31875,
    31856
  ],
  "mse_per_dim": [
    6.495026721590491e-07,
    4.378829407701264e-05,
    5.534057713043577e-05,
    0.00021835513466696575,
    2.876930785265738e-05,
    0.003717722287618636,
    0.7556448738651694
  ],
  "mse_mean": 0.10852992842416961,
  "mse_spatial": 0.0006774375173363112,
  "mse_gripper": 0.7556448738651694,
  "mse_per_dim_names": [
    "x",
    "y",
    "z",
    "roll",
    "pitch",
    "yaw",
    "gripper"
  ],
  "grounding": {
    "nouns": [],
    "num_boxes": 0,
    "num_patches": 0,
    "patch_coverage": 0.0
  }
}