{
  "episode_id": 3,
  "step_id": 45,
  "instruction": "put the rectangle block on top of the red arch and yellow block",
  "condition": "act_default",
  "condition_desc": "ACT(a=5.0,b=0.4)",
  "predicted_action": [
    -0.0013271585282157647,
    0.0015184364108477844,
    0.0062543880961397035,
    0.007524249938188662,
    -0.00011073313916434846,
    -0.009737499782852183,
    -0.03921568627450983
  ],
  "ground_truth_action": [
    0.00723238755017519,
    0.0038806309457868338,
    0.0008845853735692799,
    0.04041624814271927,
    0.02512200176715851,
    0.012422102503478527,
    1.0
  ],
  "action_token_ids": [
    31877,
    31866,
    31875,
    31861,
    31861,
    31877,
    31877
  ],
  "mse_per_dim": [
    7.326582906809797e-05,
    5.579963020895912e-06,
    2.8834781279324732e-05,
    0.0010818835458868447,
    0.000636690910852764,
    0.0004910479734883532,
    1.0799692425990006
  ],
  "mse_mean": 0.15461236365751385,
  "mse_spatial": 0.00038621716726604667,
  "mse_gripper": 1.0799692425990006,
  "mse_per_dim_names": [
    "x",
    "y",
    "z",
    "roll",
    "pitch",
    "yaw",
    "gripper"
  ],
  "grounding": {
    "nouns": [
      "block",
      "top"
    ],
    "num_boxes": 4,
    "num_patches": 210,
    "patch_coverage": 0.8203125
  }
}