{
  "episode_id": 8,
  "step_id": 31,
  "instruction": "open the drawer",
  "condition": "act_default",
  "condition_desc": "ACT(a=5.0,b=0.4)",
  "predicted_action": [
    0.004264697502641097,
    0.0060510738982873236,
    0.012230369446470445,
    0.01327159799781484,
    0.00591804922503579,
    0.02088666361804095,
    0.1568627450980391
  ],
  "ground_truth_action": [
    -0.005490378942340612,
    0.01656682789325714,
    0.02191122993826866,
    0.028083516284823418,
    -0.037001803517341614,
    0.03294728323817253,
    1.0
  ],
  "action_token_ids": [
    31852,
    31852,
    31852,
    31852,
    31852,
    31858,
    31852
  ],
  "mse_per_dim": [
    9.516151644743699e-05,
    0.00011058108208272368,
    9.37190598616596e-05,
    0.0002193929233410191,
    0.001842113759427361,
    0.00014545854562150281,
    0.7108804306036142
  ],
  "mse_mean": 0.1019124082129137,
  "mse_spatial": 0.0004177378144636172,
  "mse_gripper": 0.7108804306036142,
  "mse_per_dim_names": [
    "x",
    "y",
    "z",
    "roll",
    "pitch",
    "yaw",
    "gripper"
  ],
  "grounding": {
    "nouns": [
      "drawer"
    ],
    "num_boxes": 0,
    "num_patches": 0,
    "patch_coverage": 0.0
  }
}