{
  "episode_id": 2,
  "step_id": 18,
  "instruction": "put the red object into the pot",
  "condition": "act_default",
  "condition_desc": "ACT(a=5.0,b=0.4)",
  "predicted_action": [
    0.002251629331532626,
    0.001842196231379177,
    0.00885264085715307,
    0.004969873022799262,
    -0.002790191967697725,
    0.009604077101922431,
    0.05490196078431375
  ],
  "ground_truth_action": [
    -0.0010083388769999146,
    -0.003968007396906614,
    -0.002966461470350623,
    -0.007193943951278925,
    0.0019823769107460976,
    -0.003114238614216447,
    1.0
  ],
  "action_token_ids": [
    31861,
    31865,
    31865,
    31865,
    31865,
    31865,
    31865
  ],
  "mse_per_dim": [
    1.062739272064286e-05,
    3.3758466202145374e-05,
    0.00013969117982800318,
    0.00014795844337887263,
    2.2777413699490527e-05,
    0.00016175555465538518,
    0.8932103037293349
  ],
  "mse_mean": 0.12767526745425992,
  "mse_spatial": 8.60947417474233e-05,
  "mse_gripper": 0.8932103037293349,
  "mse_per_dim_names": [
    "x",
    "y",
    "z",
    "roll",
    "pitch",
    "yaw",
    "gripper"
  ],
  "grounding": {
    "nouns": [
      "object",
      "pot"
    ],
    "num_boxes": 2,
    "num_patches": 56,
    "patch_coverage": 0.21875
  }
}