{
  "episode_id": 2,
  "step_id": 46,
  "instruction": "put the red object into the pot",
  "condition": "act_default",
  "condition_desc": "ACT(a=5.0,b=0.4)",
  "predicted_action": [
    -0.004905946387964152,
    -0.003661720717654547,
    0.001577533126315641,
    -0.0058862288676057445,
    -0.014177891988964658,
    -0.01779649015150825,
    -0.0784313725490196
  ],
  "ground_truth_action": [
    0.0,
    0.0,
    0.0,
    0.0,
    0.0,
    0.0,
    1.0
  ],
  "action_token_ids": [
    31893,
    31882,
    31893,
    31882,
    31882,
    31882,
    31882
  ],
  "mse_per_dim": [
    2.4068309961578506e-05,
    1.3408198614100531e-05,
    2.4886107646232e-06,
    3.464769028183521e-05,
    0.00020101262125074823,
    0.0003167150617127301,
    1.1630142252979623
  ],
  "mse_mean": 0.1662295093986497,
  "mse_spatial": 9.872341543093596e-05,
  "mse_gripper": 1.1630142252979623,
  "mse_per_dim_names": [
    "x",
    "y",
    "z",
    "roll",
    "pitch",
    "yaw",
    "gripper"
  ],
  "grounding": {
    "nouns": [
      "object",
      "pot"
    ],
    "num_boxes": 2,
    "num_patches": 56,
    "patch_coverage": 0.21875
  }
}