{
  "episode_id": 4,
  "step_id": 28,
  "instruction": "",
  "condition": "act_default",
  "condition_desc": "ACT(a=5.0,b=0.4)",
  "predicted_action": [
    0.00046223540165843055,
    0.0005471569492535924,
    0.0057347375439370275,
    -0.002693257723368994,
    -0.010828568453297924,
    -0.009737499782852183,
    0.015686274509803866
  ],
  "ground_truth_action": [
    0.006494918372482061,
    -0.006523780059069395,
    -0.012281986884772778,
    -0.015684448182582855,
    0.009896533563733101,
    -0.12269159406423569,
    0.00448363833129406
  ],
  "action_token_ids": [
    31869,
    31869,
    31877,
    31877,
    31877,
    31877,
    31870
  ],
  "mse_per_dim": [
    3.639326382646543e-05,
    4.999815017567164e-05,
    0.00032460235914006866,
    0.00016877102954756924,
    0.00042952985361634346,
    0.012758627414927674,
    0.0001254990573480568
  ],
  "mse_mean": 0.001984774446940264,
  "mse_spatial": 0.0022946536785389653,
  "mse_gripper": 0.0001254990573480568,
  "mse_per_dim_names": [
    "x",
    "y",
    "z",
    "roll",
    "pitch",
    "yaw",
    "gripper"
  ],
  "grounding": {
    "nouns": [],
    "num_boxes": 0,
    "num_patches": 0,
    "patch_coverage": 0.0
  }
}