{
  "episode_id": 4,
  "step_id": 42,
  "instruction": "",
  "condition": "act_default",
  "condition_desc": "ACT(a=5.0,b=0.4)",
  "predicted_action": [
    0.0029226520552354494,
    0.001842196231379177,
    0.00885264085715307,
    0.015825974913204255,
    0.008597508053569194,
    0.03700464435535311,
    0.18823529411764706
  ],
  "ground_truth_action": [
    -0.0019126413390040398,
    -3.6040688428329304e-05,
    0.00020570431661326438,
    -0.006443488877266645,
    0.005890730768442154,
    0.03319069743156433,
    1.0
  ],
  "action_token_ids": [
    31858,
    31865,
    31865,
    31848,
    31848,
    31848,
    31848
  ],
  "mse_per_dim": [
    2.338006220837604e-05,
    3.527773926927989e-06,
    7.476951153612249e-05,
    0.0004959290175150945,
    7.326643271279712e-06,
    1.45461911374779e-05,
    0.658961937716263
  ],
  "mse_mean": 0.09422591670226546,
  "mse_spatial": 0.00010324653326587974,
  "mse_gripper": 0.658961937716263,
  "mse_per_dim_names": [
    "x",
    "y",
    "z",
    "roll",
    "pitch",
    "yaw",
    "gripper"
  ],
  "grounding": {
    "nouns": [],
    "num_boxes": 0,
    "num_patches": 0,
    "patch_coverage": 0.0
  }
}