{
  "episode_id": 7,
  "step_id": 3,
  "instruction": "Move the blue fork to the lower right burner",
  "condition": "act_default",
  "condition_desc": "ACT(a=5.0,b=0.4)",
  "predicted_action": [
    -0.0011034842869814855,
    -0.0017191617944661772,
    0.005994562820038369,
    -0.0020546634945216302,
    -0.010158703746164566,
    -0.008125701709120942,
    -0.03137254901960784
  ],
  "ground_truth_action": [
    -0.024828894063830376,
    0.022437546402215958,
    -0.0019359992584213614,
    0.025783924385905266,
    0.011466067284345627,
    0.04153952747583389,
    1.0
  ],
  "action_token_ids": [
    31876,
    31876,
    31876,
    31876,
    31876,
    31876,
    31876
  ],
  "mse_per_dim": [
    0.0005628950690793969,
    0.0005835465508996498,
    6.289381488030352e-05,
    0.0007749869751762512,
    0.00046763072212199287,
    0.0024666349899940894,
    1.0637293348712031
  ],
  "mse_mean": 0.15266398899905068,
  "mse_spatial": 0.0008197646870252806,
  "mse_gripper": 1.0637293348712031,
  "mse_per_dim_names": [
    "x",
    "y",
    "z",
    "roll",
    "pitch",
    "yaw",
    "gripper"
  ],
  "grounding": {
    "nouns": [
      "fork",
      "burner"
    ],
    "num_boxes": 1,
    "num_patches": 165,
    "patch_coverage": 0.64453125
  }
}