{
  "episode_id": 1,
  "step_id": 26,
  "instruction": "put the blue cube on the right side of the table on top of the rectangular block",
  "condition": "act_default",
  "condition_desc": "ACT(a=5.0,b=0.4)",
  "predicted_action": [
    0.0026989778140011807,
    0.007346113180412908,
    0.010151767237659755,
    0.008162844167036026,
    0.0005591315679690234,
    0.017663067470578525,
    0.09411764705882353
  ],
  "ground_truth_action": [
    0.0009849397465586662,
    -0.0015658704796805978,
    -0.0061774649657309055,
    0.0038640149869024754,
    -0.021794810891151428,
    0.003311482258141041,
    0.0
  ],
  "action_token_ids": [
    31859,
    31848,
    31860,
    31860,
    31860,
    31860,
    31860
  ],
  "mse_per_dim": [
    2.93792649664207e-06,
    7.942345275777364e-05,
    0.00026664382435225063,
    1.84799323199677e-05,
    0.0004996987434656681,
    0.00020596799810985428,
    0.008858131487889272
  ],
  "mse_mean": 0.0014187547664844897,
  "mse_spatial": 0.0001788586462503594,
  "mse_gripper": 0.008858131487889272,
  "mse_per_dim_names": [
    "x",
    "y",
    "z",
    "roll",
    "pitch",
    "yaw",
    "gripper"
  ],
  "grounding": {
    "nouns": [
      "cube",
      "side",
      "table",
      "top",
      "block"
    ],
    "num_boxes": 2,
    "num_patches": 256,
    "patch_coverage": 1.0
  }
}