{
  "episode_id": 9,
  "step_id": 24,
  "instruction": "Move the can in the middle bottom of the table",
  "condition": "act_default",
  "condition_desc": "ACT(a=5.0,b=0.4)",
  "predicted_action": [
    0.00135693236659553,
    0.001842196231379177,
    0.0052150869917343586,
    -0.003970446181063694,
    -0.012168297867564626,
    -0.012961095930314609,
    -0.05490196078431375
  ],
  "ground_truth_action": [
    0.0,
    0.0,
    0.0,
    0.0,
    0.0,
    0.0,
    1.0
  ],
  "action_token_ids": [
    31865,
    31865,
    31879,
    31879,
    31879,
    31879,
    31879
  ],
  "mse_per_dim": [
    1.8412654475145456e-06,
    3.3936869549076425e-06,
    2.7197132331356922e-05,
    1.5764442876723274e-05,
    0.00014806747299377782,
    0.00016799000771481793,
    1.1128181468665899
  ],
  "mse_mean": 0.15902605726784413,
  "mse_spatial": 6.070900138651636e-05,
  "mse_gripper": 1.1128181468665899,
  "mse_per_dim_names": [
    "x",
    "y",
    "z",
    "roll",
    "pitch",
    "yaw",
    "gripper"
  ],
  "grounding": {
    "nouns": [
      "can",
      "bottom",
      "table"
    ],
    "num_boxes": 1,
    "num_patches": 224,
    "patch_coverage": 0.875
  }
}