{
  "episode_id": 5,
  "step_id": 10,
  "instruction": "take broccoli out of pan",
  "condition": "act_default",
  "condition_desc": "ACT(a=5.0,b=0.4)",
  "predicted_action": [
    -0.00020878732204438963,
    -0.00042412251234059256,
    0.007033863924443714,
    0.0004997134208677839,
    -0.007479244917631175,
    -0.0016785094141960888,
    0.0
  ],
  "ground_truth_action": [
    0.0018180431798100471,
    0.0002043356216745451,
    -0.009431569837033749,
    -0.020415639504790306,
    -0.01857747510075569,
    -0.011884105391800404,
    1.0
  ],
  "action_token_ids": [
    31872,
    31872,
    31872,
    31872,
    31872,
    31872,
    31872
  ],
  "mse_per_dim": [
    4.108041883247508e-06,
    3.9495962620978873e-07,
    0.00027111050895360184,
    0.0004374519880048344,
    0.00012317071319761604,
    0.00010415418925809337,
    1.0
  ],
  "mse_mean": 0.14299148434298908,
  "mse_spatial": 0.00015673173348726717,
  "mse_gripper": 1.0,
  "mse_per_dim_names": [
    "x",
    "y",
    "z",
    "roll",
    "pitch",
    "yaw",
    "gripper"
  ],
  "grounding": {
    "nouns": [
      "broccoli",
      "pan"
    ],
    "num_boxes": 3,
    "num_patches": 34,
    "patch_coverage": 0.1328125
  }
}