{
  "episode_id": 8,
  "step_id": 3,
  "instruction": "open the drawer",
  "condition": "act_default",
  "condition_desc": "ACT(a=5.0,b=0.4)",
  "predicted_action": [
    0.005159394467578193,
    -0.01013691712828247,
    -0.0005010690824950523,
    -0.018019519215705465,
    -0.026905321424498307,
    -0.04842065355240138,
    0.2666666666666666
  ],
  "ground_truth_action": [
    0.02527644857764244,
    0.0021075161639600992,
    -0.008969848975539207,
    0.026664940640330315,
    -0.05588327720761299,
    -0.030258363112807274,
    1.0
  ],
  "action_token_ids": [
    31848,
    31902,
    31901,
    31901,
    31901,
    31901,
    31838
  ],
  "mse_per_dim": [
    0.00040469586606725285,
    0.0001499261466481782,
    7.172023287682897e-05,
    0.0019967009526256733,
    0.0008397219213681497,
    0.0003298687940121716,
    0.5377777777777779
  ],
  "mse_mean": 0.0773672016701966,
  "mse_spatial": 0.0006321056522663758,
  "mse_gripper": 0.5377777777777779,
  "mse_per_dim_names": [
    "x",
    "y",
    "z",
    "roll",
    "pitch",
    "yaw",
    "gripper"
  ],
  "grounding": {
    "nouns": [
      "drawer"
    ],
    "num_boxes": 0,
    "num_patches": 0,
    "patch_coverage": 0.0
  }
}