{
  "episode_id": 2,
  "step_id": 34,
  "instruction": "put the red object into the pot",
  "condition": "act_default",
  "condition_desc": "ACT(a=5.0,b=0.4)",
  "predicted_action": [
    -0.00020878732204438963,
    -0.00042412251234059256,
    0.007033863924443714,
    0.0004997134208677839,
    -0.007479244917631175,
    -0.0016785094141960888,
    0.0
  ],
  "ground_truth_action": [
    0.004504485987126827,
    0.006577637977898121,
    -0.007363311015069485,
    0.008173776790499687,
    0.01176129188388586,
    0.020485080778598785,
    0.0
  ],
  "action_token_ids": [
    31872,
    31872,
    31872,
    31872,
    31872,
    31872,
    31872
  ],
  "mse_per_dim": [
    2.2214945286945793e-05,
    4.902464996266787e-05,
    0.00020727864623894688,
    5.8891248601126165e-05,
    0.0003701982564105314,
    0.0004912247302341532,
    0.0
  ],
  "mse_mean": 0.00017126178239062445,
  "mse_spatial": 0.00019980541278906186,
  "mse_gripper": 0.0,
  "mse_per_dim_names": [
    "x",
    "y",
    "z",
    "roll",
    "pitch",
    "yaw",
    "gripper"
  ],
  "grounding": {
    "nouns": [
      "object",
      "pot"
    ],
    "num_boxes": 2,
    "num_patches": 56,
    "patch_coverage": 0.21875
  }
}