{
  "episode_id": 7,
  "step_id": 9,
  "instruction": "Move the blue fork to the lower right burner",
  "condition": "act_default",
  "condition_desc": "ACT(a=5.0,b=0.4)",
  "predicted_action": [
    0.0011332581253612577,
    0.0015184364108477844,
    0.008592815581051735,
    0.004331278793951912,
    -0.01283816257469797,
    0.009604077101922431,
    0.05490196078431375
  ],
  "ground_truth_action": [
    0.001003739656880498,
    -0.006317963823676109,
    -0.008300339803099632,
    -0.016848484054207802,
    0.0037052573170512915,
    0.004468720871955156,
    1.0
  ],
  "action_token_ids": [
    31866,
    31866,
    31866,
    31866,
    31880,
    31865,
    31865
  ],
  "mse_per_dim": [
    1.6775033677601553e-08,
    6.140916863564613e-05,
    0.0002853786988330823,
    0.0004485823543042865,
    0.0002736847417147251,
    2.6371883608663704e-05,
    0.8932103037293349
  ],
  "mse_mean": 0.12775796390735214,
  "mse_spatial": 0.00018257393702168022,
  "mse_gripper": 0.8932103037293349,
  "mse_per_dim_names": [
    "x",
    "y",
    "z",
    "roll",
    "pitch",
    "yaw",
    "gripper"
  ],
  "grounding": {
    "nouns": [
      "fork",
      "burner"
    ],
    "num_boxes": 2,
    "num_patches": 180,
    "patch_coverage": 0.703125
  }
}