{
  "predicted_action": [
    0.0011332581253612577,
    -0.04154161971982787,
    0.03743342122830011,
    0.05031006327096131,
    -0.004129921381964441,
    -0.04842065355240138,
    0.0
  ],
  "ground_truth_action": [
    0.016268588602542877,
    -0.045632217079401016,
    0.01615646481513977,
    0.01274164393544197,
    -0.05485814809799194,
    0.008495164103806019,
    1.0
  ],
  "action_token_ids": [
    31866,
    31999,
    31755,
    31794,
    31867,
    31901,
    31872
  ],
  "mse_per_dim": [
    0.00022907822865350278,
    1.6732986758146772e-05,
    0.00045270887420752485,
    0.0014113861313694235,
    0.0025733529857526866,
    0.0032394102994746502,
    1.0
  ],
  "mse_mean": 0.1439889527866023,
  "mse_per_dim_names": [
    "x",
    "y",
    "z",
    "roll",
    "pitch",
    "yaw",
    "gripper"
  ],
  "episode_id": 5,
  "step_id": 2,
  "instruction": "take broccoli out of pan",
  "method": "baseline"
}