{
  "episode_id": 17,
  "step_id": 23,
  "instruction": "",
  "condition": "baseline",
  "condition_desc": "no enhancement",
  "predicted_action": [
    -0.004905946387964152,
    0.0011946765903163847,
    0.001837358402416979,
    0.001776901878562484,
    0.017305749246302723,
    -0.025855480520164342,
    0.0
  ],
  "ground_truth_action": [
    -0.009886449202895164,
    0.023679403588175774,
    -0.0008934556972235441,
    0.022189028561115265,
    -0.006790101528167725,
    0.046357858926057816,
    0.0
  ],
  "action_token_ids": [
    31893,
    31867,
    31892,
    31870,
    31835,
    31887,
    31872
  ],
  "mse_per_dim": [
    2.4805408289535743e-05,
    0.0005055629481682669,
    7.45734564679548e-06,
    0.0004166549157045832,
    0.0005806100245455481,
    0.0052147663939753055,
    0.0
  ],
  "mse_mean": 0.0009642652909042907,
  "mse_spatial": 0.0011249761727216724,
  "mse_gripper": 0.0,
  "mse_per_dim_names": [
    "x",
    "y",
    "z",
    "roll",
    "pitch",
    "yaw",
    "gripper"
  ]
}