{
  "episode_id": 15,
  "step_id": 37,
  "instruction": "sweep into pile",
  "condition": "baseline",
  "condition_desc": "no enhancement",
  "predicted_action": [
    -0.011392499383758106,
    -0.04154161971982787,
    -0.008555652641636487,
    -0.0033318519522163442,
    -0.030924509667298393,
    -0.022631884372701916,
    0.0
  ],
  "ground_truth_action": [
    -0.0018026262987405062,
    -0.012304827570915222,
    -0.012879791669547558,
    -0.030807755887508392,
    0.037870053201913834,
    0.028802212327718735,
    0.0
  ],
  "action_token_ids": [
    31922,
    31999,
    31932,
    31878,
    31907,
    31885,
    31872
  ],
  "mse_per_dim": [
    9.196566578674497e-05,
    0.0008547900151587204,
    1.8698178332703696e-05,
    0.000754925297061397,
    0.004732691880365994,
    0.0026454663033882225,
    0.0
  ],
  "mse_mean": 0.0012997910485848263,
  "mse_spatial": 0.0015164228900156305,
  "mse_gripper": 0.0,
  "mse_per_dim_names": [
    "x",
    "y",
    "z",
    "roll",
    "pitch",
    "yaw",
    "gripper"
  ]
}