{
  "episode_id": 18,
  "step_id": 37,
  "instruction": "Pick up the blue fork and place it on the left of the pot",
  "condition": "baseline",
  "condition_desc": "no enhancement",
  "predicted_action": [
    -0.0013271585282157647,
    -0.0007478823328719852,
    -0.0072565262611298045,
    -0.0071634173253004585,
    0.009267372760702552,
    0.014439471323116071,
    0.0
  ],
  "ground_truth_action": [
    -0.0022719770204275846,
    0.0020163708832114935,
    -0.00662878155708313,
    -0.00846094824373722,
    0.012009880505502224,
    0.005448734387755394,
    0.0
  ],
  "action_token_ids": [
    31877,
    31873,
    31927,
    31884,
    31847,
    31862,
    31872
  ],
  "mse_per_dim": [
    8.926819832254169e-07,
    7.641095842627856e-06,
    3.9406341345864713e-07,
    1.6835864842993478e-06,
    7.52134873028618e-06,
    8.083335064085869e-05,
    0.0
  ],
  "mse_mean": 1.4138018156393734e-05,
  "mse_spatial": 1.649435451579269e-05,
  "mse_gripper": 0.0,
  "mse_per_dim_names": [
    "x",
    "y",
    "z",
    "roll",
    "pitch",
    "yaw",
    "gripper"
  ]
}