{
  "episode_id": 13,
  "step_id": 17,
  "instruction": "",
  "condition": "baseline",
  "condition_desc": "no enhancement",
  "predicted_action": [
    0.004264697502641097,
    0.006374833718818716,
    0.0002784067458089616,
    0.009440032624730726,
    -0.002120327260564381,
    -0.027467278593895555,
    0.0
  ],
  "ground_truth_action": [
    -0.003290478140115738,
    0.005282697733491659,
    0.04147066920995712,
    -0.01498537976294756,
    -0.03665616363286972,
    -0.8528708815574646,
    -0.004439509008079767
  ],
  "action_token_ids": [
    31852,
    31851,
    31898,
    31858,
    31864,
    31888,
    31872
  ],
  "mse_per_dim": [
    5.7080678992906146e-05,
    1.192761010446302e-06,
    0.0016968024869152692,
    0.0005966007703081479,
    0.0011927239939346485,
    0.6812911077852412,
    1.97092402328214e-05
  ],
  "mse_mean": 0.09783645967380507,
  "mse_spatial": 0.11413925141273377,
  "mse_gripper": 1.97092402328214e-05,
  "mse_per_dim_names": [
    "x",
    "y",
    "z",
    "roll",
    "pitch",
    "yaw",
    "gripper"
  ]
}