{
  "episode_id": 15,
  "step_id": 83,
  "instruction": "sweep into pile",
  "condition": "baseline",
  "condition_desc": "no enhancement",
  "predicted_action": [
    -0.0028928782168556808,
    -0.010784436769345263,
    0.01872600134900387,
    0.0816011804844816,
    0.03472223163176981,
    -0.014572894004045822,
    0.27450980392156854
  ],
  "ground_truth_action": [
    -0.001385905547067523,
    -0.04578222706913948,
    0.022298455238342285,
    0.045381564646959305,
    -0.028355399146676064,
    -0.12032698839902878,
    1.0
  ],
  "action_token_ids": [
    31884,
    31904,
    31827,
    31744,
    31809,
    31880,
    31837
  ],
  "mse_per_dim": [
    2.270966627488448e-06,
    0.0012248453258683703,
    1.276242679144917e-05,
    0.0013118605714176961,
    0.0039787875046219424,
    0.011183928481302965,
    0.5263360246059209
  ],
  "mse_mean": 0.07772149712607869,
  "mse_spatial": 0.002952409212771652,
  "mse_gripper": 0.5263360246059209,
  "mse_per_dim_names": [
    "x",
    "y",
    "z",
    "roll",
    "pitch",
    "yaw",
    "gripper"
  ]
}