{
  "episode_id": 15,
  "step_id": 0,
  "instruction": "sweep into pile",
  "condition": "baseline",
  "condition_desc": "no enhancement",
  "predicted_action": [
    0.00046223540165843055,
    0.019325226540074562,
    -0.004398448224015101,
    0.015825974913204255,
    0.052138714017236895,
    -0.18542348981955473,
    -0.807843137254902
  ],
  "ground_truth_action": [
    -2.821665123775574e-11,
    -1.3166723267232783e-10,
    3.061587094954632e-11,
    1.686416339907737e-07,
    2.227501294527201e-09,
    -1.8337811269475424e-08,
    1.0
  ],
  "action_token_ids": [
    31869,
    31811,
    31916,
    31848,
    31783,
    31986,
    31975
  ],
  "mse_per_dim": [
    2.1366159263180166e-07,
    0.00037346438591420044,
    1.934634704866624e-05,
    0.0002504561441452727,
    0.002718445267093114,
    0.03438186377634093,
    3.2682968089196462
  ],
  "mse_mean": 0.47229151407168296,
  "mse_spatial": 0.0062906315970224684,
  "mse_gripper": 3.2682968089196462,
  "mse_per_dim_names": [
    "x",
    "y",
    "z",
    "roll",
    "pitch",
    "yaw",
    "gripper"
  ]
}