{
  "episode_id": 16,
  "step_id": 4,
  "instruction": "move the pan to the left side of the stove",
  "condition": "baseline",
  "condition_desc": "no enhancement",
  "predicted_action": [
    0.0026989778140011807,
    -0.04154161971982787,
    0.0002784067458089616,
    0.0036926845651045342,
    0.0018988609822357116,
    -0.1805880955983611,
    -0.9490196078431372
  ],
  "ground_truth_action": [
    0.00319644040428102,
    -0.04329777881503105,
    -0.01759958639740944,
    0.0019159591756761074,
    0.05161032825708389,
    -0.08018914610147476,
    1.0
  ],
  "action_token_ids": [
    31859,
    31999,
    31898,
    31867,
    31858,
    31983,
    31993
  ],
  "mse_per_dim": [
    2.4746902872792746e-07,
    3.084094767664848e-06,
    0.00031962263882896416,
    3.156753109439595e-06,
    0.0024712299786183015,
    0.01007994906007833,
    3.7986774317570164
  ],
  "mse_mean": 0.544507817393064,
  "mse_spatial": 0.002146214999071905,
  "mse_gripper": 3.7986774317570164,
  "mse_per_dim_names": [
    "x",
    "y",
    "z",
    "roll",
    "pitch",
    "yaw",
    "gripper"
  ]
}