{
  "episode_id": 19,
  "step_id": 41,
  "instruction": "",
  "condition": "baseline",
  "condition_desc": "no enhancement",
  "predicted_action": [
    -0.0013271585282157647,
    0.008964912283069892,
    -0.0075163515372311425,
    -0.0020546634945216302,
    -0.01618748611036472,
    0.011215875175653645,
    0.996078431372549
  ],
  "ground_truth_action": [
    -0.007403464522212744,
    0.007840121164917946,
    -0.0006139768520370126,
    -0.009250642731785774,
    0.0001583863195264712,
    -0.13246341049671173,
    1.0
  ],
  "action_token_ids": [
    31877,
    31843,
    31928,
    31876,
    31885,
    31864,
    31744
  ],
  "mse_per_dim": [
    3.692149453268362e-05,
    1.2651550594735061e-06,
    4.7642776294808765e-05,
    5.1782117183136655e-05,
    0.0002671875454942769,
    0.02064373713132118,
    1.5378700499807656e-05
  ],
  "mse_mean": 0.003009130702912195,
  "mse_spatial": 0.0035080893699809264,
  "mse_gripper": 1.5378700499807656e-05,
  "mse_per_dim_names": [
    "x",
    "y",
    "z",
    "roll",
    "pitch",
    "yaw",
    "gripper"
  ]
}