{
  "episode_id": 18,
  "step_id": 31,
  "instruction": "Pick up the blue fork and place it on the left of the pot",
  "condition": "baseline",
  "condition_desc": "no enhancement",
  "predicted_action": [
    0.010974924739669326,
    0.015440108693697809,
    0.006774038648342379,
    0.022850511430525133,
    -0.024225862595964903,
    0.004768682880728764,
    -0.0784313725490196
  ],
  "ground_truth_action": [
    0.0051562730222940445,
    0.01446348987519741,
    -0.004608198534697294,
    0.019121093675494194,
    0.009590626694262028,
    -0.02020854875445366,
    0.0
  ],
  "action_token_ids": [
    31822,
    31823,
    31873,
    31837,
    31897,
    31868,
    31882
  ],
  "mse_per_dim": [
    3.3856707808114314e-05,
    9.537843166491133e-07,
    0.00012955532329097093,
    1.3908556791540011e-05,
    0.0011435549479160327,
    0.0006238621001575576,
    0.006151480199923107
  ],
  "mse_mean": 0.0011567388028862816,
  "mse_spatial": 0.0003242819033801441,
  "mse_gripper": 0.006151480199923107,
  "mse_per_dim_names": [
    "x",
    "y",
    "z",
    "roll",
    "pitch",
    "yaw",
    "gripper"
  ]
}