{
  "episode_id": 14,
  "step_id": 16,
  "instruction": "move the silver pot to the lower right burner",
  "condition": "baseline",
  "condition_desc": "no enhancement",
  "predicted_action": [
    0.002475303572766905,
    0.002813475692973362,
    -0.0072565262611298045,
    0.008162844167036026,
    -0.004129921381964441,
    -0.0016785094141960888,
    0.996078431372549
  ],
  "ground_truth_action": [
    6.2820113271300215e-06,
    0.00118228979408741,
    -0.0037965639494359493,
    0.0023763549979776144,
    -0.01165027916431427,
    0.006048292387276888,
    1.0
  ],
  "action_token_ids": [
    31860,
    31862,
    31927,
    31860,
    31867,
    31872,
    31744
  ],
  "mse_per_dim": [
    6.0960674708545045e-06,
    2.6607674367243716e-06,
    1.1971339198341887e-05,
    3.348345690363031e-05,
    5.655578117454964e-05,
    5.970346607924604e-05,
    1.5378700499807656e-05
  ],
  "mse_mean": 2.6549939823307773e-05,
  "mse_spatial": 2.8411813043891123e-05,
  "mse_gripper": 1.5378700499807656e-05,
  "mse_per_dim_names": [
    "x",
    "y",
    "z",
    "roll",
    "pitch",
    "yaw",
    "gripper"
  ]
}