{
  "episode_id": 13,
  "step_id": 38,
  "instruction": "",
  "condition": "baseline",
  "condition_desc": "no enhancement",
  "predicted_action": [
    -0.02324723416917465,
    0.01025995156519547,
    0.013009845274774456,
    0.029875047947846026,
    0.04945925518870349,
    -0.02907907666762677,
    0.996078431372549
  ],
  "ground_truth_action": [
    -0.0029592677019536495,
    -0.008869840763509274,
    0.0035705766640603542,
    -0.0010228939354419708,
    -0.02100670337677002,
    0.0018315722700208426,
    0.9918397068977356
  ],
  "action_token_ids": [
    31975,
    31839,
    31849,
    31826,
    31787,
    31889,
    31744
  ],
  "mse_per_dim": [
    0.0004116015833750837,
    0.00036594895453937083,
    8.909979190521253e-05,
    0.0009546828126230426,
    0.004965451316551029,
    0.0009554682177464954,
    1.7966785173382455e-05
  ],
  "mse_mean": 0.0011086027802733739,
  "mse_spatial": 0.0012903754461233725,
  "mse_gripper": 1.7966785173382455e-05,
  "mse_per_dim_names": [
    "x",
    "y",
    "z",
    "roll",
    "pitch",
    "yaw",
    "gripper"
  ]
}