{
  "episode_id": 12,
  "step_id": 38,
  "instruction": "",
  "condition": "baseline",
  "condition_desc": "no enhancement",
  "predicted_action": [
    -0.0008798100457472133,
    0.0031372355135047617,
    -0.021546916446703323,
    0.001138307649715134,
    0.04008114928883662,
    0.004768682880728764,
    0.06274509803921569
  ],
  "ground_truth_action": [
    0.0176010113209486,
    -0.004949524998664856,
    -0.00747993728145957,
    -0.000155995279783383,
    0.004813645035028458,
    0.04400487244129181,
    1.0
  ],
  "action_token_ids": [
    31875,
    31861,
    31982,
    31871,
    31801,
    31868,
    31864
  ],
  "mse_per_dim": [
    0.00034154075838772056,
    6.539569558118581e-05,
    0.00019787990283540182,
    1.675220073308443e-06,
    0.0012437968562923768,
    0.0015394785712324365,
    0.8784467512495194
  ],
  "mse_mean": 0.12597664546484597,
  "mse_spatial": 0.000564961167400405,
  "mse_gripper": 0.8784467512495194,
  "mse_per_dim_names": [
    "x",
    "y",
    "z",
    "roll",
    "pitch",
    "yaw",
    "gripper"
  ]
}