{
  "episode_id": 14,
  "step_id": 12,
  "instruction": "move the silver pot to the lower right burner",
  "condition": "baseline",
  "condition_desc": "no enhancement",
  "predicted_action": [
    0.004264697502641097,
    -0.00010036269180919988,
    -0.005437749328420446,
    0.011355815311272777,
    -0.01886694493889811,
    -0.006513903635389756,
    0.996078431372549
  ],
  "ground_truth_action": [
    0.0047598183155059814,
    0.004277870524674654,
    -0.004601240158081055,
    -0.005315248388797045,
    0.01128700003027916,
    0.003414930310100317,
    1.0
  ],
  "action_token_ids": [
    31852,
    31871,
    31920,
    31855,
    31889,
    31875,
    31744
  ],
  "mse_per_dim": [
    2.451446193319842e-07,
    1.916892609792255e-05,
    6.997475920618964e-07,
    0.0002779243648917857,
    0.0009092603972041711,
    9.858174351711597e-05,
    1.5378700499807656e-05
  ],
  "mse_mean": 0.00018875128920317096,
  "mse_spatial": 0.0002176467206537315,
  "mse_gripper": 1.5378700499807656e-05,
  "mse_per_dim_names": [
    "x",
    "y",
    "z",
    "roll",
    "pitch",
    "yaw",
    "gripper"
  ]
}