{
  "episode_id": 14,
  "step_id": 7,
  "instruction": "move the silver pot to the lower right burner",
  "condition": "baseline",
  "condition_desc": "no enhancement",
  "predicted_action": [
    -0.002445529734387133,
    0.0008709167697849851,
    -0.0036189723957110904,
    -0.03717734608112604,
    -0.024895727303098247,
    0.19173725943354983,
    0.996078431372549
  ],
  "ground_truth_action": [
    0.008137921802699566,
    -0.0015589133836328983,
    -0.006497031543403864,
    -0.008106213994324207,
    0.0441843718290329,
    -0.08958621323108673,
    1.0
  ],
  "action_token_ids": [
    31882,
    31868,
    31913,
    31931,
    31898,
    31752,
    31744
  ],
  "mse_per_dim": [
    0.00011200944643786281,
    5.904074574458775e-06,
    8.283224457618054e-06,
    0.0008451307208082793,
    0.0047720600961050665,
    0.0791428962720905,
    1.5378700499807656e-05
  ],
  "mse_mean": 0.012128808933567655,
  "mse_spatial": 0.014147713972412296,
  "mse_gripper": 1.5378700499807656e-05,
  "mse_per_dim_names": [
    "x",
    "y",
    "z",
    "roll",
    "pitch",
    "yaw",
    "gripper"
  ]
}