{
  "episode_id": 15,
  "step_id": 27,
  "instruction": "sweep into pile",
  "condition": "baseline",
  "condition_desc": "no enhancement",
  "predicted_action": [
    -0.0008798100457472133,
    0.04069337469514669,
    -0.0012805449107990592,
    0.029236453718998676,
    -0.00814910962476452,
    0.0353928462816219,
    0.3764705882352941
  ],
  "ground_truth_action": [
    -0.010356918908655643,
    0.07386476546525955,
    -0.0014964797301217914,
    0.0589776486158371,
    0.008149737492203712,
    0.035986386239528656,
    0.0
  ],
  "action_token_ids": [
    31875,
    31744,
    31904,
    31827,
    31873,
    31849,
    31824
  ],
  "mse_per_dim": [
    8.981559239941752e-05,
    0.001100341165623529,
    4.662784619594098e-08,
    0.0008845386738917277,
    0.00026565241734230363,
    3.52289681631956e-07,
    0.14173010380622836
  ],
  "mse_mean": 0.020581550081859024,
  "mse_spatial": 0.00039012446113080096,
  "mse_gripper": 0.14173010380622836,
  "mse_per_dim_names": [
    "x",
    "y",
    "z",
    "roll",
    "pitch",
    "yaw",
    "gripper"
  ]
}