{
  "episode_id": 15,
  "step_id": 18,
  "instruction": "sweep into pile",
  "condition": "baseline",
  "condition_desc": "no enhancement",
  "predicted_action": [
    0.0026989778140011807,
    -0.013374515333596428,
    -0.014791459268068569,
    -0.04420188259844693,
    0.043430472824503366,
    0.061181615461321365,
    -0.29803921568627456
  ],
  "ground_truth_action": [
    0.006609028205275536,
    -0.018977876752614975,
    -0.006729507353156805,
    -0.05558573827147484,
    0.009011853486299515,
    -0.011617853306233883,
    0.0
  ],
  "action_token_ids": [
    31859,
    31912,
    31956,
    31942,
    31796,
    31833,
    31910
  ],
  "mse_per_dim": [
    1.5288494062304736e-05,
    3.139765919214554e-05,
    6.499506867834946e-05,
    0.00012959216998432971,
    0.0011846413571481801,
    0.005299762652838252,
    0.08882737408688969
  ],
  "mse_mean": 0.013650435926970465,
  "mse_spatial": 0.0011209462336505937,
  "mse_gripper": 0.08882737408688969,
  "mse_per_dim_names": [
    "x",
    "y",
    "z",
    "roll",
    "pitch",
    "yaw",
    "gripper"
  ]
}