{
  "episode_id": 15,
  "step_id": 53,
  "instruction": "sweep into pile",
  "condition": "baseline",
  "condition_desc": "no enhancement",
  "predicted_action": [
    0.01008022777473223,
    -0.04154161971982787,
    0.023922506871030595,
    -0.024405461504178987,
    -0.06106842148829909,
    -0.12901055723896215,
    0.0
  ],
  "ground_truth_action": [
    0.013450355269014835,
    -0.042473774403333664,
    0.010571728460490704,
    -0.03998081758618355,
    -0.03888007998466492,
    -0.019328055903315544,
    0.0
  ],
  "action_token_ids": [
    31826,
    31999,
    31807,
    31911,
    31952,
    31951,
    31872
  ],
  "mse_per_dim": [
    1.1357759327719549e-05,
    8.689123539817817e-07,
    0.00017824328416733806,
    0.0002425917170812365,
    0.0004923224986818949,
    0.01203025109924412,
    0.0
  ],
  "mse_mean": 0.0018508050386937557,
  "mse_spatial": 0.002159272545142715,
  "mse_gripper": 0.0,
  "mse_per_dim_names": [
    "x",
    "y",
    "z",
    "roll",
    "pitch",
    "yaw",
    "gripper"
  ]
}