{
  "episode_id": 12,
  "step_id": 15,
  "instruction": "",
  "condition": "baseline",
  "condition_desc": "no enhancement",
  "predicted_action": [
    -0.0008798100457472133,
    0.0005471569492535924,
    1.8581469707623643e-05,
    0.0004997134208677839,
    0.0018988609822357116,
    0.004768682880728764,
    0.0
  ],
  "ground_truth_action": [
    0.003231564536690712,
    0.015873150900006294,
    -0.0010040664346888661,
    0.003522556507959962,
    -0.008234146982431412,
    -0.007932614535093307,
    0.001735922647640109
  ],
  "action_token_ids": [
    31875,
    31869,
    31899,
    31872,
    31858,
    31868,
    31872
  ],
  "mse_per_dim": [
    1.6903400957116624e-05,
    0.0002348860905785084,
    1.045808736366532e-06,
    9.137580329180968e-06,
    0.00010267785041200735,
    0.00016132295604516842,
    3.0134274385898462e-06
  ],
  "mse_mean": 7.556958778527687e-05,
  "mse_spatial": 8.766228117639138e-05,
  "mse_gripper": 3.0134274385898462e-06,
  "mse_per_dim_names": [
    "x",
    "y",
    "z",
    "roll",
    "pitch",
    "yaw",
    "gripper"
  ]
}