{
  "episode_id": 15,
  "step_id": 25,
  "instruction": "sweep into pile",
  "condition": "baseline",
  "condition_desc": "no enhancement",
  "predicted_action": [
    0.003370000537704001,
    0.005079794436693139,
    -0.0036189723957110904,
    0.005608467251646612,
    0.05615790226003699,
    -0.008125701709120942,
    0.0
  ],
  "ground_truth_action": [
    0.0019538679625838995,
    0.058221589773893356,
    -0.010375468991696835,
    0.056572169065475464,
    0.034717317670583725,
    0.04448608309030533,
    0.0
  ],
  "action_token_ids": [
    31856,
    31855,
    31913,
    31864,
    31777,
    31876,
    31872
  ],
  "mse_per_dim": [
    2.0054314703162896e-06,
    0.002824050411660875,
    4.565024625156695e-05,
    0.002597298902568862,
    0.00045969866753750073,
    0.0027679998997811412,
    0.0
  ],
  "mse_mean": 0.0012423862227528945,
  "mse_spatial": 0.0014494505932117104,
  "mse_gripper": 0.0,
  "mse_per_dim_names": [
    "x",
    "y",
    "z",
    "roll",
    "pitch",
    "yaw",
    "gripper"
  ]
}