{
  "episode_id": 18,
  "step_id": 7,
  "instruction": "Pick up the blue fork and place it on the left of the pot",
  "condition": "baseline",
  "condition_desc": "no enhancement",
  "predicted_action": [
    -0.007142688800306895,
    -0.019202192103161552,
    0.000798057298011634,
    -0.012910765384926637,
    0.003908455103635758,
    -0.0629268362159823,
    -0.2588235294117647
  ],
  "ground_truth_action": [
    -0.012774674221873283,
    -0.016031503677368164,
    0.0006186636164784431,
    -0.04938538372516632,
    0.02398948185145855,
    -0.019771384075284004,
    1.0
  ],
  "action_token_ids": [
    31903,
    31930,
    31896,
    31893,
    31855,
    31910,
    31905
  ],
  "mse_per_dim": [
    3.171925978873633e-05,
    1.0053265093460153e-05,
    3.218209297403192e-08,
    0.0013303977830661491,
    0.0004032476352467744,
    0.0018623930494681012,
    1.584636678200692
  ],
  "mse_mean": 0.2268963601964926,
  "mse_spatial": 0.0006063071957926993,
  "mse_gripper": 1.584636678200692,
  "mse_per_dim_names": [
    "x",
    "y",
    "z",
    "roll",
    "pitch",
    "yaw",
    "gripper"
  ]
}