{
  "episode_id": 17,
  "step_id": 13,
  "instruction": "",
  "condition": "baseline",
  "condition_desc": "no enhancement",
  "predicted_action": [
    0.002251629331532626,
    -0.0010716421534033849,
    -0.006477050432825794,
    -0.023128273046484286,
    0.013286561003502645,
    0.04022824050281551,
    0.0
  ],
  "ground_truth_action": [
    0.003361448412761092,
    -0.007267602253705263,
    -0.007364729419350624,
    0.05641135945916176,
    -0.0038080450613051653,
    -0.05348430946469307,
    1.0
  ],
  "action_token_ids": [
    31861,
    31874,
    31924,
    31909,
    31841,
    31846,
    31872
  ],
  "mse_per_dim": [
    1.2316983930587972e-06,
    3.8389921564532864e-05,
    7.879739831177492e-07,
    0.006326553139133226,
    0.00029222555651096395,
    0.008782042021412792,
    1.0
  ],
  "mse_mean": 0.1450630329015711,
  "mse_spatial": 0.002573538385166282,
  "mse_gripper": 1.0,
  "mse_per_dim_names": [
    "x",
    "y",
    "z",
    "roll",
    "pitch",
    "yaw",
    "gripper"
  ]
}