{
  "episode_id": 19,
  "step_id": 42,
  "instruction": "",
  "condition": "baseline",
  "condition_desc": "no enhancement",
  "predicted_action": [
    -0.00378757518179278,
    0.0031372355135047617,
    -0.012972682335359214,
    0.023489105659372483,
    -0.014177891988964658,
    0.014439471323116071,
    0.996078431372549
  ],
  "ground_truth_action": [
    -0.00589859951287508,
    0.010749575681984425,
    0.00026162693393416703,
    -0.008357529528439045,
    -0.0009318210068158805,
    -0.05352870747447014,
    1.0
  ],
  "action_token_ids": [
    31888,
    31861,
    31949,
    31836,
    31882,
    31862,
    31744
  ],
  "mse_per_dim": [
    4.456423726421472e-06,
    5.794772284064898e-05,
    0.0001751469418353047,
    0.0010142081727855553,
    0.00017545839646412387,
    0.004619673329060647,
    1.5378700499807656e-05
  ],
  "mse_mean": 0.0008660385267446442,
  "mse_spatial": 0.001007815164452117,
  "mse_gripper": 1.5378700499807656e-05,
  "mse_per_dim_names": [
    "x",
    "y",
    "z",
    "roll",
    "pitch",
    "yaw",
    "gripper"
  ]
}