{
  "episode_id": 12,
  "step_id": 22,
  "instruction": "",
  "condition": "baseline",
  "condition_desc": "no enhancement",
  "predicted_action": [
    -0.01049780241882101,
    -0.012079476051470847,
    -0.020247790066196637,
    -0.04100891145421016,
    0.024674261024769578,
    -0.02424368244643313,
    0.2823529411764705
  ],
  "ground_truth_action": [
    0.007646265439689159,
    -0.023193204775452614,
    -0.0028138712514191866,
    -0.0007417026208713651,
    0.00013022949860896915,
    0.05942986533045769,
    -0.007519416511058807
  ],
  "action_token_ids": [
    31918,
    31908,
    31977,
    31937,
    31824,
    31886,
    31836
  ],
  "mse_per_dim": [
    0.0003292071984542218,
    0.0001235149661502574,
    0.00030394152524025115,
    0.0016214481072277178,
    0.0006024094835571659,
    0.0070012625975716305,
    0.08402598375132692
  ],
  "mse_mean": 0.013429681089932593,
  "mse_spatial": 0.0016636306463668742,
  "mse_gripper": 0.08402598375132692,
  "mse_per_dim_names": [
    "x",
    "y",
    "z",
    "roll",
    "pitch",
    "yaw",
    "gripper"
  ]
}