{
  "episode_id": 16,
  "step_id": 11,
  "instruction": "move the pan to the left side of the stove",
  "condition": "baseline",
  "condition_desc": "no enhancement",
  "predicted_action": [
    0.0026989778140011807,
    -0.0033379608971231545,
    0.007553514476646383,
    -0.022489678817636923,
    -0.006139515503364487,
    -0.016184692077777035,
    -0.07058823529411762
  ],
  "ground_truth_action": [
    0.0012646537506952882,
    0.027866285294294357,
    0.041332293301820755,
    -0.0022071083076298237,
    -0.09144561737775803,
    0.027056846767663956,
    0.0
  ],
  "action_token_ids": [
    31859,
    31881,
    31870,
    31908,
    31870,
    31881,
    31881
  ],
  "mse_per_dim": [
    2.0572855185783257e-06,
    0.0009737049803745943,
    0.0011410058989200483,
    0.00041138266649340963,
    0.007277131017004409,
    0.0018698306817217822,
    0.0049826989619377125
  ],
  "mse_mean": 0.0023796873559957907,
  "mse_spatial": 0.0019458520883388038,
  "mse_gripper": 0.0049826989619377125,
  "mse_per_dim_names": [
    "x",
    "y",
    "z",
    "roll",
    "pitch",
    "yaw",
    "gripper"
  ]
}