{
  "episode_id": 17,
  "step_id": 22,
  "instruction": "",
  "condition": "baseline",
  "condition_desc": "no enhancement",
  "predicted_action": [
    -0.004905946387964152,
    0.019972746181137355,
    -0.0072565262611298045,
    0.020934728743983083,
    0.02869344926756967,
    0.07407600005117107,
    0.0
  ],
  "ground_truth_action": [
    -0.023946478962898254,
    0.02982824668288231,
    -0.012159198522567749,
    0.016585983335971832,
    0.01889687590301037,
    0.027195753529667854,
    0.0
  ],
  "action_token_ids": [
    31893,
    31809,
    31927,
    31840,
    31818,
    31825,
    31872
  ],
  "mse_per_dim": [
    0.0003625418807371267,
    9.713089013989505e-05,
    2.403619530307305e-05,
    1.891158662369894e-05,
    9.597284968719277e-05,
    0.0021977575139169145,
    0.0
  ],
  "mse_mean": 0.00039947870234398585,
  "mse_spatial": 0.0004660584860679835,
  "mse_gripper": 0.0,
  "mse_per_dim_names": [
    "x",
    "y",
    "z",
    "roll",
    "pitch",
    "yaw",
    "gripper"
  ]
}