{
  "episode_id": 17,
  "step_id": 31,
  "instruction": "",
  "condition": "baseline",
  "condition_desc": "no enhancement",
  "predicted_action": [
    0.0044883717438753655,
    0.0031372355135047617,
    -0.00985477902214317,
    -0.0033318519522163442,
    0.007257778639302506,
    0.011215875175653645,
    0.0
  ],
  "ground_truth_action": [
    0.0026193223893642426,
    0.0005276006413623691,
    -0.013464503921568394,
    0.017200954258441925,
    0.036878664046525955,
    -0.0036157588474452496,
    0.0
  ],
  "action_token_ids": [
    31851,
    31861,
    31937,
    31878,
    31850,
    31864,
    31872
  ],
  "mse_per_dim": [
    3.4933454895984455e-06,
    6.8101941659016415e-06,
    1.3030113849530439e-05,
    0.0004215961308844468,
    0.0008773968523078631,
    0.00021997736779514468,
    0.0
  ],
  "mse_mean": 0.00022032914349892646,
  "mse_spatial": 0.0002570506674154142,
  "mse_gripper": 0.0,
  "mse_per_dim_names": [
    "x",
    "y",
    "z",
    "roll",
    "pitch",
    "yaw",
    "gripper"
  ]
}