{
  "episode_id": 15,
  "step_id": 75,
  "instruction": "sweep into pile",
  "condition": "baseline",
  "condition_desc": "no enhancement",
  "predicted_action": [
    -0.003340226699324232,
    0.0034609953340361613,
    0.0002784067458089616,
    0.011994409540120127,
    -0.004799786089097785,
    -0.0016785094141960888,
    0.0
  ],
  "ground_truth_action": [
    0.01163965929299593,
    -0.02630714140832424,
    0.012703947722911835,
    0.01506925281137228,
    -0.039269234985113144,
    -0.09810888022184372,
    0.0
  ],
  "action_token_ids": [
    31886,
    31860,
    31898,
    31854,
    31868,
    31872,
    31872
  ],
  "mse_per_dim": [
    0.0002243969843429098,
    0.0008861419651118674,
    0.00015439406857366262,
    9.454661142764643e-06,
    0.0011881429071950145,
    0.00929881641410042,
    0.0
  ],
  "mse_mean": 0.0016801924286380912,
  "mse_spatial": 0.001960224500077773,
  "mse_gripper": 0.0,
  "mse_per_dim_names": [
    "x",
    "y",
    "z",
    "roll",
    "pitch",
    "yaw",
    "gripper"
  ]
}