{
  "episode_id": 11,
  "step_id": 6,
  "instruction": "bmbfbbfgjjg",
  "condition": "baseline",
  "condition_desc": "no enhancement",
  "predicted_action": [
    -0.0011034842869814855,
    0.0390745755924897,
    0.0028766595068223273,
    0.006247061480493962,
    -0.042312209688565326,
    0.007992279028191218,
    0.20392156862745092
  ],
  "ground_truth_action": [
    -0.005899892654269934,
    0.015456593595445156,
    -0.009250625036656857,
    -0.004365366883575916,
    -0.04112926125526428,
    0.0590774342417717,
    1.0
  ],
  "action_token_ids": [
    31876,
    31750,
    31888,
    31863,
    31924,
    31866,
    31846
  ],
  "mse_per_dim": [
    2.300553322579464e-05,
    0.0005578090736127203,
    0.00014707103039850912,
    0.00011262363578251487,
    1.3993669958493946e-06,
    0.002609693083195609,
    0.6337408688965783
  ],
  "mse_mean": 0.09102749580282705,
  "mse_spatial": 0.0005752669538684995,
  "mse_gripper": 0.6337408688965783,
  "mse_per_dim_names": [
    "x",
    "y",
    "z",
    "roll",
    "pitch",
    "yaw",
    "gripper"
  ]
}