{
  "episode_id": 13,
  "step_id": 4,
  "instruction": "",
  "condition": "baseline",
  "condition_desc": "no enhancement",
  "predicted_action": [
    -0.009155756971415362,
    -0.03312386438601159,
    0.0010578825741129685,
    -0.01929670767340016,
    0.01060710217496924,
    -0.09677459576433785,
    0.039215686274509776
  ],
  "ground_truth_action": [
    -0.0017410204745829105,
    0.01503333356231451,
    -0.0009065933409146965,
    -0.004644834436476231,
    0.0032012425363063812,
    0.17382416129112244,
    0.054186370223760605
  ],
  "action_token_ids": [
    31912,
    31973,
    31895,
    31903,
    31845,
    31931,
    31867
  ],
  "mse_per_dim": [
    5.497831731745918e-05,
    0.0023191157142342634,
    3.859165620723782e-06,
    0.00021467738935088766,
    5.484675698757558e-05,
    0.07322368731996001,
    0.00022412137790835641
  ],
  "mse_mean": 0.010870755148768467,
  "mse_spatial": 0.012645194110578488,
  "mse_gripper": 0.00022412137790835641,
  "mse_per_dim_names": [
    "x",
    "y",
    "z",
    "roll",
    "pitch",
    "yaw",
    "gripper"
  ]
}