{
  "episode_id": 19,
  "step_id": 28,
  "instruction": "",
  "condition": "baseline",
  "condition_desc": "no enhancement",
  "predicted_action": [
    0.0015806066078298056,
    0.009612431924132685,
    -0.02180674172280466,
    -0.012272171156079273,
    0.041420878703103306,
    -0.0919392015431442,
    0.996078431372549
  ],
  "ground_truth_action": [
    -0.006717850919812918,
    0.004384652711451054,
    -0.03414933755993843,
    0.025062082335352898,
    -0.0013838810846209526,
    0.20027711987495422,
    -0.0065807257778942585
  ],
  "action_token_ids": [
    31864,
    31841,
    31983,
    31892,
    31799,
    31928,
    31744
  ],
  "mse_per_dim": [
    6.886439733809017e-05,
    2.7329675496546176e-05,
    0.00015233967199883186,
    0.0013938464837625153,
    0.0018322474604847757,
    0.08539037850312539,
    1.0053253854176374
  ],
  "mse_mean": 0.1563129130871205,
  "mse_spatial": 0.014810834365367691,
  "mse_gripper": 1.0053253854176374,
  "mse_per_dim_names": [
    "x",
    "y",
    "z",
    "roll",
    "pitch",
    "yaw",
    "gripper"
  ]
}