{
  "episode_id": 12,
  "step_id": 24,
  "instruction": "",
  "condition": "baseline",
  "condition_desc": "no enhancement",
  "predicted_action": [
    -0.0013271585282157647,
    0.011878750667852454,
    -0.0075163515372311425,
    -0.016103736529163387,
    -0.01618748611036472,
    -0.03391447088882041,
    0.0
  ],
  "ground_truth_action": [
    0.004008630756288767,
    -0.016094554215669632,
    0.0102619593963027,
    -0.005749837961047888,
    -0.005233662202954292,
    0.006508207879960537,
    -0.0008236126159317791
  ],
  "action_token_ids": [
    31877,
    31834,
    31928,
    31898,
    31885,
    31892,
    31872
  ],
  "mse_per_dim": [
    2.8470647288633382e-05,
    0.0007825057861064807,
    0.000316068339649409,
    0.00010720321555882419,
    0.00011998625819455622,
    0.0016339929588440538,
    6.783377411219883e-07
  ],
  "mse_mean": 0.00042698650619758273,
  "mse_spatial": 0.0004980378676069929,
  "mse_gripper": 6.783377411219883e-07,
  "mse_per_dim_names": [
    "x",
    "y",
    "z",
    "roll",
    "pitch",
    "yaw",
    "gripper"
  ]
}