{
  "episode_id": 19,
  "step_id": 1,
  "instruction": "",
  "condition": "baseline",
  "condition_desc": "no enhancement",
  "predicted_action": [
    0.0015806066078298056,
    0.0021659560519105767,
    -0.006477050432825794,
    0.004969873022799262,
    0.019315343367702784,
    -0.012961095930314609,
    0.996078431372549
  ],
  "ground_truth_action": [
    0.0025243517011404037,
    0.020422879606485367,
    0.002042943611741066,
    0.01055098045617342,
    -0.04287238046526909,
    -0.5350461006164551,
    0.994089663028717
  ],
  "action_token_ids": [
    31864,
    31864,
    31924,
    31865,
    31832,
    31879,
    31744
  ],
  "mse_per_dim": [
    8.906548011478295e-07,
    0.0003333152576775878,
    7.259029851945477e-05,
    3.114876018286428e-05,
    0.003867312995525978,
    0.27257275211812737,
    3.955199525428247e-06
  ],
  "mse_mean": 0.039554566469194266,
  "mse_spatial": 0.04614633501413907,
  "mse_gripper": 3.955199525428247e-06,
  "mse_per_dim_names": [
    "x",
    "y",
    "z",
    "roll",
    "pitch",
    "yaw",
    "gripper"
  ]
}