{
  "episode_id": 29,
  "step_id": 10,
  "instruction": "",
  "condition": "baseline",
  "condition_desc": "no enhancement",
  "predicted_action": [
    0.002251629331532626,
    0.004432274795630346,
    -0.004398448224015101,
    -0.0058862288676057445,
    -0.019536809646031453,
    -0.009737499782852183,
    0.996078431372549
  ],
  "ground_truth_action": [
    0.0011661227326840162,
    -0.007472459692507982,
    -0.007367445155978203,
    0.0046278503723442554,
    0.008738703094422817,
    -0.00962584838271141,
    0.5978019833564758
  ],
  "action_token_ids": [
    31861,
    31857,
    31916,
    31882,
    31890,
    31877,
    31744
  ],
  "mse_per_dim": [
    1.1783245761438762e-06,
    0.00014172270323307016,
    8.814942782006312e-06,
    0.00011054586226394757,
    0.0007995046207355918,
    1.2466035153394785e-08,
    0.15862412904429987
  ],
  "mse_mean": 0.02281227256627511,
  "mse_spatial": 0.00017696315327098548,
  "mse_gripper": 0.15862412904429987,
  "mse_per_dim_names": [
    "x",
    "y",
    "z",
    "roll",
    "pitch",
    "yaw",
    "gripper"
  ]
}