{
  "episode_id": 23,
  "step_id": 24,
  "instruction": "",
  "condition": "baseline",
  "condition_desc": "no enhancement",
  "predicted_action": [
    0.002475303572766905,
    -0.0023666814355289695,
    -0.013492332887561886,
    -0.011633576927231923,
    -0.017527215524631407,
    0.024110259765503378,
    -0.03137254901960784
  ],
  "ground_truth_action": [
    0.012272332794964314,
    0.052527736872434616,
    -0.003614127868786454,
    -0.030313562601804733,
    0.010504296980798244,
    -0.021649103611707687,
    -0.00612458772957325
  ],
  "action_token_ids": [
    31860,
    31878,
    31951,
    31891,
    31887,
    31856,
    31876
  ],
  "mse_per_dim": [
    9.598178158058996e-05,
    0.0030133971613696877,
    9.757893439296013e-05,
    0.0003489418648022454,
    0.0007857656933420589,
    0.0020939193366876453,
    0.0006374595493030853
  ],
  "mse_mean": 0.0010104349030683247,
  "mse_spatial": 0.0010725974620291979,
  "mse_gripper": 0.0006374595493030853,
  "mse_per_dim_names": [
    "x",
    "y",
    "z",
    "roll",
    "pitch",
    "yaw",
    "gripper"
  ]
}