{
  "episode_id": 27,
  "step_id": 1,
  "instruction": "sweep into pile",
  "condition": "baseline",
  "condition_desc": "no enhancement",
  "predicted_action": [
    -0.004011249423027052,
    -0.003661720717654547,
    -0.005697574604521784,
    0.04200833829594573,
    0.005248184517902446,
    0.009604077101922431,
    0.06274509803921569
  ],
  "ground_truth_action": [
    -0.00037329940823838115,
    -0.0065048071555793285,
    0.002842785557731986,
    0.022892409935593605,
    -0.06482494622468948,
    -0.015592342242598534,
    1.0
  ],
  "action_token_ids": [
    31889,
    31882,
    31921,
    31807,
    31853,
    31865,
    31864
  ],
  "mse_per_dim": [
    1.3234680310100892e-05,
    8.083140493511822e-06,
    7.293775170101123e-05,
    0.00036541871707811477,
    0.004910243652068382,
    0.0006348595477849503,
    0.8784467512495194
  ],
  "mse_mean": 0.12635021839127936,
  "mse_spatial": 0.001000796248239345,
  "mse_gripper": 0.8784467512495194,
  "mse_per_dim_names": [
    "x",
    "y",
    "z",
    "roll",
    "pitch",
    "yaw",
    "gripper"
  ]
}