{
  "episode_id": 23,
  "step_id": 17,
  "instruction": "",
  "condition": "baseline",
  "condition_desc": "no enhancement",
  "predicted_action": [
    0.0035936747789382766,
    0.0086411524625385,
    0.001577533126315641,
    0.011994409540120127,
    0.0018988609822357116,
    0.0015450867332663376,
    0.0
  ],
  "ground_truth_action": [
    0.000306025700410828,
    0.0008412151364609599,
    0.0014145973837003112,
    -0.006363932508975267,
    -0.027799488976597786,
    0.07547987252473831,
    -0.005836940370500088
  ],
  "action_token_ids": [
    31855,
    31844,
    31893,
    31854,
    31858,
    31870,
    31872
  ],
  "mse_per_dim": [
    1.0808636463542382e-05,
    6.083902229073764e-05,
    2.6548056221609004e-08,
    0.0003370287227915841,
    0.0008819919902773456,
    0.005466352550030846,
    3.40698728887737e-05
  ],
  "mse_mean": 0.0009701596203998645,
  "mse_spatial": 0.0011261745783183797,
  "mse_gripper": 3.40698728887737e-05,
  "mse_per_dim_names": [
    "x",
    "y",
    "z",
    "roll",
    "pitch",
    "yaw",
    "gripper"
  ]
}