{
  "episode_id": 25,
  "step_id": 3,
  "instruction": "",
  "condition": "baseline",
  "condition_desc": "no enhancement",
  "predicted_action": [
    -0.004905946387964152,
    0.008964912283069892,
    0.015867923311889163,
    0.01391019222666219,
    -0.03293410378869844,
    0.012827673249384858,
    0.996078431372549
  ],
  "ground_truth_action": [
    0.003720964305102825,
    0.02134578861296177,
    0.005791159346699715,
    -0.006316766142845154,
    0.0034497107844799757,
    0.039883971214294434,
    1.0
  ],
  "action_token_ids": [
    31893,
    31843,
    31838,
    31851,
    31910,
    31863,
    31744
  ],
  "mse_per_dim": [
    7.442358810615335e-05,
    0.00015328609869607696,
    0.00010154117201014057,
    0.00040912984488178323,
    0.00132378196289543,
    0.0007320432595659701,
    1.5378700499807656e-05
  ],
  "mse_mean": 0.00040136923237933745,
  "mse_spatial": 0.00046570098769259236,
  "mse_gripper": 1.5378700499807656e-05,
  "mse_per_dim_names": [
    "x",
    "y",
    "z",
    "roll",
    "pitch",
    "yaw",
    "gripper"
  ]
}