{
  "episode_id": 29,
  "step_id": 8,
  "instruction": "",
  "condition": "baseline",
  "condition_desc": "no enhancement",
  "predicted_action": [
    0.02819784131470845,
    0.025476663130171086,
    0.0036561353351263343,
    0.05861178824597689,
    -0.020876539060298155,
    0.0982529711571393,
    0.25098039215686274
  ],
  "ground_truth_action": [
    0.005011464469134808,
    0.00093683140585199,
    -0.008527369238436222,
    -0.022059999406337738,
    0.007915090769529343,
    -0.00032148731406778097,
    1.0
  ],
  "action_token_ids": [
    31744,
    31792,
    31885,
    31781,
    31892,
    31810,
    31840
  ],
  "mse_per_dim": [
    0.0005376080712249536,
    0.0006022033410578979,
    0.00014843778369401972,
    0.006507937323020143,
    0.0008289579482578126,
    0.009716923862891729,
    0.5610303729334871
  ],
  "mse_mean": 0.08276749160909051,
  "mse_spatial": 0.0030570113883577592,
  "mse_gripper": 0.5610303729334871,
  "mse_per_dim_names": [
    "x",
    "y",
    "z",
    "roll",
    "pitch",
    "yaw",
    "gripper"
  ]
}