{
  "episode_id": 24,
  "step_id": 8,
  "instruction": "",
  "condition": "baseline",
  "condition_desc": "no enhancement",
  "predicted_action": [
    -0.0011034842869814855,
    -0.0023666814355289695,
    -0.0023198460152044076,
    -0.018019519215705465,
    0.013286561003502645,
    -0.06453863428971351,
    0.392156862745098
  ],
  "ground_truth_action": [
    -0.0031786446925252676,
    2.7294991014059633e-05,
    -0.025481076911091805,
    -0.020849404856562614,
    0.00949026644229889,
    -0.1021258607506752,
    0.9933031797409058
  ],
  "action_token_ids": [
    31876,
    31878,
    31908,
    31901,
    31841,
    31911,
    31822
  ],
  "mse_per_dim": [
    4.306290708736634e-06,
    5.731123130843731e-06,
    0.0005364426166126089,
    8.008252740329479e-06,
    1.4411852395425216e-05,
    0.0014127995930276185,
    0.3613768944376242
  ],
  "mse_mean": 0.05190837059517711,
  "mse_spatial": 0.0003302832881025937,
  "mse_gripper": 0.3613768944376242,
  "mse_per_dim_names": [
    "x",
    "y",
    "z",
    "roll",
    "pitch",
    "yaw",
    "gripper"
  ]
}