{
  "episode_id": 27,
  "step_id": 11,
  "instruction": "sweep into pile",
  "condition": "baseline",
  "condition_desc": "no enhancement",
  "predicted_action": [
    -0.0026692039756214085,
    -0.00042412251234059256,
    0.025481458527638622,
    0.026043482574761898,
    -0.02891491554589834,
    0.022498461691772165,
    0.996078431372549
  ],
  "ground_truth_action": [
    -0.0003675209591165185,
    -0.0009647079277783632,
    -0.0017834638711065054,
    -0.006713451351970434,
    -0.001971197547391057,
    -0.0026777100283652544,
    0.0
  ],
  "action_token_ids": [
    31883,
    31872,
    31801,
    31832,
    31904,
    31857,
    31744
  ],
  "mse_per_dim": [
    5.29774470846705e-06,
    2.922325913840271e-07,
    0.0007433759934095937,
    0.0010730167202803076,
    0.0007259639395830853,
    0.0006338396224818472,
    0.9921722414455979
  ],
  "mse_mean": 0.14219343252837893,
  "mse_spatial": 0.0005302977088424474,
  "mse_gripper": 0.9921722414455979,
  "mse_per_dim_names": [
    "x",
    "y",
    "z",
    "roll",
    "pitch",
    "yaw",
    "gripper"
  ]
}