{
  "episode_id": 21,
  "step_id": 8,
  "instruction": "moved the green object and put it on the table",
  "condition": "baseline",
  "condition_desc": "no enhancement",
  "predicted_action": [
    -0.0017745070106843092,
    -0.00042412251234059256,
    -0.0028394965674070835,
    -0.005247634638758394,
    0.008597508053569194,
    0.0015450867332663376,
    -0.04705882352941182
  ],
  "ground_truth_action": [
    -0.003910234663635492,
    -0.008886968716979027,
    -0.005216483026742935,
    -0.018943017348647118,
    0.006576490588486195,
    -0.03528149425983429,
    0.0
  ],
  "action_token_ids": [
    31879,
    31872,
    31910,
    31881,
    31848,
    31870,
    31878
  ],
  "mse_per_dim": [
    4.561332607580369e-06,
    7.161976588336315e-05,
    5.650064627865989e-06,
    0.000187563507570319,
    4.0845115941705145e-06,
    0.0013561970676414005,
    0.0022145328719723233
  ],
  "mse_mean": 0.0005491727316995746,
  "mse_spatial": 0.0002716127083207832,
  "mse_gripper": 0.0022145328719723233,
  "mse_per_dim_names": [
    "x",
    "y",
    "z",
    "roll",
    "pitch",
    "yaw",
    "gripper"
  ]
}