{
  "episode_id": 20,
  "step_id": 36,
  "instruction": "",
  "condition": "baseline",
  "condition_desc": "no enhancement",
  "predicted_action": [
    0.003370000537704001,
    0.0015184364108477844,
    -0.01245303178315654,
    0.006885655709341312,
    0.0360619610460365,
    0.030557452060428203,
    0.996078431372549
  ],
  "ground_truth_action": [
    -0.024573346599936485,
    0.0386204719543457,
    -0.00011399146023904905,
    0.030458057299256325,
    0.025281120091676712,
    0.09777693450450897,
    1.0
  ],
  "action_token_ids": [
    31856,
    31866,
    31947,
    31862,
    31807,
    31852,
    31744
  ],
  "mse_per_dim": [
    0.0007808306492546808,
    0.001376561041470983,
    0.00015225191609058377,
    0.0005556581167162278,
    0.0001162265316832012,
    0.004518458820050083,
    1.5378700499807656e-05
  ],
  "mse_mean": 0.0010736236822522238,
  "mse_spatial": 0.0012499978458776265,
  "mse_gripper": 1.5378700499807656e-05,
  "mse_per_dim_names": [
    "x",
    "y",
    "z",
    "roll",
    "pitch",
    "yaw",
    "gripper"
  ]
}