{
  "episode_id": 27,
  "step_id": 9,
  "instruction": "sweep into pile",
  "condition": "baseline",
  "condition_desc": "no enhancement",
  "predicted_action": [
    0.006277765673749571,
    -0.003985480538185947,
    -0.003878797671812425,
    0.011355815311272777,
    -0.01618748611036472,
    -0.01940828822523946,
    0.996078431372549
  ],
  "ground_truth_action": [
    -0.0014190295478329062,
    0.0003582696954254061,
    -0.005668253172188997,
    -0.005454247817397118,
    0.006709842476993799,
    0.002004637848585844,
    1.0
  ],
  "action_token_ids": [
    31843,
    31883,
    31914,
    31855,
    31885,
    31883,
    31744
  ],
  "mse_per_dim": [
    5.924065668297486e-05,
    1.886816609199868e-05,
    3.202150987827969e-06,
    0.00028257822238986706,
    0.0005242876564374656,
    0.00045851340304310764,
    1.5378700499807656e-05
  ],
  "mse_mean": 0.00019458127944757848,
  "mse_spatial": 0.00022444837593887362,
  "mse_gripper": 1.5378700499807656e-05,
  "mse_per_dim_names": [
    "x",
    "y",
    "z",
    "roll",
    "pitch",
    "yaw",
    "gripper"
  ]
}