{
  "episode_id": 22,
  "step_id": 19,
  "instruction": "",
  "condition": "baseline",
  "condition_desc": "no enhancement",
  "predicted_action": [
    0.003146326296469725,
    -0.002042921614997577,
    0.007293689200545048,
    -0.013549359613773987,
    -0.005469650796231129,
    0.004768682880728764,
    -0.05490196078431375
  ],
  "ground_truth_action": [
    0.01449603121727705,
    -0.01743937097489834,
    0.031683310866355896,
    0.115878164768219,
    -0.059576600790023804,
    -0.00155674759298563,
    0.0
  ],
  "action_token_ids": [
    31857,
    31877,
    31871,
    31894,
    31869,
    31868,
    31879
  ],
  "mse_per_dim": [
    0.000128815801789398,
    0.00023705065289198856,
    0.0005948536450013899,
    0.01675148406765139,
    0.002927562037630781,
    4.0011070677794706e-05,
    0.003014225297962325
  ],
  "mse_mean": 0.0033848575105150094,
  "mse_spatial": 0.003446629545940457,
  "mse_gripper": 0.003014225297962325,
  "mse_per_dim_names": [
    "x",
    "y",
    "z",
    "roll",
    "pitch",
    "yaw",
    "gripper"
  ]
}