{
  "episode_id": 27,
  "step_id": 50,
  "instruction": "sweep into pile",
  "condition": "baseline",
  "condition_desc": "no enhancement",
  "predicted_action": [
    0.0020279550902983536,
    0.01803018725794897,
    -0.011673555954852527,
    -0.010356388469537209,
    -0.005469650796231129,
    -0.027467278593895555,
    0.1725490196078432
  ],
  "ground_truth_action": [
    -0.0008757425821386278,
    0.0057349237613379955,
    -0.006114506162703037,
    -0.009629447013139725,
    0.01591677777469158,
    0.01563584804534912,
    0.0
  ],
  "action_token_ids": [
    31862,
    31815,
    31944,
    31889,
    31869,
    31888,
    31850
  ],
  "mse_per_dim": [
    8.431460172915943e-06,
    0.00015117350445109434,
    3.0903034591597285e-05,
    5.284438810292953e-07,
    0.0004573793270191792,
    0.001857879526078764,
    0.029773164167627854
  ],
  "mse_mean": 0.004611351351974634,
  "mse_spatial": 0.0004177158826990967,
  "mse_gripper": 0.029773164167627854,
  "mse_per_dim_names": [
    "x",
    "y",
    "z",
    "roll",
    "pitch",
    "yaw",
    "gripper"
  ]
}