{
  "episode_id": 24,
  "step_id": 19,
  "instruction": "",
  "condition": "baseline",
  "condition_desc": "no enhancement",
  "predicted_action": [
    -0.00378757518179278,
    0.0034609953340361613,
    0.000798057298011634,
    0.033706613320930126,
    0.01060710217496924,
    0.016051269396847284,
    0.0
  ],
  "ground_truth_action": [
    -0.005363337229937315,
    -0.01216106303036213,
    0.02613276056945324,
    -0.016803894191980362,
    -0.008203942328691483,
    -0.20387676358222961,
    0.0005356782930903137
  ],
  "action_token_ids": [
    31888,
    31860,
    31896,
    31820,
    31845,
    31861,
    31872
  ],
  "mse_per_dim": [
    2.4830260323726595e-06,
    0.0002440487075406666,
    0.000641847189851994,
    0.0025513113692117867,
    0.0003538553953187043,
    0.04836833969004593,
    2.86951233688152e-07
  ],
  "mse_mean": 0.007451738904176449,
  "mse_spatial": 0.008693647563000242,
  "mse_gripper": 2.86951233688152e-07,
  "mse_per_dim_names": [
    "x",
    "y",
    "z",
    "roll",
    "pitch",
    "yaw",
    "gripper"
  ]
}