{
  "episode_id": 27,
  "step_id": 43,
  "instruction": "sweep into pile",
  "condition": "baseline",
  "condition_desc": "no enhancement",
  "predicted_action": [
    -0.00378757518179278,
    -0.0010716421534033849,
    0.0002784067458089616,
    -0.00013888080797956615,
    0.0012289962751023675,
    -0.0016785094141960888,
    0.1568627450980391
  ],
  "ground_truth_action": [
    0.0028605300467461348,
    0.0022034558933228254,
    0.010980768129229546,
    -0.013656231574714184,
    -0.016502762213349342,
    0.016096781939268112,
    0.0
  ],
  "action_token_ids": [
    31888,
    31874,
    31898,
    31873,
    31859,
    31872,
    31852
  ],
  "mse_per_dim": [
    4.4197303129726456e-05,
    1.0726267215669837e-05,
    0.00011454053918133216,
    0.00018271877175094097,
    0.00031441525909277926,
    0.00031596098270053916,
    0.024605920799692392
  ],
  "mse_mean": 0.00365549713182334,
  "mse_spatial": 0.00016375985384516466,
  "mse_gripper": 0.024605920799692392,
  "mse_per_dim_names": [
    "x",
    "y",
    "z",
    "roll",
    "pitch",
    "yaw",
    "gripper"
  ]
}