{
  "episode_id": 21,
  "step_id": 6,
  "instruction": "moved the green object and put it on the table",
  "condition": "baseline",
  "condition_desc": "no enhancement",
  "predicted_action": [
    0.0026989778140011807,
    0.018677706899011763,
    -0.009075303193839163,
    0.05286444018635071,
    0.03472223163176981,
    0.024110259765503378,
    0.4627450980392156
  ],
  "ground_truth_action": [
    0.0017757746390998363,
    0.014751676470041275,
    0.002149173291400075,
    0.0028320439159870148,
    -0.0024983196053653955,
    0.03930690884590149,
    1.0
  ],
  "action_token_ids": [
    31859,
    31813,
    31934,
    31790,
    31809,
    31856,
    31813
  ],
  "mse_per_dim": [
    8.523041021479222e-07,
    1.5413714929202193e-05,
    0.0001259888723676886,
    0.002503240676554703,
    0.001385369434396207,
    0.00023093814327276478,
    0.28864282968089205
  ],
  "mse_mean": 0.04184351897521639,
  "mse_spatial": 0.0007103005242704523,
  "mse_gripper": 0.28864282968089205,
  "mse_per_dim_names": [
    "x",
    "y",
    "z",
    "roll",
    "pitch",
    "yaw",
    "gripper"
  ]
}