{
  "episode_id": 24,
  "step_id": 20,
  "instruction": "",
  "condition": "baseline",
  "condition_desc": "no enhancement",
  "predicted_action": [
    -0.00378757518179278,
    -0.0078705983845627,
    -0.010114604298244505,
    -0.03206859225034722,
    0.006587913932169148,
    0.07407600005117107,
    0.996078431372549
  ],
  "ground_truth_action": [
    -0.00462134275585413,
    0.042558372020721436,
    -0.008242852985858917,
    0.00013789029617328197,
    0.009234470315277576,
    -0.185506209731102,
    -0.005247221793979406
  ],
  "action_token_ids": [
    31888,
    31895,
    31938,
    31923,
    31851,
    31825,
    31744
  ],
  "mse_per_dim": [
    6.951683675561482e-07,
    0.0025430810561370234,
    3.503452975417169e-06,
    0.0010372575180193299,
    7.004260688971966e-06,
    0.06738292363544804,
    1.002653063689375
  ],
  "mse_mean": 0.1533753612544302,
  "mse_spatial": 0.011829077515272722,
  "mse_gripper": 1.002653063689375,
  "mse_per_dim_names": [
    "x",
    "y",
    "z",
    "roll",
    "pitch",
    "yaw",
    "gripper"
  ]
}