{
  "episode_id": 29,
  "step_id": 5,
  "instruction": "",
  "condition": "baseline",
  "condition_desc": "no enhancement",
  "predicted_action": [
    -0.002445529734387133,
    -0.01013691712828247,
    0.007813339752747724,
    -0.013549359613773987,
    -0.006139515503364487,
    -0.008125701709120942,
    -0.03137254901960784
  ],
  "ground_truth_action": [
    0.010001040063798428,
    0.007586502470076084,
    -0.015485805459320545,
    0.015001829713582993,
    0.04806274548172951,
    0.007598422933369875,
    1.0
  ],
  "action_token_ids": [
    31882,
    31902,
    31869,
    31894,
    31870,
    31876,
    31876
  ],
  "mse_per_dim": [
    0.00015491709974110494,
    0.0003141196022594801,
    0.0005428501676130438,
    0.0008151704120065831,
    0.0029378850958962427,
    0.00024724809577258695,
    1.0637293348712031
  ],
  "mse_mean": 0.15267736076349886,
  "mse_spatial": 0.000835365078881507,
  "mse_gripper": 1.0637293348712031,
  "mse_per_dim_names": [
    "x",
    "y",
    "z",
    "roll",
    "pitch",
    "yaw",
    "gripper"
  ]
}