{
  "episode_id": 20,
  "step_id": 23,
  "instruction": "",
  "condition": "baseline",
  "condition_desc": "no enhancement",
  "predicted_action": [
    -0.004458597905495604,
    -0.014022034974659217,
    -0.003099321843508418,
    -0.01674233075801075,
    0.0005591315679690234,
    -0.014572894004045822,
    -0.18823529411764706
  ],
  "ground_truth_action": [
    0.013305031694471836,
    0.005836844444274902,
    -0.0005218566511757672,
    -0.006833926774561405,
    0.01233255211263895,
    0.020129377022385597,
    0.0
  ],
  "action_token_ids": [
    31891,
    31914,
    31911,
    31899,
    31860,
    31880,
    31896
  ],
  "mse_per_dim": [
    0.00031554653656483937,
    0.00039437509177576513,
    6.643326817686389e-06,
    9.817646949923486e-05,
    0.00013861343132165593,
    0.0012042476143919016,
    0.03543252595155709
  ],
  "mse_mean": 0.005370018345989739,
  "mse_spatial": 0.0003596004117285138,
  "mse_gripper": 0.03543252595155709,
  "mse_per_dim_names": [
    "x",
    "y",
    "z",
    "roll",
    "pitch",
    "yaw",
    "gripper"
  ]
}