{
  "episode_id": 26,
  "step_id": 24,
  "instruction": "take out the object from the silver pot and put it on the orange cloth",
  "condition": "baseline",
  "condition_desc": "no enhancement",
  "predicted_action": [
    0.0035936747789382766,
    -0.0013954019739347845,
    0.002357008954619655,
    -0.002693257723368994,
    -0.002120327260564381,
    -0.01940828822523946,
    0.0235294117647058
  ],
  "ground_truth_action": [
    0.002415349707007408,
    -0.0007010409608483315,
    0.006203634664416313,
    -0.004294106736779213,
    -0.01783990114927292,
    -0.009595160372555256,
    1.0
  ],
  "action_token_ids": [
    31855,
    31875,
    31890,
    31877,
    31864,
    31883,
    31869
  ],
  "mse_per_dim": [
    1.3884499751408862e-06,
    4.821372164944454e-07,
    1.4796529351268645e-05,
    2.562717563736471e-06,
    0.00024710500324256725,
    9.629747825312653e-05,
    0.9534948096885815
  ],
  "mse_mean": 0.13626534885774053,
  "mse_spatial": 6.04387192670557e-05,
  "mse_gripper": 0.9534948096885815,
  "mse_per_dim_names": [
    "x",
    "y",
    "z",
    "roll",
    "pitch",
    "yaw",
    "gripper"
  ]
}