{
  "episode_id": 22,
  "step_id": 10,
  "instruction": "",
  "condition": "baseline",
  "condition_desc": "no enhancement",
  "predicted_action": [
    0.004935720226343924,
    -0.006899318922968509,
    -0.0010207196346977247,
    -0.0020546634945216302,
    0.009937237467835897,
    -0.04036166318374529,
    -0.3137254901960784
  ],
  "ground_truth_action": [
    -0.0046447585336863995,
    0.004811912775039673,
    -0.00883178599178791,
    0.012163875624537468,
    0.026060670614242554,
    0.02300056256353855,
    1.0
  ],
  "action_token_ids": [
    31849,
    31892,
    31903,
    31876,
    31846,
    31896,
    31912
  ],
  "mse_per_dim": [
    9.178557327139217e-05,
    0.0001371529478844316,
    6.1012757634866145e-05,
    0.00020216685468021388,
    0.00025996509642664485,
    0.004014771651649759,
    1.7258746635909266
  ],
  "mse_mean": 0.24723450263892485,
  "mse_spatial": 0.0007944758135912179,
  "mse_gripper": 1.7258746635909266,
  "mse_per_dim_names": [
    "x",
    "y",
    "z",
    "roll",
    "pitch",
    "yaw",
    "gripper"
  ]
}