{
  "episode_id": 23,
  "step_id": 1,
  "instruction": "",
  "condition": "baseline",
  "condition_desc": "no enhancement",
  "predicted_action": [
    0.0044883717438753655,
    0.001842196231379177,
    -0.007776176813332477,
    0.05158725172865601,
    -0.022216268474564857,
    -0.15802292256612405,
    0.996078431372549
  ],
  "ground_truth_action": [
    -0.03254316747188568,
    -0.03137980028986931,
    -0.0023156015668064356,
    0.008604317903518677,
    -0.05894077196717262,
    -0.85561203956604,
    0.9967784285545349
  ],
  "action_token_ids": [
    31851,
    31865,
    31929,
    31792,
    31894,
    31969,
    31744
  ],
  "mse_per_dim": [
    0.0013713348966884486,
    0.0011037010528578465,
    2.9817882022972938e-05,
    0.0018475326002161353,
    0.0013486891567785599,
    0.4866305761567225,
    4.899960547881712e-07
  ],
  "mse_mean": 0.0703331631059059,
  "mse_spatial": 0.08205527529088108,
  "mse_gripper": 4.899960547881712e-07,
  "mse_per_dim_names": [
    "x",
    "y",
    "z",
    "roll",
    "pitch",
    "yaw",
    "gripper"
  ]
}