{
  "episode_id": 23,
  "step_id": 3,
  "instruction": "",
  "condition": "baseline",
  "condition_desc": "no enhancement",
  "predicted_action": [
    -0.00378757518179278,
    0.01025995156519547,
    -0.00024124380639371432,
    0.001776901878562484,
    0.0012289962751023675,
    -6.671134046487559e-05,
    0.996078431372549
  ],
  "ground_truth_action": [
    -0.009937619790434837,
    -0.016500890254974365,
    0.005463787820190191,
    0.0009839124977588654,
    -0.012888595461845398,
    -0.47900354862213135,
    1.0
  ],
  "action_token_ids": [
    31888,
    31839,
    31900,
    31870,
    31859,
    31871,
    31744
  ],
  "mse_per_dim": [
    3.7823048688287235e-05,
    0.0007161426549241507,
    3.25473858603226e-05,
    6.288321580673066e-07,
    0.00019930639645113581,
    0.22938049410536546,
    1.5378700499807656e-05
  ],
  "mse_mean": 0.03291176016056389,
  "mse_spatial": 0.038394490403907904,
  "mse_gripper": 1.5378700499807656e-05,
  "mse_per_dim_names": [
    "x",
    "y",
    "z",
    "roll",
    "pitch",
    "yaw",
    "gripper"
  ]
}