{
  "episode_id": 25,
  "step_id": 1,
  "instruction": "",
  "condition": "baseline",
  "condition_desc": "no enhancement",
  "predicted_action": [
    -0.001550832769450037,
    -0.00042412251234059256,
    0.002097183678518317,
    -0.01929670767340016,
    -0.002790191967697725,
    -0.006513903635389756,
    0.0
  ],
  "ground_truth_action": [
    0.009083171375095844,
    0.03150830417871475,
    0.007687982637435198,
    -0.007499204482883215,
    0.0040530129335820675,
    -0.15003876388072968,
    0.997773289680481
  ],
  "action_token_ids": [
    31878,
    31872,
    31891,
    31903,
    31865,
    31875,
    31872
  ],
  "mse_per_dim": [
    0.00011308204414621897,
    0.0010196798743796237,
    3.125703299902608e-05,
    0.00013918108153025745,
    4.6829453320899775e-05,
    0.020599385508444354,
    0.995551537599809
  ],
  "mse_mean": 0.14535727894208988,
  "mse_spatial": 0.003658235832470063,
  "mse_gripper": 0.995551537599809,
  "mse_per_dim_names": [
    "x",
    "y",
    "z",
    "roll",
    "pitch",
    "yaw",
    "gripper"
  ]
}