{
  "episode_id": 21,
  "step_id": 29,
  "instruction": "moved the green object and put it on the table",
  "condition": "baseline",
  "condition_desc": "no enhancement",
  "predicted_action": [
    0.008067159603623756,
    -0.004633000179248746,
    -0.025963946140426047,
    0.008162844167036026,
    0.019985208074836128,
    0.0015450867332663376,
    0.0
  ],
  "ground_truth_action": [
    0.017958346754312515,
    -0.0009121015318669379,
    -0.03224403038620949,
    -0.009798134677112103,
    0.0009086691425181925,
    0.046634383499622345,
    0.0
  ],
  "action_token_ids": [
    31835,
    31885,
    31999,
    31860,
    31831,
    31870,
    31872
  ],
  "mse_per_dim": [
    9.783558324995041e-05,
    1.3845086744087769e-05,
    3.943945813413736e-05,
    0.00032259676103993666,
    0.0003639143376362419,
    0.0020330446828845223,
    0.0
  ],
  "mse_mean": 0.00041009655852698235,
  "mse_spatial": 0.0004784459849481461,
  "mse_gripper": 0.0,
  "mse_per_dim_names": [
    "x",
    "y",
    "z",
    "roll",
    "pitch",
    "yaw",
    "gripper"
  ]
}