{
  "episode_id": 25,
  "step_id": 11,
  "instruction": "",
  "condition": "baseline",
  "condition_desc": "no enhancement",
  "predicted_action": [
    0.002475303572766905,
    -0.003014201076591762,
    0.0002784067458089616,
    -0.015465142300316037,
    -0.01551762140323136,
    -0.012961095930314609,
    0.996078431372549
  ],
  "ground_truth_action": [
    -0.007892433553934097,
    -0.003923552110791206,
    -0.002362431725487113,
    0.003139724489301443,
    0.011888090521097183,
    -0.02520178072154522,
    1.0
  ],
  "action_token_ids": [
    31860,
    31880,
    31898,
    31897,
    31884,
    31879,
    31744
  ],
  "mse_per_dim": [
    0.00010748997312837435,
    8.269193033995994e-07,
    6.974027831477388e-06,
    0.0003461410682594114,
    0.0007510730460792837,
    0.00014983436415826436,
    1.5378700499807656e-05
  ],
  "mse_mean": 0.00019681687132285978,
  "mse_spatial": 0.00022705656646003513,
  "mse_gripper": 1.5378700499807656e-05,
  "mse_per_dim_names": [
    "x",
    "y",
    "z",
    "roll",
    "pitch",
    "yaw",
    "gripper"
  ]
}