{
  "episode_id": 29,
  "step_id": 16,
  "instruction": "",
  "condition": "baseline",
  "condition_desc": "no enhancement",
  "predicted_action": [
    0.009632879292263686,
    -0.02308730994953831,
    0.03509499374338808,
    -0.046756259513836336,
    0.003908455103635758,
    0.011215875175653645,
    -0.1098039215686275
  ],
  "ground_truth_action": [
    0.02012377791106701,
    0.007889163680374622,
    -0.02362685650587082,
    -0.011583356186747551,
    0.04410848021507263,
    -0.0038197748363018036,
    0.0
  ],
  "action_token_ids": [
    31828,
    31942,
    31764,
    31946,
    31855,
    31864,
    31886
  ],
  "mse_per_dim": [
    0.00011005895383000946,
    0.0009595419185446912,
    0.003448255696696387,
    0.0012371331284567334,
    0.0016160420189601553,
    0.00022607077128201586,
    0.0120569011918493
  ],
  "mse_mean": 0.002807714811374185,
  "mse_spatial": 0.0012661837479616654,
  "mse_gripper": 0.0120569011918493,
  "mse_per_dim_names": [
    "x",
    "y",
    "z",
    "roll",
    "pitch",
    "yaw",
    "gripper"
  ]
}