{
  "episode_id": 25,
  "step_id": 9,
  "instruction": "",
  "condition": "baseline",
  "condition_desc": "no enhancement",
  "predicted_action": [
    0.002475303572766905,
    -0.005604279640842924,
    -0.00024124380639371432,
    0.005608467251646612,
    -0.003460056674831083,
    -0.01779649015150825,
    0.0
  ],
  "ground_truth_action": [
    -0.0013289728667587042,
    -0.008456788957118988,
    -0.006942152511328459,
    0.0035496787168085575,
    -0.0059392424300313,
    -0.10242781788110733,
    1.0
  ],
  "action_token_ids": [
    31860,
    31888,
    31900,
    31864,
    31866,
    31882,
    31872
  ],
  "mse_per_dim": [
    1.4472519228329646e-05,
    8.136809399441738e-06,
    4.490217747187023e-05,
    4.238610231180624e-06,
    6.146362008787669e-06,
    0.007162461633274807,
    1.0
  ],
  "mse_mean": 0.14389147973023064,
  "mse_spatial": 0.0012067263519357362,
  "mse_gripper": 1.0,
  "mse_per_dim_names": [
    "x",
    "y",
    "z",
    "roll",
    "pitch",
    "yaw",
    "gripper"
  ]
}