{
  "episode_id": 22,
  "step_id": 34,
  "instruction": "",
  "condition": "baseline",
  "condition_desc": "no enhancement",
  "predicted_action": [
    -0.0017745070106843092,
    0.001842196231379177,
    -0.005437749328420446,
    0.002415496107409834,
    0.024004396317636234,
    0.003156884806997551,
    0.0
  ],
  "ground_truth_action": [
    -0.0006987241213209927,
    0.003470252500846982,
    0.011859080754220486,
    -0.008457322604954243,
    -0.011443758383393288,
    0.014453722164034843,
    1.0
  ],
  "action_token_ids": [
    31879,
    31865,
    31920,
    31869,
    31825,
    31869,
    31872
  ],
  "mse_per_dim": [
    1.1573088250468857e-06,
    2.650567216553426e-06,
    0.0002991803309077523,
    0.00011821818675193442,
    0.0012565716717081214,
    0.0001276185342713533,
    1.0
  ],
  "mse_mean": 0.14311505665709726,
  "mse_spatial": 0.0003008994332801269,
  "mse_gripper": 1.0,
  "mse_per_dim_names": [
    "x",
    "y",
    "z",
    "roll",
    "pitch",
    "yaw",
    "gripper"
  ]
}