{
  "episode_id": 23,
  "step_id": 30,
  "instruction": "",
  "condition": "baseline",
  "condition_desc": "no enhancement",
  "predicted_action": [
    -0.0013271585282157647,
    -0.024058589411132494,
    -0.0012805449107990592,
    -0.0014160692656742802,
    0.015296155124902691,
    -0.032302672815089195,
    -0.06274509803921569
  ],
  "ground_truth_action": [
    -0.0108046755194664,
    0.00093390594702214,
    0.0033622041810303926,
    0.015643572434782982,
    0.0007209016475826502,
    0.196808323264122,
    -0.00019906932720914483
  ],
  "action_token_ids": [
    31877,
    31945,
    31904,
    31875,
    31838,
    31891,
    31880
  ],
  "mse_per_dim": [
    8.98233283194445e-05,
    0.000624624824227381,
    2.15551191296832e-05,
    0.00029103137494798035,
    0.00021243801392812996,
    0.05249184852440833,
    0.003912005707643147
  ],
  "mse_mean": 0.008234760984657728,
  "mse_spatial": 0.008955220197493492,
  "mse_gripper": 0.003912005707643147,
  "mse_per_dim_names": [
    "x",
    "y",
    "z",
    "roll",
    "pitch",
    "yaw",
    "gripper"
  ]
}