{
  "episode_id": 26,
  "step_id": 4,
  "instruction": "take out the object from the silver pot and put it on the orange cloth",
  "condition": "baseline",
  "condition_desc": "no enhancement",
  "predicted_action": [
    0.005606742950046744,
    0.017706427437417578,
    0.004955261715633021,
    0.008801438395883376,
    -0.00011073313916434846,
    0.02572205783923459,
    -0.1098039215686275
  ],
  "ground_truth_action": [
    0.0065503534860908985,
    0.031821511685848236,
    0.003774794051423669,
    0.016606202349066734,
    -0.013276048004627228,
    0.04835493490099907,
    1.0
  ],
  "action_token_ids": [
    31846,
    31816,
    31880,
    31859,
    31861,
    31855,
    31886
  ],
  "mse_per_dim": [
    8.904008437335365e-07,
    0.00019923560334029529,
    1.3935039062438829e-06,
    6.0914340364910315e-05,
    0.00017332551550677786,
    0.0005122471240929447,
    1.2316647443291042
  ],
  "mse_mean": 0.17608753583102274,
  "mse_spatial": 0.00015800108134248427,
  "mse_gripper": 1.2316647443291042,
  "mse_per_dim_names": [
    "x",
    "y",
    "z",
    "roll",
    "pitch",
    "yaw",
    "gripper"
  ]
}