{
  "episode_id": 27,
  "step_id": 6,
  "instruction": "sweep into pile",
  "condition": "baseline",
  "condition_desc": "no enhancement",
  "predicted_action": [
    -0.0026692039756214085,
    -0.005928039461374324,
    0.010151767237659755,
    0.014548786455509555,
    0.020655072781969472,
    0.032169250134159416,
    0.0
  ],
  "ground_truth_action": [
    0.002498296555131674,
    0.0019302961882203817,
    -0.0014872743049636483,
    0.003146535251289606,
    0.011433044448494911,
    0.002921243431046605,
    1.0
  ],
  "action_token_ids": [
    31883,
    31889,
    31860,
    31850,
    31830,
    31851,
    31872
  ],
  "mse_per_dim": [
    2.6703061735333386e-05,
    6.175343918169104e-05,
    0.0001354672880309134,
    0.00013001133252413526,
    8.504580658340758e-05,
    0.0008554458961053319,
    1.0
  ],
  "mse_mean": 0.14304206097488012,
  "mse_spatial": 0.00021573780402680208,
  "mse_gripper": 1.0,
  "mse_per_dim_names": [
    "x",
    "y",
    "z",
    "roll",
    "pitch",
    "yaw",
    "gripper"
  ]
}