{
  "episode_id": 24,
  "step_id": 12,
  "instruction": "",
  "condition": "baseline",
  "condition_desc": "no enhancement",
  "predicted_action": [
    -0.00043246156327866186,
    0.0005471569492535924,
    -0.004398448224015101,
    -0.010994982698384559,
    -0.004799786089097785,
    0.0015450867332663376,
    0.996078431372549
  ],
  "ground_truth_action": [
    0.006956990342587233,
    0.004814529325813055,
    0.0016603723634034395,
    0.022035835310816765,
    0.010982015170156956,
    0.06061974912881851,
    0.0029362484347075224
  ],
  "action_token_ids": [
    31873,
    31869,
    31916,
    31890,
    31868,
    31870,
    31744
  ],
  "mse_per_dim": [
    5.46039994691051e-05,
    1.8210467000222757e-05,
    3.670930691052675e-05,
    0.0010910349383569785,
    0.0002490652509866145,
    0.0034898157371484662,
    0.986331395530541
  ],
  "mse_mean": 0.1416101193186304,
  "mse_spatial": 0.0008232399499786524,
  "mse_gripper": 0.986331395530541,
  "mse_per_dim_names": [
    "x",
    "y",
    "z",
    "roll",
    "pitch",
    "yaw",
    "gripper"
  ]
}