{
  "episode_id": 24,
  "step_id": 7,
  "instruction": "",
  "condition": "baseline",
  "condition_desc": "no enhancement",
  "predicted_action": [
    -0.012958219072398025,
    0.020296506001668747,
    0.015348272759686487,
    -0.004609040409911044,
    0.0018988609822357116,
    0.09664117308340811,
    0.5254901960784313
  ],
  "ground_truth_action": [
    0.009161132387816906,
    -0.0023710238747298717,
    -0.019303355365991592,
    -0.03695244342088699,
    0.0036741772200912237,
    0.021320007741451263,
    1.0
  ],
  "action_token_ids": [
    31929,
    31808,
    31840,
    31880,
    31858,
    31811,
    31805
  ],
  "mse_per_dim": [
    0.0004892657090205125,
    0.000513816910697424,
    0.0012007353317602843,
    0.001046095718330408,
    3.151747744393449e-06,
    0.005673277948470401,
    0.2251595540176856
  ],
  "mse_mean": 0.033440842483387,
  "mse_spatial": 0.0014877238943372371,
  "mse_gripper": 0.2251595540176856,
  "mse_per_dim_names": [
    "x",
    "y",
    "z",
    "roll",
    "pitch",
    "yaw",
    "gripper"
  ]
}