{
  "episode_id": 29,
  "step_id": 7,
  "instruction": "",
  "condition": "baseline",
  "condition_desc": "no enhancement",
  "predicted_action": [
    0.02819784131470845,
    -0.031181305462823206,
    0.0062543880961397035,
    0.001776901878562484,
    0.013956425710635989,
    -0.10966898035418757,
    -0.5882352941176471
  ],
  "ground_truth_action": [
    0.004632053431123495,
    0.005158635322004557,
    -0.00586990499868989,
    -0.013979682698845863,
    0.023835372179746628,
    0.005088473204523325,
    1.0
  ],
  "action_token_ids": [
    31744,
    31967,
    31875,
    31870,
    31840,
    31939,
    31947
  ],
  "mse_per_dim": [
    0.0005553463585741196,
    0.001320591296244788,
    0.00014699848304933257,
    0.00024826995754502257,
    9.759358333955355e-05,
    0.013169273147279687,
    2.522491349480969
  ],
  "mse_mean": 0.3625756317581431,
  "mse_spatial": 0.0025896788043387503,
  "mse_gripper": 2.522491349480969,
  "mse_per_dim_names": [
    "x",
    "y",
    "z",
    "roll",
    "pitch",
    "yaw",
    "gripper"
  ]
}