{
  "episode_id": 27,
  "step_id": 19,
  "instruction": "sweep into pile",
  "condition": "baseline",
  "condition_desc": "no enhancement",
  "predicted_action": [
    -0.0013271585282157647,
    -0.04154161971982787,
    -0.0005010690824950523,
    0.011994409540120127,
    0.011276966882102613,
    -0.06937402851090715,
    -0.2431372549019608
  ],
  "ground_truth_action": [
    -0.0015937448479235172,
    -0.033906370401382446,
    -0.010185519233345985,
    -0.0009064368787221611,
    0.020306436344981194,
    -0.020655188709497452,
    0.0
  ],
  "action_token_ids": [
    31877,
    31999,
    31901,
    31854,
    31844,
    31914,
    31903
  ],
  "mse_per_dim": [
    7.106826585532406e-08,
    5.829703215482135e-05,
    9.378857472431666e-05,
    0.00016643183832255588,
    8.153131878105681e-05,
    0.002373525351595422,
    0.059115724721261066
  ],
  "mse_mean": 0.008841338557872157,
  "mse_spatial": 0.000462274197307338,
  "mse_gripper": 0.059115724721261066,
  "mse_per_dim_names": [
    "x",
    "y",
    "z",
    "roll",
    "pitch",
    "yaw",
    "gripper"
  ]
}