{
  "episode_id": 27,
  "step_id": 10,
  "instruction": "sweep into pile",
  "condition": "baseline",
  "condition_desc": "no enhancement",
  "predicted_action": [
    -0.0026692039756214085,
    -0.00042412251234059256,
    -0.005697574604521784,
    -0.0014160692656742802,
    0.01663588453916938,
    0.02894565398669699,
    0.0
  ],
  "ground_truth_action": [
    -0.0006868604104965925,
    0.001076775835826993,
    -0.00014173462113831192,
    -0.0013860058970749378,
    0.006909550167620182,
    -0.007551177404820919,
    0.5665450096130371
  ],
  "action_token_ids": [
    31883,
    31872,
    31921,
    31875,
    31836,
    31853,
    31872
  ],
  "mse_per_dim": [
    3.929686010191765e-06,
    2.252695851532187e-06,
    3.0867357920962455e-05,
    9.038061315399226e-10,
    9.460158030717931e-05,
    0.001332018701620887,
    0.3209732479174363
  ],
  "mse_mean": 0.04606241697756474,
  "mse_spatial": 0.00024394515425281405,
  "mse_gripper": 0.3209732479174363,
  "mse_per_dim_names": [
    "x",
    "y",
    "z",
    "roll",
    "pitch",
    "yaw",
    "gripper"
  ]
}