{
  "episode_id": 26,
  "step_id": 6,
  "instruction": "take out the object from the silver pot and put it on the orange cloth",
  "condition": "baseline",
  "condition_desc": "no enhancement",
  "predicted_action": [
    -0.002221855493152857,
    0.0241816238480455,
    -0.004918098776217777,
    -0.002693257723368994,
    0.011276966882102613,
    0.04667543279774042,
    0.996078431372549
  ],
  "ground_truth_action": [
    0.0006630757125094533,
    0.015251364558935165,
    -0.008139083161950111,
    -0.011350668966770172,
    0.009852224960923195,
    0.027170788496732712,
    1.0
  ],
  "action_token_ids": [
    31881,
    31796,
    31918,
    31877,
    31844,
    31842,
    31744
  ],
  "mse_per_dim": [
    8.322828061404192e-06,
    7.974953097074144e-05,
    1.0374740413131504e-05,
    7.495076943736913e-05,
    2.029889541966018e-06,
    0.0003804311493088324,
    1.5378700499807656e-05
  ],
  "mse_mean": 8.160537260475035e-05,
  "mse_spatial": 9.264315128890745e-05,
  "mse_gripper": 1.5378700499807656e-05,
  "mse_per_dim_names": [
    "x",
    "y",
    "z",
    "roll",
    "pitch",
    "yaw",
    "gripper"
  ]
}