{
  "episode_id": 29,
  "step_id": 17,
  "instruction": "",
  "condition": "baseline",
  "condition_desc": "no enhancement",
  "predicted_action": [
    0.014777386840651986,
    0.027419222053359456,
    0.00417578588732901,
    0.015187380684356905,
    -0.019536809646031453,
    0.07407600005117107,
    0.0
  ],
  "ground_truth_action": [
    0.018028168007731438,
    -0.0008779611089266837,
    -0.019756240770220757,
    -0.028650879859924316,
    0.029352976009249687,
    -0.012508555315434933,
    0.0
  ],
  "action_token_ids": [
    31805,
    31786,
    31883,
    31849,
    31890,
    31825,
    31872
  ],
  "mse_per_dim": [
    1.0567578196238445e-05,
    0.0008007305749199702,
    0.0005727418999376727,
    0.0019217930875482837,
    0.0023902111414193334,
    0.007496885228032861,
    0.0
  ],
  "mse_mean": 0.0018847042157220512,
  "mse_spatial": 0.00219882158500906,
  "mse_gripper": 0.0,
  "mse_per_dim_names": [
    "x",
    "y",
    "z",
    "roll",
    "pitch",
    "yaw",
    "gripper"
  ]
}