{
  "episode_id": 26,
  "step_id": 1,
  "instruction": "take out the object from the silver pot and put it on the orange cloth",
  "condition": "baseline",
  "condition_desc": "no enhancement",
  "predicted_action": [
    0.011869621704606429,
    0.032599379181861794,
    0.010151767237659755,
    0.011355815311272777,
    -0.022216268474564857,
    0.033781048207890685,
    0.996078431372549
  ],
  "ground_truth_action": [
    0.01426507718861103,
    0.011698411777615547,
    0.005421107169240713,
    0.0025756200775504112,
    -0.030749350786209106,
    0.01860055699944496,
    1.0
  ],
  "action_token_ids": [
    31818,
    31770,
    31860,
    31855,
    31894,
    31850,
    31744
  ],
  "mse_per_dim": [
    5.73820697584772e-06,
    0.0004368504384333641,
    2.237914468293446e-05,
    7.709182834228094e-05,
    7.281349373729597e-05,
    0.0002304473133296979,
    1.5378700499807656e-05
  ],
  "mse_mean": 0.00012295701800017552,
  "mse_spatial": 0.00014088673758357018,
  "mse_gripper": 1.5378700499807656e-05,
  "mse_per_dim_names": [
    "x",
    "y",
    "z",
    "roll",
    "pitch",
    "yaw",
    "gripper"
  ]
}