{
  "episode_id": 22,
  "step_id": 5,
  "instruction": "",
  "condition": "baseline",
  "condition_desc": "no enhancement",
  "predicted_action": [
    -0.004011249423027052,
    0.022886584565919917,
    -0.008555652641636487,
    -0.002693257723368994,
    0.013956425710635989,
    0.032169250134159416,
    -0.1333333333333333
  ],
  "ground_truth_action": [
    0.0026893026661127806,
    0.030712150037288666,
    0.0021006264723837376,
    0.015668846666812897,
    0.051292791962623596,
    -0.005783591419458389,
    1.0
  ],
  "action_token_ids": [
    31889,
    31800,
    31932,
    31877,
    31840,
    31851,
    31889
  ],
  "mse_per_dim": [
    4.489739829927618e-05,
    6.123947494667879e-05,
    0.00011355628455590367,
    0.0003371668776359371,
    0.001394004244902559,
    0.0014404181819940183,
    1.2844444444444443
  ],
  "mse_mean": 0.18397653241525408,
  "mse_spatial": 0.0005652137437223955,
  "mse_gripper": 1.2844444444444443,
  "mse_per_dim_names": [
    "x",
    "y",
    "z",
    "roll",
    "pitch",
    "yaw",
    "gripper"
  ]
}