{
  "episode_id": 29,
  "step_id": 23,
  "instruction": "",
  "condition": "baseline",
  "condition_desc": "no enhancement",
  "predicted_action": [
    -0.001998181251918585,
    -0.002690441256060362,
    -0.007776176813332477,
    0.019018946057441033,
    0.014626290417769333,
    0.017663067470578525,
    0.996078431372549
  ],
  "ground_truth_action": [
    0.0005519890110008419,
    -0.001685921335592866,
    0.012606224976480007,
    -0.00347763579338789,
    -0.03361471742391586,
    0.01855197548866272,
    1.0
  ],
  "action_token_ids": [
    31880,
    31879,
    31929,
    31843,
    31839,
    31860,
    31744
  ],
  "mse_per_dim": [
    6.503368369878538e-06,
    1.009060270616025e-06,
    0.00041544230272135116,
    0.0005060961949710453,
    0.0023271948375815327,
    7.901574646143708e-07,
    1.5378700499807656e-05
  ],
  "mse_mean": 0.0004674878031255494,
  "mse_spatial": 0.0005428393202298396,
  "mse_gripper": 1.5378700499807656e-05,
  "mse_per_dim_names": [
    "x",
    "y",
    "z",
    "roll",
    "pitch",
    "yaw",
    "gripper"
  ]
}