{
  "episode_id": 1,
  "step_id": 2,
  "instruction": "put the blue cube on the right side of the table on top of the rectangular block",
  "condition": "var_bgsup_gripex",
  "condition_desc": "VAR(p=0.6,rho=0.5) + bg_sup(g=0.85) + gripex",
  "predicted_action": [
    -0.00311655245808996,
    -0.007223078743499908,
    -0.003878797671812425,
    0.05861178824597689,
    -0.032264239081565095,
    -0.09838639383806906,
    0.3137254901960784
  ],
  "ground_truth_action": [
    -0.006694343872368336,
    -0.011381210759282112,
    -0.01398628018796444,
    -0.040579669177532196,
    0.06429138779640198,
    0.08027472347021103,
    1.0
  ],
  "action_token_ids": [
    31885,
    31893,
    31914,
    31781,
    31909,
    31932,
    31832
  ],
  "mse_per_dim": [
    1.280059140408406e-05,
    1.7290061860672975e-05,
    0.00010216120281431866,
    0.009838945225799816,
    0.009322989081797196,
    0.031919794837843025,
    0.47097270280661285
  ],
  "mse_mean": 0.07459809768687599,
  "mse_spatial": 0.008535663500253185,
  "mse_gripper": 0.47097270280661285,
  "mse_per_dim_names": [
    "x",
    "y",
    "z",
    "roll",
    "pitch",
    "yaw",
    "gripper"
  ],
  "grounding": {
    "nouns": [
      "cube",
      "side",
      "table",
      "top",
      "block"
    ],
    "num_boxes": 5,
    "num_patches": 256,
    "patch_coverage": 1.0
  }
}