{
  "episode_id": 4,
  "step_id": 34,
  "instruction": "",
  "condition": "var_bgsup_gripex",
  "condition_desc": "VAR(p=0.6,rho=0.5) + bg_sup(g=0.85) + gripex",
  "predicted_action": [
    1.4886919189882608e-05,
    0.0031372355135047617,
    0.0036561353351263343,
    -0.002693257723368994,
    -0.01886694493889811,
    0.0063804809544599494,
    0.996078431372549
  ],
  "ground_truth_action": [
    0.005232552997767925,
    -2.8025729989167303e-05,
    -0.009467260912060738,
    0.00678265281021595,
    -0.016559233888983727,
    0.057998549193143845,
    0.9957976937294006
  ],
  "action_token_ids": [
    31871,
    31861,
    31885,
    31877,
    31889,
    31867,
    31744
  ],
  "mse_per_dim": [
    2.722403930754397e-05,
    1.0018878739564734e-05,
    0.0001722235290606837,
    8.97928804405061e-05,
    5.32553028989694e-06,
    0.002664424968693427,
    7.881362428051769e-08
  ],
  "mse_mean": 0.0004241555200222719,
  "mse_spatial": 0.0004948349710886037,
  "mse_gripper": 7.881362428051769e-08,
  "mse_per_dim_names": [
    "x",
    "y",
    "z",
    "roll",
    "pitch",
    "yaw",
    "gripper"
  ],
  "grounding": {
    "nouns": [],
    "num_boxes": 0,
    "num_patches": 0,
    "patch_coverage": 0.0
  }
}