{
  "episode_id": 9,
  "step_id": 1,
  "instruction": "Move the can in the middle bottom of the table",
  "condition": "var_bgsup_gripex",
  "condition_desc": "VAR(p=0.6,rho=0.5) + bg_sup(g=0.85) + gripex",
  "predicted_action": [
    -0.00602431759413552,
    -0.002042921614997577,
    -0.023625518655514016,
    0.05094865749980866,
    -0.0007805978462976926,
    -0.03391447088882041,
    0.3686274509803922
  ],
  "ground_truth_action": [
    -0.004296902567148209,
    -0.011465770192444324,
    -0.00240561761893332,
    -0.0233483724296093,
    0.011460384353995323,
    -0.04749385267496109,
    1.0
  ],
  "action_token_ids": [
    31898,
    31877,
    31990,
    31793,
    31862,
    31892,
    31825
  ],
  "mse_per_dim": [
    2.983962675461573e-06,
    8.87900753134902e-05,
    0.0004502842000022785,
    0.005520048656332828,
    0.00014984164522789044,
    0.0001843996096937693,
    0.3986312956555171
  ],
  "mse_mean": 0.05786109197210897,
  "mse_spatial": 0.0010660580248742864,
  "mse_gripper": 0.3986312956555171,
  "mse_per_dim_names": [
    "x",
    "y",
    "z",
    "roll",
    "pitch",
    "yaw",
    "gripper"
  ],
  "grounding": {
    "nouns": [
      "can",
      "bottom",
      "table"
    ],
    "num_boxes": 1,
    "num_patches": 224,
    "patch_coverage": 0.875
  }
}