{
  "episode_id": 2,
  "step_id": 8,
  "instruction": "put the red object into the pot",
  "condition": "var_bgsup_gripex",
  "condition_desc": "VAR(p=0.6,rho=0.5) + bg_sup(g=0.85) + gripex",
  "predicted_action": [
    0.008067159603623756,
    -0.0033379608971231545,
    -0.004398448224015101,
    -0.0014160692656742802,
    0.003908455103635758,
    0.007992279028191218,
    0.996078431372549
  ],
  "ground_truth_action": [
    0.0034316403325647116,
    0.008727016858756542,
    -0.0007526761037297547,
    0.005935314577072859,
    0.007987673394382,
    0.01276959665119648,
    1.0
  ],
  "action_token_ids": [
    31835,
    31881,
    31916,
    31875,
    31855,
    31866,
    31744
  ],
  "mse_per_dim": [
    2.1488038912359776e-05,
    0.0001455636882498719,
    1.3291654353049908e-05,
    5.4042844403403694e-05,
    1.6640021863558693e-05,
    2.282276367107664e-05,
    1.5378700499807656e-05
  ],
  "mse_mean": 4.131824456473261e-05,
  "mse_spatial": 4.5641501908886765e-05,
  "mse_gripper": 1.5378700499807656e-05,
  "mse_per_dim_names": [
    "x",
    "y",
    "z",
    "roll",
    "pitch",
    "yaw",
    "gripper"
  ],
  "grounding": {
    "nouns": [
      "object",
      "pot"
    ],
    "num_boxes": 3,
    "num_patches": 80,
    "patch_coverage": 0.3125
  }
}