{
  "episode_id": 2,
  "step_id": 35,
  "instruction": "put the red object into the pot",
  "condition": "var_bgsup_gripex",
  "condition_desc": "VAR(p=0.6,rho=0.5) + bg_sup(g=0.85) + gripex",
  "predicted_action": [
    0.0009095838841269785,
    0.0005471569492535924,
    -0.0036189723957110904,
    0.004331278793951912,
    0.009937237467835897,
    -0.0016785094141960888,
    -0.03137254901960784
  ],
  "ground_truth_action": [
    0.0024564715567976236,
    0.0016917112516239285,
    -0.0019198867958039045,
    -0.0037097488529980183,
    0.014625203795731068,
    0.0023478525690734386,
    1.0
  ],
  "action_token_ids": [
    31867,
    31869,
    31913,
    31866,
    31846,
    31872,
    31876
  ],
  "mse_per_dim": [
    2.392861471860405e-06,
    1.3100045510744468e-06,
    2.8868918758119617e-06,
    6.465812561901313e-05,
    2.1977028291478935e-05,
    1.6211590820318123e-05,
    1.0637293348712031
  ],
  "mse_mean": 0.15197696733911895,
  "mse_spatial": 1.823941710492617e-05,
  "mse_gripper": 1.0637293348712031,
  "mse_per_dim_names": [
    "x",
    "y",
    "z",
    "roll",
    "pitch",
    "yaw",
    "gripper"
  ],
  "grounding": {
    "nouns": [
      "object",
      "pot"
    ],
    "num_boxes": 1,
    "num_patches": 24,
    "patch_coverage": 0.09375
  }
}