{
  "episode_id": 2,
  "step_id": 2,
  "instruction": "put the red object into the pot",
  "condition": "var_bgsup_gripex",
  "condition_desc": "VAR(p=0.6,rho=0.5) + bg_sup(g=0.85) + gripex",
  "predicted_action": [
    0.02819784131470845,
    0.007346113180412908,
    -0.020767440618399313,
    0.010717221082425427,
    -0.003460056674831083,
    -0.003290307487927302,
    0.0235294117647058
  ],
  "ground_truth_action": [
    0.027035042643547058,
    -0.004495319444686174,
    -0.0178152397274971,
    0.032021187245845795,
    0.00339176831766963,
    0.03747934475541115,
    1.0
  ],
  "action_token_ids": [
    31744,
    31848,
    31979,
    31856,
    31866,
    31873,
    31869
  ],
  "mse_per_dim": [
    1.3521007496547025e-06,
    0.00014021952661476096,
    8.715490100243812e-06,
    0.00045385897429215993,
    4.6947505727857395e-05,
    0.0016621645440427519,
    0.9534948096885815
  ],
  "mse_mean": 0.13654400969001554,
  "mse_spatial": 0.00038554302358790476,
  "mse_gripper": 0.9534948096885815,
  "mse_per_dim_names": [
    "x",
    "y",
    "z",
    "roll",
    "pitch",
    "yaw",
    "gripper"
  ],
  "grounding": {
    "nouns": [
      "object",
      "pot"
    ],
    "num_boxes": 3,
    "num_patches": 65,
    "patch_coverage": 0.25390625
  }
}