{
  "episode_id": 7,
  "step_id": 14,
  "instruction": "Move the blue fork to the lower right burner",
  "condition": "var_bgsup_gripex",
  "condition_desc": "VAR(p=0.6,rho=0.5) + bg_sup(g=0.85) + gripex",
  "predicted_action": [
    0.00023856116042415831,
    0.0008709167697849851,
    1.8581469707623643e-05,
    0.001776901878562484,
    -0.003460056674831083,
    -0.003290307487927302,
    -0.01568627450980392
  ],
  "ground_truth_action": [
    -0.0006196541944518685,
    -0.0018132273107767105,
    0.0047150664031505585,
    0.0042867581360042095,
    -0.012026662938296795,
    -0.014568034559488297,
    0.0
  ],
  "action_token_ids": [
    31870,
    31868,
    31899,
    31870,
    31866,
    31873,
    31874
  ],
  "mse_per_dim": [
    7.365335953449847e-07,
    7.20462944521439e-06,
    2.2056970730056488e-05,
    6.2993784330193846e-06,
    7.338674287324997e-05,
    0.00012718712790061972,
    0.00024605920799692423
  ],
  "mse_mean": 6.899008442491845e-05,
  "mse_spatial": 3.9478563829584154e-05,
  "mse_gripper": 0.00024605920799692423,
  "mse_per_dim_names": [
    "x",
    "y",
    "z",
    "roll",
    "pitch",
    "yaw",
    "gripper"
  ],
  "grounding": {
    "nouns": [
      "fork",
      "burner"
    ],
    "num_boxes": 3,
    "num_patches": 180,
    "patch_coverage": 0.703125
  }
}