{
  "episode_id": 3,
  "step_id": 5,
  "instruction": "put the rectangle block on top of the red arch and yellow block",
  "condition": "var_bgsup_gripex",
  "condition_desc": "VAR(p=0.6,rho=0.5) + bg_sup(g=0.85) + gripex",
  "predicted_action": [
    0.0026989778140011807,
    -0.003014201076591762,
    0.0026168342307209894,
    0.01391019222666219,
    0.02869344926756967,
    0.012827673249384858,
    0.06274509803921569
  ],
  "ground_truth_action": [
    0.00023296114522963762,
    -0.013009856455028057,
    -0.010848427191376686,
    0.018157755956053734,
    0.04692276567220688,
    -0.00514239352196455,
    1.0
  ],
  "action_token_ids": [
    31859,
    31880,
    31889,
    31851,
    31818,
    31863,
    31864
  ],
  "mse_per_dim": [
    6.081238210659098e-06,
    9.991312644446243e-05,
    0.0001813132651654319,
    1.8041797635242593e-05,
    0.0003323079765803752,
    0.00032292329976675615,
    0.8784467512495194
  ],
  "mse_mean": 0.1256296188504746,
  "mse_spatial": 0.00016009678396715457,
  "mse_gripper": 0.8784467512495194,
  "mse_per_dim_names": [
    "x",
    "y",
    "z",
    "roll",
    "pitch",
    "yaw",
    "gripper"
  ],
  "grounding": {
    "nouns": [
      "block",
      "top"
    ],
    "num_boxes": 4,
    "num_patches": 36,
    "patch_coverage": 0.140625
  }
}