{
  "episode_id": 4,
  "step_id": 36,
  "instruction": "",
  "condition": "var_bgsup_gripex",
  "condition_desc": "VAR(p=0.6,rho=0.5) + bg_sup(g=0.85) + gripex",
  "predicted_action": [
    -0.0006561358045129376,
    0.0021659560519105767,
    0.014308971655281142,
    0.01263300376896749,
    -0.01886694493889811,
    0.01927486554430974,
    0.996078431372549
  ],
  "ground_truth_action": [
    -0.004419475328177214,
    -0.0046297223307192326,
    -0.0053258175030350685,
    -0.0012878993293270469,
    -0.0052519491873681545,
    -0.05572531372308731,
    0.993421733379364
  ],
  "action_token_ids": [
    31874,
    31864,
    31844,
    31853,
    31889,
    31859,
    31744
  ],
  "mse_per_dim": [
    1.416272437037366e-05,
    4.61812446801421e-05,
    0.0003855249452915318,
    0.00019379154307210645,
    0.0001853681093141787,
    0.005625026890141694,
    7.058044226993312e-06
  ],
  "mse_mean": 0.0009224447858710028,
  "mse_spatial": 0.0010750092428116712,
  "mse_gripper": 7.058044226993312e-06,
  "mse_per_dim_names": [
    "x",
    "y",
    "z",
    "roll",
    "pitch",
    "yaw",
    "gripper"
  ],
  "grounding": {
    "nouns": [],
    "num_boxes": 0,
    "num_patches": 0,
    "patch_coverage": 0.0
  }
}