{
  "episode_id": 2,
  "step_id": 0,
  "instruction": "put the red object into the pot",
  "condition": "var_bgsup_gripex",
  "condition_desc": "VAR(p=0.6,rho=0.5) + bg_sup(g=0.85) + gripex",
  "predicted_action": [
    0.009185530809795135,
    0.0015184364108477844,
    -0.01868883840958862,
    0.004969873022799262,
    0.006587913932169148,
    0.0063804809544599494,
    0.996078431372549
  ],
  "ground_truth_action": [
    5.551115123125783e-17,
    0.0,
    0.0,
    3.6396684777173505e-07,
    6.60142305264344e-08,
    1.5839663092265255e-07,
    1.0
  ],
  "action_token_ids": [
    31830,
    31866,
    31971,
    31865,
    31851,
    31867,
    31744
  ],
  "mse_per_dim": [
    8.437397625769464e-05,
    2.305649133788301e-06,
    0.00034927268109971485,
    2.4696020257183872e-05,
    4.339974018988823e-05,
    4.070851594194194e-05,
    1.5378700499807656e-05
  ],
  "mse_mean": 8.001932619714565e-05,
  "mse_spatial": 9.079276381336864e-05,
  "mse_gripper": 1.5378700499807656e-05,
  "mse_per_dim_names": [
    "x",
    "y",
    "z",
    "roll",
    "pitch",
    "yaw",
    "gripper"
  ],
  "grounding": {
    "nouns": [
      "object",
      "pot"
    ],
    "num_boxes": 3,
    "num_patches": 65,
    "patch_coverage": 0.25390625
  }
}