{
  "episode_id": 4,
  "step_id": 48,
  "instruction": "",
  "condition": "var_bgsup_gripex",
  "condition_desc": "VAR(p=0.6,rho=0.5) + bg_sup(g=0.85) + gripex",
  "predicted_action": [
    -0.00378757518179278,
    0.01025995156519547,
    0.026260934355942626,
    0.04520130944018251,
    -0.04968072146703217,
    0.05312262509266527,
    0.996078431372549
  ],
  "ground_truth_action": [
    0.0033537177368998528,
    -0.007388625293970108,
    0.0003432362573221326,
    0.0002505652082618326,
    -0.004149644635617733,
    0.02148285135626793,
    0.9940094947814941
  ],
  "action_token_ids": [
    31888,
    31839,
    31798,
    31802,
    31935,
    31838,
    31744
  ],
  "mse_per_dim": [
    5.099806455056954e-05,
    0.00031147226515387474,
    0.0006717270747312363,
    0.00202056940700355,
    0.0020730789574281644,
    0.001001075282090419,
    4.280498617805841e-06
  ],
  "mse_mean": 0.0008761716499393743,
  "mse_spatial": 0.0010214868418263023,
  "mse_gripper": 4.280498617805841e-06,
  "mse_per_dim_names": [
    "x",
    "y",
    "z",
    "roll",
    "pitch",
    "yaw",
    "gripper"
  ],
  "grounding": {
    "nouns": [],
    "num_boxes": 0,
    "num_patches": 0,
    "patch_coverage": 0.0
  }
}