{
  "vision0_attention": {
    "per_layer": {
      "22": {
        "mean": 0.8076171875,
        "std": 0.05465784631298803,
        "n": 20
      },
      "23": {
        "mean": 0.95859375,
        "std": 0.02636067627937967,
        "n": 20
      },
      "24": {
        "mean": 0.9451171875,
        "std": 0.033363011182096836,
        "n": 20
      },
      "25": {
        "mean": 0.9455078125,
        "std": 0.027104843596426058,
        "n": 20
      },
      "26": {
        "mean": 0.9490234375,
        "std": 0.02834320195687087,
        "n": 20
      },
      "27": {
        "mean": 0.9169921875,
        "std": 0.03672446348500845,
        "n": 20
      },
      "28": {
        "mean": 0.83515625,
        "std": 0.04554761202233878,
        "n": 20
      },
      "29": {
        "mean": 0.872265625,
        "std": 0.019496062052293407,
        "n": 20
      },
      "30": {
        "mean": 0.9201171875,
        "std": 0.014430673017238965,
        "n": 20
      },
      "31": {
        "mean": 0.38447265625,
        "std": 0.04858641345215301,
        "n": 20
      }
    },
    "overall_mean": 0.853486328125
  },
  "contribution": {
    "per_layer": {
      "22": {
        "top1_share_mean": 0.9781905353069306,
        "top1_share_std": 0.01407599748953857,
        "entropy_mean": 0.09533906169235706,
        "entropy_std": 0.041413237675537604,
        "n": 20
      },
      "23": {
        "top1_share_mean": 0.995182090997696,
        "top1_share_std": 0.004201116298444922,
        "entropy_mean": 0.03194362755166367,
        "entropy_std": 0.023988227515045306,
        "n": 20
      },
      "24": {
        "top1_share_mean": 0.9903918534517289,
        "top1_share_std": 0.007514573879185255,
        "entropy_mean": 0.043590655620209875,
        "entropy_std": 0.02855610985615036,
        "n": 20
      },
      "25": {
        "top1_share_mean": 0.9908457458019256,
        "top1_share_std": 0.007912868658589624,
        "entropy_mean": 0.049832652881741525,
        "entropy_std": 0.02949134307431813,
        "n": 20
      },
      "26": {
        "top1_share_mean": 0.9870549827814102,
        "top1_share_std": 0.012963058129147128,
        "entropy_mean": 0.06209740804042667,
        "entropy_std": 0.04854367404644027,
        "n": 20
      },
      "27": {
        "top1_share_mean": 0.9925113618373871,
        "top1_share_std": 0.0033055228867367595,
        "entropy_mean": 0.052086946181952955,
        "entropy_std": 0.022664277856721045,
        "n": 20
      },
      "28": {
        "top1_share_mean": 0.9725182205438614,
        "top1_share_std": 0.009942578613086495,
        "entropy_mean": 0.1456594018265605,
        "entropy_std": 0.04576864875779444,
        "n": 20
      },
      "29": {
        "top1_share_mean": 0.9703953623771667,
        "top1_share_std": 0.010781813137727742,
        "entropy_mean": 0.1430865501984954,
        "entropy_std": 0.04272442880535962,
        "n": 20
      },
      "30": {
        "top1_share_mean": 0.9690037101507187,
        "top1_share_std": 0.006967279628144502,
        "entropy_mean": 0.09987054131925106,
        "entropy_std": 0.022596407317063198,
        "n": 20
      },
      "31": {
        "top1_share_mean": 0.7343183755874634,
        "top1_share_std": 0.04258041905910564,
        "entropy_mean": 0.9505392909049988,
        "entropy_std": 0.12490825932771958,
        "n": 20
      }
    },
    "overall_top1_share": 0.9580412238836289,
    "overall_entropy": 0.16740461362176576
  },
  "taxonomy": {
    "taxonomy": "bottleneck",
    "vision0_attn_share": 0.8535,
    "top1_contribution_share": 0.958,
    "contribution_entropy": 0.1674
  }
}