{
  "vision0_attention": {
    "per_layer": {
      "22": {
        "mean": 0.86015625,
        "std": 0.019319160966997248,
        "n": 20
      },
      "23": {
        "mean": 0.9384765625,
        "std": 0.009716674190494335,
        "n": 20
      },
      "24": {
        "mean": 0.843359375,
        "std": 0.022673081032705395,
        "n": 20
      },
      "25": {
        "mean": 0.873046875,
        "std": 0.015649395018757915,
        "n": 20
      },
      "26": {
        "mean": 0.8982421875,
        "std": 0.02367957666585741,
        "n": 20
      },
      "27": {
        "mean": 0.944140625,
        "std": 0.014673156227338242,
        "n": 20
      },
      "28": {
        "mean": 0.788671875,
        "std": 0.04293144687591341,
        "n": 20
      },
      "29": {
        "mean": 0.8482421875,
        "std": 0.027323513717226577,
        "n": 20
      },
      "30": {
        "mean": 0.934765625,
        "std": 0.009415602182182773,
        "n": 20
      },
      "31": {
        "mean": 0.681640625,
        "std": 0.0666299082825001,
        "n": 20
      }
    },
    "overall_mean": 0.86107421875
  },
  "contribution": {
    "per_layer": {
      "22": {
        "top1_share_mean": 0.9910032421350479,
        "top1_share_std": 0.0025830035132754924,
        "entropy_mean": 0.05758901163935661,
        "entropy_std": 0.011986785622979508,
        "n": 20
      },
      "23": {
        "top1_share_mean": 0.9917563796043396,
        "top1_share_std": 0.0017744354653851163,
        "entropy_mean": 0.05652152113616467,
        "entropy_std": 0.011067621584676517,
        "n": 20
      },
      "24": {
        "top1_share_mean": 0.9615020006895065,
        "top1_share_std": 0.0068948536399140075,
        "entropy_mean": 0.17208634316921234,
        "entropy_std": 0.02870187692430399,
        "n": 20
      },
      "25": {
        "top1_share_mean": 0.9634869575500489,
        "top1_share_std": 0.011429477746896547,
        "entropy_mean": 0.1690940149128437,
        "entropy_std": 0.034496811851224905,
        "n": 20
      },
      "26": {
        "top1_share_mean": 0.9634476482868195,
        "top1_share_std": 0.012295475856925229,
        "entropy_mean": 0.158117226138711,
        "entropy_std": 0.04690258052404812,
        "n": 20
      },
      "27": {
        "top1_share_mean": 0.9942491084337235,
        "top1_share_std": 0.002702048436305924,
        "entropy_mean": 0.03624246595427394,
        "entropy_std": 0.01019698623617141,
        "n": 20
      },
      "28": {
        "top1_share_mean": 0.948707789182663,
        "top1_share_std": 0.01651196818104199,
        "entropy_mean": 0.2200699768960476,
        "entropy_std": 0.06283629117213327,
        "n": 20
      },
      "29": {
        "top1_share_mean": 0.967438691854477,
        "top1_share_std": 0.010530424731417073,
        "entropy_mean": 0.14891042672097682,
        "entropy_std": 0.041474995806270565,
        "n": 20
      },
      "30": {
        "top1_share_mean": 0.9824573367834091,
        "top1_share_std": 0.006169370857631327,
        "entropy_mean": 0.08225197568535805,
        "entropy_std": 0.02033340941904018,
        "n": 20
      },
      "31": {
        "top1_share_mean": 0.952935454249382,
        "top1_share_std": 0.017952190040530256,
        "entropy_mean": 0.19294953681528568,
        "entropy_std": 0.06526746709665052,
        "n": 20
      }
    },
    "overall_top1_share": 0.9716984608769416,
    "overall_entropy": 0.12938324990682304
  },
  "taxonomy": {
    "taxonomy": "bottleneck",
    "vision0_attn_share": 0.8611,
    "top1_contribution_share": 0.9717,
    "contribution_entropy": 0.1294
  }
}