{
  "episode_id": 7,
  "step_id": 11,
  "instruction": "Move the blue fork to the lower right burner",
  "condition": "var_conservative",
  "condition_desc": "VAR(p=0.3,rho=0.5)",
  "predicted_action": [
    -0.006695340317838347,
    0.006698593539350123,
    -0.0072565262611298045,
    -0.0033318519522163442,
    0.01060710217496924,
    0.0015450867332663376,
    0.1725490196078432
  ],
  "ground_truth_action": [
    -0.0005864121485501528,
    -0.0035221525467932224,
    -0.014645865187048912,
    0.00484503572806716,
    0.048862017691135406,
    -0.00484839640557766,
    1.0
  ],
  "action_token_ids": [
    31901,
    31850,
    31927,
    31878,
    31845,
    31870,
    31850
  ],
  "mse_per_dim": [
    3.731900337752281e-05,
    0.0001044636505574145,
    5.460232976210335e-05,
    6.686149213597215e-05,
    0.0014634385611490108,
    4.087662664668249e-05,
    0.6846751249519415
  ],
  "mse_mean": 0.09806324094508145,
  "mse_spatial": 0.00029459361060478435,
  "mse_gripper": 0.6846751249519415,
  "mse_per_dim_names": [
    "x",
    "y",
    "z",
    "roll",
    "pitch",
    "yaw",
    "gripper"
  ],
  "grounding": {
    "nouns": [
      "fork",
      "burner"
    ],
    "num_boxes": 2,
    "num_patches": 180,
    "patch_coverage": 0.703125
  }
}