{
  "episode_id": 4,
  "step_id": 48,
  "instruction": "",
  "condition": "var_conservative",
  "condition_desc": "VAR(p=0.3,rho=0.5)",
  "predicted_action": [
    -0.00378757518179278,
    0.01025995156519547,
    0.016387573864091832,
    0.04328552675364043,
    0.028023584560436313,
    -0.03391447088882041,
    -0.04705882352941182
  ],
  "ground_truth_action": [
    0.0033537177368998528,
    -0.007388625293970108,
    0.0003432362573221326,
    0.0002505652082618326,
    -0.004149644635617733,
    0.02148285135626793,
    0.9940094947814941
  ],
  "action_token_ids": [
    31888,
    31839,
    31836,
    31805,
    31819,
    31892,
    31878
  ],
  "mse_per_dim": [
    5.099806455056954e-05,
    0.00031147226515387474,
    0.00025742076924000444,
    0.001852007915212215,
    0.0010351166769018245,
    0.003068863311926159,
    1.0838232433906978
  ],
  "mse_mean": 0.1557713031990975,
  "mse_spatial": 0.0010959798338307746,
  "mse_gripper": 1.0838232433906978,
  "mse_per_dim_names": [
    "x",
    "y",
    "z",
    "roll",
    "pitch",
    "yaw",
    "gripper"
  ],
  "grounding": {
    "nouns": [],
    "num_boxes": 0,
    "num_patches": 0,
    "patch_coverage": 0.0
  }
}