{
  "episode_id": 6,
  "step_id": 29,
  "instruction": "Picked the piece of chocolate and put it into the drawer",
  "condition": "var_conservative",
  "condition_desc": "VAR(p=0.3,rho=0.5)",
  "predicted_action": [
    0.017461477735463287,
    0.01835394707848037,
    -0.0015403701869003972,
    -0.0014160692656742802,
    0.017305749246302723,
    0.049899028945202845,
    0.1333333333333333
  ],
  "ground_truth_action": [
    0.011906645260751247,
    0.022952871397137642,
    -0.009911574423313141,
    0.008548486046493053,
    0.018149780109524727,
    0.05193522199988365,
    0.0
  ],
  "action_token_ids": [
    31793,
    31814,
    31905,
    31875,
    31835,
    31840,
    31855
  ],
  "mse_per_dim": [
    3.0856163822115484e-05,
    2.1150104888737248e-05,
    7.007706036773467e-05,
    9.929236256924223e-05,
    7.123880980712802e-07,
    4.146082155930356e-06,
    0.01777777777777777
  ],
  "mse_mean": 0.0025720017056685145,
  "mse_spatial": 3.77056936503052e-05,
  "mse_gripper": 0.01777777777777777,
  "mse_per_dim_names": [
    "x",
    "y",
    "z",
    "roll",
    "pitch",
    "yaw",
    "gripper"
  ],
  "grounding": {
    "nouns": [
      "piece",
      "chocolate",
      "it",
      "drawer"
    ],
    "num_boxes": 0,
    "num_patches": 0,
    "patch_coverage": 0.0
  }
}