{
  "episode_id": 4,
  "step_id": 25,
  "instruction": "",
  "condition": "var_conservative",
  "condition_desc": "VAR(p=0.3,rho=0.5)",
  "predicted_action": [
    0.012093295945840698,
    -0.0013954019739347845,
    0.004695436439531686,
    0.037538178694014254,
    -0.034273833202965134,
    -0.012961095930314609,
    0.0
  ],
  "ground_truth_action": [
    -0.000535125844180584,
    -0.0010643465211614966,
    -0.0230433139950037,
    0.022328834980726242,
    -0.0056099360808730125,
    0.15331770479679108,
    0.0006344927242025733
  ],
  "action_token_ids": [
    31817,
    31875,
    31881,
    31814,
    31912,
    31879,
    31872
  ],
  "mse_per_dim": [
    0.00015947703690668432,
    1.0959771281092662e-07,
    0.000769438275669437,
    0.00023132413618893357,
    0.0008216189982258811,
    0.027648639571244523,
    4.0258101706600275e-07
  ],
  "mse_mean": 0.004233001456709334,
  "mse_spatial": 0.004938434602658045,
  "mse_gripper": 4.0258101706600275e-07,
  "mse_per_dim_names": [
    "x",
    "y",
    "z",
    "roll",
    "pitch",
    "yaw",
    "gripper"
  ],
  "grounding": {
    "nouns": [],
    "num_boxes": 0,
    "num_patches": 0,
    "patch_coverage": 0.0
  }
}