{
  "episode_id": 3,
  "step_id": 19,
  "instruction": "put the rectangle block on top of the red arch and yellow block",
  "condition": "var_conservative",
  "condition_desc": "VAR(p=0.3,rho=0.5)",
  "predicted_action": [
    0.0011332581253612577,
    0.002813475692973362,
    0.000798057298011634,
    0.001776901878562484,
    -0.004129921381964441,
    0.012827673249384858,
    0.07058823529411762
  ],
  "ground_truth_action": [
    0.006672902964055538,
    0.03057280369102955,
    0.014929651282727718,
    -0.036701276898384094,
    -0.03780693933367729,
    0.25438278913497925,
    0.0
  ],
  "action_token_ids": [
    31866,
    31862,
    31896,
    31870,
    31867,
    31863,
    31863
  ],
  "mse_per_dim": [
    3.068766493887218e-05,
    0.000770580290903666,
    0.00019970194854886382,
    0.0014805702419906622,
    0.0011341415381199897,
    0.058348874010502934,
    0.0049826989619377125
  ],
  "mse_mean": 0.009563893522420387,
  "mse_spatial": 0.010327425949167498,
  "mse_gripper": 0.0049826989619377125,
  "mse_per_dim_names": [
    "x",
    "y",
    "z",
    "roll",
    "pitch",
    "yaw",
    "gripper"
  ],
  "grounding": {
    "nouns": [
      "block",
      "top"
    ],
    "num_boxes": 3,
    "num_patches": 22,
    "patch_coverage": 0.0859375
  }
}