{
  "episode_id": 4,
  "step_id": 23,
  "instruction": "",
  "condition": "var_conservative",
  "condition_desc": "VAR(p=0.3,rho=0.5)",
  "predicted_action": [
    0.009632879292263686,
    0.01803018725794897,
    -0.008295827365535153,
    0.025404888345914547,
    -0.014847756696098016,
    -0.004902105561658515,
    0.0
  ],
  "ground_truth_action": [
    -0.011206695809960365,
    0.0028737166430801153,
    -0.02870151586830616,
    0.022203346714377403,
    0.01356277335435152,
    0.1058080792427063,
    -0.0006320362444967031
  ],
  "action_token_ids": [
    31828,
    31815,
    31931,
    31833,
    31883,
    31874,
    31872
  ],
  "mse_per_dim": [
    0.0004342878904412366,
    0.0002297186014993831,
    0.0004163921232721209,
    1.024986881846552e-05,
    0.0008071582177474961,
    0.01225674501941661,
    3.994698143574963e-07
  ],
  "mse_mean": 0.002022135884429953,
  "mse_spatial": 0.002359091953532552,
  "mse_gripper": 3.994698143574963e-07,
  "mse_per_dim_names": [
    "x",
    "y",
    "z",
    "roll",
    "pitch",
    "yaw",
    "gripper"
  ],
  "grounding": {
    "nouns": [],
    "num_boxes": 0,
    "num_patches": 0,
    "patch_coverage": 0.0
  }
}