{
  "episode_id": 5,
  "step_id": 14,
  "instruction": "take broccoli out of pan",
  "condition": "var_conservative",
  "condition_desc": "VAR(p=0.3,rho=0.5)",
  "predicted_action": [
    -0.00043246156327866186,
    -0.00010036269180919988,
    0.0002784067458089616,
    0.0036926845651045342,
    0.0012289962751023675,
    0.0063804809544599494,
    0.0
  ],
  "ground_truth_action": [
    -0.001445815316401422,
    -0.0013344865292310715,
    -0.0015056408010423183,
    0.0029376856982707977,
    0.0014848409919068217,
    0.015542197972536087,
    0.0
  ],
  "action_token_ids": [
    31873,
    31871,
    31898,
    31867,
    31859,
    31867,
    31872
  ],
  "mse_per_dim": [
    1.0268858289679839e-06,
    1.5230616460928861e-06,
    3.18282564942607e-06,
    5.700232889202262e-07,
    6.545651911675137e-08,
    8.393705871930591e-05,
    0.0
  ],
  "mse_mean": 1.290075880740426e-05,
  "mse_spatial": 1.5050885275304972e-05,
  "mse_gripper": 0.0,
  "mse_per_dim_names": [
    "x",
    "y",
    "z",
    "roll",
    "pitch",
    "yaw",
    "gripper"
  ],
  "grounding": {
    "nouns": [
      "broccoli",
      "pan"
    ],
    "num_boxes": 2,
    "num_patches": 15,
    "patch_coverage": 0.05859375
  }
}