{
  "episode_id": 4,
  "step_id": 2,
  "instruction": "",
  "condition": "var_conservative",
  "condition_desc": "VAR(p=0.3,rho=0.5)",
  "predicted_action": [
    -0.0008798100457472133,
    -0.014345794795190617,
    -0.005697574604521784,
    0.04903287481326661,
    0.014626290417769333,
    0.07891139427236468,
    -0.2588235294117647
  ],
  "ground_truth_action": [
    -0.0009135314030572772,
    0.008294888772070408,
    -0.022448280826210976,
    0.015776176005601883,
    -0.038110505789518356,
    -0.3073672354221344,
    1.0
  ],
  "action_token_ids": [
    31875,
    31915,
    31921,
    31796,
    31839,
    31822,
    31905
  ],
  "mse_per_dim": [
    1.1371299388330017e-09,
    0.0005126005523928434,
    0.000280586158925337,
    0.0011060080155837284,
    0.0027811696742089933,
    0.14921117975865997,
    1.584636678200692
  ],
  "mse_mean": 0.2483611747853704,
  "mse_spatial": 0.0256485908828168,
  "mse_gripper": 1.584636678200692,
  "mse_per_dim_names": [
    "x",
    "y",
    "z",
    "roll",
    "pitch",
    "yaw",
    "gripper"
  ],
  "grounding": {
    "nouns": [],
    "num_boxes": 0,
    "num_patches": 0,
    "patch_coverage": 0.0
  }
}