{
  "episode_id": 3,
  "step_id": 47,
  "instruction": "put the rectangle block on top of the red arch and yellow block",
  "condition": "var_conservative",
  "condition_desc": "VAR(p=0.3,rho=0.5)",
  "predicted_action": [
    0.0011332581253612577,
    -0.005280519820311531,
    -0.01842901313348728,
    -0.023128273046484286,
    0.030033178681836373,
    -0.012961095930314609,
    -0.1333333333333333
  ],
  "ground_truth_action": [
    -0.0017996757524088025,
    0.0009471753146499395,
    -0.006344854366034269,
    -0.046633824706077576,
    0.013783560134470463,
    0.014711728319525719,
    1.0
  ],
  "action_token_ids": [
    31866,
    31887,
    31970,
    31909,
    31816,
    31879,
    31889
  ],
  "mse_per_dim": [
    8.602101131371322e-06,
    3.8784186694022777e-05,
    0.0001460268931170115,
    0.0005525109588218088,
    0.0002640501029348982,
    0.0007657852019625509,
    1.2844444444444443
  ],
  "mse_mean": 0.18374574341272942,
  "mse_spatial": 0.0002959599074436106,
  "mse_gripper": 1.2844444444444443,
  "mse_per_dim_names": [
    "x",
    "y",
    "z",
    "roll",
    "pitch",
    "yaw",
    "gripper"
  ],
  "grounding": {
    "nouns": [
      "block",
      "top"
    ],
    "num_boxes": 4,
    "num_patches": 210,
    "patch_coverage": 0.8203125
  }
}