{
  "model": "paligemma-3b",
  "test1_cls_vs_patch": {
    "num_vision_tokens": 256,
    "grid_size": 16,
    "expected_patches": 256,
    "vision_encoder": "siglip-so400m",
    "has_cls": false,
    "verdict": "NO CLS — token 0 is a real spatial patch (top-left)"
  },
  "test2_shift": {
    "shifts": [
      {
        "shift": "original",
        "dx": 0,
        "dy": 0,
        "avg_contribution_pct": 0.3824588035058696,
        "onset_layer": null,
        "per_layer": {
          "0": 0.7610587868839502,
          "1": 0.5618985742330551,
          "2": 0.3226496744900942,
          "3": 0.21184564102441072,
          "4": 0.16863266937434673,
          "5": 0.17283185152336955,
          "6": 0.6587322801351547,
          "7": 0.23833669256418943,
          "8": 0.532659376040101,
          "9": 0.595800532028079,
          "10": 0.17695017158985138,
          "11": 0.17712069675326347,
          "12": 0.5247259978204966,
          "13": 0.7753237616270781,
          "14": 0.28710358310490847,
          "15": 0.5100540351122618,
          "16": 0.4967938642948866,
          "17": 0.2697800286114216
        }
      },
      {
        "shift": "right_50px",
        "dx": 50,
        "dy": 0,
        "avg_contribution_pct": 1.3969128209282644,
        "onset_layer": null,
        "per_layer": {
          "0": 8.282182365655899,
          "1": 2.4733318015933037,
          "2": 3.035649284720421,
          "3": 2.7997834607958794,
          "4": 0.8784269914031029,
          "5": 1.8187353387475014,
          "6": 1.8783260136842728,
          "7": 0.7954820990562439,
          "8": 0.9634647518396378,
          "9": 0.6564508192241192,
          "10": 0.31193310860544443,
          "11": 0.24049701169133186,
          "12": 0.3995221573859453,
          "13": 0.28043058700859547,
          "14": 0.37575974129140377,
          "15": 1.0194827802479267,
          "16": 0.6466580089181662,
          "17": 6.250002980232239
        }
      },
      {
        "shift": "down_50px",
        "dx": 0,
        "dy": 50,
        "avg_contribution_pct": 0.41432327052461915,
        "onset_layer": null,
        "per_layer": {
          "0": 2.5825675576925278,
          "1": 1.7252162098884583,
          "2": 1.2010496109724045,
          "3": 1.0735801421105862,
          "4": 0.781385600566864,
          "5": 0.8454191498458385,
          "6": 0.49372115172445774,
          "7": 0.22133097518235445,
          "8": 0.43774410150945187,
          "9": 0.1871874905191362,
          "10": 0.14531968627125025,
          "11": 0.08404410327784717,
          "12": 0.05510349874384701,
          "13": 0.09136432781815529,
          "14": 0.10370456147938967,
          "15": 0.06966209039092064,
          "16": 0.30868255998939276,
          "17": 0.5298732779920101
        }
      },
      {
        "shift": "right50_down50",
        "dx": 50,
        "dy": 50,
        "avg_contribution_pct": 0.5602615914540365,
        "onset_layer": null,
        "per_layer": {
          "0": 2.978169173002243,
          "1": 1.4837875962257385,
          "2": 1.1915640905499458,
          "3": 0.9299772791564465,
          "4": 0.4691210575401783,
          "5": 0.72253393009305,
          "6": 0.6706447806209326,
          "7": 0.38311826065182686,
          "8": 0.6131010595709085,
          "9": 0.41062571108341217,
          "10": 0.3448279108852148,
          "11": 0.15562069602310658,
          "12": 0.2416521543636918,
          "13": 0.3588572610169649,
          "14": 0.3040164476260543,
          "15": 0.7386210840195417,
          "16": 0.3795888740569353,
          "17": 1.0503148660063744
        }
      },
      {
        "shift": "left50_up50",
        "dx": -50,
        "dy": -50,
        "avg_contribution_pct": 0.12604842104337877,
        "onset_layer": null,
        "per_layer": {
          "0": 0.013498179032467306,
          "1": 0.15364582650363445,
          "2": 0.08332275319844484,
          "3": 0.0911857234314084,
          "4": 0.11291175615042448,
          "5": 0.1814338145777583,
          "6": 0.27477063704282045,
          "7": 0.2151238266378641,
          "8": 0.19983486272394657,
          "9": 0.12843951117247343,
          "10": 0.29389208648353815,
          "11": 0.10043609654530883,
          "12": 0.06954590789973736,
          "13": 0.04970083246007562,
          "14": 0.039923659642226994,
          "15": 0.052951171528548,
          "16": 0.07945715333335102,
          "17": 0.04384494386613369
        }
      }
    ],
    "verdict": "POSITION-DEPENDENT: Shift significantly reduces token 0 dominance → spatial content dependency"
  },
  "test3_ablation": {
    "samples": [
      {
        "sample_idx": 0,
        "instruction": "close oven",
        "action_normal": 1175,
        "action_ablated_t0": 610,
        "action_ablated_rand": 33045,
        "action_changed_t0": true,
        "action_changed_rand": true,
        "kl_div_token0": 7.448098659515381,
        "kl_div_random": 5.203924179077148,
        "l1_logits_token0": 4.059745788574219,
        "l1_logits_random": 5.222355365753174,
        "kl_ratio": 1.4312465725670398
      },
      {
        "sample_idx": 1,
        "instruction": "remove the silver lid and put it to the left side of the tab",
        "action_normal": 1175,
        "action_ablated_t0": 226804,
        "action_ablated_rand": 1175,
        "action_changed_t0": true,
        "action_changed_rand": false,
        "kl_div_token0": 8.028602600097656,
        "kl_div_random": 0.31192106008529663,
        "l1_logits_token0": 3.227680206298828,
        "l1_logits_random": 1.3729389905929565,
        "kl_ratio": 25.739212159993514
      },
      {
        "sample_idx": 2,
        "instruction": "move a yellow object from middle of the table to edge of the",
        "action_normal": 28040,
        "action_ablated_t0": 1461,
        "action_ablated_rand": 1785,
        "action_changed_t0": true,
        "action_changed_rand": true,
        "kl_div_token0": 10.157724380493164,
        "kl_div_random": 6.676037311553955,
        "l1_logits_token0": 11.578550338745117,
        "l1_logits_random": 3.399578094482422,
        "kl_ratio": 1.5215200112345673
      }
    ],
    "summary": {
      "avg_kl_token0": 8.544808546702066,
      "avg_kl_random": 4.0639608502388,
      "avg_kl_ratio": 9.563992914598375,
      "n_action_changed_t0": 3,
      "n_action_changed_rand": 2
    },
    "verdict": "SIGNIFICANT BOTTLENECK: Token 0 carries notably more info → concerning dependency"
  },
  "overall_verdict": "INCONCLUSIVE: Need more data to determine bottleneck nature."
}