{
  "predicted_action": [
    0.0038173490201725453,
    0.02871426133548504,
    0.001837358402416979,
    -0.06399830369271488,
    -0.018197080231764765,
    0.09664117308340811,
    0.996078431372549
  ],
  "ground_truth_action": [
    -0.0010722758015617728,
    0.02076752483844757,
    -0.0034850123338401318,
    -0.03542197495698929,
    -0.001898503745906055,
    0.10014036297798157,
    0.0
  ],
  "action_token_ids": [
    31854,
    31782,
    31892,
    31973,
    31888,
    31811,
    31745
  ],
  "mse_per_dim": [
    2.3908430897320363e-05,
    6.315062095334735e-05,
    2.8327630254166058e-05,
    0.0008166065640122561,
    0.00026564359546538645,
    1.2244329918285e-05,
    0.9921722414455979
  ],
  "mse_mean": 0.14191173180244268,
  "mse_per_dim_names": [
    "x",
    "y",
    "z",
    "roll",
    "pitch",
    "yaw",
    "gripper"
  ],
  "grounding": {
    "nouns": [
      "block",
      "top"
    ],
    "num_boxes": 5,
    "num_patches": 210,
    "patch_indices": [
      33,
      34,
      35,
      36,
      37,
      38,
      39,
      40,
      41,
      42,
      43,
      44,
      45,
      46,
      47,
      49,
      50,
      51,
      52,
      53
    ]
  },
  "episode_id": 3,
  "step_id": 21,
  "instruction": "put the rectangle block on top of the red arch and yellow block",
  "method": "head_steering"
}