{
  "predicted_action": [
    -0.006695340317838347,
    0.008317392642007093,
    -0.00024124380639371432,
    0.0816011804844816,
    -0.005469650796231129,
    0.0901939807884832,
    -0.12549019607843137
  ],
  "ground_truth_action": [
    0.0,
    0.0,
    0.0,
    0.0,
    0.0,
    0.0,
    1.0
  ],
  "action_token_ids": [
    31901,
    31845,
    31900,
    31744,
    31869,
    31815,
    31888
  ],
  "mse_per_dim": [
    4.4827581971671696e-05,
    6.917902036131373e-05,
    5.819857412332792e-08,
    0.006658752656460942,
    2.9917079832711824e-05,
    0.008134954170473278,
    1.266728181468666
  ],
  "mse_mean": 0.18309512431090572,
  "mse_per_dim_names": [
    "x",
    "y",
    "z",
    "roll",
    "pitch",
    "yaw",
    "gripper"
  ],
  "grounding": {
    "nouns": [
      "fork",
      "burner"
    ],
    "num_boxes": 3,
    "num_patches": 180,
    "patch_indices": [
      65,
      66,
      67,
      68,
      69,
      70,
      71,
      72,
      73,
      74,
      75,
      76,
      77,
      78,
      79,
      81,
      82,
      83,
      84,
      85
    ]
  },
  "episode_id": 7,
  "step_id": 30,
  "instruction": "Move the blue fork to the lower right burner",
  "method": "head_steering"
}