{
  "predicted_action": [
    -0.010050453936352462,
    0.01803018725794897,
    0.01924565190120654,
    0.029236453718998676,
    -0.00814910962476452,
    -0.003290307487927302,
    -0.007843137254901933
  ],
  "ground_truth_action": [
    -0.024086860939860344,
    0.028442783281207085,
    -0.01177246030420065,
    0.04940025135874748,
    0.032628946006298065,
    0.017396816983819008,
    0.0
  ],
  "action_token_ids": [
    31916,
    31815,
    31825,
    31827,
    31873,
    31873,
    31873
  ],
  "mse_per_dim": [
    0.00019702072156812514,
    0.00010842215594357069,
    0.0009621232847872304,
    0.00040657873525673955,
    0.001662849821050035,
    0.00042795711890952504,
    6.151480199923062e-05
  ],
  "mse_mean": 0.0005466380913592081,
  "mse_per_dim_names": [
    "x",
    "y",
    "z",
    "roll",
    "pitch",
    "yaw",
    "gripper"
  ],
  "grounding": {
    "nouns": [
      "broccoli",
      "pan"
    ],
    "num_boxes": 4,
    "num_patches": 35,
    "patch_indices": [
      49,
      50,
      65,
      66,
      84,
      85,
      86,
      100,
      101,
      102,
      108,
      109,
      116,
      117,
      118,
      123,
      124,
      125,
      126,
      127
    ]
  },
  "episode_id": 5,
  "step_id": 19,
  "instruction": "take broccoli out of pan",
  "method": "head_steering"
}