{
  "predicted_action": [
    -0.00311655245808996,
    -0.01013691712828247,
    -0.012972682335359214,
    0.005608467251646612,
    -0.002120327260564381,
    0.004768682880728764,
    0.996078431372549
  ],
  "ground_truth_action": [
    1.2196751413284801e-05,
    -0.012992768548429012,
    0.0005445501883514225,
    -0.013533622026443481,
    -0.0062782797031104565,
    -0.0138913718983531,
    1.0
  ],
  "action_token_ids": [
    31885,
    31902,
    31949,
    31864,
    31864,
    31868,
    31744
  ],
  "mse_per_dim": [
    9.789071615967179e-06,
    8.155887333953021e-06,
    0.0001827155751000606,
    0.0003664195819303717,
    1.7288568514474878e-05,
    0.0003481976443583359,
    1.5378700499807656e-05
  ],
  "mse_mean": 0.00013542071847899586,
  "mse_per_dim_names": [
    "x",
    "y",
    "z",
    "roll",
    "pitch",
    "yaw",
    "gripper"
  ],
  "grounding": {
    "nouns": [
      "cube",
      "side",
      "table",
      "top",
      "block"
    ],
    "num_boxes": 2,
    "num_patches": 256,
    "patch_indices": [
      0,
      1,
      2,
      3,
      4,
      5,
      6,
      7,
      8,
      9,
      10,
      11,
      12,
      13,
      14,
      15,
      16,
      17,
      18,
      19
    ]
  },
  "episode_id": 1,
  "step_id": 6,
  "instruction": "put the blue cube on the right side of the table on top of the rectangular block",
  "method": "head_steering"
}