{
  "predicted_action": [
    0.0009095838841269785,
    0.016411388155291994,
    0.016387573864091832,
    0.008162844167036026,
    -0.026905321424498307,
    0.02894565398669699,
    0.2431372549019608
  ],
  "ground_truth_action": [
    -0.005438646301627159,
    0.016970425844192505,
    0.021094894036650658,
    -0.0046928259544074535,
    0.009403903968632221,
    0.04392269626259804,
    1.0
  ],
  "action_token_ids": [
    31867,
    31820,
    31836,
    31860,
    31901,
    31853,
    31841
  ],
  "mse_per_dim": [
    4.030002649132001e-05,
    3.1252313761122495e-07,
    2.2158863206979254e-05,
    0.00016526825427137462,
    0.0013183598486491547,
    0.00022431179533412724,
    0.5728412149173394
  ],
  "mse_mean": 0.08208741803263285,
  "mse_per_dim_names": [
    "x",
    "y",
    "z",
    "roll",
    "pitch",
    "yaw",
    "gripper"
  ],
  "grounding": {
    "nouns": [
      "drawer"
    ],
    "num_boxes": 0,
    "num_patches": 0,
    "patch_indices": []
  },
  "episode_id": 8,
  "step_id": 30,
  "instruction": "open the drawer",
  "method": "head_steering"
}