{
  "predicted_action": [
    1.4886919189882608e-05,
    0.00022339712872219974,
    -0.017649537305183274,
    0.01327159799781484,
    0.011946831589235957,
    -0.061315038142251116,
    -0.18039215686274512
  ],
  "ground_truth_action": [
    -0.0029462852980941534,
    0.0027548684738576412,
    -0.0143141970038414,
    0.015572135336697102,
    -0.009669103659689426,
    -0.023386778309941292,
    0.0
  ],
  "action_token_ids": [
    31871,
    31870,
    31967,
    31852,
    31843,
    31909,
    31895
  ],
  "mse_per_dim": [
    8.768540900414854e-06,
    6.408347171241842e-06,
    1.1124494925755304e-05,
    5.292472047591474e-06,
    0.00046724865668573484,
    0.0014385528939072068,
    0.032541330257593246
  ],
  "mse_mean": 0.004925532237604456,
  "mse_per_dim_names": [
    "x",
    "y",
    "z",
    "roll",
    "pitch",
    "yaw",
    "gripper"
  ],
  "grounding": {
    "nouns": [
      "spoon",
      "basket"
    ],
    "num_boxes": 3,
    "num_patches": 111,
    "patch_indices": [
      48,
      49,
      50,
      51,
      52,
      53,
      54,
      55,
      64,
      65,
      66,
      67,
      68,
      69,
      70,
      71,
      80,
      81,
      82,
      83
    ]
  },
  "episode_id": 0,
  "step_id": 24,
  "instruction": "put small spoon from basket to tray",
  "method": "head_steering"
}