{
  "predicted_action": [
    0.0006859096428927063,
    -0.006251799281905716,
    -0.004138622947913766,
    -0.002693257723368994,
    0.007257778639302506,
    -0.012961095930314609,
    -0.07058823529411762
  ],
  "ground_truth_action": [
    -0.0009988864185288548,
    -0.0013464543735608459,
    -0.007294731214642525,
    0.0029291801620274782,
    0.027513056993484497,
    -0.002148173749446869,
    0.7079370021820068
  ],
  "action_token_ids": [
    31868,
    31890,
    31915,
    31877,
    31850,
    31879,
    31881
  ],
  "mse_per_dim": [
    2.838537768581605e-06,
    2.4062408669824948e-05,
    9.961019391313608e-06,
    3.1611807775141555e-05,
    0.0004102763012053935,
    0.00011691928608950156,
    0.606101545387256
  ],
  "mse_mean": 0.08667103067830796,
  "mse_per_dim_names": [
    "x",
    "y",
    "z",
    "roll",
    "pitch",
    "yaw",
    "gripper"
  ],
  "grounding": {
    "nouns": [
      "fork",
      "burner"
    ],
    "num_boxes": 3,
    "num_patches": 180,
    "patch_indices": [
      65,
      66,
      67,
      68,
      69,
      70,
      71,
      72,
      73,
      74,
      75,
      76,
      77,
      78,
      79,
      81,
      82,
      83,
      84,
      85
    ]
  },
  "episode_id": 7,
  "step_id": 12,
  "instruction": "Move the blue fork to the lower right burner",
  "method": "head_steering"
}