{
  "predicted_action": [
    1.4886919189882608e-05,
    -0.02308730994953831,
    0.00417578588732901,
    0.009440032624730726,
    -0.006809380210497831,
    -0.025855480520164342,
    -0.996078431372549
  ],
  "ground_truth_action": [
    0.006453389301896095,
    0.003218330442905426,
    -0.004314319230616093,
    0.02297053672373295,
    0.026821261271834373,
    0.004992871545255184,
    1.0
  ],
  "action_token_ids": [
    31871,
    31942,
    31883,
    31858,
    31871,
    31887,
    31999
  ],
  "mse_per_dim": [
    4.145431293211358e-05,
    0.0006919867164565674,
    7.208188491375763e-05,
    0.00018307454117311593,
    0.0011310200465131637,
    0.0009516208251520732,
    3.984329104190696
  ],
  "mse_mean": 0.569628620359691,
  "mse_per_dim_names": [
    "x",
    "y",
    "z",
    "roll",
    "pitch",
    "yaw",
    "gripper"
  ],
  "grounding": {
    "nouns": [
      "block",
      "top"
    ],
    "num_boxes": 4,
    "num_patches": 210,
    "patch_indices": [
      33,
      34,
      35,
      36,
      37,
      38,
      39,
      40,
      41,
      42,
      43,
      44,
      45,
      46,
      47,
      49,
      50,
      51,
      52,
      53
    ]
  },
  "episode_id": 3,
  "step_id": 44,
  "instruction": "put the rectangle block on top of the red arch and yellow block",
  "method": "head_steering"
}