{
  "predicted_action": [
    0.00717246263868666,
    -0.00042412251234059256,
    0.015608098035787821,
    -0.0173809249868581,
    -0.03360396849583179,
    0.004768682880728764,
    0.996078431372549
  ],
  "ground_truth_action": [
    -0.008818346075713634,
    0.016225092113018036,
    0.043353985995054245,
    -0.039675068110227585,
    -0.04370688647031784,
    -0.002430369844660163,
    1.0
  ],
  "action_token_ids": [
    31839,
    31872,
    31839,
    31900,
    31911,
    31868,
    31744
  ],
  "mse_per_dim": [
    0.00025570596334054043,
    0.00027719634764125563,
    0.0007698342986481655,
    0.0004970288176052828,
    0.00010206895159919332,
    5.1826360142929735e-05,
    1.5378700499807656e-05
  ],
  "mse_mean": 0.0002812913484967393,
  "mse_per_dim_names": [
    "x",
    "y",
    "z",
    "roll",
    "pitch",
    "yaw",
    "gripper"
  ],
  "grounding": {
    "nouns": [
      "cube",
      "side",
      "table",
      "top",
      "block"
    ],
    "num_boxes": 3,
    "num_patches": 256,
    "patch_indices": [
      0,
      1,
      2,
      3,
      4,
      5,
      6,
      7,
      8,
      9,
      10,
      11,
      12,
      13,
      14,
      15,
      16,
      17,
      18,
      19
    ]
  },
  "episode_id": 1,
  "step_id": 42,
  "instruction": "put the blue cube on the right side of the table on top of the rectangular block",
  "method": "head_steering"
}