{
  "predicted_action": [
    -0.00311655245808996,
    0.0031372355135047617,
    -0.0007608943585963902,
    0.001138307649715134,
    0.009267372760702552,
    0.014439471323116071,
    0.0
  ],
  "ground_truth_action": [
    0.0076124644838273525,
    -8.588587661506608e-05,
    0.023951252922415733,
    0.03405415639281273,
    -0.06398604810237885,
    -0.014936225488781929,
    1.0
  ],
  "action_token_ids": [
    31885,
    31861,
    31902,
    31871,
    31847,
    31862,
    31872
  ],
  "mse_per_dim": [
    0.00011511180453994872,
    1.038851149544797e-05,
    0.0006106902232384349,
    0.0010834530984784796,
    0.005366063668143729,
    0.0008629315631845543,
    1.0
  ],
  "mse_mean": 0.14400694840986866,
  "mse_per_dim_names": [
    "x",
    "y",
    "z",
    "roll",
    "pitch",
    "yaw",
    "gripper"
  ],
  "grounding": {
    "nouns": [
      "block",
      "top"
    ],
    "num_boxes": 3,
    "num_patches": 195,
    "patch_indices": [
      49,
      50,
      51,
      52,
      53,
      54,
      55,
      56,
      57,
      58,
      59,
      60,
      61,
      62,
      63,
      65,
      66,
      67,
      68,
      69
    ]
  },
  "episode_id": 3,
  "step_id": 37,
  "instruction": "put the rectangle block on top of the red arch and yellow block",
  "method": "head_steering"
}