{
  "predicted_action": [
    -0.0028928782168556808,
    0.015440108693697809,
    0.02522163325153728,
    -0.0078020115541478086,
    -0.04298207439569868,
    0.0386164424290843,
    0.34509803921568627
  ],
  "ground_truth_action": [
    0.014026220887899399,
    0.035104088485240936,
    0.045334264636039734,
    -0.008101556450128555,
    -0.049469031393527985,
    0.10353328287601471,
    1.0
  ],
  "action_token_ids": [
    31884,
    31823,
    31802,
    31885,
    31925,
    31847,
    31828
  ],
  "mse_per_dim": [
    0.00028625591451652416,
    0.0003866721012422165,
    0.00040451794120887306,
    8.972714470811638e-08,
    4.208061109168662e-05,
    0.00421419617361222,
    0.4288965782391388
  ],
  "mse_mean": 0.062032912958279285,
  "mse_per_dim_names": [
    "x",
    "y",
    "z",
    "roll",
    "pitch",
    "yaw",
    "gripper"
  ],
  "grounding": {
    "nouns": [
      "object",
      "pot"
    ],
    "num_boxes": 2,
    "num_patches": 56,
    "patch_indices": [
      116,
      117,
      118,
      119,
      120,
      121,
      122,
      132,
      133,
      134,
      135,
      136,
      137,
      138,
      139,
      140,
      148,
      149,
      150,
      151
    ]
  },
  "episode_id": 2,
  "step_id": 39,
  "instruction": "put the red object into the pot",
  "method": "head_steering"
}