{
  "predicted_action": [
    -0.00378757518179278,
    0.0008709167697849851,
    0.001837358402416979,
    -0.014826548071468687,
    0.030033178681836373,
    0.032169250134159416,
    -0.03137254901960784
  ],
  "ground_truth_action": [
    -0.004535258281975985,
    -0.004710896406322718,
    0.0063461000099778175,
    -0.00669822096824646,
    -0.02601904235780239,
    -0.008102751336991787,
    1.0
  ],
  "action_token_ids": [
    31888,
    31868,
    31892,
    31896,
    31816,
    31851,
    31876
  ],
  "mse_per_dim": [
    5.590300182995678e-07,
    3.115663833296956e-05,
    2.0328750883750295e-05,
    6.606970149697704e-05,
    0.0031418514834765225,
    0.0016218341024924047,
    1.0637293348712031
  ],
  "mse_mean": 0.15265873351112916,
  "mse_per_dim_names": [
    "x",
    "y",
    "z",
    "roll",
    "pitch",
    "yaw",
    "gripper"
  ],
  "grounding": {
    "nouns": [
      "fork",
      "burner"
    ],
    "num_boxes": 2,
    "num_patches": 180,
    "patch_indices": [
      65,
      66,
      67,
      68,
      69,
      70,
      71,
      72,
      73,
      74,
      75,
      76,
      77,
      78,
      79,
      81,
      82,
      83,
      84,
      85
    ]
  },
  "episode_id": 7,
  "step_id": 24,
  "instruction": "Move the blue fork to the lower right burner",
  "method": "head_steering"
}