{
  "predicted_action": [
    0.0060540914325152954,
    0.003784755154567561,
    -0.005437749328420446,
    -0.0058862288676057445,
    0.0032385903965024138,
    0.007992279028191218,
    0.0
  ],
  "ground_truth_action": [
    0.003997586667537689,
    0.006499313283711672,
    -0.004700925201177597,
    0.010043269954621792,
    0.0020722884219139814,
    0.009494975209236145,
    0.0
  ],
  "action_token_ids": [
    31844,
    31859,
    31920,
    31882,
    31856,
    31866,
    31872
  ],
  "mse_per_dim": [
    4.2292118483756e-06,
    7.368825836502376e-06,
    5.429097944871857e-07,
    0.00025374893272734847,
    1.3602602959288762e-06,
    2.2580958125270075e-06,
    0.0
  ],
  "mse_mean": 3.850117661645278e-05,
  "mse_per_dim_names": [
    "x",
    "y",
    "z",
    "roll",
    "pitch",
    "yaw",
    "gripper"
  ],
  "grounding": {
    "nouns": [
      "cube",
      "side",
      "table",
      "top",
      "block"
    ],
    "num_boxes": 3,
    "num_patches": 256,
    "patch_indices": [
      0,
      1,
      2,
      3,
      4,
      5,
      6,
      7,
      8,
      9,
      10,
      11,
      12,
      13,
      14,
      15,
      16,
      17,
      18,
      19
    ]
  },
  "episode_id": 1,
  "step_id": 20,
  "instruction": "put the blue cube on the right side of the table on top of the rectangular block",
  "method": "head_steering"
}