{
  "predicted_action": [
    -0.00602431759413552,
    -0.010460676948813866,
    -0.007776176813332477,
    0.0004997134208677839,
    0.0018988609822357116,
    -6.671134046487559e-05,
    -0.2901960784313726
  ],
  "ground_truth_action": [
    -0.009733511134982109,
    -0.011083823628723621,
    -0.00425022654235363,
    -0.0017666234634816647,
    0.01974513754248619,
    -0.03649299964308739,
    1.0
  ],
  "action_token_ids": [
    31898,
    31903,
    31929,
    31872,
    31858,
    31871,
    31909
  ],
  "mse_per_dim": [
    1.3758116723458059e-05,
    3.8831178468255066e-07,
    1.2432325313415804e-05,
    5.136282873362766e-06,
    0.0003184895870649457,
    0.0013268744795057737,
    1.6646059207996926
  ],
  "mse_mean": 0.23804042855756546,
  "mse_per_dim_names": [
    "x",
    "y",
    "z",
    "roll",
    "pitch",
    "yaw",
    "gripper"
  ],
  "grounding": {
    "nouns": [
      "can",
      "bottom",
      "table"
    ],
    "num_boxes": 1,
    "num_patches": 224,
    "patch_indices": [
      32,
      33,
      34,
      35,
      36,
      37,
      38,
      39,
      40,
      41,
      42,
      43,
      44,
      45,
      46,
      47,
      48,
      49,
      50,
      51
    ]
  },
  "episode_id": 9,
  "step_id": 7,
  "instruction": "Move the can in the middle bottom of the table",
  "method": "head_steering"
}