{
  "predicted_action": [
    0.0018042808490640778,
    -0.02664866797538366,
    0.03691377067609744,
    -0.021212490359942215,
    -0.013508027281831314,
    -0.038749865110014076,
    0.42352941176470593
  ],
  "ground_truth_action": [
    0.01848902739584446,
    -0.04345348849892616,
    0.010815131478011608,
    -0.050546467304229736,
    -0.007183922920376062,
    0.01617160625755787,
    1.0
  ],
  "action_token_ids": [
    31863,
    31953,
    31757,
    31906,
    31881,
    31895,
    31818
  ],
  "mse_per_dim": [
    0.0002783807673302999,
    0.0002824019928284753,
    0.0006811389679918623,
    0.0008604822033679918,
    3.9994295974577336e-05,
    0.003016368017179025,
    0.33231833910034597
  ],
  "mse_mean": 0.04821101504928831,
  "mse_per_dim_names": [
    "x",
    "y",
    "z",
    "roll",
    "pitch",
    "yaw",
    "gripper"
  ],
  "grounding": {
    "nouns": [
      "broccoli",
      "pan"
    ],
    "num_boxes": 2,
    "num_patches": 25,
    "patch_indices": [
      107,
      108,
      109,
      110,
      111,
      123,
      124,
      125,
      126,
      127,
      139,
      140,
      141,
      142,
      143,
      155,
      156,
      157,
      158,
      159
    ]
  },
  "episode_id": 5,
  "step_id": 5,
  "instruction": "take broccoli out of pan",
  "method": "head_steering"
}