{
  "predicted_action": [
    0.002251629331532626,
    0.0011946765903163847,
    0.002097183678518317,
    0.004331278793951912,
    0.0005591315679690234,
    -6.671134046487559e-05,
    0.0
  ],
  "ground_truth_action": [
    0.00217902148142457,
    -0.0031260717660188675,
    0.0028961687348783016,
    0.013126663863658905,
    0.010925862938165665,
    -0.005883979611098766,
    0.0
  ],
  "action_token_ids": [
    31861,
    31867,
    31891,
    31866,
    31860,
    31871,
    31872
  ],
  "mse_per_dim": [
    5.271899897313885e-09,
    1.8668866358773785e-05,
    6.38377120286568e-07,
    7.735879852442468e-05,
    0.00010746911930181913,
    3.384061013252382e-05,
    0.0
  ],
  "mse_mean": 3.3997291905389325e-05,
  "mse_per_dim_names": [
    "x",
    "y",
    "z",
    "roll",
    "pitch",
    "yaw",
    "gripper"
  ],
  "grounding": {
    "nouns": [
      "block",
      "top"
    ],
    "num_boxes": 3,
    "num_patches": 210,
    "patch_indices": [
      33,
      34,
      35,
      36,
      37,
      38,
      39,
      40,
      41,
      42,
      43,
      44,
      45,
      46,
      47,
      49,
      50,
      51,
      52,
      53
    ]
  },
  "episode_id": 3,
  "step_id": 31,
  "instruction": "put the rectangle block on top of the red arch and yellow block",
  "method": "head_steering"
}