{
  "predicted_action": [
    0.00135693236659553,
    0.0015184364108477844,
    -0.0075163515372311425,
    0.008162844167036026,
    0.0032385903965024138,
    0.012827673249384858,
    0.996078431372549
  ],
  "ground_truth_action": [
    0.0022946048993617296,
    0.0023026461713016033,
    -0.004283350892364979,
    0.011023132130503654,
    -0.0012379506370052695,
    0.011670606210827827,
    1.0
  ],
  "action_token_ids": [
    31865,
    31866,
    31928,
    31860,
    31856,
    31863,
    31744
  ],
  "mse_per_dim": [
    8.792297787041799e-07,
    6.149849483910361e-07,
    1.045229316970503e-05,
    8.181247233957792e-06,
    2.003941962467804e-05,
    1.3388041317151362e-06,
    1.5378700499807656e-05
  ],
  "mse_mean": 8.126382769565553e-06,
  "mse_per_dim_names": [
    "x",
    "y",
    "z",
    "roll",
    "pitch",
    "yaw",
    "gripper"
  ],
  "grounding": {
    "nouns": [
      "piece",
      "chocolate",
      "it",
      "drawer"
    ],
    "num_boxes": 2,
    "num_patches": 136,
    "patch_indices": [
      0,
      1,
      2,
      3,
      4,
      5,
      6,
      7,
      8,
      9,
      16,
      17,
      18,
      19,
      20,
      21,
      22,
      23,
      24,
      25
    ]
  },
  "episode_id": 6,
  "step_id": 15,
  "instruction": "Picked the piece of chocolate and put it into the drawer",
  "method": "head_steering"
}