{
  "predicted_action": [
    0.0044883717438753655,
    -0.004633000179248746,
    -0.003878797671812425,
    0.024127699888219833,
    -0.017527215524631407,
    -0.021020086298970675,
    -0.1647058823529412
  ],
  "ground_truth_action": [
    -0.0013273564400151372,
    -0.0034487631637603045,
    -0.008993352763354778,
    0.0003632278530858457,
    0.01416300144046545,
    -0.03156331926584244,
    0.0
  ],
  "action_token_ids": [
    31851,
    31885,
    31914,
    31835,
    31887,
    31884,
    31893
  ],
  "mse_per_dim": [
    3.382269430889833e-05,
    1.4024173088529713e-06,
    2.615867378442181e-05,
    0.0005647501311086653,
    0.0010042698512949127,
    0.00011115976139373155,
    0.027128027681660907
  ],
  "mse_mean": 0.004124227315837199,
  "mse_per_dim_names": [
    "x",
    "y",
    "z",
    "roll",
    "pitch",
    "yaw",
    "gripper"
  ],
  "grounding": {
    "nouns": [
      "piece",
      "chocolate",
      "it",
      "drawer"
    ],
    "num_boxes": 0,
    "num_patches": 0,
    "patch_indices": []
  },
  "episode_id": 6,
  "step_id": 36,
  "instruction": "Picked the piece of chocolate and put it into the drawer",
  "method": "head_steering"
}