{
  "predicted_action": [
    -0.006695340317838347,
    0.0021659560519105767,
    0.008332990304950393,
    0.0681907016786872,
    -0.055039639124098955,
    -0.04358525933120769,
    -0.1098039215686275
  ],
  "ground_truth_action": [
    0.0,
    0.0,
    0.0,
    0.0,
    0.0,
    0.0,
    1.0
  ],
  "action_token_ids": [
    31901,
    31864,
    31867,
    31766,
    31943,
    31898,
    31886
  ],
  "mse_per_dim": [
    4.4827581971671696e-05,
    4.691365618808053e-06,
    6.943872742239724e-05,
    0.004649971795431713,
    0.003029361874911044,
    0.0018996748309686269,
    1.2316647443291042
  ],
  "mse_mean": 0.17733753007220407,
  "mse_per_dim_names": [
    "x",
    "y",
    "z",
    "roll",
    "pitch",
    "yaw",
    "gripper"
  ],
  "grounding": {
    "nouns": [
      "fork",
      "burner"
    ],
    "num_boxes": 4,
    "num_patches": 165,
    "patch_indices": [
      81,
      82,
      83,
      84,
      85,
      86,
      87,
      88,
      89,
      90,
      91,
      92,
      93,
      94,
      95,
      97,
      98,
      99,
      100,
      101
    ]
  },
  "episode_id": 7,
  "step_id": 32,
  "instruction": "Move the blue fork to the lower right burner",
  "method": "head_steering"
}