{
  "episode_id": 3,
  "step_id": 10,
  "instruction": "put the rectangle block on top of the red arch and yellow block",
  "condition": "pair_bgsup_resid",
  "condition_desc": "bg_sup(\u03b3=0.85) + resid(\u03b1=1.5)",
  "predicted_action": [
    -0.0006561358045129376,
    -0.0017191617944661772,
    -0.004918098776217777,
    0.001776901878562484,
    0.024674261024769578,
    0.016051269396847284,
    0.1725490196078432
  ],
  "ground_truth_action": [
    -0.003485138760879636,
    0.0013335595140233636,
    -0.0037760427221655846,
    -0.0024016147945076227,
    0.01095583662390709,
    0.012307646684348583,
    1.0
  ],
  "action_token_ids": [
    31874,
    31876,
    31918,
    31870,
    31824,
    31861,
    31850
  ],
  "mse_per_dim": [
    8.00325772713152e-06,
    9.319107387306094e-06,
    1.3042920305972637e-06,
    1.7460001587124873e-05,
    0.00018819516804217934,
    1.4014711013536132e-05,
    0.6846751249519415
  ],
  "mse_mean": 0.09784477449853277,
  "mse_spatial": 3.9716089631312535e-05,
  "mse_gripper": 0.6846751249519415,
  "mse_per_dim_names": [
    "x",
    "y",
    "z",
    "roll",
    "pitch",
    "yaw",
    "gripper"
  ],
  "grounding": {
    "nouns": [
      "block",
      "top"
    ],
    "num_boxes": 4,
    "num_patches": 36,
    "patch_coverage": 0.140625
  }
}