{
  "episode_id": 3,
  "step_id": 13,
  "instruction": "put the rectangle block on top of the red arch and yellow block",
  "condition": "pair_bgsup_resid",
  "condition_desc": "bg_sup(\u03b3=0.85) + resid(\u03b1=1.5)",
  "predicted_action": [
    1.4886919189882608e-05,
    -0.002690441256060362,
    -0.0007608943585963902,
    -0.0058862288676057445,
    0.0005591315679690234,
    0.0063804809544599494,
    0.007843137254901933
  ],
  "ground_truth_action": [
    -0.0014002633979544044,
    -9.203681838698685e-05,
    -0.002797557972371578,
    -0.0005583232850767672,
    0.005856031086295843,
    0.0022238343954086304,
    1.0
  ],
  "action_token_ids": [
    31871,
    31879,
    31902,
    31882,
    31860,
    31867,
    31871
  ],
  "mse_per_dim": [
    2.002650420113576e-06,
    6.7517056217206896e-06,
    4.147998675675808e-06,
    2.8386577896343442e-05,
    2.8057144507250895e-05,
    1.727771061687317e-05,
    0.9843752402921954
  ],
  "mse_mean": 0.1406374091542762,
  "mse_spatial": 1.4437297956329596e-05,
  "mse_gripper": 0.9843752402921954,
  "mse_per_dim_names": [
    "x",
    "y",
    "z",
    "roll",
    "pitch",
    "yaw",
    "gripper"
  ],
  "grounding": {
    "nouns": [
      "block",
      "top"
    ],
    "num_boxes": 4,
    "num_patches": 36,
    "patch_coverage": 0.140625
  }
}