{
  "episode_id": 7,
  "step_id": 7,
  "instruction": "Move the blue fork to the lower right burner",
  "condition": "pair_bgsup_resid",
  "condition_desc": "bg_sup(\u03b3=0.85) + resid(\u03b1=1.5)",
  "predicted_action": [
    0.009632879292263686,
    -0.005604279640842924,
    -0.00699670098502847,
    0.026682076803609248,
    -0.0014504625534310367,
    0.011215875175653645,
    -0.0862745098039216
  ],
  "ground_truth_action": [
    0.0051653110422194,
    -0.007252249401062727,
    -0.006871884223073721,
    -0.005037771072238684,
    -0.006113281939178705,
    -0.0027068352792412043,
    1.0
  ],
  "action_token_ids": [
    31828,
    31888,
    31926,
    31831,
    31863,
    31864,
    31883
  ],
  "mse_per_dim": [
    1.995916606880376e-05,
    2.7158043305989147e-06,
    1.5579224064868505e-08,
    0.0010061487492669344,
    2.1741884624104266e-05,
    0.00019384186641083833,
    1.1799923106497503
  ],
  "mse_mean": 0.16874810481423938,
  "mse_spatial": 0.0002074038416542241,
  "mse_gripper": 1.1799923106497503,
  "mse_per_dim_names": [
    "x",
    "y",
    "z",
    "roll",
    "pitch",
    "yaw",
    "gripper"
  ],
  "grounding": {
    "nouns": [
      "fork",
      "burner"
    ],
    "num_boxes": 2,
    "num_patches": 180,
    "patch_coverage": 0.703125
  }
}