{
  "episode_id": 7,
  "step_id": 25,
  "instruction": "Move the blue fork to the lower right burner",
  "condition": "pair_bgsup_resid",
  "condition_desc": "bg_sup(\u03b3=0.85) + resid(\u03b1=1.5)",
  "predicted_action": [
    -0.008261060006478266,
    -0.0033379608971231545,
    0.019765302453409208,
    -0.0173809249868581,
    -0.03762315673863189,
    -0.01779649015150825,
    0.09411764705882353
  ],
  "ground_truth_action": [
    -0.002240117872133851,
    0.005371208302676678,
    0.018433870747685432,
    -0.010600518435239792,
    -0.03895949199795723,
    0.039455197751522064,
    1.0
  ],
  "action_token_ids": [
    31908,
    31881,
    31823,
    31900,
    31917,
    31882,
    31860
  ],
  "mse_per_dim": [
    3.6251744185123886e-05,
    7.584962815074205e-05,
    1.7727103870065224e-06,
    4.597391300522849e-05,
    1.7857919253161237e-06,
    0.0032777557677459873,
    0.8206228373702422
  ],
  "mse_mean": 0.11772317527509166,
  "mse_spatial": 0.0005732315925665673,
  "mse_gripper": 0.8206228373702422,
  "mse_per_dim_names": [
    "x",
    "y",
    "z",
    "roll",
    "pitch",
    "yaw",
    "gripper"
  ],
  "grounding": {
    "nouns": [
      "fork",
      "burner"
    ],
    "num_boxes": 3,
    "num_patches": 180,
    "patch_coverage": 0.703125
  }
}