{
  "episode_id": 7,
  "step_id": 30,
  "instruction": "Move the blue fork to the lower right burner",
  "condition": "pair_bgsup_resid",
  "condition_desc": "bg_sup(\u03b3=0.85) + resid(\u03b1=1.5)",
  "predicted_action": [
    -0.006695340317838347,
    0.008317392642007093,
    -0.00024124380639371432,
    0.0816011804844816,
    -0.06642733914536589,
    -0.16285831678731771,
    0.44705882352941173
  ],
  "ground_truth_action": [
    0.0,
    0.0,
    0.0,
    0.0,
    0.0,
    0.0,
    1.0
  ],
  "action_token_ids": [
    31901,
    31845,
    31900,
    31744,
    31960,
    31972,
    31815
  ],
  "mse_per_dim": [
    4.4827581971671696e-05,
    6.917902036131373e-05,
    5.819857412332792e-08,
    0.006658752656460942,
    0.004412591385933459,
    0.02652283134679833,
    0.30574394463667826
  ],
  "mse_mean": 0.04906459783239687,
  "mse_spatial": 0.0062847066983499735,
  "mse_gripper": 0.30574394463667826,
  "mse_per_dim_names": [
    "x",
    "y",
    "z",
    "roll",
    "pitch",
    "yaw",
    "gripper"
  ],
  "grounding": {
    "nouns": [
      "fork",
      "burner"
    ],
    "num_boxes": 3,
    "num_patches": 180,
    "patch_coverage": 0.703125
  }
}