{
  "episode_id": 3,
  "step_id": 14,
  "instruction": "put the rectangle block on top of the red arch and yellow block",
  "condition": "pair_bgsup_resid",
  "condition_desc": "bg_sup(\u03b3=0.85) + resid(\u03b1=1.5)",
  "predicted_action": [
    -0.014300264519803674,
    0.0079936328214757,
    -0.009335128469940498,
    0.010078626853578077,
    0.0360619610460365,
    0.04022824050281551,
    0.0
  ],
  "ground_truth_action": [
    -4.433291906025261e-05,
    -9.405865421285853e-05,
    -0.002528238110244274,
    0.001823432627134025,
    0.00574529031291604,
    0.0014701448380947113,
    0.3023200035095215
  ],
  "action_token_ids": [
    31935,
    31846,
    31935,
    31857,
    31807,
    31846,
    31872
  ],
  "mse_per_dim": [
    0.0002032315858050749,
    6.541075340592539e-05,
    4.633375636892538e-05,
    6.81482317163152e-05,
    0.0009191005243404424,
    0.0015021899795556492,
    0.09139738452199708
  ],
  "mse_mean": 0.013457399907598488,
  "mse_spatial": 0.0004674024718653888,
  "mse_gripper": 0.09139738452199708,
  "mse_per_dim_names": [
    "x",
    "y",
    "z",
    "roll",
    "pitch",
    "yaw",
    "gripper"
  ],
  "grounding": {
    "nouns": [
      "block",
      "top"
    ],
    "num_boxes": 4,
    "num_patches": 36,
    "patch_coverage": 0.140625
  }
}