{
  "episode_id": 2,
  "step_id": 7,
  "instruction": "put the red object into the pot",
  "condition": "pair_bgsup_resid",
  "condition_desc": "bg_sup(\u03b3=0.85) + resid(\u03b1=1.5)",
  "predicted_action": [
    0.008067159603623756,
    0.0008709167697849851,
    -0.01089408012654852,
    0.004969873022799262,
    0.008597508053569194,
    -0.008125701709120942,
    -0.007843137254901933
  ],
  "ground_truth_action": [
    0.00528371799737215,
    0.005502820014953613,
    -0.006266966927796602,
    -0.009584854356944561,
    0.02077179215848446,
    0.012543335556983948,
    1.0
  ],
  "action_token_ids": [
    31835,
    31868,
    31941,
    31865,
    31848,
    31876,
    31873
  ],
  "mse_per_dim": [
    7.747547175412517e-06,
    2.145452767260367e-05,
    2.141017655406421e-05,
    0.00021184008909866449,
    0.00014821319346719247,
    0.00042720910150763266,
    1.0157477893118032
  ],
  "mse_mean": 0.14522652342103984,
  "mse_spatial": 0.00013964577257926167,
  "mse_gripper": 1.0157477893118032,
  "mse_per_dim_names": [
    "x",
    "y",
    "z",
    "roll",
    "pitch",
    "yaw",
    "gripper"
  ],
  "grounding": {
    "nouns": [
      "object",
      "pot"
    ],
    "num_boxes": 2,
    "num_patches": 56,
    "patch_coverage": 0.21875
  }
}