{
  "episode_id": 2,
  "step_id": 11,
  "instruction": "put the red object into the pot",
  "condition": "pair_bgsup_resid",
  "condition_desc": "bg_sup(\u03b3=0.85) + resid(\u03b1=1.5)",
  "predicted_action": [
    1.4886919189882608e-05,
    -0.00010036269180919988,
    -0.011413730678751193,
    0.003054090336257184,
    0.017305749246302723,
    -6.671134046487559e-05,
    -0.03921568627450983
  ],
  "ground_truth_action": [
    -0.0018261739751324058,
    -0.0034379074349999428,
    -0.006969047710299492,
    -0.0061376444064080715,
    0.01736251451075077,
    -0.0018589607207104564,
    1.0
  ],
  "action_token_ids": [
    31871,
    31871,
    31943,
    31868,
    31835,
    31871,
    31877
  ],
  "mse_per_dim": [
    3.3895052166027844e-06,
    1.1139204912800162e-05,
    1.9755206690044623e-05,
    8.448798757951951e-05,
    3.222295247856718e-09,
    3.2121578409906684e-06,
    1.0799692425990006
  ],
  "mse_mean": 0.1542987471262194,
  "mse_spatial": 2.0331214089200936e-05,
  "mse_gripper": 1.0799692425990006,
  "mse_per_dim_names": [
    "x",
    "y",
    "z",
    "roll",
    "pitch",
    "yaw",
    "gripper"
  ],
  "grounding": {
    "nouns": [
      "object",
      "pot"
    ],
    "num_boxes": 3,
    "num_patches": 65,
    "patch_coverage": 0.25390625
  }
}