{
  "episode_id": 2,
  "step_id": 26,
  "instruction": "put the red object into the pot",
  "condition": "pair_bgsup_resid",
  "condition_desc": "bg_sup(\u03b3=0.85) + resid(\u03b1=1.5)",
  "predicted_action": [
    0.00046223540165843055,
    0.0005471569492535924,
    0.007813339752747724,
    -0.020573896131094865,
    -0.005469650796231129,
    -0.009737499782852183,
    0.039215686274509776
  ],
  "ground_truth_action": [
    -0.038850974291563034,
    -0.027743689715862274,
    0.008269593119621277,
    -0.011672121472656727,
    0.008061651140451431,
    -0.08205897361040115,
    0.0
  ],
  "action_token_ids": [
    31869,
    31869,
    31869,
    31905,
    31869,
    31877,
    31867
  ],
  "mse_per_dim": [
    0.0015455284563832025,
    0.0008003720050290975,
    2.0816713478345256e-07,
    7.924159206961143e-05,
    0.0001830961321016692,
    0.005230395576588851,
    0.0015378700499807745
  ],
  "mse_mean": 0.0013395302827554272,
  "mse_spatial": 0.001306473654884536,
  "mse_gripper": 0.0015378700499807745,
  "mse_per_dim_names": [
    "x",
    "y",
    "z",
    "roll",
    "pitch",
    "yaw",
    "gripper"
  ],
  "grounding": {
    "nouns": [
      "object",
      "pot"
    ],
    "num_boxes": 2,
    "num_patches": 56,
    "patch_coverage": 0.21875
  }
}