{
  "episode_id": 1,
  "step_id": 33,
  "instruction": "put the blue cube on the right side of the table on top of the rectangular block",
  "condition": "pair_bgsup_resid",
  "condition_desc": "bg_sup(\u03b3=0.85) + resid(\u03b1=1.5)",
  "predicted_action": [
    0.0015806066078298056,
    0.0015184364108477844,
    0.009891941961558414,
    -0.015465142300316037,
    -0.024225862595964903,
    0.014439471323116071,
    0.06274509803921569
  ],
  "ground_truth_action": [
    -0.00045042249257676303,
    0.002279105596244335,
    -0.0024801825638860464,
    0.020811110734939575,
    0.008159958757460117,
    -0.0034724147990345955,
    0.0
  ],
  "action_token_ids": [
    31864,
    31866,
    31861,
    31897,
    31897,
    31862,
    31864
  ],
  "mse_per_dim": [
    4.125079206698316e-06,
    5.786176096118522e-07,
    0.0001530694652731043,
    0.0013159665342778921,
    0.00104884142473596,
    0.00032083566445289364,
    0.003936947327950788
  ],
  "mse_mean": 0.0009686234447867068,
  "mse_spatial": 0.00047390279759269334,
  "mse_gripper": 0.003936947327950788,
  "mse_per_dim_names": [
    "x",
    "y",
    "z",
    "roll",
    "pitch",
    "yaw",
    "gripper"
  ],
  "grounding": {
    "nouns": [
      "cube",
      "side",
      "table",
      "top",
      "block"
    ],
    "num_boxes": 3,
    "num_patches": 256,
    "patch_coverage": 1.0
  }
}