{
  "episode_id": 9,
  "step_id": 0,
  "instruction": "Move the can in the middle bottom of the table",
  "condition": "pair_bgsup_resid",
  "condition_desc": "bg_sup(\u03b3=0.85) + resid(\u03b1=1.5)",
  "predicted_action": [
    -0.00602431759413552,
    -0.002042921614997577,
    -0.015051284544169907,
    0.04009255560940367,
    0.013956425710635989,
    -0.030690874741357954,
    -0.1647058823529412
  ],
  "ground_truth_action": [
    6.307667166360886e-10,
    6.002437435981278e-10,
    -3.963409600515888e-10,
    -7.371734795924567e-07,
    8.725161251277314e-07,
    -6.037800659441928e-08,
    1.0
  ],
  "action_token_ids": [
    31898,
    31877,
    31957,
    31810,
    31840,
    31890,
    31893
  ],
  "mse_per_dim": [
    3.629241007488923e-05,
    4.173531177526504e-06,
    0.00022654115449868695,
    0.001607472126173999,
    0.0001947574649648223,
    0.0009419260862856941,
    1.3565397923875435
  ],
  "mse_mean": 0.1942215650229599,
  "mse_spatial": 0.0005018604621959363,
  "mse_gripper": 1.3565397923875435,
  "mse_per_dim_names": [
    "x",
    "y",
    "z",
    "roll",
    "pitch",
    "yaw",
    "gripper"
  ],
  "grounding": {
    "nouns": [
      "can",
      "bottom",
      "table"
    ],
    "num_boxes": 1,
    "num_patches": 224,
    "patch_coverage": 0.875
  }
}