{
  "episode_id": 2,
  "step_id": 8,
  "instruction": "put the red object into the pot",
  "condition": "pair_bgsup_resid",
  "condition_desc": "bg_sup(\u03b3=0.85) + resid(\u03b1=1.5)",
  "predicted_action": [
    0.008067159603623756,
    0.0060510738982873236,
    -0.004398448224015101,
    0.006885655709341312,
    0.007257778639302506,
    0.02088666361804095,
    0.996078431372549
  ],
  "ground_truth_action": [
    0.0034316403325647116,
    0.008727016858756542,
    -0.0007526761037297547,
    0.005935314577072859,
    0.007987673394382,
    0.01276959665119648,
    1.0
  ],
  "action_token_ids": [
    31835,
    31852,
    31916,
    31862,
    31850,
    31858,
    31744
  ],
  "mse_per_dim": [
    2.1488038912359776e-05,
    7.160670727684766e-06,
    1.3291654353049908e-05,
    9.031482676812862e-07,
    5.327463534925542e-07,
    6.588677614423772e-05,
    1.5378700499807656e-05
  ],
  "mse_mean": 1.7805962179759095e-05,
  "mse_spatial": 1.8210505793084336e-05,
  "mse_gripper": 1.5378700499807656e-05,
  "mse_per_dim_names": [
    "x",
    "y",
    "z",
    "roll",
    "pitch",
    "yaw",
    "gripper"
  ],
  "grounding": {
    "nouns": [
      "object",
      "pot"
    ],
    "num_boxes": 3,
    "num_patches": 80,
    "patch_coverage": 0.3125
  }
}