{
  "episode_id": 3,
  "step_id": 11,
  "instruction": "put the rectangle block on top of the red arch and yellow block",
  "condition": "pair_bgsup_resid",
  "condition_desc": "bg_sup(\u03b3=0.85) + resid(\u03b1=1.5)",
  "predicted_action": [
    1.4886919189882608e-05,
    -0.00010036269180919988,
    -0.008555652641636487,
    0.001776901878562484,
    0.03807155516743656,
    0.014439471323116071,
    0.1725490196078432
  ],
  "ground_truth_action": [
    -0.0026471191085875034,
    0.0011970538180321455,
    -0.002977007767185569,
    -0.0022468247916549444,
    0.009713397361338139,
    0.008446772582828999,
    1.0
  ],
  "action_token_ids": [
    31871,
    31871,
    31932,
    31870,
    31804,
    31862,
    31850
  ],
  "mse_per_dim": [
    7.086276091923137e-06,
    1.6832896000088979e-06,
    3.1121278635237505e-05,
    1.6190376316619033e-05,
    0.0008041851141555807,
    3.591243819183827e-05,
    0.6846751249519415
  ],
  "mse_mean": 0.09793875767499038,
  "mse_spatial": 0.00014936312883186793,
  "mse_gripper": 0.6846751249519415,
  "mse_per_dim_names": [
    "x",
    "y",
    "z",
    "roll",
    "pitch",
    "yaw",
    "gripper"
  ],
  "grounding": {
    "nouns": [
      "block",
      "top"
    ],
    "num_boxes": 4,
    "num_patches": 36,
    "patch_coverage": 0.140625
  }
}