{
  "episode_id": 5,
  "step_id": 1,
  "instruction": "take broccoli out of pan",
  "condition": "pair_bgsup_resid",
  "condition_desc": "bg_sup(\u03b3=0.85) + resid(\u03b1=1.5)",
  "predicted_action": [
    0.01857984894163465,
    -0.03862778133504531,
    0.019765302453409208,
    0.003054090336257184,
    -0.006809380210497831,
    0.07568779812490231,
    -0.03921568627450983
  ],
  "ground_truth_action": [
    0.0041030156426131725,
    -0.034149911254644394,
    0.0303002018481493,
    0.031654562801122665,
    0.0015200558118522167,
    0.04666576161980629,
    1.0
  ],
  "action_token_ids": [
    31788,
    31990,
    31823,
    31868,
    31871,
    31824,
    31877
  ],
  "mse_per_dim": [
    0.00020957870236765712,
    2.0051320456949715e-05,
    0.00011098410525729516,
    0.0008179870252135286,
    6.937950445042258e-05,
    0.0008422786029031261,
    1.0799692425990006
  ],
  "mse_mean": 0.15457707169423565,
  "mse_spatial": 0.00034504321010816325,
  "mse_gripper": 1.0799692425990006,
  "mse_per_dim_names": [
    "x",
    "y",
    "z",
    "roll",
    "pitch",
    "yaw",
    "gripper"
  ],
  "grounding": {
    "nouns": [
      "broccoli",
      "pan"
    ],
    "num_boxes": 2,
    "num_patches": 25,
    "patch_coverage": 0.09765625
  }
}