{
  "episode_id": 4,
  "step_id": 9,
  "instruction": "",
  "condition": "tri_bgsup_gripex_midlay",
  "condition_desc": "bg_sup(\u03b3=0.85) + gripex + L[12, 14, 16, 18, 20]",
  "predicted_action": [
    0.0009095838841269785,
    0.00022339712872219974,
    -0.0020600207391030696,
    -0.00013888080797956615,
    -0.02891491554589834,
    0.007992279028191218,
    0.0
  ],
  "ground_truth_action": [
    0.0006051000091247261,
    0.005082028917968273,
    0.0019462647615000606,
    -0.005013704765588045,
    0.01880308799445629,
    -0.12007778137922287,
    -0.0005698786117136478
  ],
  "action_token_ids": [
    31867,
    31870,
    31907,
    31873,
    31904,
    31866,
    31872
  ],
  "mse_per_dim": [
    9.271043013638729e-08,
    2.36063028634725e-05,
    1.6050323512342875e-05,
    2.3763908617673593e-05,
    0.002277007861877297,
    0.016401940372758692,
    3.247616320886746e-07
  ],
  "mse_mean": 0.0026775408916702437,
  "mse_spatial": 0.003123743580009936,
  "mse_gripper": 3.247616320886746e-07,
  "mse_per_dim_names": [
    "x",
    "y",
    "z",
    "roll",
    "pitch",
    "yaw",
    "gripper"
  ],
  "grounding": {
    "nouns": [],
    "num_boxes": 0,
    "num_patches": 0,
    "patch_coverage": 0.0
  }
}