{
  "episode_id": 5,
  "step_id": 7,
  "instruction": "take broccoli out of pan",
  "condition": "tri_bgsup_gripex_midlay",
  "condition_desc": "bg_sup(\u03b3=0.85) + gripex + L[12, 14, 16, 18, 20]",
  "predicted_action": [
    -0.004458597905495604,
    -0.02049723138528714,
    -0.01375215816366322,
    0.026043482574761898,
    0.02869344926756967,
    -0.0919392015431442,
    -0.07058823529411762
  ],
  "ground_truth_action": [
    -0.0016037420136854053,
    -0.007451200857758522,
    -0.020662514492869377,
    -0.0038058615755289793,
    0.031015120446681976,
    -0.016837893053889275,
    1.0
  ],
  "action_token_ids": [
    31891,
    31934,
    31952,
    31832,
    31818,
    31928,
    31881
  ],
  "mse_per_dim": [
    8.150202163003404e-06,
    0.00017019891252520865,
    4.7753024596599587e-05,
    0.0008909833462025042,
    5.390157063920723e-06,
    0.0056402065367982335,
    1.146159169550173
  ],
  "mse_mean": 0.16470312167564605,
  "mse_spatial": 0.001127113696558245,
  "mse_gripper": 1.146159169550173,
  "mse_per_dim_names": [
    "x",
    "y",
    "z",
    "roll",
    "pitch",
    "yaw",
    "gripper"
  ],
  "grounding": {
    "nouns": [
      "broccoli",
      "pan"
    ],
    "num_boxes": 4,
    "num_patches": 38,
    "patch_coverage": 0.1484375
  }
}