{
  "episode_id": 0,
  "step_id": 17,
  "instruction": "put small spoon from basket to tray",
  "condition": "tri_bgsup_gripex_midlay",
  "condition_desc": "bg_sup(\u03b3=0.85) + gripex + L[12, 14, 16, 18, 20]",
  "predicted_action": [
    -0.011839847866226657,
    -0.04154161971982787,
    0.008592815581051735,
    -0.03270718647919457,
    0.07759357288830414,
    -0.016184692077777035,
    -0.2823529411764706
  ],
  "ground_truth_action": [
    0.016243165358901024,
    -0.027687691152095795,
    -0.0025551500730216503,
    -0.1549290418624878,
    0.0016407300718128681,
    0.060231104493141174,
    0.0
  ],
  "action_token_ids": [
    31924,
    31999,
    31866,
    31924,
    31744,
    31881,
    31908
  ],
  "mse_per_dim": [
    0.0007886556318026962,
    0.000191931336759823,
    0.00012427713822439984,
    0.014938181933334642,
    0.005768834331906629,
    0.005839373965567956,
    0.07972318339100345
  ],
  "mse_mean": 0.015339205389799942,
  "mse_spatial": 0.004608542389599357,
  "mse_gripper": 0.07972318339100345,
  "mse_per_dim_names": [
    "x",
    "y",
    "z",
    "roll",
    "pitch",
    "yaw",
    "gripper"
  ],
  "grounding": {
    "nouns": [
      "spoon",
      "basket"
    ],
    "num_boxes": 3,
    "num_patches": 111,
    "patch_coverage": 0.43359375
  }
}