{
  "episode_id": 1,
  "step_id": 21,
  "instruction": "put the blue cube on the right side of the table on top of the rectangular block",
  "condition": "tri_bgsup_gripex_midlay",
  "condition_desc": "bg_sup(\u03b3=0.85) + gripex + L[12, 14, 16, 18, 20]",
  "predicted_action": [
    0.0015806066078298056,
    0.006698593539350123,
    -0.0018001954630017317,
    0.0004997134208677839,
    -0.0014504625534310367,
    0.024110259765503378,
    0.05490196078431375
  ],
  "ground_truth_action": [
    0.0039306944236159325,
    0.005674446001648903,
    -0.001499300473369658,
    0.0011738493340089917,
    -0.0055509088560938835,
    0.009311380796134472,
    0.0
  ],
  "action_token_ids": [
    31864,
    31850,
    31906,
    31872,
    31863,
    31856,
    31865
  ],
  "mse_per_dim": [
    5.522912741906409e-06,
    1.0488781789794717e-06,
    9.053779478568572e-08,
    4.5445922938673006e-07,
    1.681365988102141e-05,
    0.0002190068187500293,
    0.003014225297962325
  ],
  "mse_mean": 0.0004653089377912049,
  "mse_spatial": 4.04895444293515e-05,
  "mse_gripper": 0.003014225297962325,
  "mse_per_dim_names": [
    "x",
    "y",
    "z",
    "roll",
    "pitch",
    "yaw",
    "gripper"
  ],
  "grounding": {
    "nouns": [
      "cube",
      "side",
      "table",
      "top",
      "block"
    ],
    "num_boxes": 3,
    "num_patches": 256,
    "patch_coverage": 1.0
  }
}