{
  "episode_id": 9,
  "step_id": 16,
  "instruction": "Move the can in the middle bottom of the table",
  "condition": "tri_bgsup_gripex_midlay",
  "condition_desc": "bg_sup(\u03b3=0.85) + gripex + L[12, 14, 16, 18, 20]",
  "predicted_action": [
    0.0038173490201725453,
    -0.003014201076591762,
    0.0028766595068223273,
    -0.010994982698384559,
    -0.0014504625534310367,
    0.004768682880728764,
    -0.03137254901960784
  ],
  "ground_truth_action": [
    0.006088394206017256,
    0.003295032074674964,
    0.005659133195877075,
    -0.006593577563762665,
    -0.020915336906909943,
    0.015304246917366982,
    1.0
  ],
  "action_token_ids": [
    31854,
    31880,
    31888,
    31890,
    31863,
    31868,
    31876
  ],
  "mse_per_dim": [
    5.157646236148436e-06,
    3.980642295704306e-05,
    7.742159830281937e-06,
    1.9372367159075973e-05,
    0.00037888133359672085,
    0.00011099810957010457,
    1.0637293348712031
  ],
  "mse_mean": 0.15204161327293608,
  "mse_spatial": 9.365967322489581e-05,
  "mse_gripper": 1.0637293348712031,
  "mse_per_dim_names": [
    "x",
    "y",
    "z",
    "roll",
    "pitch",
    "yaw",
    "gripper"
  ],
  "grounding": {
    "nouns": [
      "can",
      "bottom",
      "table"
    ],
    "num_boxes": 1,
    "num_patches": 224,
    "patch_coverage": 0.875
  }
}