{
  "episode_id": 8,
  "step_id": 6,
  "instruction": "open the drawer",
  "condition": "tri_bgsup_gripex_midlay",
  "condition_desc": "bg_sup(\u03b3=0.85) + gripex + L[12, 14, 16, 18, 20]",
  "predicted_action": [
    0.011645947463372146,
    0.00022339712872219974,
    -0.00621722515672446,
    -0.0020546634945216302,
    -0.004129921381964441,
    0.014439471323116071,
    0.996078431372549
  ],
  "ground_truth_action": [
    0.0053087458945810795,
    -0.0007840382168069482,
    -0.005572720430791378,
    -0.0070840721018612385,
    0.007009762339293957,
    0.007339758332818747,
    1.0
  ],
  "action_token_ids": [
    31819,
    31870,
    31923,
    31876,
    31867,
    31862,
    31744
  ],
  "mse_per_dim": [
    4.016012372348796e-05,
    1.0149259754214337e-06,
    4.1538634175007666e-07,
    2.5294950939581736e-05,
    0.00012409255340966934,
    5.040592454459658e-05,
    1.5378700499807656e-05
  ],
  "mse_mean": 3.668036649061639e-05,
  "mse_spatial": 4.0230644155751186e-05,
  "mse_gripper": 1.5378700499807656e-05,
  "mse_per_dim_names": [
    "x",
    "y",
    "z",
    "roll",
    "pitch",
    "yaw",
    "gripper"
  ],
  "grounding": {
    "nouns": [
      "drawer"
    ],
    "num_boxes": 0,
    "num_patches": 0,
    "patch_coverage": 0.0
  }
}