{
  "episode_id": 6,
  "step_id": 38,
  "instruction": "Picked the piece of chocolate and put it into the drawer",
  "condition": "dim_gate",
  "condition_desc": "VAR only for z/pitch/yaw tokens + obj + SAM2 + L8-24",
  "predicted_action": [
    0.004358623209409395,
    0.004574552060512306,
    -0.0037067649206437674,
    0.017356356004602114,
    -0.008480116989812839,
    -0.008903268357971755,
    0.42578125
  ],
  "ground_truth_action": [
    -0.0025900586042553186,
    -0.002805190160870552,
    -0.0008934944635257125,
    0.0052380734123289585,
    0.006974669173359871,
    -0.011226337403059006,
    0.0
  ],
  "action_token_ids": [
    31851,
    31856,
    31913,
    31845,
    31873,
    31876,
    31817
  ],
  "mse_per_dim": [
    4.828417894755473e-05,
    5.44605952540608e-05,
    7.91449066489323e-06,
    0.0001468527729861906,
    0.00023885041534939464,
    5.396649788242589e-06,
    0.1812896728515625
  ],
  "mse_mean": 0.02597020456493612,
  "mse_spatial": 8.36265171650561e-05,
  "mse_gripper": 0.1812896728515625,
  "mse_per_dim_names": [
    "x",
    "y",
    "z",
    "roll",
    "pitch",
    "yaw",
    "gripper"
  ],
  "grounding": {
    "nouns": [
      "chocolate",
      "drawer"
    ],
    "num_patches": 16,
    "patch_coverage": 0.0625
  }
}