{
  "episode_id": 9,
  "step_id": 16,
  "instruction": "Move the can in the middle bottom of the table",
  "condition": "dim_gate",
  "condition_desc": "VAR only for z/pitch/yaw tokens + obj + SAM2 + L8-24",
  "predicted_action": [
    0.003690221668221038,
    -0.0031653311490663777,
    0.002763493419770377,
    -0.011268131401739198,
    -0.0018076365086017454,
    0.00394074754207388,
    0.01953125
  ],
  "ground_truth_action": [
    0.006088394206017256,
    0.003295032074674964,
    0.005659133195877075,
    -0.006593577563762665,
    -0.020915336906909943,
    0.015304246917366982,
    1.0
  ],
  "action_token_ids": [
    31854,
    31880,
    31888,
    31890,
    31863,
    31868,
    31869
  ],
  "mse_per_dim": [
    5.7512315210399516e-06,
    4.173629298266962e-05,
    8.38472971297125e-06,
    2.1851453584141138e-05,
    0.00036510421451150724,
    0.0001291291180522867,
    0.9613189697265625
  ],
  "mse_mean": 0.13741298953813244,
  "mse_spatial": 9.532617339410264e-05,
  "mse_gripper": 0.9613189697265625,
  "mse_per_dim_names": [
    "x",
    "y",
    "z",
    "roll",
    "pitch",
    "yaw",
    "gripper"
  ],
  "grounding": {
    "nouns": [
      "can",
      "table"
    ],
    "num_patches": 0,
    "patch_coverage": 0.0
  }
}