{
  "episode_id": 9,
  "step_id": 20,
  "instruction": "Move the can in the middle bottom of the table",
  "condition": "dim_gate",
  "condition_desc": "VAR only for z/pitch/yaw tokens + obj + SAM2 + L8-24",
  "predicted_action": [
    0.008369032456539551,
    0.009734474200231429,
    0.03356192312014171,
    -0.07233370453526733,
    0.013539068598183768,
    0.04889480319223358,
    0.03515625
  ],
  "ground_truth_action": [
    0.004808902740478516,
    0.007086038589477539,
    0.01661388948559761,
    0.02447732910513878,
    -0.06258054077625275,
    0.025781042873859406,
    1.0
  ],
  "action_token_ids": [
    31833,
    31840,
    31769,
    31986,
    31840,
    31840,
    31867
  ],
  "mse_per_dim": [
    1.267452359518083e-05,
    7.0142111843093276e-06,
    0.0002872358440776381,
    0.009372376234523843,
    0.005794194931316803,
    0.0005342459160552485,
    0.9309234619140625
  ],
  "mse_mean": 0.13527588622497363,
  "mse_spatial": 0.0026679569434588375,
  "mse_gripper": 0.9309234619140625,
  "mse_per_dim_names": [
    "x",
    "y",
    "z",
    "roll",
    "pitch",
    "yaw",
    "gripper"
  ],
  "grounding": {
    "nouns": [
      "can",
      "table"
    ],
    "num_patches": 0,
    "patch_coverage": 0.0
  }
}