{
  "episode_id": 7,
  "step_id": 25,
  "instruction": "Move the blue fork to the lower right burner",
  "condition": "dim_gate",
  "condition_desc": "VAR only for z/pitch/yaw tokens + obj + SAM2 + L8-24",
  "predicted_action": [
    -0.010346210696734498,
    -0.006712777620123275,
    0.019586165104847158,
    0.0052704613219246715,
    -0.04784775182895829,
    -0.01693077829550027,
    0.99609375
  ],
  "ground_truth_action": [
    -0.002240117872133851,
    0.005371208302676678,
    0.018433870747685432,
    -0.010600518435239792,
    -0.03895949199795723,
    0.039455197751522064,
    1.0
  ],
  "action_token_ids": [
    31917,
    31891,
    31823,
    31864,
    31932,
    31881,
    31744
  ],
  "mse_per_dim": [
    6.570874088104209e-05,
    0.00014602271578242744,
    1.327782285546754e-06,
    0.0002518879984523242,
    7.900116282338703e-05,
    0.0031793782947753765,
    1.52587890625e-05
  ],
  "mse_mean": 0.000534083640580372,
  "mse_spatial": 0.000620554449166684,
  "mse_gripper": 1.52587890625e-05,
  "mse_per_dim_names": [
    "x",
    "y",
    "z",
    "roll",
    "pitch",
    "yaw",
    "gripper"
  ],
  "grounding": {
    "nouns": [
      "fork",
      "burner"
    ],
    "num_patches": 9,
    "patch_coverage": 0.03515625
  }
}