{
  "episode_id": 8,
  "step_id": 3,
  "instruction": "open the drawer",
  "condition": "dim_gate",
  "condition_desc": "VAR only for z/pitch/yaw tokens + obj + SAM2 + L8-24",
  "predicted_action": [
    0.014607446840964235,
    0.0026395812581176334,
    -0.0021539029189443747,
    0.060611136974184535,
    -0.0198233338078717,
    -0.13413242338341663,
    0.99609375
  ],
  "ground_truth_action": [
    0.02527644857764244,
    0.0021075161639600992,
    -0.008969848975539207,
    0.026664940640330315,
    -0.05588327720761299,
    -0.030258363112807274,
    1.0
  ],
  "action_token_ids": [
    31805,
    31862,
    31907,
    31777,
    31890,
    31954,
    31744
  ],
  "mse_per_dim": [
    0.00011382759805724257,
    2.830932644208657e-07,
    4.6457120646410653e-05,
    0.0011523442455365776,
    0.0013003195179925456,
    0.010789820397102185,
    1.52587890625e-05
  ],
  "mse_mean": 0.001916901537380269,
  "mse_spatial": 0.0022338419954332305,
  "mse_gripper": 1.52587890625e-05,
  "mse_per_dim_names": [
    "x",
    "y",
    "z",
    "roll",
    "pitch",
    "yaw",
    "gripper"
  ],
  "grounding": {
    "nouns": [
      "drawer"
    ],
    "num_patches": 0,
    "patch_coverage": 0.0
  }
}