{
  "episode_id": 5,
  "step_id": 11,
  "instruction": "take broccoli out of pan",
  "condition": "dim_gate",
  "condition_desc": "VAR only for z/pitch/yaw tokens + obj + SAM2 + L8-24",
  "predicted_action": [
    0.0023534185858443205,
    5.962018825807214e-05,
    -0.009659402593824782,
    -0.021445726923993887,
    -0.027830310385325005,
    -0.00087575842044324,
    0.99609375
  ],
  "ground_truth_action": [
    0.0020504663698375225,
    -0.0015477301785722375,
    -0.014056033454835415,
    -0.010346455499529839,
    -0.029452603310346603,
    0.006996131502091885,
    1.0
  ],
  "action_token_ids": [
    31860,
    31870,
    31936,
    31906,
    31902,
    31871,
    31744
  ],
  "mse_per_dim": [
    9.178004518342956e-08,
    2.583575201749531e-06,
    1.93303629279911e-05,
    0.00012319382615392417,
    2.6318343345751334e-06,
    6.196665095251004e-05,
    1.52587890625e-05
  ],
  "mse_mean": 3.2150974096919055e-05,
  "mse_spatial": 3.496633826932223e-05,
  "mse_gripper": 1.52587890625e-05,
  "mse_per_dim_names": [
    "x",
    "y",
    "z",
    "roll",
    "pitch",
    "yaw",
    "gripper"
  ],
  "grounding": {
    "nouns": [
      "broccoli",
      "pan"
    ],
    "num_patches": 21,
    "patch_coverage": 0.08203125
  }
}