{
  "episode_id": 15,
  "step_id": 46,
  "instruction": "sweep into pile",
  "condition": "dim_gate",
  "condition_desc": "VAR only for z/pitch/yaw tokens + obj + SAM2 + L8-24",
  "predicted_action": [
    -0.0016569906612858322,
    0.040694007038546164,
    -0.0011186615844781117,
    0.03898374648939333,
    0.005532092020730461,
    0.0007297435670624575,
    0.05078125
  ],
  "ground_truth_action": [
    -0.01253358181566,
    0.07624967396259308,
    -0.010687915608286858,
    0.06520465761423111,
    0.047329239547252655,
    -0.019582606852054596,
    0.0
  ],
  "action_token_ids": [
    31878,
    31744,
    31903,
    31811,
    31852,
    31870,
    31865
  ],
  "mse_per_dim": [
    0.00011830023513941039,
    0.0012642054504137638,
    9.157062257217988e-05,
    0.0006875361802166416,
    0.0017470015413538604,
    0.00041259157954900473,
    0.0025787353515625
  ],
  "mse_mean": 0.0009857058515439087,
  "mse_spatial": 0.0007202009348741435,
  "mse_gripper": 0.0025787353515625,
  "mse_per_dim_names": [
    "x",
    "y",
    "z",
    "roll",
    "pitch",
    "yaw",
    "gripper"
  ],
  "grounding": {
    "nouns": [
      "pile"
    ],
    "num_patches": 0,
    "patch_coverage": 0.0
  }
}