{
  "episode_id": 11,
  "step_id": 39,
  "instruction": "bmbfbbfgjjg",
  "condition": "dim_gate",
  "condition_desc": "VAR only for z/pitch/yaw tokens + obj + SAM2 + L8-24",
  "predicted_action": [
    0.007700630915351187,
    -0.0002628749454743687,
    0.03071500945035949,
    0.03898374648939333,
    -0.0411752713477472,
    0.008757253504590973,
    0.99609375
  ],
  "ground_truth_action": [
    0.015480522997677326,
    -0.01799893192946911,
    0.007232501171529293,
    -0.04440350458025932,
    -0.05774082988500595,
    -0.053365450352430344,
    1.0
  ],
  "action_token_ids": [
    31836,
    31871,
    31780,
    31811,
    31922,
    31865,
    31744
  ],
  "mse_per_dim": [
    6.052672081264095e-05,
    0.00031456771733950857,
    0.0005514281950653288,
    0.006953433640953288,
    0.00027441772965134634,
    0.003859230334507171,
    1.52587890625e-05
  ],
  "mse_mean": 0.0017184090181988265,
  "mse_spatial": 0.0020022673897215474,
  "mse_gripper": 1.52587890625e-05,
  "mse_per_dim_names": [
    "x",
    "y",
    "z",
    "roll",
    "pitch",
    "yaw",
    "gripper"
  ],
  "grounding": {
    "nouns": [],
    "num_patches": 0,
    "patch_coverage": 0.0
  }
}