{
  "episode_id": 11,
  "step_id": 36,
  "instruction": "bmbfbbfgjjg",
  "condition": "dim_gate",
  "condition_desc": "VAR only for z/pitch/yaw tokens + obj + SAM2 + L8-24",
  "predicted_action": [
    0.011933840676210793,
    0.008121998531569204,
    0.019327354771230595,
    0.045980843410943426,
    0.05424119953357144,
    -0.06188483394565997,
    -0.15234375
  ],
  "ground_truth_action": [
    -0.009840035811066628,
    0.011312775313854218,
    0.008814477361738682,
    0.032224006950855255,
    0.016377562656998634,
    0.00021705999097321182,
    1.0
  ],
  "action_token_ids": [
    31817,
    31845,
    31824,
    31800,
    31779,
    31909,
    31891
  ],
  "mse_per_dim": [
    0.0004741016972832125,
    1.0181056474369107e-05,
    0.0001105205914270054,
    0.00018925054938961122,
    0.0014336549975209642,
    0.0038566452305168366,
    1.3278961181640625
  ],
  "mse_mean": 0.1905672103266678,
  "mse_spatial": 0.0010123923537686665,
  "mse_gripper": 1.3278961181640625,
  "mse_per_dim_names": [
    "x",
    "y",
    "z",
    "roll",
    "pitch",
    "yaw",
    "gripper"
  ],
  "grounding": {
    "nouns": [],
    "num_patches": 0,
    "patch_coverage": 0.0
  }
}