{
  "episode_id": 12,
  "step_id": 43,
  "instruction": "",
  "condition": "dim_gate",
  "condition_desc": "VAR only for z/pitch/yaw tokens + obj + SAM2 + L8-24",
  "predicted_action": [
    -0.0014341901475563822,
    0.025214240619388796,
    -0.008882971592975086,
    0.04025594592967516,
    -0.008480116989812839,
    0.016784763442119516,
    0.99609375
  ],
  "ground_truth_action": [
    0.003691571531817317,
    -0.003546059364452958,
    0.0029409995768219233,
    -0.0007235481753014028,
    -0.0056394473649561405,
    -0.01182137057185173,
    1.0
  ],
  "action_token_ids": [
    31877,
    31792,
    31933,
    31809,
    31873,
    31860,
    31744
  ],
  "mse_per_dim": [
    2.6273432793735885e-05,
    0.000827154855160568,
    0.00013980629422419085,
    0.0016793189370998087,
    8.069403917583495e-06,
    0.0008183109032252827,
    1.52587890625e-05
  ],
  "mse_mean": 0.0005020275164976672,
  "mse_spatial": 0.0005831556377368616,
  "mse_gripper": 1.52587890625e-05,
  "mse_per_dim_names": [
    "x",
    "y",
    "z",
    "roll",
    "pitch",
    "yaw",
    "gripper"
  ],
  "grounding": {
    "nouns": [],
    "num_patches": 0,
    "patch_coverage": 0.0
  }
}