{
  "episode_id": 16,
  "step_id": 2,
  "instruction": "move the pan to the left side of the stove",
  "condition": "dim_gate",
  "condition_desc": "VAR only for z/pitch/yaw tokens + obj + SAM2 + L8-24",
  "predicted_action": [
    0.004358623209409395,
    -0.039607281260832676,
    -0.007588919924892256,
    -0.02399012580455756,
    0.012204572501941555,
    -0.08757286574575122,
    -0.16796875
  ],
  "ground_truth_action": [
    0.006971022114157677,
    -0.045063406229019165,
    0.002430042251944542,
    -0.017176274210214615,
    -0.013600312173366547,
    -0.09449020028114319,
    1.0
  ],
  "action_token_ids": [
    31851,
    31993,
    31928,
    31910,
    31842,
    31925,
    31893
  ],
  "mse_per_dim": [
    6.824628037530021e-06,
    2.9769299668468014e-05,
    0.00010037960310088635,
    4.64285735497299e-05,
    0.0006658920731059509,
    4.784951707452636e-05,
    1.3641510009765625
  ],
  "mse_mean": 0.19500687781015708,
  "mse_spatial": 0.00014952394908951527,
  "mse_gripper": 1.3641510009765625,
  "mse_per_dim_names": [
    "x",
    "y",
    "z",
    "roll",
    "pitch",
    "yaw",
    "gripper"
  ],
  "grounding": {
    "nouns": [
      "pan",
      "stove"
    ],
    "num_patches": 43,
    "patch_coverage": 0.16796875
  }
}