{
  "episode_id": 11,
  "step_id": 26,
  "instruction": "bmbfbbfgjjg",
  "condition": "dim_gate",
  "condition_desc": "VAR only for z/pitch/yaw tokens + obj + SAM2 + L8-24",
  "predicted_action": [
    -0.012351415320299576,
    0.014249406072485662,
    0.025538802778028172,
    0.06760823389573463,
    -0.021825077952235025,
    0.010362755492096698,
    0.43359375
  ],
  "ground_truth_action": [
    -0.01914149709045887,
    0.03877955302596092,
    0.003953019622713327,
    0.010930151678621769,
    -0.0012836757814511657,
    0.05297066271305084,
    0.0
  ],
  "action_token_ids": [
    31926,
    31826,
    31800,
    31766,
    31893,
    31864,
    31816
  ],
  "mse_per_dim": [
    4.610521044544957e-05,
    0.0006017281095590916,
    0.0004659460344282741,
    0.003212405003809805,
    0.00042194920314188387,
    0.0018154337577494363,
    0.1880035400390625
  ],
  "mse_mean": 0.02779530105117092,
  "mse_spatial": 0.0010939278865223234,
  "mse_gripper": 0.1880035400390625,
  "mse_per_dim_names": [
    "x",
    "y",
    "z",
    "roll",
    "pitch",
    "yaw",
    "gripper"
  ],
  "grounding": {
    "nouns": [],
    "num_patches": 0,
    "patch_coverage": 0.0
  }
}