{
  "episode_id": 15,
  "step_id": 27,
  "instruction": "sweep into pile",
  "condition": "dim_gate",
  "condition_desc": "VAR only for z/pitch/yaw tokens + obj + SAM2 + L8-24",
  "predicted_action": [
    -0.0009885891200974752,
    0.040694007038546164,
    -0.0013774719180946748,
    0.028806150967138636,
    -0.008480116989812839,
    0.09545436082989897,
    0.11328125
  ],
  "ground_truth_action": [
    -0.010356918908655643,
    0.07386476546525955,
    -0.0014964797301217914,
    0.0589776486158371,
    0.008149737492203712,
    0.035986386239528656,
    0.0
  ],
  "action_token_ids": [
    31875,
    31744,
    31904,
    31827,
    31873,
    31811,
    31857
  ],
  "mse_per_dim": [
    8.776560302718633e-05,
    0.0011002992146033773,
    1.41628593234815e-08,
    0.0009103192703654168,
    0.000276552060093046,
    0.0035364400018809295,
    0.0128326416015625
  ],
  "mse_mean": 0.002677718844913111,
  "mse_spatial": 0.00098523171880488,
  "mse_gripper": 0.0128326416015625,
  "mse_per_dim_names": [
    "x",
    "y",
    "z",
    "roll",
    "pitch",
    "yaw",
    "gripper"
  ],
  "grounding": {
    "nouns": [
      "pile"
    ],
    "num_patches": 0,
    "patch_coverage": 0.0
  }
}