{
  "episode_id": 14,
  "step_id": 7,
  "instruction": "move the silver pot to the lower right burner",
  "condition": "dim_gate",
  "condition_desc": "VAR only for z/pitch/yaw tokens + obj + SAM2 + L8-24",
  "predicted_action": [
    -0.002548192716203646,
    0.0007046104557229677,
    -0.007588919924892256,
    0.034531048448406904,
    -0.047180503780837185,
    -0.029774794195545906,
    0.63671875
  ],
  "ground_truth_action": [
    0.008137921802699566,
    -0.0015589133836328983,
    -0.006497031543403864,
    -0.008106213994324207,
    0.0441843718290329,
    -0.08958621323108673,
    1.0
  ],
  "action_token_ids": [
    31882,
    31868,
    31928,
    31818,
    31931,
    31889,
    31790
  ],
  "mse_per_dim": [
    0.00011419304351111403,
    5.12354017133232e-06,
    1.1922202376293406e-06,
    0.001817936148610329,
    0.008347540495207034,
    0.0035774058470450553,
    0.1319732666015625
  ],
  "mse_mean": 0.020833808270906425,
  "mse_spatial": 0.002310565215797082,
  "mse_gripper": 0.1319732666015625,
  "mse_per_dim_names": [
    "x",
    "y",
    "z",
    "roll",
    "pitch",
    "yaw",
    "gripper"
  ],
  "grounding": {
    "nouns": [
      "pot",
      "burner"
    ],
    "num_patches": 46,
    "patch_coverage": 0.1796875
  }
}