{
  "episode_id": 11,
  "step_id": 14,
  "instruction": "bmbfbbfgjjg",
  "condition": "dim_gate",
  "condition_desc": "VAR only for z/pitch/yaw tokens + obj + SAM2 + L8-24",
  "predicted_action": [
    0.00168501704465596,
    0.0013496007231878562,
    0.0019870624189206806,
    -0.02335402608441664,
    -0.010481861134176165,
    0.0007297435670624575,
    -0.01171875
  ],
  "ground_truth_action": [
    0.0007671295898035169,
    -0.0004765589546877891,
    -0.0005604847683571279,
    -0.00423510791733861,
    -0.00030914609669707716,
    0.0036054200027137995,
    0.0
  ],
  "action_token_ids": [
    31863,
    31866,
    31891,
    31909,
    31876,
    31870,
    31873
  ],
  "mse_per_dim": [
    8.425173797754957e-07,
    3.3348591690988806e-06,
    6.489996671407074e-06,
    0.00036553303187942637,
    0.00010348413123375317,
    8.269514962560407e-06,
    0.0001373291015625
  ],
  "mse_mean": 8.932616469407449e-05,
  "mse_spatial": 8.132567521600358e-05,
  "mse_gripper": 0.0001373291015625,
  "mse_per_dim_names": [
    "x",
    "y",
    "z",
    "roll",
    "pitch",
    "yaw",
    "gripper"
  ],
  "grounding": {
    "nouns": [],
    "num_patches": 0,
    "patch_coverage": 0.0
  }
}