{
  "episode_id": 12,
  "step_id": 10,
  "instruction": "",
  "condition": "dim_gate",
  "condition_desc": "VAR only for z/pitch/yaw tokens + obj + SAM2 + L8-24",
  "predicted_action": [
    -0.0012113896338269287,
    0.0039295617930474175,
    -0.014317988598922969,
    0.015448056844179353,
    0.03956174247490703,
    0.04568379921722218,
    0.30078125
  ],
  "ground_truth_action": [
    -0.012484506703913212,
    -0.012054750695824623,
    -0.011247740127146244,
    0.0004737354174721986,
    -0.004337775055319071,
    0.05903792753815651,
    0.9943496584892273
  ],
  "action_token_ids": [
    31876,
    31858,
    31954,
    31848,
    31801,
    31842,
    31833
  ],
  "mse_per_dim": [
    0.00012708316847587074,
    0.0002554982457419107,
    9.426425678447314e-06,
    0.000224230302190341,
    0.0019271676393866285,
    0.00017833274321198028,
    0.48103713725427966
  ],
  "mse_mean": 0.0691084108255664,
  "mse_spatial": 0.00045362308744752974,
  "mse_gripper": 0.48103713725427966,
  "mse_per_dim_names": [
    "x",
    "y",
    "z",
    "roll",
    "pitch",
    "yaw",
    "gripper"
  ],
  "grounding": {
    "nouns": [],
    "num_patches": 0,
    "patch_coverage": 0.0
  }
}