{
  "episode_id": 17,
  "step_id": 19,
  "instruction": "",
  "condition": "dim_gate",
  "condition_desc": "VAR only for z/pitch/yaw tokens + obj + SAM2 + L8-24",
  "predicted_action": [
    -0.00032018757890911465,
    0.011346949868893653,
    -8.342025001184528e-05,
    -0.006815433360752771,
    -0.001140388460480632,
    0.02481227337964803,
    -0.00390625
  ],
  "ground_truth_action": [
    -0.016085898503661156,
    0.025973500683903694,
    0.029604429379105568,
    -0.034174516797065735,
    0.00021554470004048198,
    0.051951706409454346,
    0.0
  ],
  "action_token_ids": [
    31872,
    31835,
    31899,
    31883,
    31862,
    31855,
    31872
  ],
  "mse_per_dim": [
    0.00024855764096284584,
    0.0002139359887440709,
    0.000881368415601087,
    0.0007485194464751344,
    1.8385547358007768e-06,
    0.0007365488251793419,
    1.52587890625e-05
  ],
  "mse_mean": 0.00040657538010868303,
  "mse_spatial": 0.00047179481194971356,
  "mse_gripper": 1.52587890625e-05,
  "mse_per_dim_names": [
    "x",
    "y",
    "z",
    "roll",
    "pitch",
    "yaw",
    "gripper"
  ],
  "grounding": {
    "nouns": [],
    "num_patches": 0,
    "patch_coverage": 0.0
  }
}