{
  "episode_id": 19,
  "step_id": 42,
  "instruction": "",
  "condition": "dim_gate",
  "condition_desc": "VAR only for z/pitch/yaw tokens + obj + SAM2 + L8-24",
  "predicted_action": [
    -0.0038849957985803638,
    0.002962076391850081,
    -0.007071299257659126,
    0.010995358803192926,
    0.004197595924488234,
    -0.018536280283005968,
    0.99609375
  ],
  "ground_truth_action": [
    -0.00589859951287508,
    0.010749575681984425,
    0.00026162693393416703,
    -0.008357529528439045,
    -0.0009318210068158805,
    -0.05352870747447014,
    1.0
  ],
  "action_token_ids": [
    31888,
    31861,
    31926,
    31855,
    31854,
    31882,
    31744
  ],
  "mse_per_dim": [
    4.054599918221478e-06,
    6.0645145193842903e-05,
    5.3771806531354924e-05,
    0.0003745342867766169,
    2.6310918055149324e-05,
    0.001224469960749921,
    1.52587890625e-05
  ],
  "mse_mean": 0.0002512922151839438,
  "mse_spatial": 0.00029063111953751776,
  "mse_gripper": 1.52587890625e-05,
  "mse_per_dim_names": [
    "x",
    "y",
    "z",
    "roll",
    "pitch",
    "yaw",
    "gripper"
  ],
  "grounding": {
    "nouns": [],
    "num_patches": 0,
    "patch_coverage": 0.0
  }
}