{
  "episode_id": 12,
  "step_id": 22,
  "instruction": "",
  "condition": "dim_gate",
  "condition_desc": "VAR only for z/pitch/yaw tokens + obj + SAM2 + L8-24",
  "predicted_action": [
    -0.010569011210463952,
    -0.012195194893574842,
    -0.020270626272103985,
    -0.04116481824836235,
    0.024215037368121514,
    -0.024958288233028786,
    0.27734375
  ],
  "ground_truth_action": [
    0.007646265439689159,
    -0.023193204775452614,
    -0.0028138712514191866,
    -0.0007417026208713651,
    0.00013022949860896915,
    0.05942986533045769,
    -0.007519416511058807
  ],
  "action_token_ids": [
    31918,
    31908,
    31977,
    31937,
    31824,
    31886,
    31836
  ],
  "mse_per_dim": [
    0.0003317963034416131,
    0.00012095622136188112,
    0.00030473829585220394,
    0.001634028277033506,
    0.0005800779701113334,
    0.007121360461854575,
    0.08114702363470722
  ],
  "mse_mean": 0.013034283023480333,
  "mse_spatial": 0.0016821595882758518,
  "mse_gripper": 0.08114702363470722,
  "mse_per_dim_names": [
    "x",
    "y",
    "z",
    "roll",
    "pitch",
    "yaw",
    "gripper"
  ],
  "grounding": {
    "nouns": [],
    "num_patches": 0,
    "patch_coverage": 0.0
  }
}