{
  "episode_id": 15,
  "step_id": 8,
  "instruction": "sweep into pile",
  "condition": "dim_gate",
  "condition_desc": "VAR only for z/pitch/yaw tokens + obj + SAM2 + L8-24",
  "predicted_action": [
    -0.0016569906612858322,
    -0.005422797085193491,
    -0.0148356092661561,
    -0.025898424964980314,
    0.0228805412718793,
    0.013573759467108093,
    -0.21484375
  ],
  "ground_truth_action": [
    0.001190504408441484,
    -0.00022718647960573435,
    -0.01777259074151516,
    0.0018059383146464825,
    0.03548102080821991,
    -0.005104877054691315,
    1.0
  ],
  "action_token_ids": [
    31878,
    31887,
    31956,
    31913,
    31826,
    31862,
    31899
  ],
  "mse_per_dim": [
    8.108228172121374e-06,
    2.6994369564895978e-05,
    8.625860186602277e-06,
    0.0007675317447295336,
    0.00015877208454573844,
    0.00034889146231349867,
    1.4758453369140625
  ],
  "mse_mean": 0.21102346580908213,
  "mse_spatial": 0.00021982062491873172,
  "mse_gripper": 1.4758453369140625,
  "mse_per_dim_names": [
    "x",
    "y",
    "z",
    "roll",
    "pitch",
    "yaw",
    "gripper"
  ],
  "grounding": {
    "nouns": [
      "pile"
    ],
    "num_patches": 91,
    "patch_coverage": 0.35546875
  }
}