{
  "episode_id": 13,
  "step_id": 47,
  "instruction": "",
  "condition": "dim_gate",
  "condition_desc": "VAR only for z/pitch/yaw tokens + obj + SAM2 + L8-24",
  "predicted_action": [
    -0.0038849957985803638,
    0.011669445002626101,
    0.01182185509635018,
    0.014175857403897527,
    -0.04050802329962609,
    -0.0024812604079489375,
    0.99609375
  ],
  "ground_truth_action": [
    0.004534189589321613,
    -0.004242652095854282,
    0.0006217131740413606,
    0.0010576071217656136,
    -0.0017339643090963364,
    0.035361398011446,
    0.9961671829223633
  ],
  "action_token_ids": [
    31888,
    31834,
    31853,
    31850,
    31921,
    31872,
    31744
  ],
  "mse_per_dim": [
    7.088268259586216e-05,
    0.00025319483407146786,
    0.00012544317907985951,
    0.000172088490464654,
    0.0015034276506010814,
    0.0014320667962470024,
    5.3923940868116915e-09
  ],
  "mse_mean": 0.0005081584322077163,
  "mse_spatial": 0.0005928506055099879,
  "mse_gripper": 5.3923940868116915e-09,
  "mse_per_dim_names": [
    "x",
    "y",
    "z",
    "roll",
    "pitch",
    "yaw",
    "gripper"
  ],
  "grounding": {
    "nouns": [],
    "num_patches": 0,
    "patch_coverage": 0.0
  }
}