{
  "episode_id": 10,
  "step_id": 16,
  "instruction": "end effector reaching pot or pan",
  "condition": "dim_gate",
  "condition_desc": "VAR only for z/pitch/yaw tokens + obj + SAM2 + L8-24",
  "predicted_action": [
    -0.0036621952848509103,
    0.007477008264104315,
    -0.0073301095912756895,
    0.03262274928798414,
    0.014873564694425995,
    -0.01693077829550027,
    -0.12890625
  ],
  "ground_truth_action": [
    -0.004694983828812838,
    0.01185600832104683,
    -0.00015257949416991323,
    0.030477851629257202,
    -0.001833336311392486,
    0.009487852454185486,
    1.0
  ],
  "action_token_ids": [
    31887,
    31847,
    31927,
    31821,
    31838,
    31881,
    31888
  ],
  "mse_per_dim": [
    1.066652176538998e-06,
    1.9175641498702542e-05,
    5.1516938294859256e-05,
    4.6005859664123125e-06,
    0.00027912054121821857,
    0.0006979440506882418,
    1.2744293212890625
  ],
  "mse_mean": 0.18221182081412937,
  "mse_spatial": 0.00017557073497382895,
  "mse_gripper": 1.2744293212890625,
  "mse_per_dim_names": [
    "x",
    "y",
    "z",
    "roll",
    "pitch",
    "yaw",
    "gripper"
  ],
  "grounding": {
    "nouns": [
      "pot"
    ],
    "num_patches": 13,
    "patch_coverage": 0.05078125
  }
}