{
  "episode_id": 19,
  "step_id": 35,
  "instruction": "",
  "condition": "dim_gate",
  "condition_desc": "VAR only for z/pitch/yaw tokens + obj + SAM2 + L8-24",
  "predicted_action": [
    0.004358623209409395,
    0.001994590990652745,
    0.009492562093801091,
    0.003998261881642831,
    -0.010481861134176165,
    0.008757253504590973,
    -0.00390625
  ],
  "ground_truth_action": [
    -0.0009187701507471502,
    -0.12553898990154266,
    0.08075188100337982,
    -0.0015452314401045442,
    0.011251138523221016,
    0.1449737846851349,
    1.0
  ],
  "action_token_ids": [
    31851,
    31864,
    31862,
    31866,
    31876,
    31865,
    31872
  ],
  "mse_per_dim": [
    2.785088067782439e-05,
    0.01626481425518615,
    0.005077890531457045,
    3.073031820825775e-05,
    0.000472323274108426,
    0.018554943366860092,
    1.0078277587890625
  ],
  "mse_mean": 0.14975090163079433,
  "mse_spatial": 0.006738092104416299,
  "mse_gripper": 1.0078277587890625,
  "mse_per_dim_names": [
    "x",
    "y",
    "z",
    "roll",
    "pitch",
    "yaw",
    "gripper"
  ],
  "grounding": {
    "nouns": [],
    "num_patches": 0,
    "patch_coverage": 0.0
  }
}