{
  "episode_id": 15,
  "step_id": 64,
  "instruction": "sweep into pile",
  "condition": "dim_gate",
  "condition_desc": "VAR only for z/pitch/yaw tokens + obj + SAM2 + L8-24",
  "predicted_action": [
    0.002576219099573774,
    -0.0002628749454743687,
    0.0006930107508378511,
    0.000817763280938244,
    0.005532092020730461,
    0.013573759467108093,
    -0.01953125
  ],
  "ground_truth_action": [
    -0.005170290824025869,
    0.030516082420945168,
    -0.0019451138796284795,
    0.0516437329351902,
    0.006051540374755859,
    0.060885991901159286,
    0.0
  ],
  "action_token_ids": [
    31859,
    31871,
    31896,
    31871,
    31852,
    31862,
    31874
  ],
  "mse_per_dim": [
    6.0008415996427754e-05,
    0.0009473442165638715,
    6.959701565873113e-06,
    0.0025832791912949408,
    2.6982659249969523e-07,
    0.002238447337893686,
    0.0003814697265625
  ],
  "mse_mean": 0.0008882540594956854,
  "mse_spatial": 0.0009727181149845497,
  "mse_gripper": 0.0003814697265625,
  "mse_per_dim_names": [
    "x",
    "y",
    "z",
    "roll",
    "pitch",
    "yaw",
    "gripper"
  ],
  "grounding": {
    "nouns": [
      "pile"
    ],
    "num_patches": 6,
    "patch_coverage": 0.0234375
  }
}