{
  "episode_id": 15,
  "step_id": 87,
  "instruction": "sweep into pile",
  "condition": "dim_gate",
  "condition_desc": "VAR only for z/pitch/yaw tokens + obj + SAM2 + L8-24",
  "predicted_action": [
    -0.012351415320299576,
    -0.04154225206322735,
    0.010786613761883921,
    0.07142483221658015,
    -0.020490581855992812,
    -0.077939853820717,
    -0.51171875
  ],
  "ground_truth_action": [
    0.0,
    0.0,
    0.0,
    0.0,
    0.0,
    0.0,
    1.0
  ],
  "action_token_ids": [
    31926,
    31999,
    31857,
    31760,
    31891,
    31919,
    31937
  ],
  "mse_per_dim": [
    0.00015255746041453107,
    0.0017257587064847168,
    0.0001163510364480636,
    0.005101506657166625,
    0.00041986394479714186,
    0.006074620813594734,
    2.2852935791015625
  ],
  "mse_mean": 0.3284120339600669,
  "mse_spatial": 0.002265109769817636,
  "mse_gripper": 2.2852935791015625,
  "mse_per_dim_names": [
    "x",
    "y",
    "z",
    "roll",
    "pitch",
    "yaw",
    "gripper"
  ],
  "grounding": {
    "nouns": [
      "pile"
    ],
    "num_patches": 9,
    "patch_coverage": 0.03515625
  }
}