{
  "episode_id": 13,
  "step_id": 33,
  "instruction": "",
  "condition": "dim_gate",
  "condition_desc": "VAR only for z/pitch/yaw tokens + obj + SAM2 + L8-24",
  "predicted_action": [
    0.003021820127032681,
    -0.020580068370618414,
    0.0169980617686815,
    -0.02971502328582582,
    0.0015286037320037943,
    0.044078297229716484,
    0.48828125
  ],
  "ground_truth_action": [
    -0.005711337085813284,
    -0.011831352487206459,
    -0.01042946521192789,
    0.013525551185011864,
    0.0025381206069141626,
    0.06494254618883133,
    -0.002102007856592536
  ],
  "action_token_ids": [
    31857,
    31934,
    31833,
    31919,
    31858,
    31843,
    31809
  ],
  "mse_per_dim": [
    7.62680349042835e-05,
    7.654002960866464e-05,
    0.000752269236272056,
    0.0018697472805680598,
    1.0191243207287963e-06,
    0.0004353168846279249,
    0.24047573958604532
  ],
  "mse_mean": 0.03481241431090672,
  "mse_spatial": 0.000535193431716953,
  "mse_gripper": 0.24047573958604532,
  "mse_per_dim_names": [
    "x",
    "y",
    "z",
    "roll",
    "pitch",
    "yaw",
    "gripper"
  ],
  "grounding": {
    "nouns": [],
    "num_patches": 0,
    "patch_coverage": 0.0
  }
}