{
  "episode_id": 10,
  "step_id": 3,
  "instruction": "end effector reaching pot or pan",
  "condition": "dim_gate",
  "condition_desc": "VAR only for z/pitch/yaw tokens + obj + SAM2 + L8-24",
  "predicted_action": [
    -0.004776197853498174,
    -0.020580068370618414,
    -0.001895092585327808,
    0.02562565236643405,
    0.03288926199369595,
    0.06494982306729061,
    0.99609375
  ],
  "ground_truth_action": [
    0.0024213220458477736,
    -0.03892567753791809,
    0.005010533146560192,
    -0.017558718100190163,
    0.013664962723851204,
    0.08467116951942444,
    1.0
  ],
  "action_token_ids": [
    31892,
    31934,
    31906,
    31832,
    31811,
    31830,
    31744
  ],
  "mse_per_dim": [
    5.1804292701480906e-05,
    0.0003365613757193099,
    4.7687666748913675e-05,
    0.0018648898525986453,
    0.00036957368241655316,
    0.00038893150588509165,
    1.52587890625e-05
  ],
  "mse_mean": 0.0004392438807332135,
  "mse_spatial": 0.0005099080626783324,
  "mse_gripper": 1.52587890625e-05,
  "mse_per_dim_names": [
    "x",
    "y",
    "z",
    "roll",
    "pitch",
    "yaw",
    "gripper"
  ],
  "grounding": {
    "nouns": [
      "pot"
    ],
    "num_patches": 14,
    "patch_coverage": 0.0546875
  }
}