{
  "episode_id": 17,
  "step_id": 4,
  "instruction": "",
  "condition": "dim_gate",
  "condition_desc": "VAR only for z/pitch/yaw tokens + obj + SAM2 + L8-24",
  "predicted_action": [
    0.001239416017197053,
    -0.0063902824863908275,
    0.009492562093801091,
    -0.013812530282302865,
    -0.005811124797328399,
    0.005546249529579578,
    0.99609375
  ],
  "ground_truth_action": [
    0.02759663574397564,
    -0.050632502883672714,
    -0.0011875787749886513,
    -0.002460320945829153,
    0.048201918601989746,
    -0.2516649663448334,
    1.0
  ],
  "action_token_ids": [
    31865,
    31890,
    31862,
    31894,
    31869,
    31867,
    31744
  ],
  "mse_per_dim": [
    0.0006947030317256863,
    0.0019573740656816654,
    0.00011406540897719292,
    0.0001288726568191209,
    0.0029174088572566253,
    0.06615760957159388,
    1.52587890625e-05
  ],
  "mse_mean": 0.010283613197302382,
  "mse_spatial": 0.011995005598675695,
  "mse_gripper": 1.52587890625e-05,
  "mse_per_dim_names": [
    "x",
    "y",
    "z",
    "roll",
    "pitch",
    "yaw",
    "gripper"
  ],
  "grounding": {
    "nouns": [],
    "num_patches": 0,
    "patch_coverage": 0.0
  }
}