{
  "episode_id": 18,
  "step_id": 42,
  "instruction": "Pick up the blue fork and place it on the left of the pot",
  "condition": "dim_gate",
  "condition_desc": "VAR only for z/pitch/yaw tokens + obj + SAM2 + L8-24",
  "predicted_action": [
    0.003690221668221038,
    0.0003821153219905199,
    0.006386838090402299,
    -0.013176430562161959,
    -0.002474884556722859,
    0.011968257479602395,
    -0.00390625
  ],
  "ground_truth_action": [
    0.0004617928934749216,
    0.0007610264583490789,
    0.0007397121516987681,
    -0.0020457899663597345,
    -0.0009881288278847933,
    -0.004523504059761763,
    1.0
  ],
  "action_token_ids": [
    31854,
    31869,
    31874,
    31893,
    31864,
    31863,
    31872
  ],
  "mse_per_dim": [
    1.042275235360871e-05,
    1.435736492565345e-07,
    3.1890031367578234e-05,
    0.0001238911600729205,
    2.2104425972328077e-06,
    0.00027197819867125087,
    1.0078277587890625
  ],
  "mse_mean": 0.14403832784968204,
  "mse_spatial": 7.342269311864127e-05,
  "mse_gripper": 1.0078277587890625,
  "mse_per_dim_names": [
    "x",
    "y",
    "z",
    "roll",
    "pitch",
    "yaw",
    "gripper"
  ],
  "grounding": {
    "nouns": [
      "fork",
      "pot"
    ],
    "num_patches": 17,
    "patch_coverage": 0.06640625
  }
}