{
  "episode_id": 17,
  "step_id": 17,
  "instruction": "",
  "condition": "dim_gate",
  "condition_desc": "VAR only for z/pitch/yaw tokens + obj + SAM2 + L8-24",
  "predicted_action": [
    0.003690221668221038,
    0.012959425537555878,
    0.00017539008360471786,
    -0.008723732521175531,
    -0.007145620893570626,
    0.12435339660500164,
    -0.00390625
  ],
  "ground_truth_action": [
    -0.004617870785295963,
    0.011440915055572987,
    0.019387520849704742,
    -0.040509242564439774,
    0.006906186230480671,
    0.02878878451883793,
    0.0
  ],
  "action_token_ids": [
    31854,
    31830,
    31898,
    31886,
    31871,
    31793,
    31872
  ],
  "mse_per_dim": [
    6.902440021618614e-05,
    2.305874083891914e-06,
    0.00036910596857372713,
    0.001010318648710452,
    0.00019745328345153877,
    0.009132595083178947,
    1.52587890625e-05
  ],
  "mse_mean": 0.0015422945781824633,
  "mse_spatial": 0.0017968005430357905,
  "mse_gripper": 1.52587890625e-05,
  "mse_per_dim_names": [
    "x",
    "y",
    "z",
    "roll",
    "pitch",
    "yaw",
    "gripper"
  ],
  "grounding": {
    "nouns": [],
    "num_patches": 0,
    "patch_coverage": 0.0
  }
}