{
  "episode_id": 11,
  "step_id": 37,
  "instruction": "bmbfbbfgjjg",
  "condition": "dim_gate",
  "condition_desc": "VAR only for z/pitch/yaw tokens + obj + SAM2 + L8-24",
  "predicted_action": [
    -0.009232208128087234,
    0.01231443527009099,
    -0.0034479545870272042,
    0.02626175208657497,
    -0.006478372845449512,
    -0.008903268357971755,
    -0.00390625
  ],
  "ground_truth_action": [
    -0.008319462649524212,
    0.013513000681996346,
    0.008074472658336163,
    0.04205354303121567,
    0.028235968202352524,
    -0.015312082134187222,
    1.0
  ],
  "action_token_ids": [
    31912,
    31832,
    31912,
    31831,
    31870,
    31876,
    31872
  ],
  "mse_per_dim": [
    8.331043086372402e-07,
    1.436559046615855e-06,
    0.00013276632962469203,
    0.000249380661239236,
    0.0012050854743831134,
    4.107289401820914e-05,
    1.0078277587890625
  ],
  "mse_mean": 0.144208333401669,
  "mse_spatial": 0.00027176250377008396,
  "mse_gripper": 1.0078277587890625,
  "mse_per_dim_names": [
    "x",
    "y",
    "z",
    "roll",
    "pitch",
    "yaw",
    "gripper"
  ],
  "grounding": {
    "nouns": [],
    "num_patches": 0,
    "patch_coverage": 0.0
  }
}