{
  "episode_id": 15,
  "step_id": 11,
  "instruction": "sweep into pile",
  "condition": "dim_gate",
  "condition_desc": "VAR only for z/pitch/yaw tokens + obj + SAM2 + L8-24",
  "predicted_action": [
    -0.0014341901475563822,
    -0.0002628749454743687,
    0.008974941426567958,
    0.0014538630010791642,
    -0.011149109182297279,
    0.029628779342165124,
    -0.00390625
  ],
  "ground_truth_action": [
    -0.0004138262593187392,
    -0.006148752756416798,
    0.008592571131885052,
    -0.013660133816301823,
    -0.002235485939309001,
    -0.011230895295739174,
    0.0
  ],
  "action_token_ids": [
    31877,
    31871,
    31864,
    31870,
    31877,
    31852,
    31872
  ],
  "mse_per_dim": [
    1.0411424644194411e-06,
    3.464355760534444e-05,
    1.4620704225589273e-07,
    0.0002284328997958026,
    7.945267931794086e-05,
    0.0016695130115153996,
    1.52587890625e-05
  ],
  "mse_mean": 0.00028978404097195187,
  "mse_spatial": 0.00033553824962352717,
  "mse_gripper": 1.52587890625e-05,
  "mse_per_dim_names": [
    "x",
    "y",
    "z",
    "roll",
    "pitch",
    "yaw",
    "gripper"
  ],
  "grounding": {
    "nouns": [
      "pile"
    ],
    "num_patches": 0,
    "patch_coverage": 0.0
  }
}