{
  "episode_id": 13,
  "step_id": 19,
  "instruction": "",
  "condition": "dim_gate",
  "condition_desc": "VAR only for z/pitch/yaw tokens + obj + SAM2 + L8-24",
  "predicted_action": [
    -0.005221798880957081,
    -0.006712777620123275,
    0.015186389433365536,
    0.014175857403897527,
    -0.033168294770293885,
    0.0023352455545681827,
    -0.65234375
  ],
  "ground_truth_action": [
    0.0025672263000160456,
    -0.0010115638142451644,
    0.03325582668185234,
    0.021370526403188705,
    -0.058419886976480484,
    -0.47787362337112427,
    -0.001672899117693305
  ],
  "action_token_ids": [
    31894,
    31891,
    31840,
    31850,
    31910,
    31869,
    31955
  ],
  "mse_per_dim": [
    6.066891326983345e-05,
    3.2503838860335176e-05,
    0.0003265045624770024,
    5.176326200936153e-05,
    0.0006376429089475438,
    0.23060055779489289,
    0.423372556187905
  ],
  "mse_mean": 0.09358317106690885,
  "mse_spatial": 0.038618273546742826,
  "mse_gripper": 0.423372556187905,
  "mse_per_dim_names": [
    "x",
    "y",
    "z",
    "roll",
    "pitch",
    "yaw",
    "gripper"
  ],
  "grounding": {
    "nouns": [],
    "num_patches": 0,
    "patch_coverage": 0.0
  }
}