{
  "episode_id": 17,
  "step_id": 32,
  "instruction": "",
  "condition": "dim_gate",
  "condition_desc": "VAR only for z/pitch/yaw tokens + obj + SAM2 + L8-24",
  "predicted_action": [
    0.004358623209409395,
    -0.02090256350435086,
    -0.0034479545870272042,
    -0.004271034480189104,
    0.0015286037320037943,
    -0.034591300158063,
    -0.06640625
  ],
  "ground_truth_action": [
    0.00039922833093442023,
    -0.00014950741024222225,
    -0.0031414637342095375,
    0.0023840765934437513,
    0.0076963468454778194,
    -0.007872804068028927,
    0.0
  ],
  "action_token_ids": [
    31851,
    31935,
    31912,
    31879,
    31858,
    31892,
    31880
  ],
  "mse_per_dim": [
    1.567680780369386e-05,
    0.0004306893372452196,
    9.393664286090064e-08,
    4.429050340239065e-05,
    3.8041055113806264e-05,
    0.000713878033313166,
    0.0044097900390625
  ],
  "mse_mean": 0.0008074942446548054,
  "mse_spatial": 0.00020711161225352287,
  "mse_gripper": 0.0044097900390625,
  "mse_per_dim_names": [
    "x",
    "y",
    "z",
    "roll",
    "pitch",
    "yaw",
    "gripper"
  ],
  "grounding": {
    "nouns": [],
    "num_patches": 0,
    "patch_coverage": 0.0
  }
}