{
  "episode_id": 13,
  "step_id": 32,
  "instruction": "",
  "condition": "dim_gate",
  "condition_desc": "VAR only for z/pitch/yaw tokens + obj + SAM2 + L8-24",
  "predicted_action": [
    0.009483035025186815,
    -0.006712777620123275,
    -0.00551843725595973,
    0.007814860202488338,
    -0.012483605278539492,
    0.011968257479602395,
    0.08984375
  ],
  "ground_truth_action": [
    -0.0006861162255518138,
    0.0056338002905249596,
    -0.019259130582213402,
    0.022657359018921852,
    0.016623517498373985,
    0.130563423037529,
    0.0033638090826570988
  ],
  "action_token_ids": [
    31828,
    31891,
    31920,
    31860,
    31879,
    31863,
    31860
  ],
  "mse_per_dim": [
    0.00010341163716039903,
    0.00015243798610370694,
    0.00018880665308615218,
    0.00022029977111583026,
    0.0008472245963503153,
    0.014064813293712019,
    0.007478780181067119
  ],
  "mse_mean": 0.0032936820169422202,
  "mse_spatial": 0.002596165656254737,
  "mse_gripper": 0.007478780181067119,
  "mse_per_dim_names": [
    "x",
    "y",
    "z",
    "roll",
    "pitch",
    "yaw",
    "gripper"
  ],
  "grounding": {
    "nouns": [],
    "num_patches": 0,
    "patch_coverage": 0.0
  }
}