{
  "episode_id": 17,
  "step_id": 3,
  "instruction": "",
  "condition": "dim_gate",
  "condition_desc": "VAR only for z/pitch/yaw tokens + obj + SAM2 + L8-24",
  "predicted_action": [
    0.006586628346703923,
    0.009411979066498988,
    -0.002930333919794071,
    0.0313505498477023,
    -0.02115782990411391,
    -0.01211427233298315,
    -0.00390625
  ],
  "ground_truth_action": [
    0.013593175448477268,
    -0.0411699078977108,
    0.011648331768810749,
    0.026598142459988594,
    0.01843036524951458,
    -0.2089730203151703,
    1.0
  ],
  "action_token_ids": [
    31841,
    31841,
    31910,
    31823,
    31892,
    31878,
    31872
  ],
  "mse_per_dim": [
    4.909170228936846e-05,
    0.002558527288860096,
    0.00021253749326010345,
    2.2585375978795835e-05,
    0.0015672251955217743,
    0.03875336665711427,
    1.0078277587890625
  ],
  "mse_mean": 0.15014158464315527,
  "mse_spatial": 0.0071938889521707345,
  "mse_gripper": 1.0078277587890625,
  "mse_per_dim_names": [
    "x",
    "y",
    "z",
    "roll",
    "pitch",
    "yaw",
    "gripper"
  ],
  "grounding": {
    "nouns": [],
    "num_patches": 0,
    "patch_coverage": 0.0
  }
}