{
  "episode_id": 15,
  "step_id": 22,
  "instruction": "sweep into pile",
  "condition": "dim_gate",
  "condition_desc": "VAR only for z/pitch/yaw tokens + obj + SAM2 + L8-24",
  "predicted_action": [
    0.0001254134485497889,
    0.007799503397836756,
    -0.003965575254260334,
    0.0205368546053067,
    0.03956174247490703,
    0.032839783317176546,
    0.17578125
  ],
  "ground_truth_action": [
    0.0009469824726693332,
    0.008004877716302872,
    -0.007394562941044569,
    0.032423242926597595,
    0.016114726662635803,
    0.0019031475530937314,
    0.0
  ],
  "action_token_ids": [
    31870,
    31846,
    31914,
    31840,
    31801,
    31850,
    31849
  ],
  "mse_per_dim": [
    6.749756613927404e-07,
    4.217861068542156e-08,
    1.1757956556117899e-05,
    0.00014128622732452058,
    0.0005497625505008968,
    0.0009570754323995279,
    0.0308990478515625
  ],
  "mse_mean": 0.00465137816751652,
  "mse_spatial": 0.00027676655350885687,
  "mse_gripper": 0.0308990478515625,
  "mse_per_dim_names": [
    "x",
    "y",
    "z",
    "roll",
    "pitch",
    "yaw",
    "gripper"
  ],
  "grounding": {
    "nouns": [
      "pile"
    ],
    "num_patches": 0,
    "patch_coverage": 0.0
  }
}