{
  "episode_id": 12,
  "step_id": 41,
  "instruction": "",
  "condition": "dim_gate",
  "condition_desc": "VAR only for z/pitch/yaw tokens + obj + SAM2 + L8-24",
  "predicted_action": [
    -0.0038849957985803638,
    0.0023170861243851926,
    -0.0008598512508615451,
    0.04089204564981608,
    0.004864843972609348,
    0.005546249529579578,
    0.03515625
  ],
  "ground_truth_action": [
    0.01744987443089485,
    -0.013729365542531013,
    -0.009191980585455894,
    0.000679911463521421,
    0.006178238429129124,
    -0.022250914946198463,
    1.0
  ],
  "action_token_ids": [
    31888,
    31863,
    31902,
    31808,
    31853,
    31867,
    31867
  ],
  "mse_per_dim": [
    0.00045517668770854783,
    0.0002574886110986779,
    6.942437924840768e-05,
    0.0016170157358165675,
    1.7250049984168773e-06,
    0.0007726823528934567,
    0.9309234619140625
  ],
  "mse_mean": 0.13344242495511807,
  "mse_spatial": 0.0005289187952940124,
  "mse_gripper": 0.9309234619140625,
  "mse_per_dim_names": [
    "x",
    "y",
    "z",
    "roll",
    "pitch",
    "yaw",
    "gripper"
  ],
  "grounding": {
    "nouns": [],
    "num_patches": 0,
    "patch_coverage": 0.0
  }
}