{
  "episode_id": 19,
  "step_id": 29,
  "instruction": "",
  "condition": "dim_gate",
  "condition_desc": "VAR only for z/pitch/yaw tokens + obj + SAM2 + L8-24",
  "predicted_action": [
    0.0014622165309265064,
    0.006187027729174531,
    -0.013800367931689837,
    -0.019537427763571133,
    -0.07720666594628711,
    -0.08757286574575122,
    -0.00390625
  ],
  "ground_truth_action": [
    -0.010818390175700188,
    0.0019838123116642237,
    -0.02719806507229805,
    0.019249210134148598,
    -0.009561283513903618,
    0.09563038498163223,
    -0.011047746986150742
  ],
  "action_token_ids": [
    31864,
    31851,
    31952,
    31903,
    31976,
    31925,
    31872
  ],
  "mse_per_dim": [
    0.00015081330108284455,
    1.7667019845996346e-05,
    0.00017949828867146149,
    0.0015044032794088284,
    0.004575897764423418,
    0.033563431077080534,
    5.1000979203200125e-05
  ],
  "mse_mean": 0.005720387387102325,
  "mse_spatial": 0.00666528512175218,
  "mse_gripper": 5.1000979203200125e-05,
  "mse_per_dim_names": [
    "x",
    "y",
    "z",
    "roll",
    "pitch",
    "yaw",
    "gripper"
  ],
  "grounding": {
    "nouns": [],
    "num_patches": 0,
    "patch_coverage": 0.0
  }
}