{
  "episode_id": 19,
  "step_id": 22,
  "instruction": "",
  "condition": "dim_gate",
  "condition_desc": "VAR only for z/pitch/yaw tokens + obj + SAM2 + L8-24",
  "predicted_action": [
    0.009483035025186815,
    -0.0009078652129392573,
    0.0030223037533869436,
    -0.020173527483712053,
    -0.03116655062593056,
    -0.013719774320488876,
    -0.00390625
  ],
  "ground_truth_action": [
    0.008849166333675385,
    0.008129637688398361,
    0.022220950573682785,
    -0.028378164395689964,
    -0.008305069990456104,
    -0.22461596131324768,
    0.007314978167414665
  ],
  "action_token_ids": [
    31828,
    31873,
    31887,
    31904,
    31907,
    31879,
    31872
  ],
  "mse_per_dim": [
    4.017895180784133e-07,
    8.167645869168587e-05,
    0.0003685880397304556,
    6.731606685739044e-05,
    0.0005226472968461735,
    0.04447720168808469,
    0.00012591596158518029
  ],
  "mse_mean": 0.006520535328759093,
  "mse_spatial": 0.007586305223288078,
  "mse_gripper": 0.00012591596158518029,
  "mse_per_dim_names": [
    "x",
    "y",
    "z",
    "roll",
    "pitch",
    "yaw",
    "gripper"
  ],
  "grounding": {
    "nouns": [],
    "num_patches": 0,
    "patch_coverage": 0.0
  }
}