{
  "episode_id": 16,
  "step_id": 14,
  "instruction": "move the pan to the left side of the stove",
  "condition": "dim_gate",
  "condition_desc": "VAR only for z/pitch/yaw tokens + obj + SAM2 + L8-24",
  "predicted_action": [
    0.009705835538916265,
    0.040694007038546164,
    0.006128027756785736,
    0.004634361601783751,
    0.0368927502824226,
    0.11953689064248454,
    0.33984375
  ],
  "ground_truth_action": [
    0.026585033163428307,
    0.016573328524827957,
    -0.016065819188952446,
    -0.014771265909075737,
    0.01582375355064869,
    -0.04638788476586342,
    0.0
  ],
  "action_token_ids": [
    31827,
    31744,
    31875,
    31865,
    31805,
    31796,
    31828
  ],
  "mse_per_dim": [
    0.0002849073124473329,
    0.0005818071319621471,
    0.000492566842250852,
    0.00037657837909022663,
    0.00044390262328349977,
    0.027531031094310713,
    0.1154937744140625
  ],
  "mse_mean": 0.020743509685343893,
  "mse_spatial": 0.004951798897224129,
  "mse_gripper": 0.1154937744140625,
  "mse_per_dim_names": [
    "x",
    "y",
    "z",
    "roll",
    "pitch",
    "yaw",
    "gripper"
  ],
  "grounding": {
    "nouns": [
      "pan",
      "stove"
    ],
    "num_patches": 39,
    "patch_coverage": 0.15234375
  }
}