{
  "episode_id": 20,
  "step_id": 25,
  "instruction": "",
  "condition": "dim_gate",
  "condition_desc": "VAR only for z/pitch/yaw tokens + obj + SAM2 + L8-24",
  "predicted_action": [
    -0.0038849957985803638,
    -0.005422797085193491,
    -0.011212264595524178,
    -0.009995931961457358,
    0.030220269801211508,
    -0.029774794195545906,
    0.03515625
  ],
  "ground_truth_action": [
    -9.010772919282317e-05,
    -0.0025467409286648035,
    -0.01991652511060238,
    -0.008118696510791779,
    0.06536860764026642,
    -0.002080366015434265,
    0.0
  ],
  "action_token_ids": [
    31888,
    31887,
    31942,
    31888,
    31815,
    31889,
    31867
  ],
  "mse_per_dim": [
    1.4401175459179895e-05,
    8.271699015506567e-06,
    7.576415111434943e-05,
    3.5240129372356e-06,
    0.0012354056528483392,
    0.0007669813522233618,
    0.0012359619140625
  ],
  "mse_mean": 0.0004771871368086389,
  "mse_spatial": 0.00035072467393299536,
  "mse_gripper": 0.0012359619140625,
  "mse_per_dim_names": [
    "x",
    "y",
    "z",
    "roll",
    "pitch",
    "yaw",
    "gripper"
  ],
  "grounding": {
    "nouns": [],
    "num_patches": 0,
    "patch_coverage": 0.0
  }
}