{
  "episode_id": 27,
  "step_id": 14,
  "instruction": "sweep into pile",
  "condition": "dim_gate",
  "condition_desc": "VAR only for z/pitch/yaw tokens + obj + SAM2 + L8-24",
  "predicted_action": [
    -0.002993793743662553,
    -0.0031653311490663777,
    -0.0021539029189443747,
    -0.00617933364061185,
    0.004864843972609348,
    -0.00087575842044324,
    -0.12890625
  ],
  "ground_truth_action": [
    0.0017765474040061235,
    0.016660097986459732,
    0.01618051715195179,
    -0.006892615929245949,
    -0.028956273570656776,
    0.023261437192559242,
    0.0
  ],
  "action_token_ids": [
    31884,
    31880,
    31907,
    31882,
    31853,
    31871,
    31888
  ],
  "mse_per_dim": [
    2.2756154665140907e-05,
    0.00039304764040776755,
    0.0003361509593360801,
    5.087716232790972e-07,
    0.0011438679918754236,
    0.0005826042120603463,
    0.0166168212890625
  ],
  "mse_mean": 0.002727965288432934,
  "mse_spatial": 0.0004131559549946729,
  "mse_gripper": 0.0166168212890625,
  "mse_per_dim_names": [
    "x",
    "y",
    "z",
    "roll",
    "pitch",
    "yaw",
    "gripper"
  ],
  "grounding": {
    "nouns": [
      "pile"
    ],
    "num_patches": 26,
    "patch_coverage": 0.1015625
  }
}