{
  "episode_id": 26,
  "step_id": 4,
  "instruction": "take out the object from the silver pot and put it on the orange cloth",
  "condition": "dim_gate",
  "condition_desc": "VAR only for z/pitch/yaw tokens + obj + SAM2 + L8-24",
  "predicted_action": [
    0.005472625778056659,
    0.017474357409810112,
    0.004833976088702903,
    0.008450959922629259,
    -0.0004731404123595323,
    0.023206771392142306,
    0.99609375
  ],
  "ground_truth_action": [
    0.0065503534860908985,
    0.031821511685848236,
    0.003774794051423669,
    0.016606202349066734,
    -0.013276048004627228,
    0.04835493490099907,
    1.0
  ],
  "action_token_ids": [
    31846,
    31816,
    31880,
    31859,
    31861,
    31856,
    31744
  ],
  "mse_per_dim": [
    1.161497012664735e-06,
    0.00020584083582043903,
    1.1218665880949887e-06,
    6.65079790339658e-05,
    0.0001639144428161458,
    0.0006324301278681949,
    1.52587890625e-05
  ],
  "mse_mean": 0.0001551765054574293,
  "mse_spatial": 0.00017849612485658418,
  "mse_gripper": 1.52587890625e-05,
  "mse_per_dim_names": [
    "x",
    "y",
    "z",
    "roll",
    "pitch",
    "yaw",
    "gripper"
  ],
  "grounding": {
    "nouns": [
      "object",
      "pot",
      "cloth"
    ],
    "num_patches": 58,
    "patch_coverage": 0.2265625
  }
}