{
  "episode_id": 24,
  "step_id": 37,
  "instruction": "",
  "condition": "dim_gate",
  "condition_desc": "VAR only for z/pitch/yaw tokens + obj + SAM2 + L8-24",
  "predicted_action": [
    -0.0014341901475563822,
    0.008766988799034092,
    0.021915458107396247,
    0.03516714816854781,
    -0.04651325573271607,
    0.07618833697983055,
    0.99609375
  ],
  "ground_truth_action": [
    -0.0016078244661912322,
    0.0031980411149561405,
    0.007453863508999348,
    -0.005254304967820644,
    -0.0049261474050581455,
    -0.027129672467708588,
    0.9954865574836731
  ],
  "action_token_ids": [
    31877,
    31843,
    31814,
    31817,
    31930,
    31823,
    31744
  ],
  "mse_per_dim": [
    3.014887660778863e-08,
    3.101317830799718e-05,
    0.00020913771832838237,
    0.001633893873655631,
    0.0017294875790563552,
    0.010674611076201785,
    3.6868275188339794e-07
  ],
  "mse_mean": 0.00203979175102552,
  "mse_spatial": 0.002379695595737793,
  "mse_gripper": 3.6868275188339794e-07,
  "mse_per_dim_names": [
    "x",
    "y",
    "z",
    "roll",
    "pitch",
    "yaw",
    "gripper"
  ],
  "grounding": {
    "nouns": [],
    "num_patches": 0,
    "patch_coverage": 0.0
  }
}