{
  "episode_id": 23,
  "step_id": 12,
  "instruction": "",
  "condition": "dim_gate",
  "condition_desc": "VAR only for z/pitch/yaw tokens + obj + SAM2 + L8-24",
  "predicted_action": [
    -0.0014341901475563822,
    -0.008647748422517941,
    -0.01612966093423893,
    -0.006815433360752771,
    -0.0018076365086017454,
    -0.06509583792067139,
    0.08984375
  ],
  "ground_truth_action": [
    -0.0033414303325116634,
    0.008910762146115303,
    -0.025199057534337044,
    0.023584775626659393,
    0.003277823096141219,
    -0.18205690383911133,
    0.9934021234512329
  ],
  "action_token_ids": [
    31877,
    31897,
    31961,
    31883,
    31863,
    31911,
    31860
  ],
  "mse_per_dim": [
    3.6375651231082554e-06,
    0.0003083012933888053,
    8.225395468987123e-05,
    0.0009241727064783353,
    2.586189939147247e-05,
    0.013679890940777652,
    0.8164177342338377
  ],
  "mse_mean": 0.11877740751338385,
  "mse_spatial": 0.0025040197266415405,
  "mse_gripper": 0.8164177342338377,
  "mse_per_dim_names": [
    "x",
    "y",
    "z",
    "roll",
    "pitch",
    "yaw",
    "gripper"
  ],
  "grounding": {
    "nouns": [],
    "num_patches": 0,
    "patch_coverage": 0.0
  }
}