{
  "episode_id": 25,
  "step_id": 2,
  "instruction": "",
  "condition": "dim_gate",
  "condition_desc": "VAR only for z/pitch/yaw tokens + obj + SAM2 + L8-24",
  "predicted_action": [
    -0.0012113896338269287,
    -0.001230360346671705,
    -0.0073301095912756895,
    -0.004907134200330024,
    -0.001140388460480632,
    -0.01693077829550027,
    -0.31640625
  ],
  "ground_truth_action": [
    -0.0037011413369327784,
    0.02326219342648983,
    0.0015665378887206316,
    -0.0008567440672777593,
    0.007954967208206654,
    -0.056319426745176315,
    1.0
  ],
  "action_token_ids": [
    31876,
    31874,
    31927,
    31880,
    31862,
    31881,
    31912
  ],
  "mse_per_dim": [
    6.198863543118479e-06,
    0.0005998851903312093,
    7.91503363833249e-05,
    1.6405660229927143e-05,
    8.272549473992194e-05,
    0.001551465626692167,
    1.7329254150390625
  ],
  "mse_mean": 0.24789446374442603,
  "mse_spatial": 0.0003893051953199448,
  "mse_gripper": 1.7329254150390625,
  "mse_per_dim_names": [
    "x",
    "y",
    "z",
    "roll",
    "pitch",
    "yaw",
    "gripper"
  ],
  "grounding": {
    "nouns": [],
    "num_patches": 0,
    "patch_coverage": 0.0
  }
}