{
  "episode_id": 22,
  "step_id": 12,
  "instruction": "",
  "condition": "dim_gate",
  "condition_desc": "VAR only for z/pitch/yaw tokens + obj + SAM2 + L8-24",
  "predicted_action": [
    -0.0014341901475563822,
    0.0023170861243851926,
    -0.009141781926591652,
    0.014811957124038433,
    0.018877052983152648,
    0.04889480319223358,
    0.12109375
  ],
  "ground_truth_action": [
    0.0035454791504889727,
    0.0016141931992024183,
    -0.005687087774276733,
    -0.03118583746254444,
    -0.042487356811761856,
    -0.003220157464966178,
    1.0
  ],
  "action_token_ids": [
    31877,
    31863,
    31934,
    31849,
    31832,
    31840,
    31856
  ],
  "mse_per_dim": [
    2.4797106317895517e-05,
    4.940584642719971e-07,
    1.1934911686038896e-05,
    0.0021157971068294728,
    0.003765590789478199,
    0.0027159691243014783,
    0.7724761962890625
  ],
  "mse_mean": 0.11158725419801997,
  "mse_spatial": 0.0014390971828462263,
  "mse_gripper": 0.7724761962890625,
  "mse_per_dim_names": [
    "x",
    "y",
    "z",
    "roll",
    "pitch",
    "yaw",
    "gripper"
  ],
  "grounding": {
    "nouns": [],
    "num_patches": 0,
    "patch_coverage": 0.0
  }
}