{
  "episode_id": 20,
  "step_id": 24,
  "instruction": "",
  "condition": "dim_gate",
  "condition_desc": "VAR only for z/pitch/yaw tokens + obj + SAM2 + L8-24",
  "predicted_action": [
    -0.0009885891200974752,
    -0.002520340881601489,
    -0.010953454261907613,
    -0.001726635599625423,
    0.024215037368121514,
    -0.018536280283005968,
    -0.12890625
  ],
  "ground_truth_action": [
    0.005090963561087847,
    0.0011331767309457064,
    -0.01000545360147953,
    -0.00952685996890068,
    0.09851444512605667,
    0.01213806215673685,
    0.0
  ],
  "action_token_ids": [
    31875,
    31878,
    31941,
    31875,
    31824,
    31882,
    31888
  ],
  "mse_per_dim": [
    3.6960960803307634e-05,
    1.334819094519256e-05,
    8.987052521720814e-07,
    6.084350021103559e-05,
    0.005520401993179915,
    0.0009409152841106074,
    0.0166168212890625
  ],
  "mse_mean": 0.003312884274794962,
  "mse_spatial": 0.001095561439083705,
  "mse_gripper": 0.0166168212890625,
  "mse_per_dim_names": [
    "x",
    "y",
    "z",
    "roll",
    "pitch",
    "yaw",
    "gripper"
  ],
  "grounding": {
    "nouns": [],
    "num_patches": 0,
    "patch_coverage": 0.0
  }
}