{
  "episode_id": 23,
  "step_id": 35,
  "instruction": "",
  "condition": "dim_gate",
  "condition_desc": "VAR only for z/pitch/yaw tokens + obj + SAM2 + L8-24",
  "predicted_action": [
    -0.0014341901475563822,
    -0.022515039173013087,
    0.012339475763583314,
    -0.020173527483712053,
    -0.016487093567266145,
    -0.1180774035083596,
    0.73046875
  ],
  "ground_truth_action": [
    -0.005047880113124847,
    -0.009234808385372162,
    -0.017995310947299004,
    -0.002270924160256982,
    0.0057573807425796986,
    -0.14097538590431213,
    -0.011086994782090187
  ],
  "action_token_ids": [
    31877,
    31940,
    31851,
    31904,
    31885,
    31944,
    31778
  ],
  "mse_per_dim": [
    1.3058755167250216e-05,
    0.0001763645297730059,
    0.0009201992847947224,
    0.00032050320575698456,
    0.0004948166373213918,
    0.000524317597805352,
    0.5499049226193204
  ],
  "mse_mean": 0.0789077403757056,
  "mse_spatial": 0.00040821000176978446,
  "mse_gripper": 0.5499049226193204,
  "mse_per_dim_names": [
    "x",
    "y",
    "z",
    "roll",
    "pitch",
    "yaw",
    "gripper"
  ],
  "grounding": {
    "nouns": [],
    "num_patches": 0,
    "patch_coverage": 0.0
  }
}