{
  "episode_id": 23,
  "step_id": 37,
  "instruction": "",
  "condition": "dim_gate",
  "condition_desc": "VAR only for z/pitch/yaw tokens + obj + SAM2 + L8-24",
  "predicted_action": [
    0.005472625778056659,
    0.0010271055894554085,
    0.021656647773779684,
    0.0027260624413609907,
    -0.058523720598896045,
    -0.0024812604079489375,
    0.99609375
  ],
  "ground_truth_action": [
    0.00582357682287693,
    0.0012197814648970962,
    -0.008407638408243656,
    -0.001444631488993764,
    0.01595112681388855,
    0.02797231636941433,
    0.006844061892479658
  ],
  "action_token_ids": [
    31846,
    31867,
    31815,
    31868,
    31948,
    31872,
    31744
  ],
  "mse_per_dim": [
    1.2316663586043998e-07,
    3.7123992977220746e-08,
    0.0009038613036345995,
    1.739468786069799e-05,
    0.005546502897157548,
    0.0009274203385347592,
    0.9786149454208263
  ],
  "mse_mean": 0.14085861213409182,
  "mse_spatial": 0.0012325565863027404,
  "mse_gripper": 0.9786149454208263,
  "mse_per_dim_names": [
    "x",
    "y",
    "z",
    "roll",
    "pitch",
    "yaw",
    "gripper"
  ],
  "grounding": {
    "nouns": [],
    "num_patches": 0,
    "patch_coverage": 0.0
  }
}