{
  "episode_id": 20,
  "step_id": 14,
  "instruction": "",
  "condition": "dim_gate",
  "condition_desc": "VAR only for z/pitch/yaw tokens + obj + SAM2 + L8-24",
  "predicted_action": [
    0.003021820127032681,
    -0.0021978457478690414,
    0.0006930107508378511,
    0.014811957124038433,
    -0.023826822096598352,
    0.00394074754207388,
    -0.00390625
  ],
  "ground_truth_action": [
    -0.0015910303918644786,
    0.0022682715207338333,
    0.001436730963177979,
    0.006751714739948511,
    -0.003264972474426031,
    0.006455380469560623,
    0.0
  ],
  "action_token_ids": [
    31857,
    31877,
    31896,
    31849,
    31896,
    31868,
    31872
  ],
  "mse_per_dim": [
    2.1278389909689793e-05,
    1.99462034569128e-05,
    5.531197542432449e-07,
    6.496750729027958e-05,
    0.000422789659884828,
    6.323378760000547e-06,
    1.52587890625e-05
  ],
  "mse_mean": 7.873100687406485e-05,
  "mse_spatial": 8.930970984265899e-05,
  "mse_gripper": 1.52587890625e-05,
  "mse_per_dim_names": [
    "x",
    "y",
    "z",
    "roll",
    "pitch",
    "yaw",
    "gripper"
  ],
  "grounding": {
    "nouns": [],
    "num_patches": 0,
    "patch_coverage": 0.0
  }
}