{
  "episode_id": 25,
  "step_id": 16,
  "instruction": "",
  "condition": "dim_gate",
  "condition_desc": "VAR only for z/pitch/yaw tokens + obj + SAM2 + L8-24",
  "predicted_action": [
    -0.0009885891200974752,
    0.004252056926779865,
    0.00017539008360471786,
    -0.0029988350399072633,
    0.0028630998282460213,
    0.11953689064248454,
    -0.00390625
  ],
  "ground_truth_action": [
    0.006734955590218306,
    -0.01217942126095295,
    0.04302368685603142,
    0.0009066808270290494,
    0.002969712018966675,
    0.143432155251503,
    0.004508305806666613
  ],
  "action_token_ids": [
    31875,
    31857,
    31898,
    31877,
    31856,
    31796,
    31872
  ],
  "mse_per_dim": [
    5.9653142892246876e-05,
    0.0002699934754339393,
    0.0018359765362979525,
    1.5253054186891298e-05,
    1.1366159210257003e-08,
    0.0005709836707350095,
    7.080474942350681e-05
  ],
  "mse_mean": 0.00040323942787553666,
  "mse_spatial": 0.00045864520761754163,
  "mse_gripper": 7.080474942350681e-05,
  "mse_per_dim_names": [
    "x",
    "y",
    "z",
    "roll",
    "pitch",
    "yaw",
    "gripper"
  ],
  "grounding": {
    "nouns": [],
    "num_patches": 0,
    "patch_coverage": 0.0
  }
}