{
  "episode_id": 24,
  "step_id": 25,
  "instruction": "",
  "condition": "dim_gate",
  "condition_desc": "VAR only for z/pitch/yaw tokens + obj + SAM2 + L8-24",
  "predicted_action": [
    0.00168501704465596,
    -0.027674961312732206,
    0.00328111408700351,
    -0.001726635599625423,
    -0.009814613086055052,
    -0.047435316058108634,
    -0.00390625
  ],
  "ground_truth_action": [
    0.014685641042888165,
    -0.00040981810889206827,
    -0.0005462210392579436,
    0.01697383262217045,
    0.01396173145622015,
    0.08003304898738861,
    0.004756444599479437
  ],
  "action_token_ids": [
    31863,
    31956,
    31886,
    31875,
    31875,
    31900,
    31872
  ],
  "mse_per_dim": [
    0.0001690162243434111,
    0.00074338803392591,
    1.464849416871478e-05,
    0.00034970751171439725,
    0.0005653145597929798,
    0.016248184087372143,
    7.50422777238502e-05
  ],
  "mse_mean": 0.0025950430270059157,
  "mse_spatial": 0.0030150431518862594,
  "mse_gripper": 7.50422777238502e-05,
  "mse_per_dim_names": [
    "x",
    "y",
    "z",
    "roll",
    "pitch",
    "yaw",
    "gripper"
  ],
  "grounding": {
    "nouns": [],
    "num_patches": 0,
    "patch_coverage": 0.0
  }
}