{
  "episode_id": 25,
  "step_id": 39,
  "instruction": "",
  "condition": "dim_gate",
  "condition_desc": "VAR only for z/pitch/yaw tokens + obj + SAM2 + L8-24",
  "predicted_action": [
    -0.004553397339768721,
    -0.01155020462610995,
    -0.009918212927441349,
    -0.032895521886530416,
    0.013539068598183768,
    -0.057068327983142875,
    0.06640625
  ],
  "ground_truth_action": [
    0.011362201534211636,
    -0.062393367290496826,
    -0.004593633580952883,
    -0.0018615436274558306,
    -0.0050717853009700775,
    -0.010225149802863598,
    0.9990912675857544
  ],
  "action_token_ids": [
    31891,
    31906,
    31937,
    31924,
    31840,
    31906,
    31863
  ],
  "mse_per_dim": [
    0.00025330628751744477,
    0.0025850271897173037,
    2.835114521705154e-05,
    0.000963107806584714,
    0.0003463638828556499,
    0.0021942833420293927,
    0.869901342028939
  ],
  "mse_mean": 0.1251816830975515,
  "mse_spatial": 0.0010617399423202595,
  "mse_gripper": 0.869901342028939,
  "mse_per_dim_names": [
    "x",
    "y",
    "z",
    "roll",
    "pitch",
    "yaw",
    "gripper"
  ],
  "grounding": {
    "nouns": [],
    "num_patches": 0,
    "patch_coverage": 0.0
  }
}