{
  "episode_id": 23,
  "step_id": 10,
  "instruction": "",
  "condition": "dim_gate",
  "condition_desc": "VAR only for z/pitch/yaw tokens + obj + SAM2 + L8-24",
  "predicted_action": [
    -0.0014341901475563822,
    -0.005422797085193491,
    -0.00810654059212539,
    0.059975037254043614,
    0.0228805412718793,
    0.1580689383426214,
    0.99609375
  ],
  "ground_truth_action": [
    -0.0021441560238599777,
    -0.003115093568339944,
    -0.021207429468631744,
    0.014569255523383617,
    0.014801387675106525,
    -0.08704423904418945,
    1.0
  ],
  "action_token_ids": [
    31877,
    31887,
    31930,
    31778,
    31826,
    31772,
    31744
  ],
  "mse_per_dim": [
    5.040515455155324e-07,
    5.325495521698231e-06,
    0.00017163328935456795,
    0.002061685014572337,
    6.527272284024647e-05,
    0.0600804697286582,
    1.52587890625e-05
  ],
  "mse_mean": 0.008914307013079294,
  "mse_spatial": 0.010397481717082093,
  "mse_gripper": 1.52587890625e-05,
  "mse_per_dim_names": [
    "x",
    "y",
    "z",
    "roll",
    "pitch",
    "yaw",
    "gripper"
  ],
  "grounding": {
    "nouns": [],
    "num_patches": 0,
    "patch_coverage": 0.0
  }
}