{
  "episode_id": 23,
  "step_id": 3,
  "instruction": "",
  "condition": "dim_gate",
  "condition_desc": "VAR only for z/pitch/yaw tokens + obj + SAM2 + L8-24",
  "predicted_action": [
    -0.0038849957985803638,
    0.010056969333963876,
    -0.0003422305836284119,
    0.0014538630010791642,
    0.0008613556838826947,
    0.023206771392142306,
    -0.19921875
  ],
  "ground_truth_action": [
    -0.009937619790434837,
    -0.016500890254974365,
    0.005463787820190191,
    0.0009839124977588654,
    -0.012888595461845398,
    -0.47900354862213135,
    1.0
  ],
  "action_token_ids": [
    31888,
    31839,
    31900,
    31870,
    31859,
    31856,
    31897
  ],
  "mse_per_dim": [
    3.663425718677238e-05,
    0.0007053199059457589,
    3.370984970548032e-05,
    2.2085347557100222e-07,
    0.00018906115650990928,
    0.2522152055288392,
    1.4381256103515625
  ],
  "mse_mean": 0.24161510884331788,
  "mse_spatial": 0.04219669192527711,
  "mse_gripper": 1.4381256103515625,
  "mse_per_dim_names": [
    "x",
    "y",
    "z",
    "roll",
    "pitch",
    "yaw",
    "gripper"
  ],
  "grounding": {
    "nouns": [],
    "num_patches": 0,
    "patch_coverage": 0.0
  }
}