{
  "episode_id": 29,
  "step_id": 8,
  "instruction": "",
  "condition": "dim_gate",
  "condition_desc": "VAR only for z/pitch/yaw tokens + obj + SAM2 + L8-24",
  "predicted_action": [
    0.02819827817846086,
    0.025214240619388796,
    0.005351596755936033,
    0.03898374648939333,
    -0.014485349422902818,
    0.10669287474243891,
    0.54296875
  ],
  "ground_truth_action": [
    0.005011464469134808,
    0.00093683140585199,
    -0.008527369238436222,
    -0.022059999406337738,
    0.007915090769529343,
    -0.00032148731406778097,
    1.0
  ],
  "action_token_ids": [
    31744,
    31792,
    31878,
    31811,
    31882,
    31804,
    31802
  ],
  "mse_per_dim": [
    0.0005376283299909907,
    0.0005893925981215218,
    0.00019262569707294142,
    0.0037263389129825837,
    0.0005017797208147302,
    0.011452073686361098,
    0.2088775634765625
  ],
  "mse_mean": 0.032268200345986625,
  "mse_spatial": 0.0028333064908906444,
  "mse_gripper": 0.2088775634765625,
  "mse_per_dim_names": [
    "x",
    "y",
    "z",
    "roll",
    "pitch",
    "yaw",
    "gripper"
  ],
  "grounding": {
    "nouns": [],
    "num_patches": 0,
    "patch_coverage": 0.0
  }
}