{
  "episode_id": 24,
  "step_id": 21,
  "instruction": "",
  "condition": "dim_gate",
  "condition_desc": "VAR only for z/pitch/yaw tokens + obj + SAM2 + L8-24",
  "predicted_action": [
    0.003913022181950488,
    -0.0009078652129392573,
    -0.013282747264456706,
    0.0020899627212200844,
    0.015540812742547094,
    -0.06188483394565997,
    -0.00390625
  ],
  "ground_truth_action": [
    -0.006713971495628357,
    0.04245486110448837,
    -0.0004041456268168986,
    0.008378362283110619,
    0.009367560967803001,
    -0.06977379322052002,
    0.0024518538266420364
  ],
  "action_token_ids": [
    31853,
    31873,
    31950,
    31869,
    31837,
    31909,
    31872
  ],
  "mse_per_dim": [
    0.00011293299462330075,
    0.0018803260336801308,
    0.00016585838014101872,
    3.954396904998506e-05,
    3.810903747438109e-05,
    6.223567844040045e-05,
    4.042548427036011e-05
  ],
  "mse_mean": 0.0003342045110970824,
  "mse_spatial": 0.00038316768223486947,
  "mse_gripper": 4.042548427036011e-05,
  "mse_per_dim_names": [
    "x",
    "y",
    "z",
    "roll",
    "pitch",
    "yaw",
    "gripper"
  ],
  "grounding": {
    "nouns": [],
    "num_patches": 0,
    "patch_coverage": 0.0
  }
}