{
  "episode_id": 22,
  "step_id": 30,
  "instruction": "",
  "condition": "dim_gate",
  "condition_desc": "VAR only for z/pitch/yaw tokens + obj + SAM2 + L8-24",
  "predicted_action": [
    0.004358623209409395,
    -0.004777806817728603,
    -0.012765126597223574,
    -0.001726635599625423,
    0.004864843972609348,
    -0.015325276307994573,
    -0.00390625
  ],
  "ground_truth_action": [
    0.007314033806324005,
    -0.005778083112090826,
    -0.009505725465714931,
    0.03567957505583763,
    -0.02066919580101967,
    0.013912631198763847,
    0.0
  ],
  "action_token_ids": [
    31851,
    31885,
    31948,
    31875,
    31853,
    31880,
    31872
  ],
  "mse_per_dim": [
    8.734451796355171e-06,
    1.0005526650630215e-06,
    1.0623695736079821e-05,
    0.0013992245956008778,
    0.0006519871871612685,
    0.0008548552353737604,
    1.52587890625e-05
  ],
  "mse_mean": 0.00042024064391370063,
  "mse_spatial": 0.00048773761972223406,
  "mse_gripper": 1.52587890625e-05,
  "mse_per_dim_names": [
    "x",
    "y",
    "z",
    "roll",
    "pitch",
    "yaw",
    "gripper"
  ],
  "grounding": {
    "nouns": [],
    "num_patches": 0,
    "patch_coverage": 0.0
  }
}