{
  "episode_id": 23,
  "step_id": 19,
  "instruction": "",
  "condition": "dim_gate",
  "condition_desc": "VAR only for z/pitch/yaw tokens + obj + SAM2 + L8-24",
  "predicted_action": [
    -0.0009885891200974752,
    0.0003821153219905199,
    -0.0006010409172449785,
    -0.005543233920470944,
    -0.007145620893570626,
    -0.008903268357971755,
    -0.00390625
  ],
  "ground_truth_action": [
    0.0009066212805919349,
    0.00206594611518085,
    0.05549275130033493,
    -0.013600779697299004,
    -0.02855096012353897,
    0.8214223384857178,
    -0.004296517930924892
  ],
  "action_token_ids": [
    31875,
    31869,
    31901,
    31881,
    31871,
    31876,
    31872
  ],
  "mse_per_dim": [
    3.591822462881314e-06,
    2.8352861400959764e-06,
    0.0031465135253490283,
    6.49240439456797e-05,
    0.0004581885475500218,
    0.6894406133803412,
    1.523090579083966e-07
  ],
  "mse_mean": 0.09901668841640669,
  "mse_spatial": 0.11551944443429817,
  "mse_gripper": 1.523090579083966e-07,
  "mse_per_dim_names": [
    "x",
    "y",
    "z",
    "roll",
    "pitch",
    "yaw",
    "gripper"
  ],
  "grounding": {
    "nouns": [],
    "num_patches": 0,
    "patch_coverage": 0.0
  }
}