{
  "episode_id": 23,
  "step_id": 40,
  "instruction": "",
  "condition": "dim_gate",
  "condition_desc": "VAR only for z/pitch/yaw tokens + obj + SAM2 + L8-24",
  "predicted_action": [
    -0.00032018757890911465,
    0.001672095856920304,
    0.02010378577208029,
    0.008450959922629259,
    -0.034502790866536105,
    0.011968257479602395,
    0.99609375
  ],
  "ground_truth_action": [
    -0.004139384720474482,
    0.007449260912835598,
    0.009449176490306854,
    -0.000785220239777118,
    0.002806693082675338,
    0.06820264458656311,
    1.0
  ],
  "action_token_ids": [
    31872,
    31865,
    31821,
    31859,
    31912,
    31863,
    31744
  ],
  "mse_per_dim": [
    1.458626680614107e-05,
    3.337563608328876e-05,
    0.00011352069894725267,
    8.530702399242908e-05,
    0.0013919975925564662,
    0.0031623062932955096,
    1.52587890625e-05
  ],
  "mse_mean": 0.0006880503286776554,
  "mse_spatial": 0.0008001822519468479,
  "mse_gripper": 1.52587890625e-05,
  "mse_per_dim_names": [
    "x",
    "y",
    "z",
    "roll",
    "pitch",
    "yaw",
    "gripper"
  ],
  "grounding": {
    "nouns": [],
    "num_patches": 0,
    "patch_coverage": 0.0
  }
}