{
  "episode_id": 20,
  "step_id": 37,
  "instruction": "",
  "condition": "dim_gate",
  "condition_desc": "VAR only for z/pitch/yaw tokens + obj + SAM2 + L8-24",
  "predicted_action": [
    -0.004107796312309817,
    0.007477008264104315,
    -0.002930333919794071,
    0.01035925908305202,
    0.0021958517801249078,
    0.111509380704956,
    -0.01171875
  ],
  "ground_truth_action": [
    0.004492613021284342,
    0.038753312081098557,
    -0.0062293391674757,
    0.055500663816928864,
    -0.009816060774028301,
    0.0821407213807106,
    1.0
  ],
  "action_token_ids": [
    31889,
    31847,
    31910,
    31856,
    31857,
    31801,
    31873
  ],
  "mse_per_dim": [
    7.396704070537353e-05,
    0.0009782071804529285,
    1.088343562423093e-05,
    0.002037746421347679,
    0.00014428604320862348,
    0.0008625181505035862,
    1.0235748291015625
  ],
  "mse_mean": 0.14681177676762927,
  "mse_spatial": 0.0006846013786404036,
  "mse_gripper": 1.0235748291015625,
  "mse_per_dim_names": [
    "x",
    "y",
    "z",
    "roll",
    "pitch",
    "yaw",
    "gripper"
  ],
  "grounding": {
    "nouns": [],
    "num_patches": 0,
    "patch_coverage": 0.0
  }
}