{
  "episode_id": 20,
  "step_id": 21,
  "instruction": "",
  "condition": "dim_gate",
  "condition_desc": "VAR only for z/pitch/yaw tokens + obj + SAM2 + L8-24",
  "predicted_action": [
    -0.007672604531981063,
    -0.017032621899561517,
    -0.010177023261057915,
    -0.009359832241316451,
    0.004197595924488234,
    -0.036196802145568724,
    -0.19140625
  ],
  "ground_truth_action": [
    0.021157730370759964,
    -0.00441789673641324,
    -0.003908158745616674,
    -0.015463793650269508,
    0.00395723944529891,
    -0.0274802353233099,
    0.0
  ],
  "action_token_ids": [
    31905,
    31923,
    31938,
    31887,
    31854,
    31893,
    31896
  ],
  "mse_per_dim": [
    0.0008311882106042074,
    0.0001591312909417663,
    3.9298662312958345e-05,
    3.725834488198819e-05,
    5.777123708828805e-08,
    7.597853716690332e-05,
    0.0366363525390625
  ],
  "mse_mean": 0.00539703790802963,
  "mse_spatial": 0.00019048546952415198,
  "mse_gripper": 0.0366363525390625,
  "mse_per_dim_names": [
    "x",
    "y",
    "z",
    "roll",
    "pitch",
    "yaw",
    "gripper"
  ],
  "grounding": {
    "nouns": [],
    "num_patches": 0,
    "patch_coverage": 0.0
  }
}