{
  "episode_id": 22,
  "step_id": 23,
  "instruction": "",
  "condition": "dim_gate",
  "condition_desc": "VAR only for z/pitch/yaw tokens + obj + SAM2 + L8-24",
  "predicted_action": [
    0.02819827817846086,
    -0.007680263021320612,
    -0.0003422305836284119,
    -0.047525815449771525,
    0.0368927502824226,
    0.05371130915475067,
    -0.00390625
  ],
  "ground_truth_action": [
    -0.006029790733009577,
    -0.07536806166172028,
    0.005004420876502991,
    0.06249433755874634,
    -0.030306389555335045,
    -0.14842502772808075,
    0.0
  ],
  "action_token_ids": [
    31744,
    31894,
    31900,
    31947,
    31805,
    31837,
    31872
  ],
  "mse_per_dim": [
    0.0011715607014083694,
    0.004581638084783291,
    2.858668183612526e-05,
    0.012104434068017682,
    0.004515724394934507,
    0.04085909868840951,
    1.52587890625e-05
  ],
  "mse_mean": 0.009039471629778856,
  "mse_spatial": 0.010543507103231582,
  "mse_gripper": 1.52587890625e-05,
  "mse_per_dim_names": [
    "x",
    "y",
    "z",
    "roll",
    "pitch",
    "yaw",
    "gripper"
  ],
  "grounding": {
    "nouns": [],
    "num_patches": 0,
    "patch_coverage": 0.0
  }
}