{
  "episode_id": 27,
  "step_id": 51,
  "instruction": "sweep into pile",
  "condition": "dim_gate",
  "condition_desc": "VAR only for z/pitch/yaw tokens + obj + SAM2 + L8-24",
  "predicted_action": [
    0.0014622165309265064,
    0.0026395812581176334,
    -8.342025001184528e-05,
    -0.007451533080893691,
    0.0028630998282460213,
    0.0023352455545681827,
    -0.11328125
  ],
  "ground_truth_action": [
    -0.00374358962289989,
    0.0028513611759990454,
    0.018907412886619568,
    -0.008373723365366459,
    -0.0323648564517498,
    -0.03125552088022232,
    1.0
  ],
  "action_token_ids": [
    31864,
    31862,
    31899,
    31884,
    31856,
    31869,
    31886
  ],
  "mse_per_dim": [
    2.710041771121678e-05,
    4.48507336178576e-08,
    0.0003606517432233777,
    8.50434920775965e-07,
    0.0012410089036652971,
    0.0011283395896766483,
    1.2393951416015625
  ],
  "mse_mean": 0.17745044822021333,
  "mse_spatial": 0.0004596659899884889,
  "mse_gripper": 1.2393951416015625,
  "mse_per_dim_names": [
    "x",
    "y",
    "z",
    "roll",
    "pitch",
    "yaw",
    "gripper"
  ],
  "grounding": {
    "nouns": [
      "pile"
    ],
    "num_patches": 18,
    "patch_coverage": 0.0703125
  }
}