{
  "episode_id": 27,
  "step_id": 2,
  "instruction": "sweep into pile",
  "condition": "dim_gate",
  "condition_desc": "VAR only for z/pitch/yaw tokens + obj + SAM2 + L8-24",
  "predicted_action": [
    -0.0014341901475563822,
    -0.0031653311490663777,
    0.010010182761034218,
    0.041528145369957,
    0.010202828357578228,
    0.01999576741713091,
    0.06640625
  ],
  "ground_truth_action": [
    0.004711390007287264,
    -0.001363102812319994,
    -0.001985532231628895,
    0.01701327972114086,
    -0.03690940514206886,
    -0.01071079634130001,
    1.0
  ],
  "action_token_ids": [
    31877,
    31880,
    31860,
    31807,
    31845,
    31858,
    31863
  ],
  "mse_per_dim": [
    3.776815543960805e-05,
    3.248026977771637e-06,
    0.00014389717818520258,
    0.0006009786377795054,
    0.0022195625453252698,
    0.0009428930578505834,
    0.8715972900390625
  ],
  "mse_mean": 0.12507794823437435,
  "mse_spatial": 0.00065805793359299,
  "mse_gripper": 0.8715972900390625,
  "mse_per_dim_names": [
    "x",
    "y",
    "z",
    "roll",
    "pitch",
    "yaw",
    "gripper"
  ],
  "grounding": {
    "nouns": [
      "pile"
    ],
    "num_patches": 26,
    "patch_coverage": 0.1015625
  }
}