{
  "episode_id": 22,
  "step_id": 29,
  "instruction": "",
  "condition": "dim_gate",
  "condition_desc": "VAR only for z/pitch/yaw tokens + obj + SAM2 + L8-24",
  "predicted_action": [
    0.004358623209409395,
    -0.0083252532887855,
    -0.016388471267855496,
    -0.002362735319766343,
    0.030220269801211508,
    0.023206771392142306,
    0.16015625
  ],
  "ground_truth_action": [
    0.00776858814060688,
    -0.001707184361293912,
    -0.01078526210039854,
    0.011309077963232994,
    -0.027220584452152252,
    0.009298943914473057,
    0.0
  ],
  "action_token_ids": [
    31851,
    31896,
    31962,
    31876,
    31815,
    31856,
    31851
  ],
  "mse_per_dim": [
    1.1627860831996669e-05,
    4.379883632902966e-05,
    3.139595297427367e-05,
    0.00018691847844519712,
    0.0032994517373561775,
    0.00019342766514861178,
    0.0256500244140625
  ],
  "mse_mean": 0.0042023778493068265,
  "mse_spatial": 0.0006277700885142144,
  "mse_gripper": 0.0256500244140625,
  "mse_per_dim_names": [
    "x",
    "y",
    "z",
    "roll",
    "pitch",
    "yaw",
    "gripper"
  ],
  "grounding": {
    "nouns": [],
    "num_patches": 0,
    "patch_coverage": 0.0
  }
}