{
  "episode_id": 28,
  "step_id": 20,
  "instruction": "Move the bowl closer to the bottom right of the table.",
  "condition": "dim_gate",
  "condition_desc": "VAR only for z/pitch/yaw tokens + obj + SAM2 + L8-24",
  "predicted_action": [
    0.0023534185858443205,
    -0.0021978457478690414,
    -0.007588919924892256,
    0.010995358803192926,
    0.0068665881169726745,
    -0.008903268357971755,
    -0.07421875
  ],
  "ground_truth_action": [
    -0.01689901389181614,
    0.0006215166067704558,
    -0.008932182565331459,
    0.027700498700141907,
    0.017075715586543083,
    -0.021022390574216843,
    0.0
  ],
  "action_token_ids": [
    31860,
    31877,
    31928,
    31855,
    31850,
    31876,
    31881
  ],
  "mse_per_dim": [
    0.0003706561563068753,
    7.94880408675837e-06,
    1.8043545211996996e-06,
    0.0002790616989766366,
    0.0001042262836899371,
    0.00014687312329228524,
    0.0055084228515625
  ],
  "mse_mean": 0.000916999038919456,
  "mse_spatial": 0.00015176173681228204,
  "mse_gripper": 0.0055084228515625,
  "mse_per_dim_names": [
    "x",
    "y",
    "z",
    "roll",
    "pitch",
    "yaw",
    "gripper"
  ],
  "grounding": {
    "nouns": [
      "bowl",
      "table"
    ],
    "num_patches": 15,
    "patch_coverage": 0.05859375
  }
}