{
  "episode_id": 27,
  "step_id": 10,
  "instruction": "sweep into pile",
  "condition": "dim_gate",
  "condition_desc": "VAR only for z/pitch/yaw tokens + obj + SAM2 + L8-24",
  "predicted_action": [
    -0.0027709932299330997,
    -0.0005853700792068164,
    -0.005777247589576297,
    -0.001726635599625423,
    0.016208060790668208,
    0.028023277354659426,
    0.03515625
  ],
  "ground_truth_action": [
    -0.0006868604104965925,
    0.001076775835826993,
    -0.00014173462113831192,
    -0.0013860058970749378,
    0.006909550167620182,
    -0.007551177404820919,
    0.5665450096130371
  ],
  "action_token_ids": [
    31883,
    31872,
    31921,
    31875,
    31836,
    31853,
    31867
  ],
  "mse_per_dim": [
    4.343609609052365e-06,
    2.7627290428635797e-06,
    3.1759006417432705e-05,
    1.1602859425963194e-07,
    8.646229980693698e-05,
    0.0012655418314343138,
    0.28237401384308214
  ],
  "mse_mean": 0.040537857049712425,
  "mse_spatial": 0.00023183091748414316,
  "mse_gripper": 0.28237401384308214,
  "mse_per_dim_names": [
    "x",
    "y",
    "z",
    "roll",
    "pitch",
    "yaw",
    "gripper"
  ],
  "grounding": {
    "nouns": [
      "pile"
    ],
    "num_patches": 26,
    "patch_coverage": 0.1015625
  }
}