{
  "episode_id": 23,
  "step_id": 47,
  "instruction": "",
  "condition": "dim_gate",
  "condition_desc": "VAR only for z/pitch/yaw tokens + obj + SAM2 + L8-24",
  "predicted_action": [
    0.003021820127032681,
    0.0003821153219905199,
    -0.007588919924892256,
    0.009723159362911099,
    -0.026495814289082792,
    0.0007297435670624575,
    0.99609375
  ],
  "ground_truth_action": [
    -0.0016610822640359402,
    -0.010493510402739048,
    -0.0003688835713546723,
    0.0032927540596574545,
    -0.010126006789505482,
    0.04958007112145424,
    1.0
  ],
  "action_token_ids": [
    31857,
    31869,
    31928,
    31857,
    31900,
    31870,
    31744
  ],
  "mse_per_dim": [
    2.1929574804276208e-05,
    0.00011827923490439954,
    5.212892494640429e-05,
    4.13501123641126e-05,
    0.00026797059757321755,
    0.002386354502171369,
    1.52587890625e-05
  ],
  "mse_mean": 0.0004147531051180399,
  "mse_spatial": 0.0004813354911272965,
  "mse_gripper": 1.52587890625e-05,
  "mse_per_dim_names": [
    "x",
    "y",
    "z",
    "roll",
    "pitch",
    "yaw",
    "gripper"
  ],
  "grounding": {
    "nouns": [],
    "num_patches": 0,
    "patch_coverage": 0.0
  }
}