{
  "episode_id": 2,
  "step_id": 2,
  "instruction": "put the red object into the pot",
  "condition": "tri_bgsup_gripex_resid",
  "condition_desc": "bg_sup(\u03b3=0.85) + gripex + resid(\u03b1=1.5)",
  "predicted_action": [
    0.02819784131470845,
    -0.0007478823328719852,
    -0.020767440618399313,
    0.01391019222666219,
    -0.003460056674831083,
    0.0063804809544599494,
    0.996078431372549
  ],
  "ground_truth_action": [
    0.027035042643547058,
    -0.004495319444686174,
    -0.0178152397274971,
    0.032021187245845795,
    0.00339176831766963,
    0.03747934475541115,
    1.0
  ],
  "action_token_ids": [
    31744,
    31873,
    31979,
    31851,
    31866,
    31867,
    31744
  ],
  "mse_per_dim": [
    1.3521007496547025e-06,
    1.4043284907002271e-05,
    8.715490100243812e-06,
    0.0003280081405848933,
    4.6947505727857395e-05,
    0.0009671393297101128,
    1.5378700499807656e-05
  ],
  "mse_mean": 0.00019736922175422458,
  "mse_spatial": 0.0002277009752966274,
  "mse_gripper": 1.5378700499807656e-05,
  "mse_per_dim_names": [
    "x",
    "y",
    "z",
    "roll",
    "pitch",
    "yaw",
    "gripper"
  ],
  "grounding": {
    "nouns": [
      "object",
      "pot"
    ],
    "num_boxes": 3,
    "num_patches": 65,
    "patch_coverage": 0.25390625
  }
}