{
  "episode_id": 0,
  "step_id": 4,
  "instruction": "put small spoon from basket to tray",
  "condition": "tri_bgsup_gripex_resid",
  "condition_desc": "bg_sup(\u03b3=0.85) + gripex + resid(\u03b1=1.5)",
  "predicted_action": [
    0.004041023261406821,
    0.009612431924132685,
    -0.0007608943585963902,
    0.026682076803609248,
    -0.03896288615289858,
    0.06440521160878379,
    0.996078431372549
  ],
  "ground_truth_action": [
    0.003466653171926737,
    0.010028623975813389,
    -0.01222209632396698,
    0.006159089505672455,
    -0.03621684014797211,
    0.05901636183261871,
    1.0
  ],
  "action_token_ids": [
    31853,
    31841,
    31902,
    31831,
    31919,
    31831,
    31744
  ],
  "mse_per_dim": [
    3.299009996893599e-07,
    1.732158238821939e-07,
    0.00013135915049101467,
    0.00042119300763127494,
    7.540768661172632e-06,
    2.903970191007441e-05,
    1.5378700499807656e-05
  ],
  "mse_mean": 8.643063514527371e-05,
  "mse_spatial": 9.827262425285138e-05,
  "mse_gripper": 1.5378700499807656e-05,
  "mse_per_dim_names": [
    "x",
    "y",
    "z",
    "roll",
    "pitch",
    "yaw",
    "gripper"
  ],
  "grounding": {
    "nouns": [
      "spoon",
      "basket"
    ],
    "num_boxes": 5,
    "num_patches": 179,
    "patch_coverage": 0.69921875
  }
}