{
  "episode_id": 3,
  "step_id": 28,
  "instruction": "put the rectangle block on top of the red arch and yellow block",
  "condition": "tri_bgsup_gripex_resid",
  "condition_desc": "bg_sup(\u03b3=0.85) + gripex + resid(\u03b1=1.5)",
  "predicted_action": [
    0.00023856116042415831,
    0.00022339712872219974,
    -0.005177924052319111,
    0.004969873022799262,
    0.009267372760702552,
    0.02088666361804095,
    0.14901960784313717
  ],
  "ground_truth_action": [
    0.0013702231226488948,
    0.004410550929605961,
    -0.014089349657297134,
    -0.0266331285238266,
    0.02234344743192196,
    0.011976118199527264,
    0.0
  ],
  "action_token_ids": [
    31870,
    31870,
    31919,
    31865,
    31847,
    31858,
    31853
  ],
  "mse_per_dim": [
    1.280658796746341e-06,
    1.7532256952255328e-05,
    7.941350631305792e-05,
    0.0009987497067560367,
    0.0001709837288073057,
    7.939781965539527e-05,
    0.022206843521722388
  ],
  "mse_mean": 0.003364885885571884,
  "mse_spatial": 0.0002245596128801329,
  "mse_gripper": 0.022206843521722388,
  "mse_per_dim_names": [
    "x",
    "y",
    "z",
    "roll",
    "pitch",
    "yaw",
    "gripper"
  ],
  "grounding": {
    "nouns": [
      "block",
      "top"
    ],
    "num_boxes": 4,
    "num_patches": 195,
    "patch_coverage": 0.76171875
  }
}