{
  "episode_id": 2,
  "step_id": 43,
  "instruction": "put the red object into the pot",
  "condition": "tri_bgsup_gripex_resid",
  "condition_desc": "bg_sup(\u03b3=0.85) + gripex + resid(\u03b1=1.5)",
  "predicted_action": [
    -0.00020878732204438963,
    -0.00042412251234059256,
    -0.004138622947913766,
    0.017103163370898955,
    0.013956425710635989,
    -0.009737499782852183,
    0.0
  ],
  "ground_truth_action": [
    0.0003222422383259982,
    -0.0009122692281380296,
    -0.012070759199559689,
    0.0345541276037693,
    -0.004158706869930029,
    -0.005816127639263868,
    1.0
  ],
  "action_token_ids": [
    31872,
    31872,
    31915,
    31846,
    31840,
    31877,
    31872
  ],
  "mse_per_dim": [
    2.8199239398716735e-07,
    2.3828721614382374e-07,
    6.291878551467542e-05,
    0.00030453615265692014,
    0.0003281580284114844,
    1.537715948851041e-05,
    1.0
  ],
  "mse_mean": 0.14295878720081165,
  "mse_spatial": 0.00011858506761362025,
  "mse_gripper": 1.0,
  "mse_per_dim_names": [
    "x",
    "y",
    "z",
    "roll",
    "pitch",
    "yaw",
    "gripper"
  ],
  "grounding": {
    "nouns": [
      "object",
      "pot"
    ],
    "num_boxes": 2,
    "num_patches": 56,
    "patch_coverage": 0.21875
  }
}