{
  "episode_id": 1,
  "step_id": 37,
  "instruction": "put the blue cube on the right side of the table on top of the rectangular block",
  "condition": "tri_bgsup_gripex_resid",
  "condition_desc": "bg_sup(\u03b3=0.85) + gripex + resid(\u03b1=1.5)",
  "predicted_action": [
    -0.0013271585282157647,
    0.0015184364108477844,
    -0.0007608943585963902,
    0.015825974913204255,
    0.0018988609822357116,
    -0.009737499782852183,
    0.0
  ],
  "ground_truth_action": [
    -0.0027677109465003014,
    0.0021453797817230225,
    -0.0008008196600712836,
    -0.005414335057139397,
    -0.000532986072357744,
    0.01841532066464424,
    0.0
  ],
  "action_token_ids": [
    31877,
    31866,
    31902,
    31848,
    31858,
    31877,
    31872
  ],
  "mse_per_dim": [
    2.075191269825427e-06,
    3.9305799028440636e-07,
    1.5940296978611207e-09,
    0.00045115076763627994,
    5.913880096934865e-06,
    0.0007925812991489727,
    0.0
  ],
  "mse_mean": 0.00017887368431028503,
  "mse_spatial": 0.00020868596502866585,
  "mse_gripper": 0.0,
  "mse_per_dim_names": [
    "x",
    "y",
    "z",
    "roll",
    "pitch",
    "yaw",
    "gripper"
  ],
  "grounding": {
    "nouns": [
      "cube",
      "side",
      "table",
      "top",
      "block"
    ],
    "num_boxes": 2,
    "num_patches": 256,
    "patch_coverage": 1.0
  }
}