{
  "episode_id": 9,
  "step_id": 4,
  "instruction": "Move the can in the middle bottom of the table",
  "condition": "tri_bgsup_gripex_resid",
  "condition_desc": "bg_sup(\u03b3=0.85) + gripex + resid(\u03b1=1.5)",
  "predicted_action": [
    -0.004234923664261325,
    -0.010460676948813866,
    0.007033863924443714,
    -0.0173809249868581,
    0.013956425710635989,
    -0.050032451626132596,
    -0.23529411764705888
  ],
  "ground_truth_action": [
    -0.006486942525953054,
    -0.019025003537535667,
    0.0007258533150888979,
    -0.020097097381949425,
    0.0018136324360966682,
    -0.04556237533688545,
    1.0
  ],
  "action_token_ids": [
    31890,
    31903,
    31872,
    31900,
    31840,
    31902,
    31902
  ],
  "mse_per_dim": [
    5.0715889534153146e-06,
    7.33476899182872e-05,
    3.979099784773292e-05,
    7.3775924798561375e-06,
    0.00014744742850819736,
    1.998158203168951e-05,
    1.5259515570934257
  ],
  "mse_mean": 0.21803493913902355,
  "mse_spatial": 4.8836146623196404e-05,
  "mse_gripper": 1.5259515570934257,
  "mse_per_dim_names": [
    "x",
    "y",
    "z",
    "roll",
    "pitch",
    "yaw",
    "gripper"
  ],
  "grounding": {
    "nouns": [
      "can",
      "bottom",
      "table"
    ],
    "num_boxes": 1,
    "num_patches": 224,
    "patch_coverage": 0.875
  }
}