{
  "episode_id": 9,
  "step_id": 15,
  "instruction": "Move the can in the middle bottom of the table",
  "condition": "tri_bgsup_gripex_resid",
  "condition_desc": "bg_sup(\u03b3=0.85) + gripex + resid(\u03b1=1.5)",
  "predicted_action": [
    -0.007366363041541167,
    -0.004309240358717346,
    -0.0010207196346977247,
    0.010078626853578077,
    -0.004799786089097785,
    -0.030690874741357954,
    0.996078431372549
  ],
  "ground_truth_action": [
    0.0009634012239985168,
    -0.003233839524909854,
    0.003448271891102195,
    -0.011438881047070026,
    -0.00852696131914854,
    -0.003798206802457571,
    1.0
  ],
  "action_token_ids": [
    31904,
    31884,
    31903,
    31857,
    31868,
    31890,
    31744
  ],
  "mse_per_dim": [
    6.938497271946187e-05,
    1.15648695335385e-06,
    1.997188525767149e-05,
    0.0004630031462544535,
    1.3891835195503902e-05,
    0.0007232155888719606,
    1.5378700499807656e-05
  ],
  "mse_mean": 0.0001865718022503161,
  "mse_spatial": 0.00021510398587540086,
  "mse_gripper": 1.5378700499807656e-05,
  "mse_per_dim_names": [
    "x",
    "y",
    "z",
    "roll",
    "pitch",
    "yaw",
    "gripper"
  ],
  "grounding": {
    "nouns": [
      "can",
      "bottom",
      "table"
    ],
    "num_boxes": 1,
    "num_patches": 224,
    "patch_coverage": 0.875
  }
}