{
  "episode_id": 6,
  "step_id": 16,
  "instruction": "Picked the piece of chocolate and put it into the drawer",
  "condition": "tri_bgsup_gripex_resid",
  "condition_desc": "bg_sup(\u03b3=0.85) + gripex + resid(\u03b1=1.5)",
  "predicted_action": [
    -0.0013271585282157647,
    0.0008709167697849851,
    -0.0028394965674070835,
    0.008162844167036026,
    -0.006139515503364487,
    0.012827673249384858,
    0.0
  ],
  "ground_truth_action": [
    0.002236070577055216,
    0.0034829273354262114,
    -0.0023208886850625277,
    0.005369121674448252,
    0.005937285255640745,
    0.006255246698856354,
    1.0
  ],
  "action_token_ids": [
    31877,
    31868,
    31910,
    31860,
    31870,
    31863,
    31872
  ],
  "mse_per_dim": [
    1.2696601656650233e-05,
    6.822599195021399e-06,
    2.689541356299047e-07,
    7.804885365590848e-06,
    0.00014584911657270936,
    4.319679076209201e-05,
    1.0
  ],
  "mse_mean": 0.1428880912782411,
  "mse_spatial": 3.610649128128229e-05,
  "mse_gripper": 1.0,
  "mse_per_dim_names": [
    "x",
    "y",
    "z",
    "roll",
    "pitch",
    "yaw",
    "gripper"
  ],
  "grounding": {
    "nouns": [
      "piece",
      "chocolate",
      "it",
      "drawer"
    ],
    "num_boxes": 1,
    "num_patches": 9,
    "patch_coverage": 0.03515625
  }
}