{
  "episode_id": 1,
  "step_id": 28,
  "instruction": "put the blue cube on the right side of the table on top of the rectangular block",
  "condition": "tri_bgsup_gripex_resid",
  "condition_desc": "bg_sup(\u03b3=0.85) + gripex + resid(\u03b1=1.5)",
  "predicted_action": [
    -0.006247991835369799,
    0.0011946765903163847,
    -0.0005010690824950523,
    -0.01674233075801075,
    0.007257778639302506,
    0.014439471323116071,
    0.06274509803921569
  ],
  "ground_truth_action": [
    0.002317998092621565,
    -0.0005705718649551272,
    0.003026033053174615,
    -0.025404097512364388,
    -0.03950098156929016,
    0.03378404304385185,
    1.0
  ],
  "action_token_ids": [
    31899,
    31867,
    31901,
    31899,
    31850,
    31862,
    31864
  ],
  "mse_per_dim": [
    7.337618344644949e-05,
    3.1161021088384594e-06,
    1.2440449475445527e-05,
    7.502620330682593e-05,
    0.002186381656244669,
    0.0003742124550586905,
    0.8784467512495194
  ],
  "mse_mean": 0.12588161489988006,
  "mse_spatial": 0.00045409217494015315,
  "mse_gripper": 0.8784467512495194,
  "mse_per_dim_names": [
    "x",
    "y",
    "z",
    "roll",
    "pitch",
    "yaw",
    "gripper"
  ],
  "grounding": {
    "nouns": [
      "cube",
      "side",
      "table",
      "top",
      "block"
    ],
    "num_boxes": 2,
    "num_patches": 256,
    "patch_coverage": 1.0
  }
}