{
  "episode_id": 9,
  "step_id": 10,
  "instruction": "Move the can in the middle bottom of the table",
  "condition": "tri_bgsup_gripex_resid",
  "condition_desc": "bg_sup(\u03b3=0.85) + gripex + resid(\u03b1=1.5)",
  "predicted_action": [
    -0.007813711524009715,
    -0.008194358205094093,
    -0.0028394965674070835,
    0.010078626853578077,
    0.009267372760702552,
    -0.030690874741357954,
    0.996078431372549
  ],
  "ground_truth_action": [
    -0.016826383769512177,
    -0.010307715274393559,
    -0.006835842505097389,
    0.0025085932575166225,
    0.020056849345564842,
    -0.04936245083808899,
    1.0
  ],
  "action_token_ids": [
    31906,
    31896,
    31910,
    31857,
    31847,
    31890,
    31744
  ],
  "mse_per_dim": [
    8.122826100485038e-05,
    4.466278102358024e-06,
    1.597078085369381e-05,
    5.730540864549911e-05,
    0.00011641280497529162,
    0.00034862775393601774,
    1.5378700499807656e-05
  ],
  "mse_mean": 9.134142685964547e-05,
  "mse_spatial": 0.00010400188125295178,
  "mse_gripper": 1.5378700499807656e-05,
  "mse_per_dim_names": [
    "x",
    "y",
    "z",
    "roll",
    "pitch",
    "yaw",
    "gripper"
  ],
  "grounding": {
    "nouns": [
      "can",
      "bottom",
      "table"
    ],
    "num_boxes": 1,
    "num_patches": 224,
    "patch_coverage": 0.875
  }
}