{
  "episode_id": 6,
  "step_id": 25,
  "instruction": "Picked the piece of chocolate and put it into the drawer",
  "condition": "tri_bgsup_gripex_resid",
  "condition_desc": "bg_sup(\u03b3=0.85) + gripex + resid(\u03b1=1.5)",
  "predicted_action": [
    0.003370000537704001,
    0.005079794436693139,
    0.02652075963204396,
    -0.035261563394583986,
    0.02869344926756967,
    0.027333855912965777,
    0.06274509803921569
  ],
  "ground_truth_action": [
    0.001981235109269619,
    0.015301321633160114,
    0.026454392820596695,
    -0.02528619021177292,
    -0.019388671964406967,
    0.036819420754909515,
    0.0
  ],
  "action_token_ids": [
    31856,
    31855,
    31797,
    31928,
    31818,
    31854,
    31864
  ],
  "mse_per_dim": [
    1.9286694152145322e-06,
    0.00010447961822811403,
    4.404553661676862e-09,
    9.95080701363462e-05,
    0.0023118903821664986,
    8.997594037071915e-05,
    0.003936947327950788
  ],
  "mse_mean": 0.0009349620589744773,
  "mse_spatial": 0.000434631180811759,
  "mse_gripper": 0.003936947327950788,
  "mse_per_dim_names": [
    "x",
    "y",
    "z",
    "roll",
    "pitch",
    "yaw",
    "gripper"
  ],
  "grounding": {
    "nouns": [
      "piece",
      "chocolate",
      "it",
      "drawer"
    ],
    "num_boxes": 1,
    "num_patches": 132,
    "patch_coverage": 0.515625
  }
}