{
  "episode_id": 2,
  "step_id": 0,
  "instruction": "put the red object into the pot",
  "condition": "tri_bgsup_gripex_resid",
  "condition_desc": "bg_sup(\u03b3=0.85) + gripex + resid(\u03b1=1.5)",
  "predicted_action": [
    0.02819784131470845,
    0.0070223533598815155,
    -0.015051284544169907,
    0.05861178824597689,
    -0.008818974331897864,
    -0.004902105561658515,
    0.09411764705882353
  ],
  "ground_truth_action": [
    5.551115123125783e-17,
    0.0,
    0.0,
    3.6396684777173505e-07,
    6.60142305264344e-08,
    1.5839663092265255e-07,
    1.0
  ],
  "action_token_ids": [
    31744,
    31849,
    31957,
    31781,
    31874,
    31874,
    31860
  ],
  "mse_per_dim": [
    0.0007951182548094758,
    4.931344671103921e-05,
    0.00022654116642956793,
    0.0034352990560280864,
    7.777547262664036e-05,
    2.403219191674363e-05,
    0.8206228373702422
  ],
  "mse_mean": 0.11789013099410912,
  "mse_spatial": 0.0007680132647535923,
  "mse_gripper": 0.8206228373702422,
  "mse_per_dim_names": [
    "x",
    "y",
    "z",
    "roll",
    "pitch",
    "yaw",
    "gripper"
  ],
  "grounding": {
    "nouns": [
      "object",
      "pot"
    ],
    "num_boxes": 3,
    "num_patches": 65,
    "patch_coverage": 0.25390625
  }
}