{
  "episode_id": 4,
  "step_id": 2,
  "instruction": "",
  "condition": "tri_bgsup_gripex_resid",
  "condition_desc": "bg_sup(\u03b3=0.85) + gripex + resid(\u03b1=1.5)",
  "predicted_action": [
    -0.0008798100457472133,
    -0.014345794795190617,
    -0.005697574604521784,
    0.04903287481326661,
    0.014626290417769333,
    0.0353928462816219,
    -0.06274509803921569
  ],
  "ground_truth_action": [
    -0.0009135314030572772,
    0.008294888772070408,
    -0.022448280826210976,
    0.015776176005601883,
    -0.038110505789518356,
    -0.3073672354221344,
    1.0
  ],
  "action_token_ids": [
    31875,
    31915,
    31921,
    31796,
    31839,
    31849,
    31880
  ],
  "mse_per_dim": [
    1.1371299388330017e-09,
    0.0005126005523928434,
    0.000280586158925337,
    0.0011060080155837284,
    0.0027811696742089933,
    0.11748447360956567,
    1.129427143406382
  ],
  "mse_mean": 0.17879885465059836,
  "mse_spatial": 0.020360806524634418,
  "mse_gripper": 1.129427143406382,
  "mse_per_dim_names": [
    "x",
    "y",
    "z",
    "roll",
    "pitch",
    "yaw",
    "gripper"
  ],
  "grounding": {
    "nouns": [],
    "num_boxes": 0,
    "num_patches": 0,
    "patch_coverage": 0.0
  }
}