{
  "episode_id": 2,
  "step_id": 14,
  "instruction": "put the red object into the pot",
  "condition": "tri_bgsup_gripex_resid",
  "condition_desc": "bg_sup(\u03b3=0.85) + gripex + resid(\u03b1=1.5)",
  "predicted_action": [
    -0.0013271585282157647,
    -0.008841877846156886,
    0.0005382320219102961,
    -0.03909312876766811,
    -0.002790191967697725,
    0.030557452060428203,
    -0.03921568627450983
  ],
  "ground_truth_action": [
    0.0031403847970068455,
    -0.0031738216057419777,
    0.009136834181845188,
    0.006346466485410929,
    -0.01984533853828907,
    -0.004483961034566164,
    1.0
  ],
  "action_token_ids": [
    31877,
    31898,
    31897,
    31934,
    31865,
    31852,
    31877
  ],
  "mse_per_dim": [
    1.9958943362741098e-05,
    3.212686154450638e-05,
    7.393595910483699e-05,
    0.002064756816763643,
    0.00029087802454435375,
    0.0012279006316940426,
    1.0799692425990006
  ],
  "mse_mean": 0.15481125711943067,
  "mse_spatial": 0.0006182595395023539,
  "mse_gripper": 1.0799692425990006,
  "mse_per_dim_names": [
    "x",
    "y",
    "z",
    "roll",
    "pitch",
    "yaw",
    "gripper"
  ],
  "grounding": {
    "nouns": [
      "object",
      "pot"
    ],
    "num_boxes": 2,
    "num_patches": 56,
    "patch_coverage": 0.21875
  }
}