{
  "episode_id": 6,
  "step_id": 42,
  "instruction": "Picked the piece of chocolate and put it into the drawer",
  "condition": "tri_bgsup_gripex_resid",
  "condition_desc": "bg_sup(\u03b3=0.85) + gripex + resid(\u03b1=1.5)",
  "predicted_action": [
    -0.009155756971415362,
    -0.004309240358717346,
    0.030937789325766695,
    -0.03845453453882076,
    -0.05035058617416551,
    0.011215875175653645,
    0.996078431372549
  ],
  "ground_truth_action": [
    -0.009194412268698215,
    -0.004881281405687332,
    0.029770193621516228,
    0.012526963837444782,
    -0.022849544882774353,
    -0.014899207279086113,
    1.0
  ],
  "action_token_ids": [
    31912,
    31884,
    31780,
    31933,
    31936,
    31864,
    31744
  ],
  "mse_per_dim": [
    1.494232008025753e-09,
    3.2723095941851743e-07,
    1.363279728584145e-06,
    0.002599113176689166,
    0.0007563072721108015,
    0.0006819975316178563,
    1.5378700499807656e-05
  ],
  "mse_mean": 0.0005792126694053774,
  "mse_spatial": 0.0006731849975563057,
  "mse_gripper": 1.5378700499807656e-05,
  "mse_per_dim_names": [
    "x",
    "y",
    "z",
    "roll",
    "pitch",
    "yaw",
    "gripper"
  ],
  "grounding": {
    "nouns": [
      "piece",
      "chocolate",
      "it",
      "drawer"
    ],
    "num_boxes": 0,
    "num_patches": 0,
    "patch_coverage": 0.0
  }
}