{
  "predicted_action": [
    0.0026989778140011807,
    -0.00010036269180919988,
    -0.0028394965674070835,
    -0.010994982698384559,
    -0.01886694493889811,
    0.0015450867332663376,
    0.996078431372549
  ],
  "ground_truth_action": [
    0.00815527979284525,
    0.002605537883937359,
    -0.00971079058945179,
    -0.04788215458393097,
    -0.02560991607606411,
    0.13556690514087677,
    1.0
  ],
  "action_token_ids": [
    31859,
    31871,
    31910,
    31890,
    31889,
    31870,
    31744
  ],
  "mse_per_dim": [
    2.9771231284337697e-05,
    7.321897925825558e-06,
    4.7214681537387316e-05,
    0.0013606634497138456,
    4.546765975665375e-05,
    0.017961847809282505,
    1.5378700499807656e-05
  ],
  "mse_mean": 0.0027810950614286234,
  "mse_per_dim_names": [
    "x",
    "y",
    "z",
    "roll",
    "pitch",
    "yaw",
    "gripper"
  ],
  "grounding": {
    "nouns": [
      "spoon",
      "basket"
    ],
    "num_boxes": 4,
    "num_patches": 111,
    "patch_indices": [
      48,
      49,
      50,
      51,
      52,
      53,
      54,
      55,
      64,
      65,
      66,
      67,
      68,
      69,
      70,
      71,
      80,
      81,
      82,
      83
    ]
  },
  "episode_id": 0,
  "step_id": 1,
  "instruction": "put small spoon from basket to tray",
  "method": "logit_bias"
}