{
  "predicted_action": [
    -0.0028928782168556808,
    0.01025995156519547,
    -0.010374429574345846,
    -0.03206859225034722,
    -0.014847756696098016,
    -0.027467278593895555,
    0.03137254901960773
  ],
  "ground_truth_action": [
    -0.005879540462046862,
    0.0014935544459149241,
    -0.022402869537472725,
    -0.0296296589076519,
    -0.0024550016969442368,
    0.004829951096326113,
    0.0
  ],
  "action_token_ids": [
    31884,
    31839,
    31939,
    31923,
    31883,
    31888,
    31868
  ],
  "mse_per_dim": [
    8.920151366850426e-06,
    7.684971845293025e-05,
    0.00014468336794654774,
    5.948395850110971e-06,
    0.000153580376469051,
    0.001043111045662936,
    0.00098423683198769
  ],
  "mse_mean": 0.0003453328411051595,
  "mse_per_dim_names": [
    "x",
    "y",
    "z",
    "roll",
    "pitch",
    "yaw",
    "gripper"
  ],
  "grounding": {
    "nouns": [
      "broccoli",
      "pan"
    ],
    "num_boxes": 3,
    "num_patches": 37,
    "patch_indices": [
      84,
      85,
      86,
      100,
      101,
      102,
      106,
      107,
      108,
      109,
      110,
      111,
      116,
      117,
      118,
      122,
      123,
      124,
      125,
      126
    ]
  },
  "episode_id": 5,
  "step_id": 21,
  "instruction": "take broccoli out of pan",
  "method": "logit_bias"
}