{
  "predicted_action": [
    -0.007366363041541167,
    -0.0013954019739347845,
    0.013269670550875797,
    -0.0173809249868581,
    -0.004129921381964441,
    -0.011349297856583396,
    0.0
  ],
  "ground_truth_action": [
    -0.00034584649256430566,
    -0.0027606345247477293,
    0.004070924129337072,
    0.00229075294919312,
    -0.005368888843804598,
    -0.00237998366355896,
    0.0
  ],
  "action_token_ids": [
    31904,
    31875,
    31848,
    31900,
    31867,
    31878,
    31872
  ],
  "mse_per_dim": [
    4.928765261445798e-05,
    1.8638599177992199e-06,
    8.461693572777149e-05,
    0.00038697491281972443,
    1.5350403714986408e-06,
    8.044859709318959e-05,
    0.0
  ],
  "mse_mean": 8.638957122063448e-05,
  "mse_per_dim_names": [
    "x",
    "y",
    "z",
    "roll",
    "pitch",
    "yaw",
    "gripper"
  ],
  "grounding": {
    "nouns": [
      "piece",
      "chocolate",
      "it",
      "drawer"
    ],
    "num_boxes": 1,
    "num_patches": 9,
    "patch_indices": [
      105,
      106,
      107,
      121,
      122,
      123,
      137,
      138,
      139
    ]
  },
  "episode_id": 6,
  "step_id": 20,
  "instruction": "Picked the piece of chocolate and put it into the drawer",
  "method": "logit_bias"
}