{
  "predicted_action": [
    -0.0006561358045129376,
    -0.00010036269180919988,
    -0.0007608943585963902,
    0.0036926845651045342,
    -0.02757518613163165,
    0.016051269396847284,
    0.05490196078431375
  ],
  "ground_truth_action": [
    -0.002200501272454858,
    -0.003980997484177351,
    -0.010857606306672096,
    -0.003156921360641718,
    -0.020301010459661484,
    0.015655269846320152,
    1.0
  ],
  "action_token_ids": [
    31874,
    31871,
    31902,
    31867,
    31902,
    31861,
    31865
  ],
  "mse_per_dim": [
    2.3850646985714663e-06,
    1.5059326391738204e-05,
    0.00010194359216241472,
    4.6917101338018175e-05,
    5.291363170668264e-05,
    1.5681564401769047e-07,
    0.8932103037293349
  ],
  "mse_mean": 0.12763281132303947,
  "mse_per_dim_names": [
    "x",
    "y",
    "z",
    "roll",
    "pitch",
    "yaw",
    "gripper"
  ],
  "grounding": {
    "nouns": [
      "broccoli",
      "pan"
    ],
    "num_boxes": 2,
    "num_patches": 18,
    "patch_indices": [
      84,
      85,
      86,
      100,
      101,
      102,
      116,
      117,
      118,
      124,
      125,
      126,
      140,
      141,
      142,
      156,
      157,
      158
    ]
  },
  "episode_id": 5,
  "step_id": 13,
  "instruction": "take broccoli out of pan",
  "method": "logit_bias"
}