{
  "predicted_action": [
    -0.021905188721769,
    -0.014022034974659217,
    -0.005957399880623118,
    0.007524249938188662,
    -0.002790191967697725,
    0.003156884806997551,
    -0.3137254901960784
  ],
  "ground_truth_action": [
    -0.010006348602473736,
    0.0020131906494498253,
    -0.00019307505863253027,
    -0.003451565746217966,
    0.001911176135763526,
    -0.010756222531199455,
    0.0
  ],
  "action_token_ids": [
    31969,
    31914,
    31922,
    31861,
    31865,
    31869,
    31912
  ],
  "mse_per_dim": [
    0.00014158239618455057,
    0.00025712846081608323,
    3.3227440653416824e-05,
    0.00012046852993806655,
    2.210286204424284e-05,
    0.00019357455580419137,
    0.09842368319876971
  ],
  "mse_mean": 0.014170252492030036,
  "mse_per_dim_names": [
    "x",
    "y",
    "z",
    "roll",
    "pitch",
    "yaw",
    "gripper"
  ],
  "grounding": {
    "nouns": [
      "drawer"
    ],
    "num_boxes": 1,
    "num_patches": 256,
    "patch_indices": [
      0,
      1,
      2,
      3,
      4,
      5,
      6,
      7,
      8,
      9,
      10,
      11,
      12,
      13,
      14,
      15,
      16,
      17,
      18,
      19
    ]
  },
  "episode_id": 8,
  "step_id": 22,
  "instruction": "open the drawer",
  "method": "logit_bias"
}