{
  "predicted_action": [
    -0.026602347787688763,
    -0.010784436769345263,
    0.000798057298011634,
    -0.0078020115541478086,
    -0.03360396849583179,
    -0.050032451626132596,
    -0.25098039215686274
  ],
  "ground_truth_action": [
    0.00213719648309052,
    -0.009536905214190483,
    -9.729982411954552e-05,
    -0.002228890545666218,
    -0.006252213381230831,
    -0.005743802525103092,
    1.0
  ],
  "action_token_ids": [
    31990,
    31904,
    31896,
    31885,
    31911,
    31902,
    31904
  ],
  "mse_per_dim": [
    0.0008259614048920824,
    1.5563349811069025e-06,
    8.01664376151028e-07,
    3.1059677775178865e-05,
    0.0007481185078490998,
    0.0019614844391941215,
    1.564951941560938
  ],
  "mse_mean": 0.2240744176557151,
  "mse_per_dim_names": [
    "x",
    "y",
    "z",
    "roll",
    "pitch",
    "yaw",
    "gripper"
  ],
  "grounding": {
    "nouns": [
      "cube",
      "side",
      "table",
      "top",
      "block"
    ],
    "num_boxes": 1,
    "num_patches": 256,
    "patch_indices": [
      0,
      1,
      2,
      3,
      4,
      5,
      6,
      7,
      8,
      9,
      10,
      11,
      12,
      13,
      14,
      15,
      16,
      17,
      18,
      19
    ]
  },
  "episode_id": 1,
  "step_id": 7,
  "instruction": "put the blue cube on the right side of the table on top of the rectangular block",
  "method": "logit_bias"
}