{
  "predicted_action": [
    0.002475303572766905,
    -0.007223078743499908,
    -0.006736875708927132,
    -0.009079200011842509,
    -0.010828568453297924,
    0.04506363472400918,
    0.588235294117647
  ],
  "ground_truth_action": [
    0.003472035052254796,
    -0.01286912988871336,
    -0.0013490361161530018,
    -0.016281012445688248,
    -0.018393082544207573,
    0.04827413335442543,
    1.0
  ],
  "action_token_ids": [
    31860,
    31893,
    31925,
    31887,
    31877,
    31843,
    31797
  ],
  "mse_per_dim": [
    9.934736422021203e-07,
    3.1877893534366126e-05,
    2.9028815477464507e-05,
    5.1866102332295084e-05,
    5.722187343157063e-05,
    1.0307301455904637e-05,
    0.1695501730103807
  ],
  "mse_mean": 0.024247352638607785,
  "mse_per_dim_names": [
    "x",
    "y",
    "z",
    "roll",
    "pitch",
    "yaw",
    "gripper"
  ],
  "grounding": {
    "nouns": [
      "piece",
      "chocolate",
      "it",
      "drawer"
    ],
    "num_boxes": 0,
    "num_patches": 0,
    "patch_indices": []
  },
  "episode_id": 6,
  "step_id": 5,
  "instruction": "Picked the piece of chocolate and put it into the drawer",
  "method": "logit_bias"
}