{
  "predicted_action": [
    -0.0035639009405585044,
    -0.0010716421534033849,
    -0.0072565262611298045,
    -0.0065248230964530946,
    0.02333453161050289,
    -0.0016785094141960888,
    0.0
  ],
  "ground_truth_action": [
    -0.0027283073868602514,
    0.0019198310328647494,
    -0.004142771940678358,
    -0.0020445503760129213,
    0.013042598962783813,
    0.009751519188284874,
    1.0
  ],
  "action_token_ids": [
    31887,
    31874,
    31927,
    31883,
    31826,
    31872,
    31872
  ],
  "mse_per_dim": [
    6.982165869820752e-07,
    8.948911824161223e-06,
    9.69546596813005e-06,
    2.007284364952039e-05,
    0.0001059238776251858,
    0.00013064555385353292,
    1.0
  ],
  "mse_mean": 0.1428965692670725,
  "mse_per_dim_names": [
    "x",
    "y",
    "z",
    "roll",
    "pitch",
    "yaw",
    "gripper"
  ],
  "grounding": {
    "nouns": [
      "block",
      "top"
    ],
    "num_boxes": 4,
    "num_patches": 36,
    "patch_indices": [
      70,
      71,
      72,
      74,
      75,
      76,
      86,
      87,
      88,
      89,
      90,
      91,
      92,
      101,
      102,
      103,
      104,
      105,
      106,
      107
    ]
  },
  "episode_id": 3,
  "step_id": 12,
  "instruction": "put the rectangle block on top of the red arch and yellow block",
  "method": "logit_bias"
}