{
  "predicted_action": [
    -0.001998181251918585,
    0.0015184364108477844,
    0.026260934355942626,
    0.015187380684356905,
    0.004578319810769102,
    0.004768682880728764,
    -0.03137254901960784
  ],
  "ground_truth_action": [
    -0.007857064716517925,
    0.011849209666252136,
    0.02575315348803997,
    -0.010266083292663097,
    -0.0027714837342500687,
    0.07123322039842606,
    1.0
  ],
  "action_token_ids": [
    31880,
    31866,
    31798,
    31849,
    31854,
    31868,
    31876
  ],
  "mse_per_dim": [
    3.432651545175557e-05,
    0.00010672487605457783,
    2.578414098079739e-07,
    0.0006478788284294549,
    5.401961215037637e-05,
    0.004417534747441391,
    1.0637293348712031
  ],
  "mse_mean": 0.1527128681845915,
  "mse_per_dim_names": [
    "x",
    "y",
    "z",
    "roll",
    "pitch",
    "yaw",
    "gripper"
  ],
  "grounding": {
    "nouns": [
      "fork",
      "burner"
    ],
    "num_boxes": 3,
    "num_patches": 180,
    "patch_indices": [
      65,
      66,
      67,
      68,
      69,
      70,
      71,
      72,
      73,
      74,
      75,
      76,
      77,
      78,
      79,
      81,
      82,
      83,
      84,
      85
    ]
  },
  "episode_id": 7,
  "step_id": 27,
  "instruction": "Move the blue fork to the lower right burner",
  "method": "logit_bias"
}