{
  "predicted_action": [
    0.00135693236659553,
    -0.00042412251234059256,
    -0.0072565262611298045,
    -0.002693257723368994,
    0.02333453161050289,
    0.007992279028191218,
    0.996078431372549
  ],
  "ground_truth_action": [
    0.027557220309972763,
    0.0017187577905133367,
    -0.013666432350873947,
    0.012634806334972382,
    -0.03762463480234146,
    0.0008455918286927044,
    1.0
  ],
  "action_token_ids": [
    31865,
    31872,
    31927,
    31877,
    31826,
    31866,
    31744
  ],
  "mse_per_dim": [
    0.0006864550883158784,
    4.591935992359347e-06,
    4.1086896079339046e-05,
    0.00023494954777661669,
    0.0037160199697488508,
    5.1075137927475906e-05,
    1.5378700499807656e-05
  ],
  "mse_mean": 0.0006785081823343326,
  "mse_per_dim_names": [
    "x",
    "y",
    "z",
    "roll",
    "pitch",
    "yaw",
    "gripper"
  ],
  "grounding": {
    "nouns": [
      "object",
      "pot"
    ],
    "num_boxes": 3,
    "num_patches": 65,
    "patch_indices": [
      70,
      71,
      72,
      86,
      87,
      88,
      102,
      103,
      104,
      116,
      117,
      118,
      119,
      120,
      121,
      122,
      132,
      133,
      134,
      135
    ]
  },
  "episode_id": 2,
  "step_id": 1,
  "instruction": "put the red object into the pot",
  "method": "logit_bias"
}