{
  "predicted_action": [
    -0.009826779695118186,
    0.0024897158724419693,
    -0.008295827365535153,
    0.024127699888219833,
    -0.03293410378869844,
    -0.03713806703628286,
    0.1568627450980391
  ],
  "ground_truth_action": [
    -0.0014093253994360566,
    0.000616889912635088,
    0.002042830688878894,
    -0.009692066349089146,
    0.0108741270378232,
    -0.0007788309594616294,
    1.0
  ],
  "action_token_ids": [
    31915,
    31863,
    31931,
    31835,
    31910,
    31894,
    31852
  ],
  "mse_per_dim": [
    7.085353681989753e-05,
    3.5074770757265665e-06,
    0.00010688785036610045,
    0.0011437765883462244,
    0.0019191610881498008,
    0.0013219940480900187,
    0.7108804306036142
  ],
  "mse_mean": 0.10220665874178027,
  "mse_per_dim_names": [
    "x",
    "y",
    "z",
    "roll",
    "pitch",
    "yaw",
    "gripper"
  ],
  "grounding": {
    "nouns": [
      "cube",
      "side",
      "table",
      "top",
      "block"
    ],
    "num_boxes": 3,
    "num_patches": 256,
    "patch_indices": [
      0,
      1,
      2,
      3,
      4,
      5,
      6,
      7,
      8,
      9,
      10,
      11,
      12,
      13,
      14,
      15,
      16,
      17,
      18,
      19
    ]
  },
  "episode_id": 1,
  "step_id": 35,
  "instruction": "put the blue cube on the right side of the table on top of the rectangular block",
  "method": "logit_bias"
}