{
  "predicted_action": [
    0.008067159603623756,
    0.016087628334760594,
    0.021843904662219905,
    -0.06016673831963075,
    0.013956425710635989,
    0.11759454804191391,
    0.996078431372549
  ],
  "ground_truth_action": [
    0.004808902740478516,
    0.007086038589477539,
    0.01661388948559761,
    0.02447732910513878,
    -0.06258054077625275,
    0.025781042873859406,
    1.0
  ],
  "action_token_ids": [
    31835,
    31821,
    31815,
    31967,
    31840,
    31798,
    31744
  ],
  "mse_per_dim": [
    1.0616237786233061e-05,
    8.102861794238506e-05,
    2.735305874769953e-05,
    0.00716461815020893,
    0.00585790723901513,
    0.008429719731244371,
    1.5378700499807656e-05
  ],
  "mse_mean": 0.0030838031050635074,
  "mse_per_dim_names": [
    "x",
    "y",
    "z",
    "roll",
    "pitch",
    "yaw",
    "gripper"
  ],
  "grounding": {
    "nouns": [
      "can",
      "bottom",
      "table"
    ],
    "num_boxes": 1,
    "num_patches": 224,
    "patch_indices": [
      32,
      33,
      34,
      35,
      36,
      37,
      38,
      39,
      40,
      41,
      42,
      43,
      44,
      45,
      46,
      47,
      48,
      49,
      50,
      51
    ]
  },
  "episode_id": 9,
  "step_id": 20,
  "instruction": "Move the can in the middle bottom of the table",
  "method": "logit_bias"
}