{
  "predicted_action": [
    0.00023856116042415831,
    -0.005280519820311531,
    -0.010114604298244505,
    -0.02759843264841575,
    0.03338250221750312,
    0.049899028945202845,
    0.0
  ],
  "ground_truth_action": [
    0.004236145410686731,
    0.0013709915801882744,
    -0.01800871454179287,
    -0.050812628120183945,
    -0.0015815711813047528,
    -0.003064011689275503,
    0.0
  ],
  "action_token_ids": [
    31870,
    31887,
    31938,
    31916,
    31811,
    31840,
    31872
  ],
  "mse_per_dim": [
    1.5980679837947377e-05,
    4.424260391097889e-05,
    6.231697653729522e-05,
    0.0005388988714014629,
    0.0012224864286372243,
    0.0028050836732494045,
    0.0
  ],
  "mse_mean": 0.0006698584619391877,
  "mse_per_dim_names": [
    "x",
    "y",
    "z",
    "roll",
    "pitch",
    "yaw",
    "gripper"
  ],
  "grounding": {
    "nouns": [
      "block",
      "top"
    ],
    "num_boxes": 4,
    "num_patches": 210,
    "patch_indices": [
      33,
      34,
      35,
      36,
      37,
      38,
      39,
      40,
      41,
      42,
      43,
      44,
      45,
      46,
      47,
      49,
      50,
      51,
      52,
      53
    ]
  },
  "episode_id": 3,
  "step_id": 23,
  "instruction": "put the rectangle block on top of the red arch and yellow block",
  "method": "logit_bias"
}