{
  "predicted_action": [
    -0.00311655245808996,
    0.004108514975098954,
    1.8581469707623643e-05,
    0.015187380684356905,
    -0.0014504625534310367,
    -0.009737499782852183,
    0.0
  ],
  "ground_truth_action": [
    0.0030635055154561996,
    0.0039046453312039375,
    -0.0002303415967617184,
    0.007928206585347652,
    0.0032491469755768776,
    0.007374392356723547,
    0.0
  ],
  "action_token_ids": [
    31885,
    31858,
    31899,
    31849,
    31863,
    31877,
    31872
  ],
  "mse_per_dim": [
    3.819311655639146e-05,
    4.156283170188065e-08,
    6.196269302050047e-08,
    5.269560859972679e-05,
    2.208632972514199e-05,
    0.0002928168525964736,
    0.0
  ],
  "mse_mean": 5.798506185749375e-05,
  "mse_per_dim_names": [
    "x",
    "y",
    "z",
    "roll",
    "pitch",
    "yaw",
    "gripper"
  ],
  "grounding": {
    "nouns": [
      "block",
      "top"
    ],
    "num_boxes": 3,
    "num_patches": 210,
    "patch_indices": [
      33,
      34,
      35,
      36,
      37,
      38,
      39,
      40,
      41,
      42,
      43,
      44,
      45,
      46,
      47,
      49,
      50,
      51,
      52,
      53
    ]
  },
  "episode_id": 3,
  "step_id": 30,
  "instruction": "put the rectangle block on top of the red arch and yellow block",
  "method": "logit_bias"
}