{
  "predicted_action": [
    0.004264697502641097,
    0.0021659560519105767,
    -0.007776176813332477,
    -0.0065248230964530946,
    0.004578319810769102,
    -0.011349297856583396,
    -0.14901960784313728
  ],
  "ground_truth_action": [
    0.005386976059526205,
    -0.004599890671670437,
    -0.0062157888896763325,
    -0.002376678166911006,
    -0.022989822551608086,
    -0.014497370459139347,
    1.0
  ],
  "action_token_ids": [
    31852,
    31864,
    31929,
    31883,
    31854,
    31878,
    31891
  ],
  "mse_per_dim": [
    1.2595091592441213e-06,
    4.5776681886991936e-05,
    2.434810472291934e-06,
    1.720710635648574e-05,
    0.0007600024733122957,
    9.9103611109634e-06,
    1.3202460592079968
  ],
  "mse_mean": 0.18872609287861358,
  "mse_per_dim_names": [
    "x",
    "y",
    "z",
    "roll",
    "pitch",
    "yaw",
    "gripper"
  ],
  "grounding": {
    "nouns": [
      "fork",
      "burner"
    ],
    "num_boxes": 3,
    "num_patches": 180,
    "patch_indices": [
      65,
      66,
      67,
      68,
      69,
      70,
      71,
      72,
      73,
      74,
      75,
      76,
      77,
      78,
      79,
      81,
      82,
      83,
      84,
      85
    ]
  },
  "episode_id": 7,
  "step_id": 5,
  "instruction": "Move the blue fork to the lower right burner",
  "method": "logit_bias"
}