{
  "predicted_action": [
    0.0006859096428927063,
    -0.005280519820311531,
    -0.011933381230953864,
    0.01327159799781484,
    0.03673182575316984,
    0.016051269396847284,
    0.06274509803921569
  ],
  "ground_truth_action": [
    -0.002287141280248761,
    -0.00830163899809122,
    -0.006244318559765816,
    0.00641954131424427,
    0.029069403186440468,
    0.0013088856358081102,
    1.0
  ],
  "action_token_ids": [
    31868,
    31887,
    31945,
    31852,
    31806,
    31861,
    31864
  ],
  "mse_per_dim": [
    8.839031791592331e-06,
    9.127161086348227e-06,
    3.2365434076705284e-05,
    4.695068079486412e-05,
    5.871271959112357e-05,
    0.00021733787895775154,
    0.8784467512495194
  ],
  "mse_mean": 0.12554572630797398,
  "mse_per_dim_names": [
    "x",
    "y",
    "z",
    "roll",
    "pitch",
    "yaw",
    "gripper"
  ],
  "grounding": {
    "nouns": [
      "block",
      "top"
    ],
    "num_boxes": 5,
    "num_patches": 210,
    "patch_indices": [
      33,
      34,
      35,
      36,
      37,
      38,
      39,
      40,
      41,
      42,
      43,
      44,
      45,
      46,
      47,
      49,
      50,
      51,
      52,
      53
    ]
  },
  "episode_id": 3,
  "step_id": 7,
  "instruction": "put the rectangle block on top of the red arch and yellow block",
  "method": "logit_bias"
}