{
  "predicted_action": [
    -0.0013271585282157647,
    -0.008841877846156886,
    -0.004138622947913766,
    -0.0065248230964530946,
    0.007257778639302506,
    -0.009737499782852183,
    -0.1411764705882353
  ],
  "ground_truth_action": [
    0.0005906406440772116,
    -0.0033218576572835445,
    0.003926488105207682,
    -0.016560032963752747,
    -0.01777074486017227,
    0.008563336916267872,
    1.0
  ],
  "action_token_ids": [
    31877,
    31898,
    31915,
    31883,
    31850,
    31877,
    31890
  ],
  "mse_per_dim": [
    3.677953665247625e-06,
    3.0470622885569276e-05,
    6.504601629918176e-05,
    0.0001007054370807483,
    0.0006264269885637611,
    0.0003349206238878594,
    1.3022837370242213
  ],
  "mse_mean": 0.18620642638094337,
  "mse_per_dim_names": [
    "x",
    "y",
    "z",
    "roll",
    "pitch",
    "yaw",
    "gripper"
  ],
  "grounding": {
    "nouns": [
      "object",
      "pot"
    ],
    "num_boxes": 2,
    "num_patches": 56,
    "patch_indices": [
      116,
      117,
      118,
      119,
      120,
      121,
      122,
      132,
      133,
      134,
      135,
      136,
      137,
      138,
      139,
      140,
      148,
      149,
      150,
      151
    ]
  },
  "episode_id": 2,
  "step_id": 15,
  "instruction": "put the red object into the pot",
  "method": "logit_bias"
}