{
  "predicted_action": [
    -0.00043246156327866186,
    -0.0007478823328719852,
    -0.0025796712913057455,
    -0.0065248230964530946,
    0.013286561003502645,
    -0.011349297856583396,
    -0.04705882352941182
  ],
  "ground_truth_action": [
    -0.001342243398539722,
    3.3503434679005295e-05,
    -0.006533630192279816,
    0.011381820775568485,
    0.008686442859470844,
    -0.011366897262632847,
    0.5069599747657776
  ],
  "action_token_ids": [
    31873,
    31873,
    31909,
    31883,
    31841,
    31878,
    31878
  ],
  "mse_per_dim": [
    8.277029877709827e-07,
    6.105637177312507e-07,
    1.5633790990592078e-05,
    0.00032064789475940797,
    2.116108693905058e-05,
    3.097390932934558e-10,
    0.3069368288644458
  ],
  "mse_mean": 0.04389938717336849,
  "mse_per_dim_names": [
    "x",
    "y",
    "z",
    "roll",
    "pitch",
    "yaw",
    "gripper"
  ],
  "grounding": {
    "nouns": [
      "object",
      "pot"
    ],
    "num_boxes": 2,
    "num_patches": 56,
    "patch_indices": [
      116,
      117,
      118,
      119,
      120,
      121,
      122,
      132,
      133,
      134,
      135,
      136,
      137,
      138,
      139,
      140,
      148,
      149,
      150,
      151
    ]
  },
  "episode_id": 2,
  "step_id": 20,
  "instruction": "put the red object into the pot",
  "method": "logit_bias"
}