{
  "predicted_action": [
    -0.0035639009405585044,
    -0.0010716421534033849,
    -0.022066566998905995,
    -0.03909312876766811,
    0.07759357288830414,
    0.04022824050281551,
    -0.01568627450980392
  ],
  "ground_truth_action": [
    -0.004440227057784796,
    0.011660752817988396,
    -0.037411436438560486,
    -0.1109292283654213,
    -0.055526722222566605,
    -0.0025793190579861403,
    0.0
  ],
  "action_token_ids": [
    31887,
    31874,
    31984,
    31934,
    31744,
    31846,
    31874
  ],
  "mse_per_dim": [
    7.679474637329078e-07,
    0.0001621138817075227,
    0.00023546501812004233,
    0.005160425205418317,
    0.01772101297040532,
    0.0018324871555515808,
    0.00024605920799692423
  ],
  "mse_mean": 0.0036226187695233484,
  "mse_per_dim_names": [
    "x",
    "y",
    "z",
    "roll",
    "pitch",
    "yaw",
    "gripper"
  ],
  "grounding": {
    "nouns": [
      "spoon",
      "basket"
    ],
    "num_boxes": 4,
    "num_patches": 111,
    "patch_indices": [
      48,
      49,
      50,
      51,
      52,
      53,
      54,
      55,
      64,
      65,
      66,
      67,
      68,
      69,
      70,
      71,
      80,
      81,
      82,
      83
    ]
  },
  "episode_id": 0,
  "step_id": 21,
  "instruction": "put small spoon from basket to tray",
  "method": "logit_bias"
}