{
  "predicted_action": [
    -0.0053532948704327,
    0.0011946765903163847,
    0.016907224416294508,
    0.014548786455509555,
    0.017305749246302723,
    0.061181615461321365,
    0.996078431372549
  ],
  "ground_truth_action": [
    0.0,
    0.0,
    0.0,
    0.0,
    0.0,
    0.0,
    1.0
  ],
  "action_token_ids": [
    31895,
    31867,
    31834,
    31850,
    31835,
    31833,
    31744
  ],
  "mse_per_dim": [
    2.8657765969801055e-05,
    1.427252155449983e-06,
    0.00028585423746294513,
    0.00021166718732801827,
    0.0002994889569759073,
    0.0037431900704569974,
    1.5378700499807656e-05
  ],
  "mse_mean": 0.0006550948815498466,
  "mse_per_dim_names": [
    "x",
    "y",
    "z",
    "roll",
    "pitch",
    "yaw",
    "gripper"
  ],
  "grounding": {
    "nouns": [
      "drawer"
    ],
    "num_boxes": 1,
    "num_patches": 35,
    "patch_indices": [
      20,
      21,
      22,
      23,
      24,
      36,
      37,
      38,
      39,
      40,
      52,
      53,
      54,
      55,
      56,
      68,
      69,
      70,
      71,
      72
    ]
  },
  "episode_id": 8,
  "step_id": 33,
  "instruction": "open the drawer",
  "method": "logit_bias"
}