{
  "predicted_action": [
    -0.0017745070106843092,
    -0.005280519820311531,
    0.0005382320219102961,
    -0.014187953842621337,
    0.021994802196236188,
    0.08858218271475202,
    -0.11764705882352944
  ],
  "ground_truth_action": [
    0.002581771230325103,
    0.002116893883794546,
    0.00028409226797521114,
    -0.009100073017179966,
    -0.0013470398262143135,
    0.018327975645661354,
    1.0
  ],
  "action_token_ids": [
    31879,
    31887,
    31897,
    31895,
    31828,
    31816,
    31887
  ],
  "mse_per_dim": [
    1.8977160113092057e-05,
    5.47217295096964e-05,
    6.458701453018552e-08,
    2.5886531293893966e-05,
    0.0005448415890010361,
    0.004935653610906668,
    1.2491349480968859
  ],
  "mse_mean": 0.17924501332924642,
  "mse_per_dim_names": [
    "x",
    "y",
    "z",
    "roll",
    "pitch",
    "yaw",
    "gripper"
  ],
  "grounding": {
    "nouns": [
      "block",
      "top"
    ],
    "num_boxes": 4,
    "num_patches": 210,
    "patch_indices": [
      33,
      34,
      35,
      36,
      37,
      38,
      39,
      40,
      41,
      42,
      43,
      44,
      45,
      46,
      47,
      49,
      50,
      51,
      52,
      53
    ]
  },
  "episode_id": 3,
  "step_id": 46,
  "instruction": "put the rectangle block on top of the red arch and yellow block",
  "method": "logit_bias"
}