{
  "predicted_action": [
    0.0015806066078298056,
    0.009288672103601285,
    -0.009335128469940498,
    0.021573322972830433,
    0.006587913932169148,
    0.0063804809544599494,
    0.0
  ],
  "ground_truth_action": [
    -0.006036115810275078,
    -0.009887522086501122,
    -0.009642031975090504,
    0.006193024106323719,
    0.023466456681489944,
    -0.03267395496368408,
    0.0
  ],
  "action_token_ids": [
    31864,
    31842,
    31935,
    31839,
    31851,
    31867,
    31872
  ],
  "mse_per_dim": [
    5.8014460394461504e-05,
    0.0003677264236165173,
    9.41897614733597e-08,
    0.00023655359322306772,
    0.0002848852053406496,
    0.0015252489648844186,
    0.0
  ],
  "mse_mean": 0.00035321754817436974,
  "mse_per_dim_names": [
    "x",
    "y",
    "z",
    "roll",
    "pitch",
    "yaw",
    "gripper"
  ],
  "grounding": {
    "nouns": [
      "object",
      "pot"
    ],
    "num_boxes": 2,
    "num_patches": 56,
    "patch_indices": [
      116,
      117,
      118,
      119,
      120,
      121,
      122,
      132,
      133,
      134,
      135,
      136,
      137,
      138,
      139,
      140,
      148,
      149,
      150,
      151
    ]
  },
  "episode_id": 2,
  "step_id": 32,
  "instruction": "put the red object into the pot",
  "method": "logit_bias"
}