{
  "predicted_action": [
    0.004041023261406821,
    0.014792589052635016,
    -0.0036189723957110904,
    -0.0020546634945216302,
    -0.03896288615289858,
    0.016051269396847284,
    0.996078431372549
  ],
  "ground_truth_action": [
    0.003466653171926737,
    0.010028623975813389,
    -0.01222209632396698,
    0.006159089505672455,
    -0.03621684014797211,
    0.05901636183261871,
    1.0
  ],
  "action_token_ids": [
    31853,
    31825,
    31913,
    31876,
    31919,
    31861,
    31744
  ],
  "mse_per_dim": [
    3.299009996893599e-07,
    2.2695363253176093e-05,
    7.401374132492905e-05,
    6.746573834819734e-05,
    7.540768661172632e-06,
    0.0018459991680143833,
    1.5378700499807656e-05
  ],
  "mse_mean": 0.0002904890544430508,
  "mse_per_dim_names": [
    "x",
    "y",
    "z",
    "roll",
    "pitch",
    "yaw",
    "gripper"
  ],
  "grounding": {
    "nouns": [
      "spoon",
      "basket"
    ],
    "num_boxes": 5,
    "num_patches": 179,
    "patch_indices": [
      64,
      65,
      66,
      67,
      68,
      69,
      70,
      71,
      80,
      81,
      82,
      83,
      84,
      85,
      86,
      87,
      88,
      89,
      90,
      91
    ]
  },
  "episode_id": 0,
  "step_id": 4,
  "instruction": "put small spoon from basket to tray",
  "method": "logit_bias"
}