{
  "predicted_action": [
    0.015224735323120537,
    -0.004633000179248746,
    -0.0007608943585963902,
    -0.019935301902247515,
    -0.013508027281831314,
    -0.04842065355240138,
    -0.10196078431372552
  ],
  "ground_truth_action": [
    1.2196751413284801e-05,
    -0.012992768548429012,
    0.0005445501883514225,
    -0.013533622026443481,
    -0.0062782797031104565,
    -0.0138913718983531,
    1.0
  ],
  "action_token_ids": [
    31803,
    31885,
    31902,
    31904,
    31881,
    31901,
    31885
  ],
  "mse_per_dim": [
    0.0002314213297956809,
    6.988572718634689e-05,
    1.7041854651557802e-06,
    4.098150523227435e-05,
    5.22692500520201e-05,
    0.0011922712915445953,
    1.2143175701653213
  ],
  "mse_mean": 0.17370087192208533,
  "mse_per_dim_names": [
    "x",
    "y",
    "z",
    "roll",
    "pitch",
    "yaw",
    "gripper"
  ],
  "grounding": {
    "nouns": [
      "cube",
      "side",
      "table",
      "top",
      "block"
    ],
    "num_boxes": 2,
    "num_patches": 256,
    "patch_indices": [
      0,
      1,
      2,
      3,
      4,
      5,
      6,
      7,
      8,
      9,
      10,
      11,
      12,
      13,
      14,
      15,
      16,
      17,
      18,
      19
    ]
  },
  "episode_id": 1,
  "step_id": 6,
  "instruction": "put the blue cube on the right side of the table on top of the rectangular block",
  "method": "logit_bias"
}