{
  "predicted_action": [
    0.016566780770526184,
    -0.04154161971982787,
    0.016907224416294508,
    -0.024405461504178987,
    -0.030254644960165042,
    -0.14190494182881191,
    0.0
  ],
  "ground_truth_action": [
    0.0005658968584612012,
    -0.043404944241046906,
    -0.009345917962491512,
    -0.03226597234606743,
    0.040772322565317154,
    -0.11328940838575363,
    0.0
  ],
  "action_token_ids": [
    31797,
    31999,
    31834,
    31911,
    31906,
    31959,
    31872
  ],
  "mse_per_dim": [
    0.00025602828596738,
    3.4719782713761377e-06,
    0.0006892274847608105,
    6.178763069544575e-05,
    0.005044830115865902,
    0.000818848754230787,
    0.0
  ],
  "mse_mean": 0.0009820277499702431,
  "mse_per_dim_names": [
    "x",
    "y",
    "z",
    "roll",
    "pitch",
    "yaw",
    "gripper"
  ],
  "grounding": {
    "nouns": [
      "fork",
      "burner"
    ],
    "num_boxes": 3,
    "num_patches": 180,
    "patch_indices": [
      65,
      66,
      67,
      68,
      69,
      70,
      71,
      72,
      73,
      74,
      75,
      76,
      77,
      78,
      79,
      81,
      82,
      83,
      84,
      85
    ]
  },
  "episode_id": 7,
  "step_id": 18,
  "instruction": "Move the blue fork to the lower right burner",
  "method": "logit_bias"
}