{
  "predicted_action": [
    0.002251629331532626,
    -0.00010036269180919988,
    -0.0025796712913057455,
    0.001138307649715134,
    -0.00011073313916434846,
    0.014439471323116071,
    0.0
  ],
  "ground_truth_action": [
    0.00217902148142457,
    -0.0031260717660188675,
    0.0028961687348783016,
    0.013126663863658905,
    0.010925862938165665,
    -0.005883979611098766,
    0.0
  ],
  "action_token_ids": [
    31861,
    31871,
    31909,
    31871,
    31861,
    31862,
    31872
  ],
  "mse_per_dim": [
    5.271899897313885e-09,
    9.154915401754724e-06,
    2.9984823992359306e-05,
    0.00014372068471240422,
    0.00012180645297413623,
    0.00041304265787543796,
    0.0
  ],
  "mse_mean": 0.00010253068669371282,
  "mse_per_dim_names": [
    "x",
    "y",
    "z",
    "roll",
    "pitch",
    "yaw",
    "gripper"
  ],
  "grounding": {
    "nouns": [
      "block",
      "top"
    ],
    "num_boxes": 3,
    "num_patches": 210,
    "patch_indices": [
      33,
      34,
      35,
      36,
      37,
      38,
      39,
      40,
      41,
      42,
      43,
      44,
      45,
      46,
      47,
      49,
      50,
      51,
      52,
      53
    ]
  },
  "episode_id": 3,
  "step_id": 31,
  "instruction": "put the rectangle block on top of the red arch and yellow block",
  "method": "logit_bias"
}