{
  "predicted_action": [
    -0.019668446309426258,
    0.012202510488383847,
    -0.010374429574345846,
    0.033068019092082776,
    0.0005591315679690234,
    -0.04358525933120769,
    -0.32156862745098036
  ],
  "ground_truth_action": [
    0.010897655040025711,
    0.005098926369100809,
    -0.013095039874315262,
    0.03371468186378479,
    0.0016929389676079154,
    0.007767811883240938,
    0.969963014125824
  ],
  "action_token_ids": [
    31959,
    31833,
    31939,
    31821,
    31860,
    31898,
    31913
  ],
  "mse_per_dim": [
    0.0009342865517049695,
    5.046090733973017e-05,
    7.401720404299674e-06,
    4.181727403053311e-07,
    1.285519219475906e-06,
    0.002637137923156232,
    1.6680539811940749
  ],
  "mse_mean": 0.23881213885552,
  "mse_per_dim_names": [
    "x",
    "y",
    "z",
    "roll",
    "pitch",
    "yaw",
    "gripper"
  ],
  "grounding": {
    "nouns": [
      "cube",
      "side",
      "table",
      "top",
      "block"
    ],
    "num_boxes": 5,
    "num_patches": 256,
    "patch_indices": [
      0,
      1,
      2,
      3,
      4,
      5,
      6,
      7,
      8,
      9,
      10,
      11,
      12,
      13,
      14,
      15,
      16,
      17,
      18,
      19
    ]
  },
  "episode_id": 1,
  "step_id": 10,
  "instruction": "put the blue cube on the right side of the table on top of the rectangular block",
  "method": "logit_bias"
}