{
  "predicted_action": [
    -0.002221855493152857,
    0.009936191744664077,
    -0.019208488961791295,
    -0.03206859225034722,
    0.013956425710635989,
    0.1595012979589255,
    0.4156862745098039
  ],
  "ground_truth_action": [
    0.0032582038547843695,
    0.007932167500257492,
    -0.015200038440525532,
    -0.039655134081840515,
    0.034090928733348846,
    0.03298941254615784,
    0.0
  ],
  "action_token_ids": [
    31881,
    31840,
    31973,
    31923,
    31840,
    31772,
    31819
  ],
  "mse_per_dim": [
    3.003105045691418e-05,
    4.016113172169385e-06,
    1.6067675581435772e-05,
    5.755561696099761e-05,
    0.0004053982119716332,
    0.01600525715069326,
    0.17279507881584003
  ],
  "mse_mean": 0.02704477209066806,
  "mse_per_dim_names": [
    "x",
    "y",
    "z",
    "roll",
    "pitch",
    "yaw",
    "gripper"
  ],
  "grounding": {
    "nouns": [
      "block",
      "top"
    ],
    "num_boxes": 4,
    "num_patches": 210,
    "patch_indices": [
      33,
      34,
      35,
      36,
      37,
      38,
      39,
      40,
      41,
      42,
      43,
      44,
      45,
      46,
      47,
      49,
      50,
      51,
      52,
      53
    ]
  },
  "episode_id": 3,
  "step_id": 22,
  "instruction": "put the rectangle block on top of the red arch and yellow block",
  "method": "logit_bias"
}