{
  "predicted_action": [
    -0.006695340317838347,
    0.0079936328214757,
    0.000798057298011634,
    0.010078626853578077,
    0.003908455103635758,
    0.032169250134159416,
    0.007843137254901933
  ],
  "ground_truth_action": [
    0.0,
    0.0,
    0.0,
    0.0,
    0.0,
    0.0,
    1.0
  ],
  "action_token_ids": [
    31901,
    31846,
    31896,
    31857,
    31855,
    31851,
    31871
  ],
  "mse_per_dim": [
    4.4827581971671696e-05,
    6.389816568457357e-05,
    6.368954509096301e-07,
    0.00010157871925366511,
    1.52760212971364e-05,
    0.0010348606541941156,
    0.9843752402921954
  ],
  "mse_mean": 0.1408051883328639,
  "mse_per_dim_names": [
    "x",
    "y",
    "z",
    "roll",
    "pitch",
    "yaw",
    "gripper"
  ],
  "grounding": {
    "nouns": [
      "fork",
      "burner"
    ],
    "num_boxes": 3,
    "num_patches": 180,
    "patch_indices": [
      65,
      66,
      67,
      68,
      69,
      70,
      71,
      72,
      73,
      74,
      75,
      76,
      77,
      78,
      79,
      81,
      82,
      83,
      84,
      85
    ]
  },
  "episode_id": 7,
  "step_id": 30,
  "instruction": "Move the blue fork to the lower right burner",
  "method": "logit_bias"
}