{
  "predicted_action": [
    0.0006859096428927063,
    -0.005280519820311531,
    -0.006477050432825794,
    0.006885655709341312,
    0.013956425710635989,
    0.02088666361804095,
    0.04705882352941182
  ],
  "ground_truth_action": [
    0.002516337903216481,
    -0.0010572649771347642,
    0.007234157994389534,
    -0.028577717021107674,
    -0.04717095196247101,
    0.01636134274303913,
    1.0
  ],
  "action_token_ids": [
    31868,
    31887,
    31924,
    31862,
    31840,
    31858,
    31866
  ],
  "mse_per_dim": [
    3.3504676161919214e-06,
    1.783588147041602e-05,
    0.00018799723653454062,
    0.0012576508054187529,
    0.00373655630119066,
    2.0478529021727242e-05,
    0.9080968858131487
  ],
  "mse_mean": 0.130474393576343,
  "mse_per_dim_names": [
    "x",
    "y",
    "z",
    "roll",
    "pitch",
    "yaw",
    "gripper"
  ],
  "grounding": {
    "nouns": [
      "block",
      "top"
    ],
    "num_boxes": 4,
    "num_patches": 36,
    "patch_indices": [
      70,
      71,
      72,
      74,
      75,
      76,
      86,
      87,
      88,
      89,
      90,
      91,
      92,
      101,
      102,
      103,
      104,
      105,
      106,
      107
    ]
  },
  "episode_id": 3,
  "step_id": 2,
  "instruction": "put the rectangle block on top of the red arch and yellow block",
  "method": "logit_bias"
}