{
  "predicted_action": [
    -0.0006561358045129376,
    0.0015184364108477844,
    1.8581469707623643e-05,
    -0.018019519215705465,
    -0.0228861331816982,
    0.017663067470578525,
    0.11764705882352944
  ],
  "ground_truth_action": [
    -0.004488256294280291,
    -0.009577494114637375,
    -0.0037432934623211622,
    0.0064918287098407745,
    0.0037703008856624365,
    -0.047008998692035675,
    0.0
  ],
  "action_token_ids": [
    31874,
    31866,
    31899,
    31901,
    31895,
    31860,
    31857
  ],
  "mse_per_dim": [
    1.4685147448094777e-05,
    0.00012311967422639337,
    1.4151703004226583e-05,
    0.00060080617712718,
    0.0007105654771875448,
    0.004182476141741548,
    0.013840830449826995
  ],
  "mse_mean": 0.0027838049672231405,
  "mse_per_dim_names": [
    "x",
    "y",
    "z",
    "roll",
    "pitch",
    "yaw",
    "gripper"
  ],
  "grounding": {
    "nouns": [
      "fork",
      "burner"
    ],
    "num_boxes": 3,
    "num_patches": 165,
    "patch_indices": [
      81,
      82,
      83,
      84,
      85,
      86,
      87,
      88,
      89,
      90,
      91,
      92,
      93,
      94,
      95,
      97,
      98,
      99,
      100,
      101
    ]
  },
  "episode_id": 7,
  "step_id": 23,
  "instruction": "Move the blue fork to the lower right burner",
  "method": "logit_bias"
}