{
  "predicted_action": [
    0.0038173490201725453,
    0.0070223533598815155,
    -0.0007608943585963902,
    -0.018658113444552808,
    -0.029584780253031684,
    0.016051269396847284,
    0.08627450980392148
  ],
  "ground_truth_action": [
    0.01040191575884819,
    -0.012036171741783619,
    -0.00894958060234785,
    0.0018885363824665546,
    -0.0218237042427063,
    -0.013928284868597984,
    1.0
  ],
  "action_token_ids": [
    31854,
    31849,
    31902,
    31902,
    31905,
    31861,
    31861
  ],
  "mse_per_dim": [
    4.3356519136073616e-05,
    0.0003632273790508,
    6.70545823986044e-05,
    0.0004221648191141548,
    6.02343008380482e-05,
    0.0008987736739547776,
    0.834894271434064
  ],
  "mse_mean": 0.11953558324407951,
  "mse_per_dim_names": [
    "x",
    "y",
    "z",
    "roll",
    "pitch",
    "yaw",
    "gripper"
  ],
  "grounding": {
    "nouns": [
      "fork",
      "burner"
    ],
    "num_boxes": 2,
    "num_patches": 180,
    "patch_indices": [
      65,
      66,
      67,
      68,
      69,
      70,
      71,
      72,
      73,
      74,
      75,
      76,
      77,
      78,
      79,
      81,
      82,
      83,
      84,
      85
    ]
  },
  "episode_id": 7,
  "step_id": 6,
  "instruction": "Move the blue fork to the lower right burner",
  "method": "logit_bias"
}