{
  "predicted_action": [
    1.4886919189882608e-05,
    -0.010460676948813866,
    -0.01089408012654852,
    0.001138307649715134,
    0.004578319810769102,
    0.049899028945202845,
    -0.1647058823529412
  ],
  "ground_truth_action": [
    -0.006486942525953054,
    -0.019025003537535667,
    0.0007258533150888979,
    -0.020097097381949425,
    0.0018136324360966682,
    -0.04556237533688545,
    1.0
  ],
  "action_token_ids": [
    31871,
    31903,
    31941,
    31871,
    31854,
    31840,
    31893
  ],
  "mse_per_dim": [
    4.2273786133727715e-05,
    7.33476899182872e-05,
    0.00013502285318808363,
    0.00045094242685884446,
    7.643496279673154e-06,
    0.009112879707508306,
    1.3565397923875435
  ],
  "mse_mean": 0.19519455747820436,
  "mse_per_dim_names": [
    "x",
    "y",
    "z",
    "roll",
    "pitch",
    "yaw",
    "gripper"
  ],
  "grounding": {
    "nouns": [
      "can",
      "bottom",
      "table"
    ],
    "num_boxes": 1,
    "num_patches": 224,
    "patch_indices": [
      32,
      33,
      34,
      35,
      36,
      37,
      38,
      39,
      40,
      41,
      42,
      43,
      44,
      45,
      46,
      47,
      48,
      49,
      50,
      51
    ]
  },
  "episode_id": 9,
  "step_id": 4,
  "instruction": "Move the can in the middle bottom of the table",
  "method": "logit_bias"
}