{
  "predicted_action": [
    -0.00043246156327866186,
    -0.0013954019739347845,
    0.02158407938611857,
    0.019657540286288383,
    0.017305749246302723,
    0.033781048207890685,
    0.09411764705882353
  ],
  "ground_truth_action": [
    0.0,
    0.0,
    0.0,
    0.0,
    0.0,
    0.0,
    1.0
  ],
  "action_token_ids": [
    31873,
    31875,
    31816,
    31842,
    31835,
    31850,
    31860
  ],
  "mse_per_dim": [
    1.8702300371342407e-07,
    1.947146668861093e-06,
    0.0004658724829462686,
    0.00038641889010705076,
    0.0002994889569759073,
    0.0011411592180238345,
    0.8206228373702422
  ],
  "mse_mean": 0.11755970158399541,
  "mse_per_dim_names": [
    "x",
    "y",
    "z",
    "roll",
    "pitch",
    "yaw",
    "gripper"
  ],
  "grounding": {
    "nouns": [
      "drawer"
    ],
    "num_boxes": 1,
    "num_patches": 35,
    "patch_indices": [
      20,
      21,
      22,
      23,
      24,
      36,
      37,
      38,
      39,
      40,
      52,
      53,
      54,
      55,
      56,
      68,
      69,
      70,
      71,
      72
    ]
  },
  "episode_id": 8,
  "step_id": 32,
  "instruction": "open the drawer",
  "method": "logit_bias"
}