{
  "predicted_action": [
    0.0015806066078298056,
    -0.002042921614997577,
    0.002097183678518317,
    -0.01929670767340016,
    -0.016857350817498062,
    -0.030690874741357954,
    0.996078431372549
  ],
  "ground_truth_action": [
    0.0018180431798100471,
    0.0002043356216745451,
    -0.009431569837033749,
    -0.020415639504790306,
    -0.01857747510075569,
    -0.011884105391800404,
    1.0
  ],
  "action_token_ids": [
    31864,
    31877,
    31891,
    31903,
    31886,
    31890,
    31744
  ],
  "mse_per_dim": [
    5.637612571372842e-08,
    5.050165087775221e-06,
    0.0001329121576223541,
    1.2520084432981101e-06,
    2.9588275498525724e-06,
    0.00035369457336745735,
    1.5378700499807656e-05
  ],
  "mse_mean": 7.304325838517983e-05,
  "mse_per_dim_names": [
    "x",
    "y",
    "z",
    "roll",
    "pitch",
    "yaw",
    "gripper"
  ],
  "grounding": {
    "nouns": [
      "broccoli",
      "pan"
    ],
    "num_boxes": 3,
    "num_patches": 34,
    "patch_indices": [
      84,
      85,
      86,
      100,
      101,
      102,
      107,
      108,
      109,
      110,
      111,
      116,
      117,
      118,
      123,
      124,
      125,
      126,
      127,
      139
    ]
  },
  "episode_id": 5,
  "step_id": 10,
  "instruction": "take broccoli out of pan",
  "method": "logit_bias"
}