{
  "predicted_action": [
    -0.00602431759413552,
    -0.002690441256060362,
    -0.003878797671812425,
    0.006247061480493962,
    0.007257778639302506,
    -0.006513903635389756,
    0.0
  ],
  "ground_truth_action": [
    -0.0013387725921347737,
    -0.0013279753038659692,
    -0.0032946786377578974,
    0.0250176303088665,
    0.005280167795717716,
    0.024562973529100418,
    0.0
  ],
  "action_token_ids": [
    31898,
    31879,
    31914,
    31863,
    31850,
    31875,
    31872
  ],
  "mse_per_dim": [
    2.1954331965774172e-05,
    1.8563134708889739e-06,
    3.4119504594479435e-07,
    0.0003523342541406708,
    3.9109446486641444e-06,
    0.0009657722942968108,
    0.0
  ],
  "mse_mean": 0.00019230990479553626,
  "mse_per_dim_names": [
    "x",
    "y",
    "z",
    "roll",
    "pitch",
    "yaw",
    "gripper"
  ],
  "grounding": {
    "nouns": [
      "piece",
      "chocolate",
      "it",
      "drawer"
    ],
    "num_boxes": 1,
    "num_patches": 9,
    "patch_indices": [
      105,
      106,
      107,
      121,
      122,
      123,
      137,
      138,
      139
    ]
  },
  "episode_id": 6,
  "step_id": 19,
  "instruction": "Picked the piece of chocolate and put it into the drawer",
  "method": "logit_bias"
}