{
  "predicted_action": [
    -0.0011034842869814855,
    -0.0017191617944661772,
    0.0005382320219102961,
    0.010717221082425427,
    -0.020876539060298155,
    0.030557452060428203,
    0.42352941176470593
  ],
  "ground_truth_action": [
    0.00023296114522963762,
    -0.013009856455028057,
    -0.010848427191376686,
    0.018157755956053734,
    0.04692276567220688,
    -0.00514239352196455,
    1.0
  ],
  "action_token_ids": [
    31876,
    31876,
    31897,
    31856,
    31892,
    31852,
    31818
  ],
  "mse_per_dim": [
    1.7860863932779757e-06,
    0.00012747978591804056,
    0.0001296560080395333,
    5.536155920567901e-05,
    0.004596745722211079,
    0.0012744789746066874,
    0.33231833910034597
  ],
  "mse_mean": 0.048357692462388614,
  "mse_per_dim_names": [
    "x",
    "y",
    "z",
    "roll",
    "pitch",
    "yaw",
    "gripper"
  ],
  "grounding": {
    "nouns": [
      "block",
      "top"
    ],
    "num_boxes": 4,
    "num_patches": 36,
    "patch_indices": [
      70,
      71,
      72,
      74,
      75,
      76,
      86,
      87,
      88,
      89,
      90,
      91,
      92,
      101,
      102,
      103,
      104,
      105,
      106,
      107
    ]
  },
  "episode_id": 3,
  "step_id": 5,
  "instruction": "put the rectangle block on top of the red arch and yellow block",
  "method": "logit_bias"
}