{
  "predicted_action": [
    -0.0035639009405585044,
    0.0024897158724419693,
    0.006514213372241045,
    0.035622396007472204,
    0.04610993165303674,
    0.01927486554430974,
    0.0
  ],
  "ground_truth_action": [
    -0.00036782422102987766,
    0.003283013356849551,
    0.026963694021105766,
    0.028095927089452744,
    0.02386953867971897,
    -0.01625766232609749,
    0.0
  ],
  "action_token_ids": [
    31887,
    31863,
    31874,
    31817,
    31792,
    31859,
    31872
  ],
  "mse_per_dim": [
    1.0214906397112868e-05,
    6.293208987673976e-07,
    0.0004181812588082927,
    5.664773437391303e-05,
    0.0004946350796076025,
    0.0012625605368612664,
    0.0
  ],
  "mse_mean": 0.000320409833849565,
  "mse_per_dim_names": [
    "x",
    "y",
    "z",
    "roll",
    "pitch",
    "yaw",
    "gripper"
  ],
  "grounding": {
    "nouns": [
      "broccoli",
      "pan"
    ],
    "num_boxes": 2,
    "num_patches": 15,
    "patch_indices": [
      84,
      85,
      86,
      100,
      101,
      102,
      116,
      117,
      118,
      124,
      125,
      140,
      141,
      156,
      157
    ]
  },
  "episode_id": 5,
  "step_id": 16,
  "instruction": "take broccoli out of pan",
  "method": "logit_bias"
}