{
  "predicted_action": [
    0.002475303572766905,
    -0.002042921614997577,
    -0.011673555954852527,
    -0.0071634173253004585,
    -0.009488839039031222,
    0.004768682880728764,
    0.015686274509803866
  ],
  "ground_truth_action": [
    0.0020504663698375225,
    -0.0015477301785722375,
    -0.014056033454835415,
    -0.010346455499529839,
    -0.029452603310346603,
    0.006996131502091885,
    1.0
  ],
  "action_token_ids": [
    31860,
    31877,
    31944,
    31884,
    31875,
    31868,
    31870
  ],
  "mse_per_dim": [
    1.804866489928613e-07,
    2.4521455870899085e-07,
    5.67619903792471e-06,
    1.0131732018601505e-05,
    0.0003985518838806486,
    4.961527360812466e-06,
    0.9688735101883892
  ],
  "mse_mean": 0.13847046531884213,
  "mse_per_dim_names": [
    "x",
    "y",
    "z",
    "roll",
    "pitch",
    "yaw",
    "gripper"
  ],
  "grounding": {
    "nouns": [
      "broccoli",
      "pan"
    ],
    "num_boxes": 3,
    "num_patches": 34,
    "patch_indices": [
      84,
      85,
      86,
      100,
      101,
      102,
      107,
      108,
      109,
      110,
      111,
      116,
      117,
      118,
      123,
      124,
      125,
      126,
      127,
      139
    ]
  },
  "episode_id": 5,
  "step_id": 11,
  "instruction": "take broccoli out of pan",
  "method": "logit_bias"
}