{
  "predicted_action": [
    0.003146326296469725,
    -0.003985480538185947,
    -0.025963946140426047,
    0.002415496107409834,
    0.058837361088570364,
    -0.0016785094141960888,
    0.0
  ],
  "ground_truth_action": [
    0.009489279240369797,
    -0.007048522122204304,
    -0.01013991516083479,
    -0.005299037788063288,
    0.002987165004014969,
    -0.014210551977157593,
    0.0
  ],
  "action_token_ids": [
    31857,
    31883,
    31999,
    31869,
    31773,
    31872,
    31872
  ],
  "mse_per_dim": [
    4.0233052048530585e-05,
    9.382223745425685e-06,
    0.00025039995644306385,
    5.95140332244037e-05,
    0.0031192444026832866,
    0.00015705209079987874,
    0.0
  ],
  "mse_mean": 0.000519403679849227,
  "mse_per_dim_names": [
    "x",
    "y",
    "z",
    "roll",
    "pitch",
    "yaw",
    "gripper"
  ],
  "grounding": {
    "nouns": [
      "object",
      "pot"
    ],
    "num_boxes": 3,
    "num_patches": 99,
    "patch_indices": [
      3,
      4,
      5,
      6,
      7,
      8,
      19,
      20,
      21,
      22,
      23,
      24,
      35,
      36,
      37,
      38,
      39,
      40,
      51,
      52
    ]
  },
  "episode_id": 2,
  "step_id": 30,
  "instruction": "put the red object into the pot",
  "method": "logit_bias"
}