{
  "episode_id": 2,
  "step_id": 12,
  "instruction": "put the red object into the pot",
  "condition": "pair_bgsup_midlay",
  "condition_desc": "bg_sup(\u03b3=0.85) + L[12, 14, 16, 18, 20]",
  "predicted_action": [
    1.4886919189882608e-05,
    -0.0023666814355289695,
    -0.0005010690824950523,
    -0.0065248230964530946,
    0.0018988609822357116,
    0.003156884806997551,
    0.0
  ],
  "ground_truth_action": [
    -0.0011366568505764008,
    -0.000717853254172951,
    -0.005875869188457727,
    -0.014277318492531776,
    0.01038695964962244,
    0.0114319222047925,
    1.0
  ],
  "action_token_ids": [
    31871,
    31878,
    31901,
    31883,
    31858,
    31869,
    31872
  ],
  "mse_per_dim": [
    1.326053053687543e-06,
    2.7186343716337953e-06,
    2.8888476179056382e-05,
    6.010118486622116e-05,
    7.204781898729235e-05,
    6.847624393490499e-05,
    1.0
  ],
  "mse_mean": 0.1428905083444847,
  "mse_spatial": 3.892640189879937e-05,
  "mse_gripper": 1.0,
  "mse_per_dim_names": [
    "x",
    "y",
    "z",
    "roll",
    "pitch",
    "yaw",
    "gripper"
  ],
  "grounding": {
    "nouns": [
      "object",
      "pot"
    ],
    "num_boxes": 2,
    "num_patches": 56,
    "patch_coverage": 0.21875
  }
}