{
  "episode_id": 4,
  "step_id": 29,
  "instruction": "",
  "condition": "pair_bgsup_midlay",
  "condition_desc": "bg_sup(\u03b3=0.85) + L[12, 14, 16, 18, 20]",
  "predicted_action": [
    0.004712045985109648,
    0.008317392642007093,
    0.016647399140193166,
    0.037538178694014254,
    0.05079898460297018,
    -0.004902105561658515,
    0.0
  ],
  "ground_truth_action": [
    0.00431818887591362,
    -0.0038276512641459703,
    -0.00994422659277916,
    -0.015657920390367508,
    0.005807843524962664,
    -0.1271352767944336,
    0.003918109927326441
  ],
  "action_token_ids": [
    31850,
    31845,
    31835,
    31814,
    31785,
    31874,
    31872
  ],
  "mse_per_dim": [
    1.5512342246425204e-07,
    0.00014750209148238567,
    0.000707114559122476,
    0.002829824957795362,
    0.002024202775501175,
    0.014940948149620914,
    1.5351585402614007e-05
  ],
  "mse_mean": 0.002952157034621056,
  "mse_spatial": 0.003441624609490796,
  "mse_gripper": 1.5351585402614007e-05,
  "mse_per_dim_names": [
    "x",
    "y",
    "z",
    "roll",
    "pitch",
    "yaw",
    "gripper"
  ],
  "grounding": {
    "nouns": [],
    "num_boxes": 0,
    "num_patches": 0,
    "patch_coverage": 0.0
  }
}