{
  "episode_id": 2,
  "step_id": 40,
  "instruction": "put the red object into the pot",
  "condition": "pair_bgsup_midlay",
  "condition_desc": "bg_sup(\u03b3=0.85) + L[12, 14, 16, 18, 20]",
  "predicted_action": [
    -0.004905946387964152,
    0.023210344386451302,
    0.04003167398931348,
    -0.04484047682729428,
    -0.06240815090256579,
    0.07891139427236468,
    0.996078431372549
  ],
  "ground_truth_action": [
    0.006960882805287838,
    0.013661373406648636,
    7.90840495028533e-05,
    -0.0339917354285717,
    -0.006997985765337944,
    -0.013851064257323742,
    1.0
  ],
  "action_token_ids": [
    31893,
    31799,
    31744,
    31943,
    31954,
    31822,
    31744
  ],
  "mse_per_dim": [
    0.00014082163510181767,
    9.11828467731135e-05,
    0.0015962094428986575,
    0.00011769518993635712,
    0.00307028640053486,
    0.008604873712472165,
    1.5378700499807656e-05
  ],
  "mse_mean": 0.001948063989745254,
  "mse_spatial": 0.002270178204619495,
  "mse_gripper": 1.5378700499807656e-05,
  "mse_per_dim_names": [
    "x",
    "y",
    "z",
    "roll",
    "pitch",
    "yaw",
    "gripper"
  ],
  "grounding": {
    "nouns": [
      "object",
      "pot"
    ],
    "num_boxes": 2,
    "num_patches": 56,
    "patch_coverage": 0.21875
  }
}