{
  "episode_id": 3,
  "step_id": 10,
  "instruction": "put the rectangle block on top of the red arch and yellow block",
  "condition": "pair_bgsup_midlay",
  "condition_desc": "bg_sup(\u03b3=0.85) + L[12, 14, 16, 18, 20]",
  "predicted_action": [
    1.4886919189882608e-05,
    0.0011946765903163847,
    -0.00024124380639371432,
    -0.012910765384926637,
    0.0025687256893690558,
    0.024110259765503378,
    0.0235294117647058
  ],
  "ground_truth_action": [
    -0.003485138760879636,
    0.0013335595140233636,
    -0.0037760427221655846,
    -0.0024016147945076227,
    0.01095583662390709,
    0.012307646684348583,
    1.0
  ],
  "action_token_ids": [
    31871,
    31867,
    31900,
    31893,
    31857,
    31856,
    31869
  ],
  "mse_per_dim": [
    1.2250179761146094e-05,
    1.928846649739851e-08,
    1.249480337494199e-05,
    0.00011044224613210432,
    7.034362982824744e-05,
    0.00013930167554344628,
    0.9534948096885815
  ],
  "mse_mean": 0.13626280878738398,
  "mse_spatial": 5.747530385106392e-05,
  "mse_gripper": 0.9534948096885815,
  "mse_per_dim_names": [
    "x",
    "y",
    "z",
    "roll",
    "pitch",
    "yaw",
    "gripper"
  ],
  "grounding": {
    "nouns": [
      "block",
      "top"
    ],
    "num_boxes": 4,
    "num_patches": 36,
    "patch_coverage": 0.140625
  }
}