{
  "episode_id": 0,
  "step_id": 7,
  "instruction": "put small spoon from basket to tray",
  "condition": "pair_bgsup_midlay",
  "condition_desc": "bg_sup(\u03b3=0.85) + L[12, 14, 16, 18, 20]",
  "predicted_action": [
    0.004041023261406821,
    0.0031372355135047617,
    -0.00621722515672446,
    0.006885655709341312,
    -0.042312209688565326,
    -0.012961095930314609,
    0.996078431372549
  ],
  "ground_truth_action": [
    0.0022429765667766333,
    0.005591107998043299,
    -0.004383669700473547,
    -0.004689473193138838,
    0.034834008663892746,
    -0.0027747079730033875,
    1.0
  ],
  "action_token_ids": [
    31853,
    31861,
    31923,
    31862,
    31924,
    31879,
    31744
  ],
  "mse_per_dim": [
    3.232971916070544e-06,
    6.0214901703753326e-06,
    3.3619256111474924e-06,
    0.00013398360910903131,
    0.00595153900608514,
    0.00010376249961685508,
    1.5378700499807656e-05
  ],
  "mse_mean": 0.0008881828861440611,
  "mse_spatial": 0.0010336502504181032,
  "mse_gripper": 1.5378700499807656e-05,
  "mse_per_dim_names": [
    "x",
    "y",
    "z",
    "roll",
    "pitch",
    "yaw",
    "gripper"
  ],
  "grounding": {
    "nouns": [
      "spoon",
      "basket"
    ],
    "num_boxes": 7,
    "num_patches": 189,
    "patch_coverage": 0.73828125
  }
}