{
  "episode_id": 9,
  "step_id": 20,
  "instruction": "Move the can in the middle bottom of the table",
  "condition": "pair_bgsup_midlay",
  "condition_desc": "bg_sup(\u03b3=0.85) + L[12, 14, 16, 18, 20]",
  "predicted_action": [
    0.008514508086092307,
    0.009936191744664077,
    0.02678058490814531,
    -0.07230002866773046,
    0.013956425710635989,
    0.05795801931385888,
    0.2196078431372549
  ],
  "ground_truth_action": [
    0.004808902740478516,
    0.007086038589477539,
    0.01661388948559761,
    0.02447732910513878,
    -0.06258054077625275,
    0.025781042873859406,
    1.0
  ],
  "action_token_ids": [
    31833,
    31840,
    31796,
    31986,
    31840,
    31835,
    31844
  ],
  "mse_per_dim": [
    1.373151097744151e-05,
    8.12337300801978e-06,
    0.00010336169581485231,
    0.009365856977497934,
    0.00585790723901513,
    0.0010353578128202813,
    0.6090119184928874
  ],
  "mse_mean": 0.08934232244314587,
  "mse_spatial": 0.0027307231015222763,
  "mse_gripper": 0.6090119184928874,
  "mse_per_dim_names": [
    "x",
    "y",
    "z",
    "roll",
    "pitch",
    "yaw",
    "gripper"
  ],
  "grounding": {
    "nouns": [
      "can",
      "bottom",
      "table"
    ],
    "num_boxes": 1,
    "num_patches": 224,
    "patch_coverage": 0.875
  }
}