{
  "ecot-7b": {
    "model": "ecot-7b",
    "mean_vision0": 0.7445656307198661,
    "mean_text_total": 0.10294767410714287,
    "mean_vision_other": 0.08744025823102677,
    "mean_action_tokens": 0.06505529966517856,
    "mean_early_sink": 0.7445656307198661,
    "per_layer_vision0": [
      0.03515680357142857,
      0.12775770089285712,
      0.6972983258928572,
      0.9253627410714286,
      0.9062761785714286,
      0.8205871964285715,
      0.8039256517857142,
      0.8385067008928572,
      0.7891453482142857,
      0.82761371875,
      0.7531346116071429,
      0.7580533660714286,
      0.6994691517857142,
      0.7668140892857143,
      0.6533688080357142,
      0.7081323482142857,
      0.7944384910714285,
      0.6664232544642859,
      0.8449968705357142,
      0.8304699285714285,
      0.8660229464285715,
      0.8659798794642857,
      0.8057675669642856,
      0.8182699910714286,
      0.8274438348214286,
      0.8457990223214286,
      0.7587356607142857,
      0.8104389642857142,
      0.7784358616071428,
      0.7367559241071427,
      0.7475934776785714,
      0.7179257678571428
    ],
    "per_layer_early_sink": [
      0.03515680357142857,
      0.12775770089285712,
      0.6972983258928572,
      0.9253627410714286,
      0.9062761785714286,
      0.8205871964285715,
      0.8039256517857142,
      0.8385067008928572,
      0.7891453482142857,
      0.82761371875,
      0.7531346116071429,
      0.7580533660714286,
      0.6994691517857142,
      0.7668140892857143,
      0.6533688080357142,
      0.7081323482142857,
      0.7944384910714285,
      0.6664232544642859,
      0.8449968705357142,
      0.8304699285714285,
      0.8660229464285715,
      0.8659798794642857,
      0.8057675669642856,
      0.8182699910714286,
      0.8274438348214286,
      0.8457990223214286,
      0.7587356607142857,
      0.8104389642857142,
      0.7784358616071428,
      0.7367559241071427,
      0.7475934776785714,
      0.7179257678571428
    ],
    "num_layers": 32,
    "num_heads": 32,
    "layer_keys": [
      "layer_00",
      "layer_01",
      "layer_02",
      "layer_03",
      "layer_04",
      "layer_05",
      "layer_06",
      "layer_07",
      "layer_08",
      "layer_09",
      "layer_10",
      "layer_11",
      "layer_12",
      "layer_13",
      "layer_14",
      "layer_15",
      "layer_16",
      "layer_17",
      "layer_18",
      "layer_19",
      "layer_20",
      "layer_21",
      "layer_22",
      "layer_23",
      "layer_24",
      "layer_25",
      "layer_26",
      "layer_27",
      "layer_28",
      "layer_29",
      "layer_30",
      "layer_31"
    ]
  },
  "openvla-7b": {
    "model": "openvla-7b",
    "mean_vision0": 0.45422403362165176,
    "mean_text_total": 0.40001113895089285,
    "mean_vision_other": 0.09698352706473214,
    "mean_action_tokens": 0.04877680440848215,
    "mean_early_sink": 0.45422403362165176,
    "per_layer_vision0": [
      0.07065964732142857,
      0.23833465625,
      0.4895171875,
      0.5207955133928571,
      0.5118190267857143,
      0.4945816919642857,
      0.5053711116071428,
      0.4837820580357143,
      0.46146011607142856,
      0.4949362098214286,
      0.42067234375,
      0.45764482142857144,
      0.42694739732142856,
      0.4299606875,
      0.39346175,
      0.37957109375,
      0.41359876339285717,
      0.4627576696428571,
      0.49589895535714285,
      0.4865286696428571,
      0.5096304687500001,
      0.5226102589285714,
      0.48734116517857146,
      0.5061057008928571,
      0.4689198303571428,
      0.5036291428571429,
      0.5307699017857143,
      0.5381142455357143,
      0.5332238258928571,
      0.4663608883928572,
      0.4989744107142858,
      0.3311898660714286
    ],
    "per_layer_early_sink": [
      0.07065964732142857,
      0.23833465625,
      0.4895171875,
      0.5207955133928571,
      0.5118190267857143,
      0.4945816919642857,
      0.5053711116071428,
      0.4837820580357143,
      0.46146011607142856,
      0.4949362098214286,
      0.42067234375,
      0.45764482142857144,
      0.42694739732142856,
      0.4299606875,
      0.39346175,
      0.37957109375,
      0.41359876339285717,
      0.4627576696428571,
      0.49589895535714285,
      0.4865286696428571,
      0.5096304687500001,
      0.5226102589285714,
      0.48734116517857146,
      0.5061057008928571,
      0.4689198303571428,
      0.5036291428571429,
      0.5307699017857143,
      0.5381142455357143,
      0.5332238258928571,
      0.4663608883928572,
      0.4989744107142858,
      0.3311898660714286
    ],
    "num_layers": 32,
    "num_heads": 32,
    "layer_keys": [
      "layer_00",
      "layer_01",
      "layer_02",
      "layer_03",
      "layer_04",
      "layer_05",
      "layer_06",
      "layer_07",
      "layer_08",
      "layer_09",
      "layer_10",
      "layer_11",
      "layer_12",
      "layer_13",
      "layer_14",
      "layer_15",
      "layer_16",
      "layer_17",
      "layer_18",
      "layer_19",
      "layer_20",
      "layer_21",
      "layer_22",
      "layer_23",
      "layer_24",
      "layer_25",
      "layer_26",
      "layer_27",
      "layer_28",
      "layer_29",
      "layer_30",
      "layer_31"
    ]
  },
  "spatialvla-4b": {
    "model": "spatialvla-4b",
    "mean_vision0": 0.0010242396978021979,
    "mean_text_total": 0.7533688111263737,
    "mean_vision_other": 0.0,
    "mean_action_tokens": 0.24660758241758243,
    "mean_early_sink": 0.0010242396978021979,
    "per_layer_vision0": [
      7.321428571428571e-06,
      0.00019823214285714285,
      6.419642857142857e-05,
      0.0001369642857142857,
      2.317857142857143e-05,
      0.00014525,
      0.00040437499999999995,
      5.7857142857142855e-05,
      0.0007772857142857142,
      0.00030769642857142855,
      0.0021152321428571427,
      0.00056225,
      0.0001862142857142857,
      0.00016948214285714288,
      0.00024103571428571427,
      0.00026273214285714284,
      0.00034642857142857137,
      0.00038001785714285714,
      0.0005636428571428572,
      0.001299232142857143,
      0.0011903392857142857,
      0.000513982142857143,
      0.0011502321428571427,
      0.0023316071428571426,
      0.0015387142857142856,
      0.011656732142857142
    ],
    "per_layer_early_sink": [
      7.321428571428571e-06,
      0.00019823214285714285,
      6.419642857142857e-05,
      0.0001369642857142857,
      2.317857142857143e-05,
      0.00014525,
      0.00040437499999999995,
      5.7857142857142855e-05,
      0.0007772857142857142,
      0.00030769642857142855,
      0.0021152321428571427,
      0.00056225,
      0.0001862142857142857,
      0.00016948214285714288,
      0.00024103571428571427,
      0.00026273214285714284,
      0.00034642857142857137,
      0.00038001785714285714,
      0.0005636428571428572,
      0.001299232142857143,
      0.0011903392857142857,
      0.000513982142857143,
      0.0011502321428571427,
      0.0023316071428571426,
      0.0015387142857142856,
      0.011656732142857142
    ],
    "num_layers": 26,
    "num_heads": 8,
    "layer_keys": [
      "layer_00",
      "layer_01",
      "layer_02",
      "layer_03",
      "layer_04",
      "layer_05",
      "layer_06",
      "layer_07",
      "layer_08",
      "layer_09",
      "layer_10",
      "layer_11",
      "layer_12",
      "layer_13",
      "layer_14",
      "layer_15",
      "layer_16",
      "layer_17",
      "layer_18",
      "layer_19",
      "layer_20",
      "layer_21",
      "layer_22",
      "layer_23",
      "layer_24",
      "layer_25"
    ]
  },
  "tracevla-phi3v": {
    "model": "tracevla-phi3v",
    "mean_vision0": 0.0019142460937499998,
    "mean_text_total": 0.387985541015625,
    "mean_vision_other": 0.6100736669921875,
    "mean_action_tokens": 0.0,
    "mean_early_sink": 0.2031581318359375,