{
  "vision0_attention": {
    "per_layer": {
      "22": {
        "mean": 0.916796875,
        "std": 0.024892959322429405,
        "n": 20
      },
      "23": {
        "mean": 0.972265625,
        "std": 0.011906055198537631,
        "n": 20
      },
      "24": {
        "mean": 0.9130859375,
        "std": 0.028728204841548467,
        "n": 20
      },
      "25": {
        "mean": 0.939453125,
        "std": 0.014589726091393045,
        "n": 20
      },
      "26": {
        "mean": 0.9341796875,
        "std": 0.03147562591681806,
        "n": 20
      },
      "27": {
        "mean": 0.9669921875,
        "std": 0.0213409631118881,
        "n": 20
      },
      "28": {
        "mean": 0.9642578125,
        "std": 0.023608587790896533,
        "n": 20
      },
      "29": {
        "mean": 0.8423828125,
        "std": 0.015880479722932453,
        "n": 20
      },
      "30": {
        "mean": 0.8486328125,
        "std": 0.04289544528355218,
        "n": 20
      },
      "31": {
        "mean": 0.6935546875,
        "std": 0.05283519009156415,
        "n": 20
      }
    },
    "overall_mean": 0.8991601562500001
  },
  "contribution": {
    "per_layer": {
      "22": {
        "top1_share_mean": 0.9983241319656372,
        "top1_share_std": 0.0005113655329997686,
        "entropy_mean": 0.013196226395666599,
        "entropy_std": 0.0035141478296386816,
        "n": 20
      },
      "23": {
        "top1_share_mean": 0.9990031450986863,
        "top1_share_std": 0.00043679031365207436,
        "entropy_mean": 0.00792286591604352,
        "entropy_std": 0.003312776160589044,
        "n": 20
      },
      "24": {
        "top1_share_mean": 0.9963019132614136,
        "top1_share_std": 0.0024271537978746414,
        "entropy_mean": 0.02367008915171027,
        "entropy_std": 0.009512098641696758,
        "n": 20
      },
      "25": {
        "top1_share_mean": 0.9900507777929306,
        "top1_share_std": 0.005602497989418879,
        "entropy_mean": 0.049951776210218665,
        "entropy_std": 0.01950233917541986,
        "n": 20
      },
      "26": {
        "top1_share_mean": 0.9785181820392609,
        "top1_share_std": 0.005027248332811686,
        "entropy_mean": 0.07395014669746161,
        "entropy_std": 0.01812224261081356,
        "n": 20
      },
      "27": {
        "top1_share_mean": 0.9977404624223709,
        "top1_share_std": 0.0034858886361913296,
        "entropy_mean": 0.011787252651993185,
        "entropy_std": 0.01150295575102645,
        "n": 20
      },
      "28": {
        "top1_share_mean": 0.9980505645275116,
        "top1_share_std": 0.001202024084376964,
        "entropy_mean": 0.013521811249665916,
        "entropy_std": 0.008248209670335863,
        "n": 20
      },
      "29": {
        "top1_share_mean": 0.9708010375499725,
        "top1_share_std": 0.011445047218736095,
        "entropy_mean": 0.10682332515716553,
        "entropy_std": 0.025740966759223025,
        "n": 20
      },
      "30": {
        "top1_share_mean": 0.9801668524742126,
        "top1_share_std": 0.010000888347529801,
        "entropy_mean": 0.0929325345903635,
        "entropy_std": 0.03466456720874939,
        "n": 20
      },
      "31": {
        "top1_share_mean": 0.9692784458398819,
        "top1_share_std": 0.017312817515776742,
        "entropy_mean": 0.13512341845780612,
        "entropy_std": 0.0653096892255787,
        "n": 20
      }
    },
    "overall_top1_share": 0.9878235512971878,
    "overall_entropy": 0.05288794464780949
  },
  "taxonomy": {
    "taxonomy": "bottleneck",
    "vision0_attn_share": 0.8992,
    "top1_contribution_share": 0.9878,
    "contribution_entropy": 0.0529
  }
}