{
  "baseline": {
    "summary": {
      "n_steps": 193,
      "overall_mse": 0.055576194625745104,
      "spatial_mse": 0.00010203890214515596,
      "rotational_mse": 0.0016366514255138412,
      "per_dim_mse": {
        "x": 0.00011103424874256193,
        "y": 7.780010606810667e-05,
        "z": 0.00011728235162479926,
        "roll": 0.0009894841128362255,
        "pitch": 0.001567847244260332,
        "yaw": 0.0023526229194449663,
        "gripper": 0.3838172913972387
      }
    }
  }
}