{
  "episode_id": 9,
  "step_id": 9,
  "instruction": "Move the can in the middle bottom of the table",
  "condition": "sam_var_object",
  "condition_desc": "VAR(p=0.6,rho=0.5) + obj_redirect + SAM2",
  "predicted_action": [
    -0.007813711524009715,
    -0.008194358205094093,
    -0.0028394965674070835,
    0.010078626853578077,
    0.009267372760702552,
    -0.030690874741357954,
    -0.10196078431372552
  ],
  "ground_truth_action": [
    -0.01686576008796692,
    -0.012709044851362705,
    -0.0034398771822452545,
    -0.002438837895169854,
    0.023499460890889168,
    -0.04971327260136604,
    1.0
  ],
  "action_token_ids": [
    31906,
    31896,
    31910,
    31857,
    31847,
    31890,
    31885
  ],
  "mse_per_dim": [
    8.193958320423968e-05,
    2.0382395513996126e-05,
    3.6045688267346023e-07,
    0.0001566869237361471,
    0.00020255233254539874,
    0.0003618516203444403,
    1.2143175701653213
  ],
  "mse_mean": 0.1735916204967926,
  "mse_spatial": 0.0001372955520378159,
  "mse_gripper": 1.2143175701653213,
  "mse_per_dim_names": [
    "x",
    "y",
    "z",
    "roll",
    "pitch",
    "yaw",
    "gripper"
  ],
  "grounding": {
    "nouns": [
      "can",
      "table"
    ],
    "num_boxes": 0,
    "num_patches": 0,
    "patch_coverage": 0.0,
    "segmentation": "sam2"
  }
}