{
  "episode_id": 5,
  "step_id": 8,
  "instruction": "take broccoli out of pan",
  "condition": "sam_var_object",
  "condition_desc": "VAR(p=0.6,rho=0.5) + obj_redirect + SAM2",
  "predicted_action": [
    0.005606742950046744,
    -0.006575559102437116,
    -0.016610236200777926,
    -0.028875621106110458,
    -0.00814910962476452,
    0.004768682880728764,
    0.14901960784313717
  ],
  "ground_truth_action": [
    -0.002797386609017849,
    0.0024437843821942806,
    -0.017779016867280006,
    -0.0009471712983213365,
    0.0011555129894986749,
    0.050805527716875076,
    1.0
  ],
  "action_token_ids": [
    31846,
    31891,
    31963,
    31918,
    31873,
    31868,
    31853
  ],
  "mse_per_dim": [
    7.062939364554324e-05,
    8.134855689376283e-05,
    1.3660482463890473e-06,
    0.0007799983086661962,
    8.657600199385805e-05,
    0.0021193910824674114,
    0.7241676278354481
  ],
  "mse_mean": 0.10390099103248018,
  "mse_spatial": 0.0005232182319855268,
  "mse_gripper": 0.7241676278354481,
  "mse_per_dim_names": [
    "x",
    "y",
    "z",
    "roll",
    "pitch",
    "yaw",
    "gripper"
  ],
  "grounding": {
    "nouns": [
      "broccoli",
      "pan"
    ],
    "num_boxes": 2,
    "num_patches": 24,
    "patch_coverage": 0.09375,
    "segmentation": "sam2"
  }
}