{
  "episode_id": 6,
  "step_id": 24,
  "instruction": "Picked the piece of chocolate and put it into the drawer",
  "condition": "sam_var_object",
  "condition_desc": "VAR(p=0.6,rho=0.5) + obj_redirect + SAM2",
  "predicted_action": [
    -0.00378757518179278,
    -0.005604279640842924,
    0.024701982699334605,
    -0.04100891145421016,
    -0.017527215524631407,
    0.004768682880728764,
    0.10196078431372557
  ],
  "ground_truth_action": [
    -0.0030166804790496826,
    0.005107253789901733,
    0.026172185316681862,
    -0.0381409153342247,
    -0.026436321437358856,
    0.010622579604387283,
    0.0
  ],
  "action_token_ids": [
    31888,
    31888,
    31804,
    31937,
    31887,
    31868,
    31859
  ],
  "mse_per_dim": [
    5.942786427173686e-07,
    0.0001147369484379604,
    2.161495736054725e-06,
    8.225401744251634e-06,
    7.93721681641952e-05,
    3.426810685125995e-05,
    0.010396001537870066
  ],
  "mse_mean": 0.0015193371339209294,
  "mse_spatial": 3.989306659607321e-05,
  "mse_gripper": 0.010396001537870066,
  "mse_per_dim_names": [
    "x",
    "y",
    "z",
    "roll",
    "pitch",
    "yaw",
    "gripper"
  ],
  "grounding": {
    "nouns": [
      "chocolate",
      "drawer"
    ],
    "num_boxes": 1,
    "num_patches": 78,
    "patch_coverage": 0.3046875,
    "segmentation": "sam2"
  }
}