{
  "episode_id": 3,
  "step_id": 38,
  "instruction": "put the rectangle block on top of the red arch and yellow block",
  "condition": "sam_var_object",
  "condition_desc": "VAR(p=0.6,rho=0.5) + obj_redirect + SAM2",
  "predicted_action": [
    -0.0028928782168556808,
    0.00022339712872219974,
    0.008332990304950393,
    -0.02759843264841575,
    -0.021546403767431513,
    -0.006513903635389756,
    -0.03921568627450983
  ],
  "ground_truth_action": [
    0.008186635561287403,
    0.00787352118641138,
    0.033614225685596466,
    0.06962081044912338,
    -0.055890731513500214,
    -0.04545938968658447,
    1.0
  ],
  "action_token_ids": [
    31884,
    31870,
    31867,
    31916,
    31893,
    31875,
    31877
  ],
  "mse_per_dim": [
    0.00012275562556006244,
    5.852439809803478e-05,
    0.0006391408623716308,
    0.009451581228458409,
    0.0011795328483293845,
    0.0015167508837638022,
    1.0799692425990006
  ],
  "mse_mean": 0.15613393263508316,
  "mse_spatial": 0.0021613809744302206,
  "mse_gripper": 1.0799692425990006,
  "mse_per_dim_names": [
    "x",
    "y",
    "z",
    "roll",
    "pitch",
    "yaw",
    "gripper"
  ],
  "grounding": {
    "nouns": [
      "block"
    ],
    "num_boxes": 1,
    "num_patches": 21,
    "patch_coverage": 0.08203125,
    "segmentation": "sam2"
  }
}