{
  "episode_id": 3,
  "step_id": 3,
  "instruction": "put the rectangle block on top of the red arch and yellow block",
  "condition": "sam_var_object",
  "condition_desc": "VAR(p=0.6,rho=0.5) + obj_redirect + SAM2",
  "predicted_action": [
    0.0026989778140011807,
    -0.003014201076591762,
    0.000798057298011634,
    -0.04547907105614163,
    -0.018197080231764765,
    0.02088666361804095,
    0.08627450980392148
  ],
  "ground_truth_action": [
    0.001317416550591588,
    -0.004244520794600248,
    0.010183299891650677,
    -0.01863430254161358,
    -0.048384979367256165,
    0.03482652083039284,
    1.0
  ],
  "action_token_ids": [
    31859,
    31880,
    31896,
    31944,
    31888,
    31858,
    31861
  ],
  "mse_per_dim": [
    1.90871152455391e-06,
    1.5136866085204818e-06,
    8.808277854145651e-05,
    0.0007206415965985965,
    0.0009113092542146024,
    0.0001943196191007589,
    0.834894271434064
  ],
  "mse_mean": 0.11954457815437892,
  "mse_spatial": 0.0003196292744314148,
  "mse_gripper": 0.834894271434064,
  "mse_per_dim_names": [
    "x",
    "y",
    "z",
    "roll",
    "pitch",
    "yaw",
    "gripper"
  ],
  "grounding": {
    "nouns": [
      "block"
    ],
    "num_boxes": 1,
    "num_patches": 27,
    "patch_coverage": 0.10546875,
    "segmentation": "sam2"
  }
}