{
  "episode_id": 4,
  "step_id": 27,
  "instruction": "",
  "condition": "sam_var_object",
  "condition_desc": "VAR(p=0.6,rho=0.5) + obj_redirect + SAM2",
  "predicted_action": [
    0.010974924739669326,
    -0.0007478823328719852,
    0.022883205766625257,
    0.001138307649715134,
    -0.03293410378869844,
    -0.0016785094141960888,
    0.0
  ],
  "ground_truth_action": [
    0.008250032551586628,
    0.0022506683599203825,
    -0.01414437871426344,
    -0.015753140673041344,
    -0.0017271804390475154,
    -0.03943520784378052,
    -0.003368166508153081
  ],
  "action_token_ids": [
    31822,
    31873,
    31811,
    31871,
    31910,
    31872,
    31872
  ],
  "mse_per_dim": [
    7.425037436674115e-06,
    8.991306257245588e-06,
    0.0013710420124893492,
    0.0002853210264403526,
    0.000973872064950988,
    0.0014255682763025833,
    1.1344545626644118e-05
  ],
  "mse_mean": 0.0005833663242148339,
  "mse_spatial": 0.0006787032873128655,
  "mse_gripper": 1.1344545626644118e-05,
  "mse_per_dim_names": [
    "x",
    "y",
    "z",
    "roll",
    "pitch",
    "yaw",
    "gripper"
  ],
  "grounding": {
    "nouns": [],
    "num_boxes": 0,
    "num_patches": 0,
    "patch_coverage": 0.0,
    "segmentation": "sam2"
  }
}