{
  "episode_id": 18,
  "step_id": 19,
  "instruction": "Pick up the blue fork and place it on the left of the pot",
  "condition": "sam_var_object",
  "condition_desc": "VAR(p=0.6,rho=0.5) + obj_redirect + SAM2",
  "predicted_action": [
    0.003146326296469725,
    -0.00010036269180919988,
    -0.0036189723957110904,
    0.004331278793951912,
    0.015296155124902691,
    -0.0016785094141960888,
    0.0
  ],
  "ground_truth_action": [
    0.00038366226362995803,
    0.0010722586885094643,
    -0.003423259360715747,
    0.009437685832381248,
    0.009507806971669197,
    0.010629669763147831,
    0.6087909936904907
  ],
  "action_token_ids": [
    31857,
    31871,
    31913,
    31866,
    31838,
    31872,
    31872
  ],
  "mse_per_dim": [
    7.632312558346486e-06,
    1.3750409015804492e-06,
    3.8303592067088575e-08,
    2.6075392842120667e-05,
    3.35049743430416e-05,
    0.00015149127466160245,
    0.3706264739986551
  ],
  "mse_mean": 0.05297808447107912,
  "mse_spatial": 3.6686216483126456e-05,
  "mse_gripper": 0.3706264739986551,
  "mse_per_dim_names": [
    "x",
    "y",
    "z",
    "roll",
    "pitch",
    "yaw",
    "gripper"
  ],
  "grounding": {
    "nouns": [
      "fork",
      "pot"
    ],
    "num_boxes": 1,
    "num_patches": 17,
    "patch_coverage": 0.06640625,
    "segmentation": "sam2"
  }
}