{
  "episode_id": 16,
  "step_id": 16,
  "instruction": "move the pan to the left side of the stove",
  "condition": "sam_var_object",
  "condition_desc": "VAR(p=0.6,rho=0.5) + obj_redirect + SAM2",
  "predicted_action": [
    0.020816591353977402,
    -0.00042412251234059256,
    -0.018948663685689954,
    0.004331278793951912,
    0.0032385903965024138,
    -0.0016785094141960888,
    0.0
  ],
  "ground_truth_action": [
    0.007787457201629877,
    0.007356708869338036,
    -0.01728498563170433,
    -0.00814059004187584,
    0.03831035643815994,
    -0.013245630078017712,
    0.0
  ],
  "action_token_ids": [
    31778,
    31872,
    31972,
    31866,
    31856,
    31872,
    31872
  ],
  "mse_per_dim": [
    0.00016975833675986866,
    6.0541336990114946e-05,
    2.7678246673133906e-06,
    0.00015554751225809146,
    0.001230028773280762,
    0.0001337982804514092,
    0.0
  ],
  "mse_mean": 0.0002503488663439371,
  "mse_spatial": 0.00029207367740125993,
  "mse_gripper": 0.0,
  "mse_per_dim_names": [
    "x",
    "y",
    "z",
    "roll",
    "pitch",
    "yaw",
    "gripper"
  ],
  "grounding": {
    "nouns": [
      "pan",
      "stove"
    ],
    "num_boxes": 1,
    "num_patches": 47,
    "patch_coverage": 0.18359375,
    "segmentation": "sam2"
  }
}