{
  "episode_id": 15,
  "step_id": 1,
  "instruction": "sweep into pile",
  "condition": "sam_var_object",
  "condition_desc": "VAR(p=0.6,rho=0.5) + obj_redirect + SAM2",
  "predicted_action": [
    0.00046223540165843055,
    0.019325226540074562,
    -0.004398448224015101,
    0.015825974913204255,
    0.052138714017236895,
    -0.18542348981955473,
    -0.807843137254902
  ],
  "ground_truth_action": [
    0.000566229980904609,
    0.022596584632992744,
    -0.012762339785695076,
    0.012007116340100765,
    0.014737198129296303,
    -0.1918124258518219,
    1.0
  ],
  "action_token_ids": [
    31869,
    31811,
    31916,
    31848,
    31783,
    31986,
    31975
  ],
  "mse_per_dim": [
    1.0814872512589683e-08,
    1.0701783772101285e-05,
    6.99546820555415e-05,
    1.458368080136602e-05,
    0.0013988733907158725,
    4.0818503624401806e-05,
    3.2682968089196462
  ],
  "mse_mean": 0.4671188216822126,
  "mse_spatial": 0.000255823809306966,
  "mse_gripper": 3.2682968089196462,
  "mse_per_dim_names": [
    "x",
    "y",
    "z",
    "roll",
    "pitch",
    "yaw",
    "gripper"
  ],
  "grounding": {
    "nouns": [
      "pile"
    ],
    "num_boxes": 0,
    "num_patches": 0,
    "patch_coverage": 0.0,
    "segmentation": "sam2"
  }
}