{
  "episode_id": 12,
  "step_id": 31,
  "instruction": "",
  "condition": "sam_var_object",
  "condition_desc": "VAR(p=0.6,rho=0.5) + obj_redirect + SAM2",
  "predicted_action": [
    -0.021457840239300453,
    -0.010460676948813866,
    -0.0072565262611298045,
    -0.003970446181063694,
    -0.03695329203149853,
    -0.01940828822523946,
    -0.05490196078431375
  ],
  "ground_truth_action": [
    0.006085352506488562,
    0.00141059048473835,
    -0.016428973525762558,
    0.001377249020151794,
    0.00633259816095233,
    0.03520991653203964,
    -0.010532221756875515
  ],
  "action_token_ids": [
    31967,
    31903,
    31927,
    31879,
    31916,
    31883,
    31879
  ],
  "mse_per_dim": [
    0.0007586274666316846,
    0.00014092699047891743,
    8.413378882246888e-05,
    2.859784396510316e-05,
    0.0018736682897529137,
    0.0029831482909080656,
    0.001968673741362976
  ],
  "mse_mean": 0.0011196823445603042,
  "mse_spatial": 0.0009781837784265256,
  "mse_gripper": 0.001968673741362976,
  "mse_per_dim_names": [
    "x",
    "y",
    "z",
    "roll",
    "pitch",
    "yaw",
    "gripper"
  ],
  "grounding": {
    "nouns": [],
    "num_boxes": 0,
    "num_patches": 0,
    "patch_coverage": 0.0,
    "segmentation": "sam2"
  }
}