{
  "episode_id": 17,
  "step_id": 6,
  "instruction": "",
  "condition": "sam_var_object",
  "condition_desc": "VAR(p=0.6,rho=0.5) + obj_redirect + SAM2",
  "predicted_action": [
    0.004935720226343924,
    -0.034418903668137164,
    0.008332990304950393,
    -0.0007774750368269162,
    0.022664666903369532,
    -0.01779649015150825,
    -0.1725490196078432
  ],
  "ground_truth_action": [
    0.02715023048222065,
    -0.03380236402153969,
    -0.017264170572161674,
    -0.01117126364260912,
    0.03169996291399002,
    -0.09739498794078827,
    1.0
  ],
  "action_token_ids": [
    31849,
    31977,
    31867,
    31874,
    31827,
    31882,
    31894
  ],
  "mse_per_dim": [
    0.0004934844659084522,
    3.8012113582654087e-07,
    0.0006552146449687567,
    0.00010803084158168796,
    8.163657399953452e-05,
    0.006335920850310016,
    1.3748712033833141
  ],
  "mse_mean": 0.19750655298303119,
  "mse_spatial": 0.0012791112496507123,
  "mse_gripper": 1.3748712033833141,
  "mse_per_dim_names": [
    "x",
    "y",
    "z",
    "roll",
    "pitch",
    "yaw",
    "gripper"
  ],
  "grounding": {
    "nouns": [],
    "num_boxes": 0,
    "num_patches": 0,
    "patch_coverage": 0.0,
    "segmentation": "sam2"
  }
}