{
  "episode_id": 18,
  "step_id": 16,
  "instruction": "Pick up the blue fork and place it on the left of the pot",
  "condition": "sam_var_object",
  "condition_desc": "VAR(p=0.6,rho=0.5) + obj_redirect + SAM2",
  "predicted_action": [
    -0.00020878732204438963,
    0.0015184364108477844,
    -0.0025796712913057455,
    0.008801438395883376,
    0.0032385903965024138,
    0.0063804809544599494,
    0.0
  ],
  "ground_truth_action": [
    0.0006328875897452235,
    0.0009018793934956193,
    -0.004527400713413954,
    0.01044662855565548,
    0.011634349822998047,
    0.005434093531221151,
    0.9750919938087463
  ],
  "action_token_ids": [
    31872,
    31866,
    31909,
    31859,
    31856,
    31867,
    31872
  ],
  "mse_per_dim": [
    7.084166571360531e-07,
    3.8014255564619796e-07,
    3.7936499017459748e-06,
    2.7066506618109577e-06,
    7.048877634759028e-05,
    8.95649154864572e-07,
    0.9508043963899162
  ],
  "mse_mean": 0.13584048138217072,
  "mse_spatial": 1.3162214213132338e-05,
  "mse_gripper": 0.9508043963899162,
  "mse_per_dim_names": [
    "x",
    "y",
    "z",
    "roll",
    "pitch",
    "yaw",
    "gripper"
  ],
  "grounding": {
    "nouns": [
      "fork",
      "pot"
    ],
    "num_boxes": 1,
    "num_patches": 18,
    "patch_coverage": 0.0703125,
    "segmentation": "sam2"
  }
}