{
  "episode_id": 15,
  "step_id": 68,
  "instruction": "sweep into pile",
  "condition": "sam_var_object",
  "condition_desc": "VAR(p=0.6,rho=0.5) + obj_redirect + SAM2",
  "predicted_action": [
    0.006948788397452391,
    0.04069337469514669,
    -0.00024124380639371432,
    -0.010994982698384559,
    0.022664666903369532,
    0.03700464435535311,
    0.4156862745098039
  ],
  "ground_truth_action": [
    0.01382266916334629,
    0.06015419214963913,
    -0.0024177292361855507,
    0.008380044251680374,
    0.01551771815866232,
    0.021036215126514435,
    0.0
  ],
  "action_token_ids": [
    31840,
    31744,
    31900,
    31890,
    31827,
    31848,
    31819
  ],
  "mse_per_dim": [
    4.72502367837261e-05,
    0.0003787234159970777,
    4.737088826096155e-06,
    0.00037539166931574246,
    5.1078876359472005e-05,
    0.0002549907320364294,
    0.17279507881584003
  ],
  "mse_mean": 0.024843892976451225,
  "mse_spatial": 0.00018536200321975734,
  "mse_gripper": 0.17279507881584003,
  "mse_per_dim_names": [
    "x",
    "y",
    "z",
    "roll",
    "pitch",
    "yaw",
    "gripper"
  ],
  "grounding": {
    "nouns": [
      "pile"
    ],
    "num_boxes": 1,
    "num_patches": 5,
    "patch_coverage": 0.01953125,
    "segmentation": "sam2"
  }
}