{
  "episode_id": 15,
  "step_id": 50,
  "instruction": "sweep into pile",
  "condition": "sam_var_object",
  "condition_desc": "VAR(p=0.6,rho=0.5) + obj_redirect + SAM2",
  "predicted_action": [
    0.008961856568560859,
    0.032275619361330395,
    0.004435611163430348,
    -0.016103736529163387,
    0.0454400669459034,
    0.04345183665027799,
    0.0
  ],
  "ground_truth_action": [
    0.026173438876867294,
    -0.022409595549106598,
    0.024428538978099823,
    0.006083943415433168,
    -0.08330357819795609,
    -0.0743216797709465,
    0.0
  ],
  "action_token_ids": [
    31831,
    31771,
    31882,
    31898,
    31793,
    31844,
    31872
  ],
  "mse_per_dim": [
    0.0002962385655556071,
    0.0029904727298006805,
    0.00039971716260258435,
    0.0004922931413238522,
    0.016574926164928016,
    0.013870601170220436,
    0.0
  ],
  "mse_mean": 0.0049463212763473105,
  "mse_spatial": 0.005770708155738529,
  "mse_gripper": 0.0,
  "mse_per_dim_names": [
    "x",
    "y",
    "z",
    "roll",
    "pitch",
    "yaw",
    "gripper"
  ],
  "grounding": {
    "nouns": [
      "pile"
    ],
    "num_boxes": 0,
    "num_patches": 0,
    "patch_coverage": 0.0,
    "segmentation": "sam2"
  }
}