{
  "episode_id": 13,
  "step_id": 14,
  "instruction": "",
  "condition": "sam_var_object",
  "condition_desc": "VAR(p=0.6,rho=0.5) + obj_redirect + SAM2",
  "predicted_action": [
    0.003146326296469725,
    0.0011946765903163847,
    0.002097183678518317,
    0.010717221082425427,
    0.006587913932169148,
    -0.04036166318374529,
    -0.2196078431372549
  ],
  "ground_truth_action": [
    0.00494020339101553,
    0.0038969703018665314,
    0.005009463056921959,
    -0.013268318958580494,
    -0.008712048642337322,
    -0.055809784680604935,
    -0.011371321976184845
  ],
  "action_token_ids": [
    31857,
    31867,
    31891,
    31856,
    31851,
    31896,
    31900
  ],
  "mse_per_dim": [
    3.217995030336097e-06,
    7.302391303483467e-06,
    8.481371177875103e-06,
    0.0005753061310586983,
    0.00023408885478129867,
    0.0002386444577817371,
    0.04336244874526478
  ],
  "mse_mean": 0.006347069992342601,
  "mse_spatial": 0.0001778402001889048,
  "mse_gripper": 0.04336244874526478,
  "mse_per_dim_names": [
    "x",
    "y",
    "z",
    "roll",
    "pitch",
    "yaw",
    "gripper"
  ],
  "grounding": {
    "nouns": [],
    "num_boxes": 0,
    "num_patches": 0,
    "patch_coverage": 0.0,
    "segmentation": "sam2"
  }
}