{
  "episode_id": 19,
  "step_id": 2,
  "instruction": "",
  "condition": "sam_var_object",
  "condition_desc": "VAR(p=0.6,rho=0.5) + obj_redirect + SAM2",
  "predicted_action": [
    -0.001550832769450037,
    -0.015317074256784809,
    -0.005697574604521784,
    -0.0620825210061728,
    -0.05035058617416551,
    0.1192063461156451,
    -0.12549019607843137
  ],
  "ground_truth_action": [
    -0.020822696387767792,
    0.010313712991774082,
    -0.0060965209268033504,
    0.013400917872786522,
    -0.0508016012609005,
    -0.384731650352478,
    1.0
  ],
  "action_token_ids": [
    31878,
    31918,
    31921,
    31970,
    31936,
    31797,
    31888
  ],
  "mse_per_dim": [
    0.0003714047273230395,
    0.0006569372549808891,
    1.591581680619877e-07,
    0.005697749544993588,
    2.034146084625672e-07,
    0.253953504284306,
    1.266728181468666
  ],
  "mse_mean": 0.2182011628361494,
  "mse_spatial": 0.04344665973073001,
  "mse_gripper": 1.266728181468666,
  "mse_per_dim_names": [
    "x",
    "y",
    "z",
    "roll",
    "pitch",
    "yaw",
    "gripper"
  ],
  "grounding": {
    "nouns": [],
    "num_boxes": 0,
    "num_patches": 0,
    "patch_coverage": 0.0,
    "segmentation": "sam2"
  }
}