{
  "episode_id": 14,
  "step_id": 25,
  "instruction": "move the silver pot to the lower right burner",
  "condition": "sam_var_object",
  "condition_desc": "VAR(p=0.6,rho=0.5) + obj_redirect + SAM2",
  "predicted_action": [
    -0.011168825142523833,
    -0.005604279640842924,
    0.0026168342307209894,
    -0.013549359613773987,
    -0.009488839039031222,
    0.07085240390370864,
    0.20392156862745092
  ],
  "ground_truth_action": [
    -0.017427220940589905,
    -0.004240695387125015,
    0.0024123499169945717,
    -0.005869791377335787,
    -0.013157433830201626,
    0.0946122407913208,
    0.0
  ],
  "action_token_ids": [
    31921,
    31888,
    31889,
    31894,
    31875,
    31827,
    31846
  ],
  "mse_per_dim": [
    3.916751796525106e-05,
    1.8593620169874263e-06,
    4.181383456016401e-08,
    5.8975768298110526e-05,
    1.3458587741802622e-05,
    0.0005645298489259353,
    0.041584006151480175
  ],
  "mse_mean": 0.006037434150037546,
  "mse_spatial": 0.00011300548313044119,
  "mse_gripper": 0.041584006151480175,
  "mse_per_dim_names": [
    "x",
    "y",
    "z",
    "roll",
    "pitch",
    "yaw",
    "gripper"
  ],
  "grounding": {
    "nouns": [
      "pot",
      "burner"
    ],
    "num_boxes": 2,
    "num_patches": 42,
    "patch_coverage": 0.1640625,
    "segmentation": "sam2"
  }
}