{
  "episode_id": 14,
  "step_id": 48,
  "instruction": "move the silver pot to the lower right burner",
  "condition": "sam_var_object",
  "condition_desc": "VAR(p=0.6,rho=0.5) + obj_redirect + SAM2",
  "predicted_action": [
    0.0011332581253612577,
    0.023534104206982702,
    0.0005382320219102961,
    0.001776901878562484,
    0.0018988609822357116,
    -0.0016785094141960888,
    0.996078431372549
  ],
  "ground_truth_action": [
    0.00028403347823768854,
    0.02399166114628315,
    -0.0012371167540550232,
    0.02367701195180416,
    -0.02593871019780636,
    -0.004877210129052401,
    1.0
  ],
  "action_token_ids": [
    31866,
    31798,
    31897,
    31870,
    31858,
    31872,
    31744
  ],
  "mse_per_dim": [
    7.211825012821505e-07,
    2.0935835270199364e-07,
    3.1518632763215575e-06,
    0.0004796148212201016,
    0.0007749303692039088,
    1.023168626322228e-05,
    1.5378700499807656e-05
  ],
  "mse_mean": 0.00018346256875962088,
  "mse_spatial": 0.00021147654680292308,
  "mse_gripper": 1.5378700499807656e-05,
  "mse_per_dim_names": [
    "x",
    "y",
    "z",
    "roll",
    "pitch",
    "yaw",
    "gripper"
  ],
  "grounding": {
    "nouns": [
      "pot",
      "burner"
    ],
    "num_boxes": 2,
    "num_patches": 35,
    "patch_coverage": 0.13671875,
    "segmentation": "sam2"
  }
}