{
  "episode_id": 18,
  "step_id": 40,
  "instruction": "Pick up the blue fork and place it on the left of the pot",
  "condition": "sam_var_object",
  "condition_desc": "VAR(p=0.6,rho=0.5) + obj_redirect + SAM2",
  "predicted_action": [
    0.00046223540165843055,
    -0.00042412251234059256,
    0.0013177078502143065,
    -0.003970446181063694,
    0.00591804922503579,
    -6.671134046487559e-05,
    0.0
  ],
  "ground_truth_action": [
    -0.002280975691974163,
    0.0017823929665610194,
    0.001056945533491671,
    -0.003739535342901945,
    -0.009318727999925613,
    -0.0015284025575965643,
    0.0
  ],
  "action_token_ids": [
    31869,
    31872,
    31894,
    31879,
    31852,
    31871,
    31872
  ],
  "mse_per_dim": [
    7.52520710422893e-06,
    4.86871055863241e-06,
    6.799698582255603e-08,
    5.331981518056152e-08,
    0.00023215938020310252,
    2.1365412142399174e-06,
    0.0
  ],
  "mse_mean": 3.5258736554458125e-05,
  "mse_spatial": 4.113519264686781e-05,
  "mse_gripper": 0.0,
  "mse_per_dim_names": [
    "x",
    "y",
    "z",
    "roll",
    "pitch",
    "yaw",
    "gripper"
  ],
  "grounding": {
    "nouns": [
      "fork",
      "pot"
    ],
    "num_boxes": 1,
    "num_patches": 17,
    "patch_coverage": 0.06640625,
    "segmentation": "sam2"
  }
}