{
  "episode_id": 19,
  "step_id": 13,
  "instruction": "",
  "condition": "sam_var_object",
  "condition_desc": "VAR(p=0.6,rho=0.5) + obj_redirect + SAM2",
  "predicted_action": [
    -0.002445529734387133,
    0.001842196231379177,
    0.001577533126315641,
    -0.003970446181063694,
    0.01864547866056944,
    0.017663067470578525,
    0.0235294117647058
  ],
  "ground_truth_action": [
    -0.006988998036831617,
    0.012642075307667255,
    0.008119670674204826,
    -0.0048842113465070724,
    0.0056051346473395824,
    0.0389322005212307,
    -0.006331020966172218
  ],
  "action_token_ids": [
    31882,
    31865,
    31893,
    31879,
    31833,
    31860,
    31869
  ],
  "mse_per_dim": [
    2.0643104215317767e-05,
    0.00011663738806244504,
    4.2799563695501526e-05,
    8.349667775777643e-07,
    0.00017005057198337978,
    0.00045237602072634457,
    0.0008916454428752912
  ],
  "mse_mean": 0.00024214100833369395,
  "mse_spatial": 0.00013389026924342774,
  "mse_gripper": 0.0008916454428752912,
  "mse_per_dim_names": [
    "x",
    "y",
    "z",
    "roll",
    "pitch",
    "yaw",
    "gripper"
  ],
  "grounding": {
    "nouns": [],
    "num_boxes": 0,
    "num_patches": 0,
    "patch_coverage": 0.0,
    "segmentation": "sam2"
  }
}