{
  "episode_id": 23,
  "step_id": 4,
  "instruction": "",
  "condition": "sam_var_object",
  "condition_desc": "VAR(p=0.6,rho=0.5) + obj_redirect + SAM2",
  "predicted_action": [
    -0.004905946387964152,
    -0.0010716421534033849,
    -0.004138622947913766,
    0.0669135132209925,
    0.055488037552903643,
    0.1691720864013128,
    0.996078431372549
  ],
  "ground_truth_action": [
    0.0022211831528693438,
    -0.01930108480155468,
    -0.012818005867302418,
    0.008136255666613579,
    -7.672033098060638e-05,
    -0.2574707269668579,
    1.0
  ],
  "action_token_ids": [
    31893,
    31874,
    31915,
    31768,
    31778,
    31766,
    31744
  ],
  "mse_per_dim": [
    5.079597549182147e-05,
    0.0003323125792622373,
    7.533168786137547e-05,
    0.0034547660056137935,
    0.0030874423186946767,
    0.18202409019870772,
    1.5378700499807656e-05
  ],
  "mse_mean": 0.027005731066590204,
  "mse_spatial": 0.03150412312760527,
  "mse_gripper": 1.5378700499807656e-05,
  "mse_per_dim_names": [
    "x",
    "y",
    "z",
    "roll",
    "pitch",
    "yaw",
    "gripper"
  ],
  "grounding": {
    "nouns": [],
    "num_boxes": 0,
    "num_patches": 0,
    "patch_coverage": 0.0,
    "segmentation": "sam2"
  }
}