{
  "episode_id": 28,
  "step_id": 12,
  "instruction": "Move the bowl closer to the bottom right of the table.",
  "condition": "sam_var_object",
  "condition_desc": "VAR(p=0.6,rho=0.5) + obj_redirect + SAM2",
  "predicted_action": [
    -0.0013271585282157647,
    -0.0007478823328719852,
    0.005994562820038369,
    -0.0014160692656742802,
    -0.01551762140323136,
    0.0015450867332663376,
    0.18039215686274512
  ],
  "ground_truth_action": [
    -0.0014988515758886933,
    0.0013329364592209458,
    0.03043047897517681,
    -0.006752307061105967,
    -0.07291509211063385,
    -0.03096308559179306,
    0.0
  ],
  "action_token_ids": [
    31877,
    31873,
    31876,
    31875,
    31884,
    31870,
    31849
  ],
  "mse_per_dim": [
    2.9478502619218548e-08,
    4.329806845527085e-06,
    0.0005971139983409559,
    2.8475433809393624e-05,
    0.0032944696436071268,
    0.0010567812679157578,
    0.032541330257593246
  ],
  "mse_mean": 0.005360361412373518,
  "mse_spatial": 0.0008301999381702301,
  "mse_gripper": 0.032541330257593246,
  "mse_per_dim_names": [
    "x",
    "y",
    "z",
    "roll",
    "pitch",
    "yaw",
    "gripper"
  ],
  "grounding": {
    "nouns": [
      "bowl",
      "table"
    ],
    "num_boxes": 1,
    "num_patches": 12,
    "patch_coverage": 0.046875,
    "segmentation": "sam2"
  }
}