{
  "episode_id": 22,
  "step_id": 7,
  "instruction": "",
  "condition": "sam_var_object",
  "condition_desc": "VAR(p=0.6,rho=0.5) + obj_redirect + SAM2",
  "predicted_action": [
    0.004041023261406821,
    0.017382667616886185,
    -0.004918098776217777,
    -0.021851084588789572,
    -0.014177891988964658,
    0.17884287484370012,
    0.996078431372549
  ],
  "ground_truth_action": [
    -0.0029801400378346443,
    0.010003582574427128,
    -0.017431652173399925,
    -0.0009662900120019913,
    0.044604867696762085,
    -0.016982363536953926,
    1.0
  ],
  "action_token_ids": [
    31853,
    31817,
    31918,
    31907,
    31882,
    31760,
    31744
  ],
  "mse_per_dim": [
    4.92967340746153e-05,
    5.4450896063842994e-05,
    0.00015658901862412888,
    0.00043617464451461594,
    0.003455412836269901,
    0.038347523986839986,
    1.5378700499807656e-05
  ],
  "mse_mean": 0.0060735466881267,
  "mse_spatial": 0.007083241352731182,
  "mse_gripper": 1.5378700499807656e-05,
  "mse_per_dim_names": [
    "x",
    "y",
    "z",
    "roll",
    "pitch",
    "yaw",
    "gripper"
  ],
  "grounding": {
    "nouns": [],
    "num_boxes": 0,
    "num_patches": 0,
    "patch_coverage": 0.0,
    "segmentation": "sam2"
  }
}