{
  "episode_id": 26,
  "step_id": 0,
  "instruction": "take out the object from the silver pot and put it on the orange cloth",
  "condition": "sam_var_object",
  "condition_desc": "VAR(p=0.6,rho=0.5) + obj_redirect + SAM2",
  "predicted_action": [
    0.0076198111211552115,
    0.016087628334760594,
    0.009372291409355745,
    0.0004997134208677839,
    -0.006139515503364487,
    0.030557452060428203,
    -0.11764705882352944
  ],
  "ground_truth_action": [
    -1.489913747931837e-10,
    2.429778045431874e-10,
    -4.517328455744263e-10,
    -8.631871537545521e-07,
    1.0724003018935946e-08,
    -2.41785073740175e-07,
    1.0
  ],
  "action_token_ids": [
    31837,
    31821,
    31863,
    31872,
    31870,
    31852,
    31887
  ],
  "mse_per_dim": [
    5.806152379265293e-05,
    0.00025881177761951876,
    8.783985472942744e-05,
    2.5057694049834895e-07,
    3.769378229653348e-05,
    0.0009337726531554273,
    1.2491349480968859
  ],
  "mse_mean": 0.17864448260934568,
  "mse_spatial": 0.00022940502808900973,
  "mse_gripper": 1.2491349480968859,
  "mse_per_dim_names": [
    "x",
    "y",
    "z",
    "roll",
    "pitch",
    "yaw",
    "gripper"
  ],
  "grounding": {
    "nouns": [
      "object",
      "pot",
      "cloth"
    ],
    "num_boxes": 2,
    "num_patches": 58,
    "patch_coverage": 0.2265625,
    "segmentation": "sam2"
  }
}