{
  "episode_id": 20,
  "step_id": 6,
  "instruction": "",
  "condition": "sam_var_object",
  "condition_desc": "VAR(p=0.6,rho=0.5) + obj_redirect + SAM2",
  "predicted_action": [
    0.0015806066078298056,
    -0.0017191617944661772,
    -0.010114604298244505,
    0.008801438395883376,
    0.02333453161050289,
    -0.003290307487927302,
    0.996078431372549
  ],
  "ground_truth_action": [
    -0.002047635382041335,
    -0.004271514713764191,
    -0.0035284499172121286,
    -0.0004826530930586159,
    0.010943085886538029,
    0.0025393005926162004,
    1.0
  ],
  "action_token_ids": [
    31864,
    31876,
    31938,
    31859,
    31826,
    31873,
    31744
  ],
  "mse_per_dim": [
    1.3164139937064094e-05,
    6.514505424649092e-06,
    4.337742953079196e-05,
    8.619435477504514e-05,
    0.00015354792712996704,
    3.3984330372738097e-05,
    1.5378700499807656e-05
  ],
  "mse_mean": 5.030876966715187e-05,
  "mse_spatial": 5.613044786170924e-05,
  "mse_gripper": 1.5378700499807656e-05,
  "mse_per_dim_names": [
    "x",
    "y",
    "z",
    "roll",
    "pitch",
    "yaw",
    "gripper"
  ],
  "grounding": {
    "nouns": [],
    "num_boxes": 0,
    "num_patches": 0,
    "patch_coverage": 0.0,
    "segmentation": "sam2"
  }
}