{
  "episode_id": 25,
  "step_id": 12,
  "instruction": "",
  "condition": "sam_var_object",
  "condition_desc": "VAR(p=0.6,rho=0.5) + obj_redirect + SAM2",
  "predicted_action": [
    -0.0013271585282157647,
    0.002813475692973362,
    -0.00985477902214317,
    0.016464569142051605,
    0.022664666903369532,
    -0.0016785094141960888,
    0.0
  ],
  "ground_truth_action": [
    0.00017395960458088666,
    -0.005966660100966692,
    0.0008275954751297832,
    0.0033356565982103348,
    -0.0026242707390338182,
    0.05036291852593422,
    -0.005796624813228846
  ],
  "action_token_ids": [
    31877,
    31862,
    31937,
    31847,
    31827,
    31872,
    31872
  ],
  "mse_per_dim": [
    2.253355648610905e-06,
    7.709078456002735e-05,
    0.00011411312489998758,
    0.00017236834458383266,
    0.0006395303670813651,
    0.0027083102220477754,
    3.360085922534035e-05
  ],
  "mse_mean": 0.000535323865435277,
  "mse_spatial": 0.0006189443664702665,
  "mse_gripper": 3.360085922534035e-05,
  "mse_per_dim_names": [
    "x",
    "y",
    "z",
    "roll",
    "pitch",
    "yaw",
    "gripper"
  ],
  "grounding": {
    "nouns": [],
    "num_boxes": 0,
    "num_patches": 0,
    "patch_coverage": 0.0,
    "segmentation": "sam2"
  }
}