{
  "episode_id": 26,
  "step_id": 17,
  "instruction": "take out the object from the silver pot and put it on the orange cloth",
  "condition": "sam_var_object",
  "condition_desc": "VAR(p=0.6,rho=0.5) + obj_redirect + SAM2",
  "predicted_action": [
    -0.01049780241882101,
    -0.013374515333596428,
    0.04003167398931348,
    0.07713102088255015,
    -0.0925520627235665,
    -0.004902105561658515,
    0.5411764705882353
  ],
  "ground_truth_action": [
    -0.0072138430550694466,
    -0.019633296877145767,
    0.009308664128184319,
    0.0095729511231184,
    -0.01985863409936428,
    -0.02807932160794735,
    0.0
  ],
  "action_token_ids": [
    31918,
    31912,
    31744,
    31752,
    31999,
    31874,
    31803
  ],
  "mse_per_dim": [
    1.0784389102771571e-05,
    3.9172346409873846e-05,
    0.0009439033349270398,
    0.004564092789620247,
    0.005284334565141983,
    0.0005371833436563486,
    0.29287197231833906
  ],
  "mse_mean": 0.043464491869599615,
  "mse_spatial": 0.0018965784614763772,
  "mse_gripper": 0.29287197231833906,
  "mse_per_dim_names": [
    "x",
    "y",
    "z",
    "roll",
    "pitch",
    "yaw",
    "gripper"
  ],
  "grounding": {
    "nouns": [
      "object",
      "pot",
      "cloth"
    ],
    "num_boxes": 3,
    "num_patches": 40,
    "patch_coverage": 0.15625,
    "segmentation": "sam2"
  }
}