{
  "episode_id": 25,
  "step_id": 32,
  "instruction": "",
  "condition": "sam_var_object",
  "condition_desc": "VAR(p=0.6,rho=0.5) + obj_redirect + SAM2",
  "predicted_action": [
    -0.0013271585282157647,
    -0.005928039461374324,
    0.028599361840854657,
    0.04200833829594573,
    -0.03561356261723183,
    -0.021020086298970675,
    0.6509803921568627
  ],
  "ground_truth_action": [
    0.0016242886194959283,
    -0.0009468934149481356,
    -0.008741375058889389,
    0.002433147979900241,
    -0.011324536986649036,
    0.048287637531757355,
    -0.011108487844467163
  ],
  "action_token_ids": [
    31877,
    31889,
    31789,
    31807,
    31914,
    31884,
    31789
  ],
  "mse_per_dim": [
    8.711040265735489e-06,
    2.4811815935827245e-05,
    0.0013943306322159064,
    0.0015661956885512209,
    0.0005899567660831079,
    0.004803560582596466,
    0.4383616850214153
  ],
  "mse_mean": 0.06382132164958051,
  "mse_spatial": 0.0013979277542747106,
  "mse_gripper": 0.4383616850214153,
  "mse_per_dim_names": [
    "x",
    "y",
    "z",
    "roll",
    "pitch",
    "yaw",
    "gripper"
  ],
  "grounding": {
    "nouns": [],
    "num_boxes": 0,
    "num_patches": 0,
    "patch_coverage": 0.0,
    "segmentation": "sam2"
  }
}