{
  "episode_id": 21,
  "step_id": 14,
  "instruction": "moved the green object and put it on the table",
  "condition": "sam_var_object",
  "condition_desc": "VAR(p=0.6,rho=0.5) + obj_redirect + SAM2",
  "predicted_action": [
    0.009632879292263686,
    0.0008709167697849851,
    0.0057347375439370275,
    -0.01674233075801075,
    -0.0925520627235665,
    -0.20637686477806055,
    -0.996078431372549
  ],
  "ground_truth_action": [
    0.010695397853851318,
    0.0027643470093607903,
    -0.012894943356513977,
    -0.03717831149697304,
    -0.04749158397316933,
    -0.11113125830888748,
    1.0
  ],
  "action_token_ids": [
    31828,
    31868,
    31877,
    31899,
    31999,
    31999,
    31999
  ],
  "mse_per_dim": [
    1.1289456937182515e-06,
    3.585078072140091e-06,
    0.00034706501045262897,
    0.00041762930876323756,
    0.0020304467452149956,
    0.009071725551680584,
    3.984329104190696
  ],
  "mse_mean": 0.5708858121186533,
  "mse_spatial": 0.0019785967733128838,
  "mse_gripper": 3.984329104190696,
  "mse_per_dim_names": [
    "x",
    "y",
    "z",
    "roll",
    "pitch",
    "yaw",
    "gripper"
  ],
  "grounding": {
    "nouns": [
      "object",
      "table"
    ],
    "num_boxes": 1,
    "num_patches": 34,
    "patch_coverage": 0.1328125,
    "segmentation": "sam2"
  }
}