{
  "episode_id": 25,
  "step_id": 16,
  "instruction": "",
  "condition": "sam_var_object",
  "condition_desc": "VAR(p=0.6,rho=0.5) + obj_redirect + SAM2",
  "predicted_action": [
    -0.0008798100457472133,
    0.004432274795630346,
    0.0002784067458089616,
    -0.002693257723368994,
    0.0032385903965024138,
    0.12081814418937634,
    0.0
  ],
  "ground_truth_action": [
    0.006734955590218306,
    -0.01217942126095295,
    0.04302368685603142,
    0.0009066808270290494,
    0.002969712018966675,
    0.143432155251503,
    0.004508305806666613
  ],
  "action_token_ids": [
    31875,
    31857,
    31898,
    31877,
    31856,
    31796,
    31872
  ],
  "mse_per_dim": [
    5.7984655690681356e-05,
    0.00027594844587630504,
    0.0018271589717013792,
    1.2959557566641968e-05,
    7.229558190625137e-08,
    0.0005113934963179867,
    2.0324821246423897e-05
  ],
  "mse_mean": 0.0003865488919973321,
  "mse_spatial": 0.0004475862371224835,
  "mse_gripper": 2.0324821246423897e-05,
  "mse_per_dim_names": [
    "x",
    "y",
    "z",
    "roll",
    "pitch",
    "yaw",
    "gripper"
  ],
  "grounding": {
    "nouns": [],
    "num_boxes": 0,
    "num_patches": 0,
    "patch_coverage": 0.0,
    "segmentation": "sam2"
  }
}