{
  "episode_id": 26,
  "step_id": 10,
  "instruction": "take out the object from the silver pot and put it on the orange cloth",
  "condition": "sam_var_object",
  "condition_desc": "VAR(p=0.6,rho=0.5) + obj_redirect + SAM2",
  "predicted_action": [
    0.00784348536238948,
    0.004108514975098954,
    -0.006477050432825794,
    -0.0014160692656742802,
    0.006587913932169148,
    -0.004902105561658515,
    0.0
  ],
  "ground_truth_action": [
    0.005527493078261614,
    0.002020213520154357,
    -0.003457564627751708,
    0.006626518908888102,
    0.012094172649085522,
    -0.010354375466704369,
    0.0
  ],
  "action_token_ids": [
    31836,
    31858,
    31924,
    31875,
    31851,
    31874,
    31872
  ],
  "mse_per_dim": [
    5.363820260139812e-06,
    4.361002966723719e-06,
    9.117294527043902e-06,
    6.468322454561067e-05,
    3.0318885057617547e-05,
    2.972724711746872e-05,
    0.0
  ],
  "mse_mean": 2.0510210639229192e-05,
  "mse_spatial": 2.3928579079100727e-05,
  "mse_gripper": 0.0,
  "mse_per_dim_names": [
    "x",
    "y",
    "z",
    "roll",
    "pitch",
    "yaw",
    "gripper"
  ],
  "grounding": {
    "nouns": [
      "object",
      "pot",
      "cloth"
    ],
    "num_boxes": 2,
    "num_patches": 42,
    "patch_coverage": 0.1640625,
    "segmentation": "sam2"
  }
}