{
  "episode_id": 1,
  "step_id": 8,
  "instruction": "put the blue cube on the right side of the table on top of the rectangular block",
  "condition": "pair_gripex_midlay",
  "condition_desc": "wr(\u03bb=2.0) + gripex + L[12, 14, 16, 18, 20]",
  "predicted_action": [
    -0.009155756971415362,
    0.0031372355135047617,
    0.012230369446470445,
    0.010078626853578077,
    0.03539209633890315,
    -0.06615043236344473,
    -0.10196078431372552
  ],
  "ground_truth_action": [
    0.005894463509321213,
    -0.005747814662754536,
    -0.0038173405919224024,
    0.0029883242677897215,
    -0.007389185484498739,
    -0.0023829664569348097,
    1.0
  ],
  "action_token_ids": [
    31912,
    31861,
    31852,
    31857,
    31808,
    31912,
    31885
  ],
  "mse_per_dim": [
    0.00022650913651878267,
    7.894411663464536e-05,
    0.0002575289974763346,
    5.0272390758037035e-05,
    0.0018302380744533372,
    0.004066289708137905,
    1.2143175701653213
  ],
  "mse_mean": 0.1744039075127572,
  "mse_spatial": 0.0010849637373298402,
  "mse_gripper": 1.2143175701653213,
  "mse_per_dim_names": [
    "x",
    "y",
    "z",
    "roll",
    "pitch",
    "yaw",
    "gripper"
  ],
  "grounding": {
    "nouns": [
      "cube",
      "side",
      "table",
      "top",
      "block"
    ],
    "num_boxes": 3,
    "num_patches": 256,
    "patch_coverage": 1.0
  }
}