{
  "episode_id": 9,
  "step_id": 11,
  "instruction": "Move the can in the middle bottom of the table",
  "condition": "pair_gripex_midlay",
  "condition_desc": "wr(\u03bb=2.0) + gripex + L[12, 14, 16, 18, 20]",
  "predicted_action": [
    -0.010050453936352462,
    -0.005604279640842924,
    -0.0028394965674070835,
    0.017741757599746305,
    -0.002790191967697725,
    -0.04519705740493893,
    -0.196078431372549
  ],
  "ground_truth_action": [
    -0.020678704604506493,
    -0.009431998245418072,
    -0.007096081506460905,
    0.005808230489492416,
    0.027738431468605995,
    -0.05787091702222824,
    1.0
  ],
  "action_token_ids": [
    31916,
    31888,
    31910,
    31845,
    31865,
    31899,
    31897
  ],
  "mse_per_dim": [
    0.0001129597122651166,
    1.4651429715810716e-05,
    1.8118515343379825e-05,
    0.00014240906929116452,
    0.0009319968489156327,
    0.0001606267175987568,
    1.4306036139946174
  ],
  "mse_mean": 0.20456919661253534,
  "mse_spatial": 0.00023012704885497684,
  "mse_gripper": 1.4306036139946174,
  "mse_per_dim_names": [
    "x",
    "y",
    "z",
    "roll",
    "pitch",
    "yaw",
    "gripper"
  ],
  "grounding": {
    "nouns": [
      "can",
      "bottom",
      "table"
    ],
    "num_boxes": 1,
    "num_patches": 224,
    "patch_coverage": 0.875
  }
}