{
  "episode_id": 7,
  "step_id": 13,
  "instruction": "Move the blue fork to the lower right burner",
  "condition": "pair_gripex_midlay",
  "condition_desc": "wr(\u03bb=2.0) + gripex + L[12, 14, 16, 18, 20]",
  "predicted_action": [
    0.0026989778140011807,
    0.0015184364108477844,
    -0.0010207196346977247,
    0.006885655709341312,
    -0.02623545671736495,
    0.011215875175653645,
    -0.07058823529411762
  ],
  "ground_truth_action": [
    -0.00026309152599424124,
    -0.002051333896815777,
    0.0034226446878165007,
    0.007478575687855482,
    -0.009928517043590546,
    -0.010426384396851063,
    0.0
  ],
  "action_token_ids": [
    31859,
    31866,
    31903,
    31862,
    31900,
    31864,
    31881
  ],
  "mse_per_dim": [
    8.773854774940914e-06,
    1.2743260049476397e-05,
    1.97434865025923e-05,
    3.5155410092124356e-07,
    0.00026591628152411765,
    0.00046838739940367166,
    0.0049826989619377125
  ],
  "mse_mean": 0.0008226592568990618,
  "mse_spatial": 0.0001293193060592867,
  "mse_gripper": 0.0049826989619377125,
  "mse_per_dim_names": [
    "x",
    "y",
    "z",
    "roll",
    "pitch",
    "yaw",
    "gripper"
  ],
  "grounding": {
    "nouns": [
      "fork",
      "burner"
    ],
    "num_boxes": 3,
    "num_patches": 180,
    "patch_coverage": 0.703125
  }
}