{
  "episode_id": 3,
  "step_id": 34,
  "instruction": "put the rectangle block on top of the red arch and yellow block",
  "condition": "pair_gripex_midlay",
  "condition_desc": "wr(\u03bb=2.0) + gripex + L[12, 14, 16, 18, 20]",
  "predicted_action": [
    -0.016537006932146416,
    0.004108514975098954,
    0.0002784067458089616,
    0.031152236405540726,
    -0.0014504625534310367,
    -0.041973461257476474,
    -0.2431372549019608
  ],
  "ground_truth_action": [
    -0.0031033975537866354,
    -0.00010460095654707402,
    -0.0008165617473423481,
    -0.010020914487540722,
    0.006363769993185997,
    0.001979508902877569,
    0.0
  ],
  "action_token_ids": [
    31945,
    31858,
    31898,
    31824,
    31863,
    31897,
    31903
  ],
  "mse_per_dim": [
    0.00018046186093035585,
    1.7750345853489576e-05,
    1.1989560009940498e-06,
    0.0016952283544644537,
    6.106223029260894e-05,
    0.001931863585916973,
    0.059115724721261066
  ],
  "mse_mean": 0.009000470007817134,
  "mse_spatial": 0.0006479275555764792,
  "mse_gripper": 0.059115724721261066,
  "mse_per_dim_names": [
    "x",
    "y",
    "z",
    "roll",
    "pitch",
    "yaw",
    "gripper"
  ],
  "grounding": {
    "nouns": [
      "block",
      "top"
    ],
    "num_boxes": 3,
    "num_patches": 195,
    "patch_coverage": 0.76171875
  }
}