{
  "episode_id": 8,
  "step_id": 17,
  "instruction": "open the drawer",
  "condition": "pair_gripex_midlay",
  "condition_desc": "wr(\u03bb=2.0) + gripex + L[12, 14, 16, 18, 20]",
  "predicted_action": [
    -0.007813711524009715,
    -0.013050755513065036,
    0.000798057298011634,
    -0.014187953842621337,
    0.01060710217496924,
    -0.027467278593895555,
    0.0
  ],
  "ground_truth_action": [
    -0.003957570530474186,
    -0.012928534299135208,
    0.0016755001852288842,
    -0.00943364854902029,
    0.019571000710129738,
    0.0038191843777894974,
    0.0
  ],
  "action_token_ids": [
    31906,
    31911,
    31896,
    31895,
    31845,
    31888,
    31872
  ],
  "mse_per_dim": [
    1.4869823362025177e-05,
    1.493802513448065e-08,
    7.69906020328144e-07,
    2.2603418824762934e-05,
    8.03514769486525e-05,
    0.00097884276527862,
    0.0
  ],
  "mse_mean": 0.00015677890406564615,
  "mse_spatial": 0.0001829087214099205,
  "mse_gripper": 0.0,
  "mse_per_dim_names": [
    "x",
    "y",
    "z",
    "roll",
    "pitch",
    "yaw",
    "gripper"
  ],
  "grounding": {
    "nouns": [
      "drawer"
    ],
    "num_boxes": 1,
    "num_patches": 256,
    "patch_coverage": 1.0
  }
}