{
  "episode_id": 7,
  "step_id": 3,
  "instruction": "Move the blue fork to the lower right burner",
  "condition": "pair_gripex_midlay",
  "condition_desc": "wr(\u03bb=2.0) + gripex + L[12, 14, 16, 18, 20]",
  "predicted_action": [
    -0.015418635725975046,
    0.03065682025867341,
    -0.0005010690824950523,
    -0.010994982698384559,
    0.0005591315679690234,
    0.06762880775624616,
    0.36078431372549025
  ],
  "ground_truth_action": [
    -0.024828894063830376,
    0.022437546402215958,
    -0.0019359992584213614,
    0.025783924385905266,
    0.011466067284345627,
    0.04153952747583389,
    1.0
  ],
  "action_token_ids": [
    31940,
    31776,
    31901,
    31890,
    31860,
    31829,
    31826
  ],
  "mse_per_dim": [
    8.855296198517575e-05,
    6.755646272744497e-05,
    2.0590246097839086e-06,
    0.0013526880063148242,
    0.00011896124672117161,
    0.0006806505455499085,
    0.4085966935793925
  ],
  "mse_mean": 0.05870102311818583,
  "mse_spatial": 0.0003850780413180515,
  "mse_gripper": 0.4085966935793925,
  "mse_per_dim_names": [
    "x",
    "y",
    "z",
    "roll",
    "pitch",
    "yaw",
    "gripper"
  ],
  "grounding": {
    "nouns": [
      "fork",
      "burner"
    ],
    "num_boxes": 1,
    "num_patches": 165,
    "patch_coverage": 0.64453125
  }
}