{
  "episode_id": 2,
  "step_id": 28,
  "instruction": "put the red object into the pot",
  "condition": "pair_gripex_midlay",
  "condition_desc": "wr(\u03bb=2.0) + gripex + L[12, 14, 16, 18, 20]",
  "predicted_action": [
    -0.02347090841040892,
    -0.023734829590601098,
    -0.006736875708927132,
    0.010717221082425427,
    0.019315343367702784,
    -0.04358525933120769,
    -0.5333333333333333
  ],
  "ground_truth_action": [
    -0.009828620590269566,
    -0.009490059688687325,
    -0.01993722841143608,
    0.04330671951174736,
    0.03576366975903511,
    -0.03615875169634819,
    0.0
  ],
  "action_token_ids": [
    31976,
    31944,
    31925,
    31856,
    31832,
    31898,
    31940
  ],
  "mse_per_dim": [
    0.0001861120169675226,
    0.00020291346955846854,
    0.0001742493114706353,
    0.0010620754078747767,
    0.0002705474410757995,
    5.51530156506264e-05,
    0.28444444444444444
  ],
  "mse_mean": 0.0409136421581489,
  "mse_spatial": 0.0003251751104329715,
  "mse_gripper": 0.28444444444444444,
  "mse_per_dim_names": [
    "x",
    "y",
    "z",
    "roll",
    "pitch",
    "yaw",
    "gripper"
  ],
  "grounding": {
    "nouns": [
      "object",
      "pot"
    ],
    "num_boxes": 3,
    "num_patches": 81,
    "patch_coverage": 0.31640625
  }
}