{
  "episode_id": 1,
  "step_id": 36,
  "instruction": "put the blue cube on the right side of the table on top of the rectangular block",
  "condition": "pair_gripex_midlay",
  "condition_desc": "wr(\u03bb=2.0) + gripex + L[12, 14, 16, 18, 20]",
  "predicted_action": [
    -0.0013271585282157647,
    -0.0013954019739347845,
    -0.0012805449107990592,
    -0.003970446181063694,
    0.006587913932169148,
    -0.004902105561658515,
    -0.01568627450980392
  ],
  "ground_truth_action": [
    -0.002033748896792531,
    -9.94322617771104e-05,
    0.0021496678236871958,
    -0.010462812148034573,
    0.0030317562632262707,
    0.0026429444551467896,
    0.9531139731407166
  ],
  "action_token_ids": [
    31877,
    31875,
    31904,
    31879,
    31851,
    31874,
    31874
  ],
  "mse_per_dim": [
    4.992699489654504e-07,
    1.6795374948300447e-06,
    1.1766359403831671e-05,
    4.215081584908171e-05,
    1.264625736638124e-05,
    5.692777975609373e-05,
    0.9385739198477097
  ],
  "mse_mean": 0.13409994140964698,
  "mse_spatial": 2.094500330319731e-05,
  "mse_gripper": 0.9385739198477097,
  "mse_per_dim_names": [
    "x",
    "y",
    "z",
    "roll",
    "pitch",
    "yaw",
    "gripper"
  ],
  "grounding": {
    "nouns": [
      "cube",
      "side",
      "table",
      "top",
      "block"
    ],
    "num_boxes": 3,
    "num_patches": 256,
    "patch_coverage": 1.0
  }
}