{
  "episode_id": 7,
  "step_id": 20,
  "instruction": "Move the blue fork to the lower right burner",
  "condition": "pair_gripex_midlay",
  "condition_desc": "wr(\u03bb=2.0) + gripex + L[12, 14, 16, 18, 20]",
  "predicted_action": [
    0.004041023261406821,
    -0.024058589411132494,
    -0.006477050432825794,
    -0.005247634638758394,
    -0.0228861331816982,
    -0.016184692077777035,
    -0.3058823529411765
  ],
  "ground_truth_action": [
    0.003830455709248781,
    -0.007842831313610077,
    -0.01716444455087185,
    -0.002038245787844062,
    0.039344772696495056,
    -0.02686319686472416,
    0.0
  ],
  "action_token_ids": [
    31853,
    31945,
    31924,
    31881,
    31895,
    31881,
    31911
  ],
  "mse_per_dim": [
    4.433869402182882e-08,
    0.00026295081067736386,
    0.00011422039303444542,
    1.030017679637322e-05,
    0.003872685646420548,
    0.00011403046448485264,
    0.09356401384083046
  ],
  "mse_mean": 0.013991177952991152,
  "mse_spatial": 0.0007290386383512676,
  "mse_gripper": 0.09356401384083046,
  "mse_per_dim_names": [
    "x",
    "y",
    "z",
    "roll",
    "pitch",
    "yaw",
    "gripper"
  ],
  "grounding": {
    "nouns": [
      "fork",
      "burner"
    ],
    "num_boxes": 1,
    "num_patches": 165,
    "patch_coverage": 0.64453125
  }
}