{
  "episode_id": 9,
  "step_id": 19,
  "instruction": "Move the can in the middle bottom of the table",
  "condition": "pair_gripex_midlay",
  "condition_desc": "wr(\u03bb=2.0) + gripex + L[12, 14, 16, 18, 20]",
  "predicted_action": [
    0.00135693236659553,
    0.01835394707848037,
    0.021064428833915894,
    -0.03909312876766811,
    -0.0007805978462976926,
    0.04022824050281551,
    0.996078431372549
  ],
  "ground_truth_action": [
    0.00980442389845848,
    0.008692334406077862,
    0.026029322296380997,
    -0.03140782192349434,
    -0.06810685247182846,
    0.04893117770552635,
    1.0
  ],
  "action_token_ids": [
    31865,
    31814,
    31818,
    31934,
    31862,
    31846,
    31744
  ],
  "mse_per_dim": [
    7.136011318089626e-05,
    9.334675943152874e-05,
    2.4650167093628714e-05,
    5.906394128910417e-05,
    0.004532824561901803,
    7.574111595432842e-05,
    1.5378700499807656e-05
  ],
  "mse_mean": 0.0006960521941930138,
  "mse_spatial": 0.0008094977764752149,
  "mse_gripper": 1.5378700499807656e-05,
  "mse_per_dim_names": [
    "x",
    "y",
    "z",
    "roll",
    "pitch",
    "yaw",
    "gripper"
  ],
  "grounding": {
    "nouns": [
      "can",
      "bottom",
      "table"
    ],
    "num_boxes": 1,
    "num_patches": 224,
    "patch_coverage": 0.875
  }
}