{
  "episode_id": 0,
  "step_id": 16,
  "instruction": "put small spoon from basket to tray",
  "condition": "pair_gripex_midlay",
  "condition_desc": "wr(\u03bb=2.0) + gripex + L[12, 14, 16, 18, 20]",
  "predicted_action": [
    -0.021457840239300453,
    -0.014022034974659217,
    0.03769324650440145,
    -0.0595281440907834,
    0.07759357288830414,
    -0.016184692077777035,
    0.0
  ],
  "ground_truth_action": [
    0.0260013397783041,
    -0.029228966683149338,
    -0.006652622949331999,
    -0.11084412038326263,
    -0.10654382407665253,
    -0.014437654055655003,
    0.0
  ],
  "action_token_ids": [
    31967,
    31914,
    31754,
    31966,
    31744,
    31881,
    31872
  ],
  "mse_per_dim": [
    0.0022523737679433953,
    0.00023125077198668227,
    0.0019665561376075694,
    0.002633329422850291,
    0.03390658096103004,
    3.052141850740064e-06,
    0.0
  ],
  "mse_mean": 0.005856163314752674,
  "mse_spatial": 0.00683219053387812,
  "mse_gripper": 0.0,
  "mse_per_dim_names": [
    "x",
    "y",
    "z",
    "roll",
    "pitch",
    "yaw",
    "gripper"
  ],
  "grounding": {
    "nouns": [
      "spoon",
      "basket"
    ],
    "num_boxes": 5,
    "num_patches": 136,
    "patch_coverage": 0.53125
  }
}