{
  "episode_id": 6,
  "step_id": 11,
  "instruction": "Picked the piece of chocolate and put it into the drawer",
  "condition": "spin_k16",
  "condition_desc": "SPIN(k=16,a=0.05)",
  "predicted_action": [
    0.004264697502641097,
    -0.01013691712828247,
    0.010411592513761097,
    -0.014826548071468687,
    0.0025687256893690558,
    -0.07259762465836961,
    0.09411764705882353
  ],
  "ground_truth_action": [
    0.006745748221874237,
    -0.0056123328395187855,
    -0.004974869545549154,
    -0.0025124347303062677,
    -0.015052709728479385,
    0.023785937577486038,
    1.0
  ],
  "action_token_ids": [
    31852,
    31902,
    31859,
    31896,
    31857,
    31916,
    31860
  ],
  "mse_per_dim": [
    6.155612671407283e-06,
    2.0471862986127178e-05,
    0.00023674321470259385,
    0.0001516373873789943,
    0.0003105149861854035,
    0.009289791069273058,
    0.8206228373702422
  ],
  "mse_mean": 0.11866259307191997,
  "mse_spatial": 0.0016692190221995974,
  "mse_gripper": 0.8206228373702422,
  "mse_per_dim_names": [
    "x",
    "y",
    "z",
    "roll",
    "pitch",
    "yaw",
    "gripper"
  ],
  "grounding": {
    "nouns": [
      "piece",
      "chocolate",
      "it",
      "drawer"
    ],
    "num_boxes": 1,
    "num_patches": 9,
    "patch_coverage": 0.03515625
  }
}