{
  "episode_id": 1,
  "step_id": 18,
  "instruction": "put the blue cube on the right side of the table on top of the rectangular block",
  "condition": "spin_k16",
  "condition_desc": "SPIN(k=16,a=0.05)",
  "predicted_action": [
    -0.0013271585282157647,
    0.0031372355135047617,
    1.8581469707623643e-05,
    0.020296134515135733,
    -0.02020667435316481,
    -0.0709858265846384,
    0.196078431372549
  ],
  "ground_truth_action": [
    0.008785953745245934,
    0.00389061844907701,
    -0.005501886829733849,
    0.03367513418197632,
    0.005380427930504084,
    -0.05726734921336174,
    0.0
  ],
  "action_token_ids": [
    31877,
    31861,
    31899,
    31841,
    31891,
    31915,
    31847
  ],
  "mse_per_dim": [
    0.00010227503985564163,
    5.675858476114588e-07,
    3.047557024513822e-05,
    0.0001789976320853205,
    0.000654699803274934,
    0.00018819662138622965,
    0.038446751249519406
  ],
  "mse_mean": 0.005657423357459183,
  "mse_spatial": 0.00019253537544914592,
  "mse_gripper": 0.038446751249519406,
  "mse_per_dim_names": [
    "x",
    "y",
    "z",
    "roll",
    "pitch",
    "yaw",
    "gripper"
  ],
  "grounding": {
    "nouns": [
      "cube",
      "side",
      "table",
      "top",
      "block"
    ],
    "num_boxes": 3,
    "num_patches": 256,
    "patch_coverage": 1.0
  }
}