{
  "episode_id": 0,
  "step_id": 20,
  "instruction": "put small spoon from basket to tray",
  "condition": "spin_k16",
  "condition_desc": "SPIN(k=16,a=0.05)",
  "predicted_action": [
    -0.0028928782168556808,
    0.004108514975098954,
    -0.0015403701869003972,
    0.026682076803609248,
    -0.0228861331816982,
    -6.671134046487559e-05,
    -0.14901960784313728
  ],
  "ground_truth_action": [
    -0.0055239503271877766,
    0.0026856721378862858,
    -0.022469962015748024,
    -0.02880432829260826,
    -0.004565963987261057,
    -0.0036110912915319204,
    0.0
  ],
  "action_token_ids": [
    31884,
    31858,
    31905,
    31831,
    31895,
    31871,
    31891
  ],
  "mse_per_dim": [
    6.922540449767388e-06,
    2.0244817394073942e-06,
    0.00043804781412216536,
    0.0030787411505015525,
    0.00033562859931280374,
    1.2562629237526028e-05,
    0.022206843521722423
  ],
  "mse_mean": 0.003725824391012235,
  "mse_spatial": 0.0006456545358938705,
  "mse_gripper": 0.022206843521722423,
  "mse_per_dim_names": [
    "x",
    "y",
    "z",
    "roll",
    "pitch",
    "yaw",
    "gripper"
  ],
  "grounding": {
    "nouns": [
      "spoon",
      "basket"
    ],
    "num_boxes": 4,
    "num_patches": 136,
    "patch_coverage": 0.53125
  }
}