{
  "episode_id": 7,
  "step_id": 21,
  "instruction": "Move the blue fork to the lower right burner",
  "condition": "spin_k16",
  "condition_desc": "SPIN(k=16,a=0.05)",
  "predicted_action": [
    0.00135693236659553,
    0.004756034616161739,
    -0.0005010690824950523,
    0.05478022287289279,
    -0.03159437437443174,
    -0.05647964392105742,
    -0.5019607843137255
  ],
  "ground_truth_action": [
    0.005293525289744139,
    -0.0035263870377093554,
    -0.019124116748571396,
    0.005742867011576891,
    0.03492444381117821,
    -0.00688577676191926,
    0.0
  ],
  "action_token_ids": [
    31865,
    31856,
    31901,
    31787,
    31908,
    31906,
    31936
  ],
  "mse_per_dim": [
    1.549676384258371e-05,
    6.85985084525128e-05,
    0.00034681790437295155,
    0.0024046622698693327,
    0.004424753172810233,
    0.0024595516597982424,
    0.2519646289888504
  ],
  "mse_mean": 0.037383501323999466,
  "mse_spatial": 0.0016199800465243094,
  "mse_gripper": 0.2519646289888504,
  "mse_per_dim_names": [
    "x",
    "y",
    "z",
    "roll",
    "pitch",
    "yaw",
    "gripper"
  ],
  "grounding": {
    "nouns": [
      "fork",
      "burner"
    ],
    "num_boxes": 2,
    "num_patches": 165,
    "patch_coverage": 0.64453125
  }
}