{
  "episode_id": 7,
  "step_id": 27,
  "instruction": "Move the blue fork to the lower right burner",
  "condition": "spin_k16",
  "condition_desc": "SPIN(k=16,a=0.05)",
  "predicted_action": [
    -0.015865984208443595,
    -0.016612113538910386,
    0.0033963100590249998,
    -0.018019519215705465,
    0.013956425710635989,
    0.02088666361804095,
    -0.1647058823529412
  ],
  "ground_truth_action": [
    -0.007857064716517925,
    0.011849209666252136,
    0.02575315348803997,
    -0.010266083292663097,
    -0.0027714837342500687,
    0.07123322039842606,
    1.0
  ],
  "action_token_ids": [
    31942,
    31922,
    31886,
    31901,
    31840,
    31858,
    31893
  ],
  "mse_per_dim": [
    6.414279142814693e-05,
    0.0008100469185887227,
    0.0004998284481094898,
    6.011576861272385e-05,
    0.0002798229543963082,
    0.0025347757796405413,
    1.3565397923875435
  ],
  "mse_mean": 0.1943983607211885,
  "mse_spatial": 0.0007081221101293222,
  "mse_gripper": 1.3565397923875435,
  "mse_per_dim_names": [
    "x",
    "y",
    "z",
    "roll",
    "pitch",
    "yaw",
    "gripper"
  ],
  "grounding": {
    "nouns": [
      "fork",
      "burner"
    ],
    "num_boxes": 3,
    "num_patches": 180,
    "patch_coverage": 0.703125
  }
}