{
  "episode_id": 8,
  "step_id": 26,
  "instruction": "open the drawer",
  "condition": "spin_k16",
  "condition_desc": "SPIN(k=16,a=0.05)",
  "predicted_action": [
    0.0038173490201725453,
    -0.01628835371837899,
    0.001577533126315641,
    -0.01929670767340016,
    0.026013990439036266,
    0.014439471323116071,
    -0.2431372549019608
  ],
  "ground_truth_action": [
    0.0008194597321562469,
    0.0010139048099517822,
    0.0035163273569196463,
    0.03183924779295921,
    -0.005832354072481394,
    -0.0002296915336046368,
    1.0
  ],
  "action_token_ids": [
    31854,
    31921,
    31893,
    31903,
    31822,
    31862,
    31903
  ],
  "mse_per_dim": [
    8.987340183202868e-06,
    0.00029936815018119495,
    3.758923068623377e-06,
    0.0026148859414574887,
    0.001014189658746271,
    0.00021518433891699442,
    1.5453902345251826
  ],
  "mse_mean": 0.22136380126824803,
  "mse_spatial": 0.0006927290587589626,
  "mse_gripper": 1.5453902345251826,
  "mse_per_dim_names": [
    "x",
    "y",
    "z",
    "roll",
    "pitch",
    "yaw",
    "gripper"
  ],
  "grounding": {
    "nouns": [
      "drawer"
    ],
    "num_boxes": 0,
    "num_patches": 0,
    "patch_coverage": 0.0
  }
}