{
  "episode_id": 9,
  "step_id": 10,
  "instruction": "Move the can in the middle bottom of the table",
  "condition": "spin_k16",
  "condition_desc": "SPIN(k=16,a=0.05)",
  "predicted_action": [
    0.00135693236659553,
    0.0008709167697849851,
    -0.0007608943585963902,
    -0.019935301902247515,
    -0.03896288615289858,
    0.07246420197743988,
    -0.2588235294117647
  ],
  "ground_truth_action": [
    -0.016826383769512177,
    -0.010307715274393559,
    -0.006835842505097389,
    0.0025085932575166225,
    0.020056849345564842,
    -0.04936245083808899,
    1.0
  ],
  "action_token_ids": [
    31865,
    31868,
    31902,
    31904,
    31919,
    31826,
    31905
  ],
  "mse_per_dim": [
    0.0003306329857056349,
    0.00012496181437913537,
    3.6904994982675926e-05,
    0.0005037284299424841,
    0.003483329178308583,
    0.014841733336235409,
    1.584636678200692
  ],
  "mse_mean": 0.2291368527057494,
  "mse_spatial": 0.003220215123258987,
  "mse_gripper": 1.584636678200692,
  "mse_per_dim_names": [
    "x",
    "y",
    "z",
    "roll",
    "pitch",
    "yaw",
    "gripper"
  ],
  "grounding": {
    "nouns": [
      "can",
      "bottom",
      "table"
    ],
    "num_boxes": 1,
    "num_patches": 224,
    "patch_coverage": 0.875
  }
}