{
  "episode_id": 7,
  "step_id": 18,
  "instruction": "Move the blue fork to the lower right burner",
  "condition": "spin_k16",
  "condition_desc": "SPIN(k=16,a=0.05)",
  "predicted_action": [
    -0.009379431212649638,
    -0.03862778133504531,
    0.01197054417036911,
    -0.04484047682729428,
    0.0005591315679690234,
    -0.025855480520164342,
    -0.1098039215686275
  ],
  "ground_truth_action": [
    0.0005658968584612012,
    -0.043404944241046906,
    -0.009345917962491512,
    -0.03226597234606743,
    0.040772322565317154,
    -0.11328940838575363,
    0.0
  ],
  "action_token_ids": [
    31913,
    31990,
    31853,
    31943,
    31860,
    31887,
    31886
  ],
  "mse_per_dim": [
    9.890955044202525e-05,
    2.28212854304776e-05,
    0.00045439155786168085,
    0.00015811816294839415,
    0.0016171007301892008,
    0.0076446917420050714,
    0.0120569011918493
  ],
  "mse_mean": 0.0031504191743894497,
  "mse_spatial": 0.0016660055048128084,
  "mse_gripper": 0.0120569011918493,
  "mse_per_dim_names": [
    "x",
    "y",
    "z",
    "roll",
    "pitch",
    "yaw",
    "gripper"
  ],
  "grounding": {
    "nouns": [
      "fork",
      "burner"
    ],
    "num_boxes": 3,
    "num_patches": 180,
    "patch_coverage": 0.703125
  }
}