{
  "episode_id": 3,
  "step_id": 10,
  "instruction": "put the rectangle block on top of the red arch and yellow block",
  "condition": "spin_k16",
  "condition_desc": "SPIN(k=16,a=0.05)",
  "predicted_action": [
    -0.001550832769450037,
    0.004432274795630346,
    0.0057347375439370275,
    -0.0173809249868581,
    -0.01886694493889811,
    -0.01940828822523946,
    0.0235294117647058
  ],
  "ground_truth_action": [
    -0.003485138760879636,
    0.0013335595140233636,
    -0.0037760427221655846,
    -0.0024016147945076227,
    0.01095583662390709,
    0.012307646684348583,
    1.0
  ],
  "action_token_ids": [
    31878,
    31857,
    31877,
    31900,
    31889,
    31883,
    31869
  ],
  "mse_per_dim": [
    3.7415396684804434e-06,
    9.602036396464642e-06,
    9.045494127008687e-05,
    0.00022437973383865494,
    0.0008893983001427937,
    0.0010059005271892255,
    0.9534948096885815
  ],
  "mse_mean": 0.13653118382386958,
  "mse_spatial": 0.0003705795130842843,
  "mse_gripper": 0.9534948096885815,
  "mse_per_dim_names": [
    "x",
    "y",
    "z",
    "roll",
    "pitch",
    "yaw",
    "gripper"
  ],
  "grounding": {
    "nouns": [
      "block",
      "top"
    ],
    "num_boxes": 4,
    "num_patches": 36,
    "patch_coverage": 0.140625
  }
}