{
  "episode_id": 8,
  "step_id": 33,
  "instruction": "open the drawer",
  "condition": "spin_k16",
  "condition_desc": "SPIN(k=16,a=0.05)",
  "predicted_action": [
    -0.0028928782168556808,
    -0.02179227066741272,
    0.029119012393057326,
    0.026043482574761898,
    0.008597508053569194,
    0.10308836537833296,
    0.07058823529411762
  ],
  "ground_truth_action": [
    0.0,
    0.0,
    0.0,
    0.0,
    0.0,
    0.0,
    1.0
  ],
  "action_token_ids": [
    31884,
    31938,
    31787,
    31832,
    31848,
    31807,
    31863
  ],
  "mse_per_dim": [
    8.368744377558103e-06,
    0.0004749030608417769,
    0.0008479168827470262,
    0.0006782629846219266,
    7.391714473118716e-05,
    0.010627211076376679,
    0.8638062283737025
  ],
  "mse_mean": 0.12521668689534265,
  "mse_spatial": 0.002118429982282692,
  "mse_gripper": 0.8638062283737025,
  "mse_per_dim_names": [
    "x",
    "y",
    "z",
    "roll",
    "pitch",
    "yaw",
    "gripper"
  ],
  "grounding": {
    "nouns": [
      "drawer"
    ],
    "num_boxes": 1,
    "num_patches": 35,
    "patch_coverage": 0.13671875
  }
}