{
  "episode_id": 4,
  "step_id": 24,
  "instruction": "",
  "condition": "spin_k16",
  "condition_desc": "SPIN(k=16,a=0.05)",
  "predicted_action": [
    0.00023856116042415831,
    -0.020820991205818536,
    0.0005382320219102961,
    -0.023766867275331637,
    -0.021546403767431513,
    -0.10483358613299391,
    -0.4549019607843137
  ],
  "ground_truth_action": [
    -0.0064018783159554005,
    0.0013280474813655019,
    -0.028491469100117683,
    0.028679827228188515,
    0.0037012998946011066,
    0.17686143517494202,
    -0.009064309298992157
  ],
  "action_token_ids": [
    31870,
    31935,
    31897,
    31910,
    31893,
    31936,
    31930
  ],
  "mse_per_dim": [
    4.409543643946003e-05,
    0.0004905799147663753,
    0.0008427235472342725,
    0.0027506557643455706,
    0.0006374465402058154,
    0.07935208502967848,
    0.19877121148194704
  ],
  "mse_mean": 0.040412685387802426,
  "mse_spatial": 0.014019597705444996,
  "mse_gripper": 0.19877121148194704,
  "mse_per_dim_names": [
    "x",
    "y",
    "z",
    "roll",
    "pitch",
    "yaw",
    "gripper"
  ],
  "grounding": {
    "nouns": [],
    "num_boxes": 0,
    "num_patches": 0,
    "patch_coverage": 0.0
  }
}