{
  "episode_id": 2,
  "step_id": 4,
  "instruction": "put the red object into the pot",
  "condition": "spin_k16",
  "condition_desc": "SPIN(k=16,a=0.05)",
  "predicted_action": [
    -0.00602431759413552,
    -0.01725963317997318,
    0.013789321103078466,
    -0.0014160692656742802,
    -0.014847756696098016,
    -0.11289257650165002,
    -0.10196078431372552
  ],
  "ground_truth_action": [
    0.020859291777014732,
    -0.003225453197956085,
    -0.021585963666439056,
    -7.593900227220729e-05,
    -0.0022923280484974384,
    0.0402594655752182,
    1.0
  ],
  "action_token_ids": [
    31898,
    31924,
    31846,
    31875,
    31883,
    31941,
    31885
  ],
  "mse_per_dim": [
    0.0007227284528205977,
    0.0001969582077676493,
    0.0012514107725244586,
    1.7959491228861093e-06,
    0.00015763878852498927,
    0.023455547992314814,
    1.2143175701653213
  ],
  "mse_mean": 0.17715766433262808,
  "mse_spatial": 0.004297680027179233,
  "mse_gripper": 1.2143175701653213,
  "mse_per_dim_names": [
    "x",
    "y",
    "z",
    "roll",
    "pitch",
    "yaw",
    "gripper"
  ],
  "grounding": {
    "nouns": [
      "object",
      "pot"
    ],
    "num_boxes": 3,
    "num_patches": 65,
    "patch_coverage": 0.25390625
  }
}