{
  "episode_id": 2,
  "step_id": 23,
  "instruction": "put the red object into the pot",
  "condition": "spin_k16",
  "condition_desc": "SPIN(k=16,a=0.05)",
  "predicted_action": [
    -0.011839847866226657,
    -0.018554672462098763,
    0.00963211668545708,
    -0.00013888080797956615,
    -0.006809380210497831,
    -0.011349297856583396,
    -0.007843137254901933
  ],
  "ground_truth_action": [
    -0.004862708505243063,
    0.00898622814565897,
    0.02585766091942787,
    -0.007546849083155394,
    -0.050980422645807266,
    0.01634380966424942,
    0.0
  ],
  "action_token_ids": [
    31924,
    31928,
    31862,
    31873,
    31871,
    31878,
    31873
  ],
  "mse_per_dim": [
    4.868047366258655e-05,
    0.0007585012062863903,
    0.0002632682856885428,
    5.4877993966011525e-05,
    0.001951080989821907,
    0.0007669082041604071,
    6.151480199923062e-05
  ],
  "mse_mean": 0.0005578331365121537,
  "mse_spatial": 0.0006405528589309742,
  "mse_gripper": 6.151480199923062e-05,
  "mse_per_dim_names": [
    "x",
    "y",
    "z",
    "roll",
    "pitch",
    "yaw",
    "gripper"
  ],
  "grounding": {
    "nouns": [
      "object",
      "pot"
    ],
    "num_boxes": 3,
    "num_patches": 91,
    "patch_coverage": 0.35546875
  }
}