{
  "episode_id": 1,
  "step_id": 42,
  "instruction": "put the blue cube on the right side of the table on top of the rectangular block",
  "condition": "spin_k16",
  "condition_desc": "SPIN(k=16,a=0.05)",
  "predicted_action": [
    -0.004234923664261325,
    -0.0013954019739347845,
    -0.0005010690824950523,
    0.0036926845651045342,
    -0.026905321424498307,
    0.02088666361804095,
    0.12549019607843137
  ],
  "ground_truth_action": [
    -0.008818346075713634,
    0.016225092113018036,
    0.043353985995054245,
    -0.039675068110227585,
    -0.04370688647031784,
    -0.002430369844660163,
    1.0
  ],
  "action_token_ids": [
    31890,
    31875,
    31901,
    31867,
    31901,
    31858,
    31856
  ],
  "mse_per_dim": [
    2.100776100180331e-05,
    0.0003104818118683393,
    0.0019232658558548824,
    0.0018807619721087762,
    0.0002822925879889047,
    0.0005436840495007235,
    0.7647673971549405
  ],
  "mse_mean": 0.10996127017046628,
  "mse_spatial": 0.0008269156730539049,
  "mse_gripper": 0.7647673971549405,
  "mse_per_dim_names": [
    "x",
    "y",
    "z",
    "roll",
    "pitch",
    "yaw",
    "gripper"
  ],
  "grounding": {
    "nouns": [
      "cube",
      "side",
      "table",
      "top",
      "block"
    ],
    "num_boxes": 3,
    "num_patches": 256,
    "patch_coverage": 1.0
  }
}