{
  "episode_id": 4,
  "step_id": 23,
  "instruction": "",
  "condition": "spin_k16",
  "condition_desc": "SPIN(k=16,a=0.05)",
  "predicted_action": [
    0.00023856116042415831,
    0.0005471569492535924,
    -0.010114604298244505,
    -0.025682649961873687,
    -0.052360180295565564,
    -0.032302672815089195,
    0.03137254901960773
  ],
  "ground_truth_action": [
    -0.011206695809960365,
    0.0028737166430801153,
    -0.02870151586830616,
    0.022203346714377403,
    0.01356277335435152,
    0.1058080792427063,
    -0.0006320362444967031
  ],
  "action_token_ids": [
    31870,
    31869,
    31938,
    31913,
    31939,
    31891,
    31868
  ],
  "mse_per_dim": [
    0.00013099390711813553,
    5.412880008938164e-06,
    0.0003454732817132918,
    0.0022930686776779304,
    0.004345835817929116,
    0.019074579833969863,
    0.0010242934779273306
  ],
  "mse_mean": 0.0038885225537635157,
  "mse_spatial": 0.004365894066402879,
  "mse_gripper": 0.0010242934779273306,
  "mse_per_dim_names": [
    "x",
    "y",
    "z",
    "roll",
    "pitch",
    "yaw",
    "gripper"
  ],
  "grounding": {
    "nouns": [],
    "num_boxes": 0,
    "num_patches": 0,
    "patch_coverage": 0.0
  }
}