{
  "episode_id": 3,
  "step_id": 41,
  "instruction": "put the rectangle block on top of the red arch and yellow block",
  "condition": "spin_k16",
  "condition_desc": "SPIN(k=16,a=0.05)",
  "predicted_action": [
    -0.01631333269091214,
    -0.018554672462098763,
    -0.0072565262611298045,
    -0.018019519215705465,
    -0.03762315673863189,
    -0.032302672815089195,
    -0.33725490196078434
  ],
  "ground_truth_action": [
    -0.020455246791243553,
    -0.02585625648498535,
    0.0030111249070614576,
    0.005116055253893137,
    -0.0474562905728817,
    -0.19490960240364075,
    1.0
  ],
  "action_token_ids": [
    31944,
    31928,
    31927,
    31901,
    31917,
    31891,
    31915
  ],
  "mse_per_dim": [
    1.715545241452418e-05,
    5.3313129243272696e-05,
    0.00010542466051165939,
    0.0005352548060383426,
    9.669052100226834e-05,
    0.026441013550216164,
    1.7882506728181473
  ],
  "mse_mean": 0.25935707499108196,
  "mse_spatial": 0.004541475353237705,
  "mse_gripper": 1.7882506728181473,
  "mse_per_dim_names": [
    "x",
    "y",
    "z",
    "roll",
    "pitch",
    "yaw",
    "gripper"
  ],
  "grounding": {
    "nouns": [
      "block",
      "top"
    ],
    "num_boxes": 5,
    "num_patches": 210,
    "patch_coverage": 0.8203125
  }
}