{
  "episode_id": 0,
  "step_id": 6,
  "instruction": "put small spoon from basket to tray",
  "condition": "spin_k16",
  "condition_desc": "SPIN(k=16,a=0.05)",
  "predicted_action": [
    0.0026989778140011807,
    0.005403554257224531,
    0.00885264085715307,
    -0.026321244190721037,
    -0.03360396849583179,
    -0.09032740346941298,
    0.2431372549019608
  ],
  "ground_truth_action": [
    0.001190195675007999,
    0.004900011699646711,
    -0.011829879134893417,
    -0.008665595203638077,
    0.021883603185415268,
    0.01885990798473358,
    1.0
  ],
  "action_token_ids": [
    31859,
    31854,
    31865,
    31914,
    31911,
    31927,
    31841
  ],
  "mse_per_dim": [
    2.2764235429448407e-06,
    2.5355510729201205e-07,
    0.0004277666332214026,
    0.00031172194115508355,
    0.0030788706110815305,
    0.011921868982584806,
    0.5728412149173394
  ],
  "mse_mean": 0.0840834247234332,
  "mse_spatial": 0.0026237930244488433,
  "mse_gripper": 0.5728412149173394,
  "mse_per_dim_names": [
    "x",
    "y",
    "z",
    "roll",
    "pitch",
    "yaw",
    "gripper"
  ],
  "grounding": {
    "nouns": [
      "spoon",
      "basket"
    ],
    "num_boxes": 5,
    "num_patches": 136,
    "patch_coverage": 0.53125
  }
}