{
  "episode_id": 9,
  "step_id": 13,
  "instruction": "Move the can in the middle bottom of the table",
  "condition": "spin_k16",
  "condition_desc": "SPIN(k=16,a=0.05)",
  "predicted_action": [
    -0.0011034842869814855,
    0.005403554257224531,
    0.004435611163430348,
    -0.023766867275331637,
    -0.025565592010231605,
    -0.03713806703628286,
    -0.07058823529411762
  ],
  "ground_truth_action": [
    -0.01609131693840027,
    -0.007663107477128506,
    -0.004663168918341398,
    0.003020355710759759,
    0.02034211903810501,
    -0.04545317962765694,
    1.0
  ],
  "action_token_ids": [
    31876,
    31854,
    31882,
    31910,
    31899,
    31894,
    31881
  ],
  "mse_per_dim": [
    0.000224635127586935,
    0.00017073764888000592,
    8.278779897644626e-05,
    0.0007175553153065832,
    0.0021075179336975678,
    6.914109740722768e-05,
    1.146159169550173
  ],
  "mse_mean": 0.16421879206743253,
  "mse_spatial": 0.0005620624869757943,
  "mse_gripper": 1.146159169550173,
  "mse_per_dim_names": [
    "x",
    "y",
    "z",
    "roll",
    "pitch",
    "yaw",
    "gripper"
  ],
  "grounding": {
    "nouns": [
      "can",
      "bottom",
      "table"
    ],
    "num_boxes": 1,
    "num_patches": 224,
    "patch_coverage": 0.875
  }
}