{
  "episode_id": 2,
  "step_id": 15,
  "instruction": "put the red object into the pot",
  "condition": "spin_k16",
  "condition_desc": "SPIN(k=16,a=0.05)",
  "predicted_action": [
    -0.0013271585282157647,
    -0.00010036269180919988,
    0.004955261715633021,
    -0.014187953842621337,
    -0.007479244917631175,
    -0.05809144199478866,
    -0.11764705882352944
  ],
  "ground_truth_action": [
    0.0005906406440772116,
    -0.0033218576572835445,
    0.003926488105207682,
    -0.016560032963752747,
    -0.01777074486017227,
    0.008563336916267872,
    1.0
  ],
  "action_token_ids": [
    31877,
    31871,
    31880,
    31895,
    31872,
    31907,
    31887
  ],
  "mse_per_dim": [
    3.677953665247625e-06,
    1.0378029812576549e-05,
    1.058375141507587e-06,
    5.626759356907561e-06,
    0.00010591497106732338,
    0.0044428595516818265,
    1.2491349480968859
  ],
  "mse_mean": 0.17910063767680162,
  "mse_spatial": 0.0007615859401208982,
  "mse_gripper": 1.2491349480968859,
  "mse_per_dim_names": [
    "x",
    "y",
    "z",
    "roll",
    "pitch",
    "yaw",
    "gripper"
  ],
  "grounding": {
    "nouns": [
      "object",
      "pot"
    ],
    "num_boxes": 2,
    "num_patches": 56,
    "patch_coverage": 0.21875
  }
}