{
  "episode_id": 1,
  "step_id": 28,
  "instruction": "put the blue cube on the right side of the table on top of the rectangular block",
  "condition": "spin_k16",
  "condition_desc": "SPIN(k=16,a=0.05)",
  "predicted_action": [
    -0.0053532948704327,
    -0.01272699569253364,
    0.00417578588732901,
    -0.035900157623431336,
    0.01663588453916938,
    -6.671134046487559e-05,
    0.2901960784313725
  ],
  "ground_truth_action": [
    0.002317998092621565,
    -0.0005705718649551272,
    0.003026033053174615,
    -0.025404097512364388,
    -0.03950098156929016,
    0.03378404304385185,
    1.0
  ],
  "action_token_ids": [
    31895,
    31910,
    31883,
    31929,
    31836,
    31871,
    31835
  ],
  "mse_per_dim": [
    5.884873572500588e-05,
    0.00014777864027571861,
    1.3219315796460643e-06,
    0.00011016727785513073,
    0.0031513477364791135,
    0.0011458735723873382,
    0.5038216070742023
  ],
  "mse_mean": 0.07263384928121489,
  "mse_spatial": 0.0007692229823836589,
  "mse_gripper": 0.5038216070742023,
  "mse_per_dim_names": [
    "x",
    "y",
    "z",
    "roll",
    "pitch",
    "yaw",
    "gripper"
  ],
  "grounding": {
    "nouns": [
      "cube",
      "side",
      "table",
      "top",
      "block"
    ],
    "num_boxes": 2,
    "num_patches": 256,
    "patch_coverage": 1.0
  }
}