{
  "episode_id": 9,
  "step_id": 15,
  "instruction": "Move the can in the middle bottom of the table",
  "condition": "spin_k16",
  "condition_desc": "SPIN(k=16,a=0.05)",
  "predicted_action": [
    0.0026989778140011807,
    -0.0013954019739347845,
    0.007033863924443714,
    0.0036926845651045342,
    0.011276966882102613,
    -0.014572894004045822,
    0.20392156862745092
  ],
  "ground_truth_action": [
    0.0009634012239985168,
    -0.003233839524909854,
    0.003448271891102195,
    -0.011438881047070026,
    -0.00852696131914854,
    -0.003798206802457571,
    1.0
  ],
  "action_token_ids": [
    31859,
    31875,
    31872,
    31867,
    31844,
    31880,
    31846
  ],
  "mse_per_dim": [
    3.012226099765275e-06,
    3.379852628835211e-06,
    1.2856470229562169e-05,
    0.00022896427787554369,
    0.00039219557220031076,
    0.00011609388429206965,
    0.6337408688965783
  ],
  "mse_mean": 0.0906424815971292,
  "mse_spatial": 0.00012608371388768113,
  "mse_gripper": 0.6337408688965783,
  "mse_per_dim_names": [
    "x",
    "y",
    "z",
    "roll",
    "pitch",
    "yaw",
    "gripper"
  ],
  "grounding": {
    "nouns": [
      "can",
      "bottom",
      "table"
    ],
    "num_boxes": 1,
    "num_patches": 224,
    "patch_coverage": 0.875
  }
}