{
  "episode_id": 4,
  "step_id": 47,
  "instruction": "",
  "condition": "spin_k16",
  "condition_desc": "SPIN(k=16,a=0.05)",
  "predicted_action": [
    0.002251629331532626,
    -0.004633000179248746,
    0.012750019998673121,
    -0.0065248230964530946,
    -0.014177891988964658,
    -0.004902105561658515,
    -0.44705882352941173
  ],
  "ground_truth_action": [
    -0.005215448793023825,
    0.0003528603701852262,
    -0.00483120558783412,
    0.005776841659098864,
    -0.0032952886540442705,
    -0.011949100531637669,
    1.0
  ],
  "action_token_ids": [
    31861,
    31885,
    31850,
    31883,
    31882,
    31874,
    31929
  ],
  "mse_per_dim": [
    5.575725571822948e-05,
    2.485880541840203e-05,
    0.0003090994931236569,
    0.00015133095575798922,
    0.00011843105534522034,
    4.966013810691149e-05,
    2.0939792387543252
  ],
  "mse_mean": 0.29924119663682797,
  "mse_spatial": 0.00011818961724506825,
  "mse_gripper": 2.0939792387543252,
  "mse_per_dim_names": [
    "x",
    "y",
    "z",
    "roll",
    "pitch",
    "yaw",
    "gripper"
  ],
  "grounding": {
    "nouns": [],
    "num_boxes": 0,
    "num_patches": 0,
    "patch_coverage": 0.0
  }
}