{
  "episode_id": 2,
  "step_id": 7,
  "instruction": "put the red object into the pot",
  "condition": "spin_k16",
  "condition_desc": "SPIN(k=16,a=0.05)",
  "predicted_action": [
    -0.0013271585282157647,
    -0.0023666814355289695,
    0.0052150869917343586,
    0.004969873022799262,
    -0.020876539060298155,
    -0.08710380732195055,
    -0.02352941176470591
  ],
  "ground_truth_action": [
    0.00528371799737215,
    0.005502820014953613,
    -0.006266966927796602,
    -0.009584854356944561,
    0.02077179215848446,
    0.012543335556983948,
    1.0
  ],
  "action_token_ids": [
    31877,
    31878,
    31879,
    31865,
    31892,
    31925,
    31875
  ],
  "mse_per_dim": [
    4.3703688436569346e-05,
    6.192905307914748e-05,
    0.0001318375622110163,
    0.00021184008909866449,
    0.0017345834933094224,
    0.009929553083934787,
    1.0476124567474048
  ],
  "mse_mean": 0.15138941481678206,
  "mse_spatial": 0.0020189078283449347,
  "mse_gripper": 1.0476124567474048,
  "mse_per_dim_names": [
    "x",
    "y",
    "z",
    "roll",
    "pitch",
    "yaw",
    "gripper"
  ],
  "grounding": {
    "nouns": [
      "object",
      "pot"
    ],
    "num_boxes": 2,
    "num_patches": 56,
    "patch_coverage": 0.21875
  }
}