{
  "episode_id": 1,
  "step_id": 24,
  "instruction": "put the blue cube on the right side of the table on top of the rectangular block",
  "condition": "spin_k16",
  "condition_desc": "SPIN(k=16,a=0.05)",
  "predicted_action": [
    0.0009095838841269785,
    0.0034609953340361613,
    0.011450893618166435,
    0.006247061480493962,
    -0.011498433160431268,
    -0.04358525933120769,
    0.392156862745098
  ],
  "ground_truth_action": [
    0.0025649871677160263,
    -0.0022043362259864807,
    -0.0047075459733605385,
    -0.004524759482592344,
    0.002686520339921117,
    0.001331139588728547,
    0.0
  ],
  "action_token_ids": [
    31867,
    31860,
    31855,
    31863,
    31878,
    31898,
    31822
  ],
  "mse_per_dim": [
    2.7403600313174015e-06,
    3.2095981684988586e-05,
    0.0002610951700330264,
    0.0001160321268607856,
    0.00020121290580715938,
    0.002017482891934849,
    0.15378700499807763
  ],
  "mse_mean": 0.022345380633489963,
  "mse_spatial": 0.0004384432393920211,
  "mse_gripper": 0.15378700499807763,
  "mse_per_dim_names": [
    "x",
    "y",
    "z",
    "roll",
    "pitch",
    "yaw",
    "gripper"
  ],
  "grounding": {
    "nouns": [
      "cube",
      "side",
      "table",
      "top",
      "block"
    ],
    "num_boxes": 2,
    "num_patches": 256,
    "patch_coverage": 1.0
  }
}