{
  "episode_id": 5,
  "step_id": 5,
  "instruction": "take broccoli out of pan",
  "condition": "spin_k16",
  "condition_desc": "SPIN(k=16,a=0.05)",
  "predicted_action": [
    0.0018042808490640778,
    -0.020173471564755747,
    0.0140491463791798,
    -0.03781594030997339,
    0.030703043388969717,
    -0.1225633649440373,
    0.6901960784313725
  ],
  "ground_truth_action": [
    0.01848902739584446,
    -0.04345348849892616,
    0.010815131478011608,
    -0.050546467304229736,
    -0.007183922920376062,
    0.01617160625755787,
    1.0
  ],
  "action_token_ids": [
    31863,
    31933,
    31845,
    31932,
    31815,
    31947,
    31784
  ],
  "mse_per_dim": [
    0.0002783807673302999,
    0.0005419591884552613,
    1.0458852380977914e-05,
    0.00016206631755148943,
    0.001435422216125502,
    0.01924739223430744,
    0.09597846981930028
  ],
  "mse_mean": 0.016807735627921604,
  "mse_spatial": 0.0036126132626918286,
  "mse_gripper": 0.09597846981930028,
  "mse_per_dim_names": [
    "x",
    "y",
    "z",
    "roll",
    "pitch",
    "yaw",
    "gripper"
  ],
  "grounding": {
    "nouns": [
      "broccoli",
      "pan"
    ],
    "num_boxes": 2,
    "num_patches": 25,
    "patch_coverage": 0.09765625
  }
}