{
  "episode_id": 3,
  "step_id": 42,
  "instruction": "put the rectangle block on top of the red arch and yellow block",
  "condition": "spin_k16",
  "condition_desc": "SPIN(k=16,a=0.05)",
  "predicted_action": [
    0.00135693236659553,
    0.005403554257224531,
    0.006514213372241045,
    -0.0173809249868581,
    -0.022216268474564857,
    -0.19992967248313567,
    -0.9411764705882353
  ],
  "ground_truth_action": [
    -0.019069936126470566,
    -0.01796838268637657,
    0.0063240244053304195,
    -0.012986295856535435,
    0.029923422262072563,
    -0.10004660487174988,
    1.0
  ],
  "action_token_ids": [
    31865,
    31854,
    31874,
    31900,
    31894,
    31995,
    31992
  ],
  "mse_per_dim": [
    0.00041725695643301635,
    0.000546247436495666,
    3.617184313453094e-08,
    1.9312765193080554e-05,
    0.002718547350112194,
    0.009976627195460667,
    3.7681660899653977
  ],
  "mse_mean": 0.5402634454058479,
  "mse_spatial": 0.0022796713125896265,
  "mse_gripper": 3.7681660899653977,
  "mse_per_dim_names": [
    "x",
    "y",
    "z",
    "roll",
    "pitch",
    "yaw",
    "gripper"
  ],
  "grounding": {
    "nouns": [
      "block",
      "top"
    ],
    "num_boxes": 5,
    "num_patches": 210,
    "patch_coverage": 0.8203125
  }
}