{
  "episode_id": 7,
  "step_id": 15,
  "instruction": "Move the blue fork to the lower right burner",
  "condition": "spin_k16",
  "condition_desc": "SPIN(k=16,a=0.05)",
  "predicted_action": [
    0.002251629331532626,
    -0.0033379608971231545,
    0.007293689200545048,
    -0.0173809249868581,
    -0.01283816257469797,
    -0.053256047773594994,
    0.06274509803921569
  ],
  "ground_truth_action": [
    0.0003033897955901921,
    -0.0026473321486264467,
    0.0172430332750082,
    0.01211563590914011,
    -0.04109688103199005,
    -0.022501036524772644,
    0.0
  ],
  "action_token_ids": [
    31861,
    31881,
    31871,
    31900,
    31880,
    31904,
    31864
  ],
  "mse_per_dim": [
    3.7956372894091895e-06,
    4.769680682501288e-07,
    9.898944751205507e-05,
    0.0008700471046913308,
    0.0007985551688485001,
    0.0009458707169151893,
    0.003936947327950788
  ],
  "mse_mean": 0.0009506689101822176,
  "mse_spatial": 0.00045295584055412246,
  "mse_gripper": 0.003936947327950788,
  "mse_per_dim_names": [
    "x",
    "y",
    "z",
    "roll",
    "pitch",
    "yaw",
    "gripper"
  ],
  "grounding": {
    "nouns": [
      "fork",
      "burner"
    ],
    "num_boxes": 3,
    "num_patches": 180,
    "patch_coverage": 0.703125
  }
}