{
  "episode_id": 4,
  "step_id": 29,
  "instruction": "",
  "condition": "spin_k16",
  "condition_desc": "SPIN(k=16,a=0.05)",
  "predicted_action": [
    -0.0053532948704327,
    -0.027296187616446456,
    0.01197054417036911,
    0.0004997134208677839,
    -0.006809380210497831,
    -0.01779649015150825,
    -0.4862745098039216
  ],
  "ground_truth_action": [
    0.00431818887591362,
    -0.0038276512641459703,
    -0.00994422659277916,
    -0.015657920390367508,
    0.005807843524962664,
    -0.1271352767944336,
    0.003918109927326441
  ],
  "action_token_ids": [
    31895,
    31955,
    31853,
    31872,
    31871,
    31882,
    31934
  ],
  "mse_per_dim": [
    9.353759785584104e-05,
    0.0005507721985192494,
    0.0004802571776013382,
    0.0002610691303779739,
    0.0001591943347906677,
    0.01195497026454715,
    0.24028880443898396
  ],
  "mse_mean": 0.03625551502038231,
  "mse_spatial": 0.002249966783948703,
  "mse_gripper": 0.24028880443898396,
  "mse_per_dim_names": [
    "x",
    "y",
    "z",
    "roll",
    "pitch",
    "yaw",
    "gripper"
  ],
  "grounding": {
    "nouns": [],
    "num_boxes": 0,
    "num_patches": 0,
    "patch_coverage": 0.0
  }
}