{
  "episode_id": 4,
  "step_id": 39,
  "instruction": "",
  "condition": "spin_k16",
  "condition_desc": "SPIN(k=16,a=0.05)",
  "predicted_action": [
    0.0018042808490640778,
    0.0079936328214757,
    0.0052150869917343586,
    -0.0020546634945216302,
    -0.0014504625534310367,
    -0.08871560539568177,
    0.05490196078431375
  ],
  "ground_truth_action": [
    0.007865957915782928,
    -0.0076386090368032455,
    0.003375195199623704,
    -0.005051135551184416,
    0.006731885951012373,
    -0.009957309812307358,
    1.0
  ],
  "action_token_ids": [
    31863,
    31846,
    31879,
    31876,
    31863,
    31926,
    31865
  ],
  "mse_per_dim": [
    3.674392886118525e-05,
    0.0002443669855157284,
    3.385201806676156e-06,
    8.978844786360904e-06,
    6.69508270481673e-05,
    0.006202869123198173,
    0.8932103037293349
  ],
  "mse_mean": 0.12853908552007873,
  "mse_spatial": 0.001093882485202715,
  "mse_gripper": 0.8932103037293349,
  "mse_per_dim_names": [
    "x",
    "y",
    "z",
    "roll",
    "pitch",
    "yaw",
    "gripper"
  ],
  "grounding": {
    "nouns": [],
    "num_boxes": 0,
    "num_patches": 0,
    "patch_coverage": 0.0
  }
}