{
  "episode_id": 3,
  "step_id": 0,
  "instruction": "put the rectangle block on top of the red arch and yellow block",
  "condition": "spin_k16",
  "condition_desc": "SPIN(k=16,a=0.05)",
  "predicted_action": [
    -0.0028928782168556808,
    0.00022339712872219974,
    -0.008036002089433811,
    -0.021212490359942215,
    -0.019536809646031453,
    -0.11450437457538123,
    -0.12549019607843137
  ],
  "ground_truth_action": [
    1.1127876398120407e-11,
    -5.5666644904750484e-11,
    -2.6941462949459094e-10,
    1.6677590508606954e-07,
    1.1967998148065817e-08,
    8.519858170075167e-07,
    1.0
  ],
  "action_token_ids": [
    31884,
    31870,
    31930,
    31906,
    31890,
    31942,
    31888
  ],
  "mse_per_dim": [
    8.368744441941285e-06,
    4.990630199286346e-08,
    6.457732525135161e-05,
    0.0004499768227630134,
    0.0003816873987784142,
    0.01311144690983134,
    1.266728181468666
  ],
  "mse_mean": 0.1829634697965763,
  "mse_spatial": 0.0023360178512280088,
  "mse_gripper": 1.266728181468666,
  "mse_per_dim_names": [
    "x",
    "y",
    "z",
    "roll",
    "pitch",
    "yaw",
    "gripper"
  ],
  "grounding": {
    "nouns": [
      "block",
      "top"
    ],
    "num_boxes": 4,
    "num_patches": 36,
    "patch_coverage": 0.140625
  }
}