{
  "episode_id": 2,
  "step_id": 8,
  "instruction": "put the red object into the pot",
  "condition": "spin_k16",
  "condition_desc": "SPIN(k=16,a=0.05)",
  "predicted_action": [
    0.0006859096428927063,
    0.0034609953340361613,
    0.01171071889426777,
    -0.015465142300316037,
    -0.014177891988964658,
    -0.0016785094141960888,
    -0.09411764705882353
  ],
  "ground_truth_action": [
    0.0034316403325647116,
    0.008727016858756542,
    -0.0007526761037297547,
    0.005935314577072859,
    0.007987673394382,
    0.01276959665119648,
    1.0
  ],
  "action_token_ids": [
    31868,
    31860,
    31854,
    31897,
    31882,
    31872,
    31884
  ],
  "mse_per_dim": [
    7.539037020206706e-06,
    2.7730982698818367e-05,
    0.0001553362148761097,
    0.0004579795545609817,
    0.0004913122887634157,
    0.00020874776887683352,
    1.1970934256055366
  ],
  "mse_mean": 0.17120601020747614,
  "mse_spatial": 0.0002247743077993943,
  "mse_gripper": 1.1970934256055366,
  "mse_per_dim_names": [
    "x",
    "y",
    "z",
    "roll",
    "pitch",
    "yaw",
    "gripper"
  ],
  "grounding": {
    "nouns": [
      "object",
      "pot"
    ],
    "num_boxes": 3,
    "num_patches": 80,
    "patch_coverage": 0.3125
  }
}