{
  "episode_id": 1,
  "step_id": 25,
  "instruction": "put the blue cube on the right side of the table on top of the rectangular block",
  "condition": "spin_k16",
  "condition_desc": "SPIN(k=16,a=0.05)",
  "predicted_action": [
    0.0009095838841269785,
    0.0021659560519105767,
    0.010411592513761097,
    -0.016103736529163387,
    -0.07312598621669937,
    0.08697038464102078,
    -0.07058823529411762
  ],
  "ground_truth_action": [
    0.0005910115432925522,
    -0.002429336542263627,
    -0.0034050936810672283,
    0.0019242517882958055,
    -0.004918920341879129,
    0.0017254267586395144,
    0.0
  ],
  "action_token_ids": [
    31867,
    31864,
    31859,
    31898,
    31970,
    31817,
    31881
  ],
  "mse_per_dim": [
    1.0148833634472586e-07,
    2.1116714026072283e-05,
    0.00019090081740635962,
    0.00032500836277444514,
    0.004652203835252068,
    0.007266702844368955,
    0.0049826989619377125
  ],
  "mse_mean": 0.0024912475748717078,
  "mse_spatial": 0.002076005677027374,
  "mse_gripper": 0.0049826989619377125,
  "mse_per_dim_names": [
    "x",
    "y",
    "z",
    "roll",
    "pitch",
    "yaw",
    "gripper"
  ],
  "grounding": {
    "nouns": [
      "cube",
      "side",
      "table",
      "top",
      "block"
    ],
    "num_boxes": 3,
    "num_patches": 256,
    "patch_coverage": 1.0
  }
}