{
  "episode_id": 3,
  "step_id": 1,
  "instruction": "put the rectangle block on top of the red arch and yellow block",
  "condition": "spin_k16",
  "condition_desc": "SPIN(k=16,a=0.05)",
  "predicted_action": [
    0.0029226520552354494,
    -0.0010716421534033849,
    0.005474912267835693,
    -0.0033318519522163442,
    -0.0007805978462976926,
    -0.03552626896255165,
    -0.03137254901960784
  ],
  "ground_truth_action": [
    0.0014051926555112004,
    -0.007810140959918499,
    0.001065085525624454,
    -0.04221481829881668,
    -0.04347159340977669,
    0.0025596916675567627,
    1.0
  ],
  "action_token_ids": [
    31858,
    31874,
    31878,
    31878,
    31862,
    31893,
    31876
  ],
  "mse_per_dim": [
    2.302683029811478e-06,
    4.5407366165405614e-05,
    1.944657189632139e-05,
    0.0015118850719108544,
    0.0018225211022009833,
    0.001450540397118168,
    1.0637293348712031
  ],
  "mse_mean": 0.15265449115193208,
  "mse_spatial": 0.000808683865386924,
  "mse_gripper": 1.0637293348712031,
  "mse_per_dim_names": [
    "x",
    "y",
    "z",
    "roll",
    "pitch",
    "yaw",
    "gripper"
  ],
  "grounding": {
    "nouns": [
      "block",
      "top"
    ],
    "num_boxes": 4,
    "num_patches": 36,
    "patch_coverage": 0.140625
  }
}