{
  "episode_id": 6,
  "step_id": 2,
  "instruction": "Picked the piece of chocolate and put it into the drawer",
  "condition": "spin_k16",
  "condition_desc": "SPIN(k=16,a=0.05)",
  "predicted_action": [
    0.0011332581253612577,
    -0.0017191617944661772,
    0.007553514476646383,
    -0.02759843264841575,
    -0.032264239081565095,
    -0.009737499782852183,
    -0.05490196078431375
  ],
  "ground_truth_action": [
    -0.00046313510392792523,
    -0.01837552711367607,
    -0.012624953873455524,
    -0.025318942964076996,
    0.029245078563690186,
    0.09410388767719269,
    1.0
  ],
  "action_token_ids": [
    31866,
    31876,
    31870,
    31916,
    31909,
    31877,
    31879
  ],
  "mse_per_dim": [
    2.5484713425203457e-06,
    0.00027743450564697813,
    0.0004071705849560644,
    5.196073221006797e-06,
    0.0037833961571849127,
    0.010783033749627163,
    1.1128181468665899
  ],
  "mse_mean": 0.1611538466297955,
  "mse_spatial": 0.0025431299236631077,
  "mse_gripper": 1.1128181468665899,
  "mse_per_dim_names": [
    "x",
    "y",
    "z",
    "roll",
    "pitch",
    "yaw",
    "gripper"
  ],
  "grounding": {
    "nouns": [
      "piece",
      "chocolate",
      "it",
      "drawer"
    ],
    "num_boxes": 0,
    "num_patches": 0,
    "patch_coverage": 0.0
  }
}