{
  "episode_id": 1,
  "step_id": 11,
  "instruction": "put the blue cube on the right side of the table on top of the rectangular block",
  "condition": "spin_k16",
  "condition_desc": "SPIN(k=16,a=0.05)",
  "predicted_action": [
    -0.001550832769450037,
    0.0021659560519105767,
    0.003136484782923662,
    0.005608467251646612,
    -0.00814910962476452,
    0.08697038464102078,
    -0.2901960784313726
  ],
  "ground_truth_action": [
    0.00190506421495229,
    0.007756249513477087,
    -0.011929449625313282,
    0.014738991856575012,
    0.008215672336518764,
    0.017542259767651558,
    0.0
  ],
  "action_token_ids": [
    31878,
    31864,
    31887,
    31864,
    31873,
    31817,
    31909
  ],
  "mse_per_dim": [
    1.1943223966801098e-05,
    3.1251380986433275e-05,
    0.00022698237959329788,
    8.336647956120291e-05,
    0.0002678060886403428,
    0.0048202645234321495,
    0.08421376393694734
  ],
  "mse_mean": 0.012807911144732509,
  "mse_spatial": 0.0009069356793633713,
  "mse_gripper": 0.08421376393694734,
  "mse_per_dim_names": [
    "x",
    "y",
    "z",
    "roll",
    "pitch",
    "yaw",
    "gripper"
  ],
  "grounding": {
    "nouns": [
      "cube",
      "side",
      "table",
      "top",
      "block"
    ],
    "num_boxes": 5,
    "num_patches": 256,
    "patch_coverage": 1.0
  }
}