{
  "episode_id": 4,
  "step_id": 27,
  "instruction": "",
  "condition": "spin_k16",
  "condition_desc": "SPIN(k=16,a=0.05)",
  "predicted_action": [
    0.003146326296469725,
    -0.005280519820311531,
    0.0028766595068223273,
    -0.04228609991190487,
    -0.02757518613163165,
    -0.10483358613299391,
    -0.6823529411764706
  ],
  "ground_truth_action": [
    0.008250032551586628,
    0.0022506683599203825,
    -0.01414437871426344,
    -0.015753140673041344,
    -0.0017271804390475154,
    -0.03943520784378052,
    -0.003368166508153081
  ],
  "action_token_ids": [
    31857,
    31887,
    31888,
    31939,
    31902,
    31936,
    31959
  ],
  "mse_per_dim": [
    2.60478175385194e-05,
    5.671879540606489e-05,
    0.0002897157421236625,
    0.0007039979259711934,
    0.000668119398283862,
    0.004276947882859058,
    0.46102032423138595
  ],
  "mse_mean": 0.06672026739908118,
  "mse_spatial": 0.0010035912603637267,
  "mse_gripper": 0.46102032423138595,
  "mse_per_dim_names": [
    "x",
    "y",
    "z",
    "roll",
    "pitch",
    "yaw",
    "gripper"
  ],
  "grounding": {
    "nouns": [],
    "num_boxes": 0,
    "num_patches": 0,
    "patch_coverage": 0.0
  }
}