{
  "episode_id": 3,
  "step_id": 34,
  "instruction": "put the rectangle block on top of the red arch and yellow block",
  "condition": "spin_k16",
  "condition_desc": "SPIN(k=16,a=0.05)",
  "predicted_action": [
    -0.0017745070106843092,
    -0.005280519820311531,
    0.002097183678518317,
    -0.010356388469537209,
    -0.018197080231764765,
    -0.08388021117448811,
    -0.21176470588235297
  ],
  "ground_truth_action": [
    -0.0031033975537866354,
    -0.00010460095654707402,
    -0.0008165617473423481,
    -0.010020914487540722,
    0.006363769993185997,
    0.001979508902877569,
    0.0
  ],
  "action_token_ids": [
    31879,
    31887,
    31891,
    31889,
    31888,
    31923,
    31899
  ],
  "mse_per_dim": [
    1.7659500755467955e-06,
    2.6790136084272753e-05,
    8.489912406723948e-06,
    1.1254279259657923e-07,
    0.0006032353637724639,
    0.007371891531763592,
    0.04484429065743946
  ],
  "mse_mean": 0.007550939442047808,
  "mse_spatial": 0.0013353809061491995,
  "mse_gripper": 0.04484429065743946,
  "mse_per_dim_names": [
    "x",
    "y",
    "z",
    "roll",
    "pitch",
    "yaw",
    "gripper"
  ],
  "grounding": {
    "nouns": [
      "block",
      "top"
    ],
    "num_boxes": 3,
    "num_patches": 195,
    "patch_coverage": 0.76171875
  }
}