{
  "episode_id": 4,
  "step_id": 43,
  "instruction": "",
  "condition": "spin_k16",
  "condition_desc": "SPIN(k=16,a=0.05)",
  "predicted_action": [
    -0.005576969111666975,
    0.0031372355135047617,
    0.010151767237659755,
    0.010717221082425427,
    -0.004129921381964441,
    -0.021020086298970675,
    0.007843137254901933
  ],
  "ground_truth_action": [
    0.0006657860358245671,
    -0.010099212639033794,
    0.005439866799861193,
    -0.0005010248278267682,
    -0.003924162592738867,
    0.00876797828823328,
    0.9993298649787903
  ],
  "action_token_ids": [
    31896,
    31861,
    31860,
    31856,
    31867,
    31884,
    31871
  ],
  "mse_per_dim": [
    3.897199183153215e-05,
    0.00017520355969484136,
    2.2202005735726288e-05,
    0.0001258490413028901,
    4.2336679343574236e-08,
    0.0008873287918514343,
    0.983045931252624
  ],
  "mse_mean": 0.14061364699710283,
  "mse_spatial": 0.00020826628784929464,
  "mse_gripper": 0.983045931252624,
  "mse_per_dim_names": [
    "x",
    "y",
    "z",
    "roll",
    "pitch",
    "yaw",
    "gripper"
  ],
  "grounding": {
    "nouns": [],
    "num_boxes": 0,
    "num_patches": 0,
    "patch_coverage": 0.0
  }
}