{
  "episode_id": 3,
  "step_id": 22,
  "instruction": "put the rectangle block on top of the red arch and yellow block",
  "condition": "spin_k16",
  "condition_desc": "SPIN(k=16,a=0.05)",
  "predicted_action": [
    0.0029226520552354494,
    -0.004956759999780139,
    0.002357008954619655,
    -0.026321244190721037,
    -0.010158703746164566,
    -0.053256047773594994,
    -0.5882352941176471
  ],
  "ground_truth_action": [
    0.0032582038547843695,
    0.007932167500257492,
    -0.015200038440525532,
    -0.039655134081840515,
    0.034090928733348846,
    0.03298941254615784,
    0.0
  ],
  "action_token_ids": [
    31858,
    31886,
    31890,
    31914,
    31876,
    31904,
    31947
  ],
  "mse_per_dim": [
    1.1259501018051861e-07,
    0.0001661244521012263,
    0.0003082499132353744,
    0.00017779261962849822,
    0.001958029974572008,
    0.00743827942576606,
    0.34602076124567477
  ],
  "mse_mean": 0.05086705003228402,
  "mse_spatial": 0.0016747648300522247,
  "mse_gripper": 0.34602076124567477,
  "mse_per_dim_names": [
    "x",
    "y",
    "z",
    "roll",
    "pitch",
    "yaw",
    "gripper"
  ],
  "grounding": {
    "nouns": [
      "block",
      "top"
    ],
    "num_boxes": 4,
    "num_patches": 210,
    "patch_coverage": 0.8203125
  }
}