{
  "episode_id": 2,
  "step_id": 43,
  "instruction": "put the red object into the pot",
  "condition": "spin_k16",
  "condition_desc": "SPIN(k=16,a=0.05)",
  "predicted_action": [
    -0.0013271585282157647,
    -0.004309240358717346,
    -0.011153905402649857,
    -0.03334578070804193,
    -0.03695329203149853,
    0.06762880775624616,
    -0.14901960784313728
  ],
  "ground_truth_action": [
    0.0003222422383259982,
    -0.0009122692281380296,
    -0.012070759199559689,
    0.0345541276037693,
    -0.004158706869930029,
    -0.005816127639263868,
    1.0
  ],
  "action_token_ids": [
    31877,
    31884,
    31942,
    31925,
    31916,
    31829,
    31891
  ],
  "mse_per_dim": [
    2.720522888668555e-06,
    1.1539412861989323e-05,
    8.406208849079755e-07,
    0.004610397548752371,
    0.001075484815919369,
    0.005394158535250642,
    1.3202460592079968
  ],
  "mse_mean": 0.19019160009493638,
  "mse_spatial": 0.0018491902427596578,
  "mse_gripper": 1.3202460592079968,
  "mse_per_dim_names": [
    "x",
    "y",
    "z",
    "roll",
    "pitch",
    "yaw",
    "gripper"
  ],
  "grounding": {
    "nouns": [
      "object",
      "pot"
    ],
    "num_boxes": 2,
    "num_patches": 56,
    "patch_coverage": 0.21875
  }
}