{
  "episode_id": 1,
  "step_id": 19,
  "instruction": "put the blue cube on the right side of the table on top of the rectangular block",
  "condition": "spin_k16",
  "condition_desc": "SPIN(k=16,a=0.05)",
  "predicted_action": [
    -0.003340226699324232,
    0.019648986360605955,
    0.000798057298011634,
    -0.036538751852278686,
    -0.004129921381964441,
    -0.04519705740493893,
    -0.10196078431372552
  ],
  "ground_truth_action": [
    0.007123338989913464,
    0.005740888882428408,
    -0.003181643784046173,
    0.015093681402504444,
    0.0006337565719150007,
    -0.007949432358145714,
    0.0
  ],
  "action_token_ids": [
    31886,
    31810,
    31896,
    31930,
    31867,
    31899,
    31885
  ],
  "mse_per_dim": [
    0.00010948620693299234,
    0.00019343517546248866,
    1.5838020702532082e-05,
    0.002665908163809635,
    2.2692627648277023e-05,
    0.0013873855716264973,
    0.010396001537870056
  ],
  "mse_mean": 0.0021129639005789255,
  "mse_spatial": 0.0007324576276970704,
  "mse_gripper": 0.010396001537870056,
  "mse_per_dim_names": [
    "x",
    "y",
    "z",
    "roll",
    "pitch",
    "yaw",
    "gripper"
  ],
  "grounding": {
    "nouns": [
      "cube",
      "side",
      "table",
      "top",
      "block"
    ],
    "num_boxes": 3,
    "num_patches": 256,
    "patch_coverage": 1.0
  }
}