{
  "episode_id": 8,
  "step_id": 30,
  "instruction": "open the drawer",
  "condition": "spin_k16",
  "condition_desc": "SPIN(k=16,a=0.05)",
  "predicted_action": [
    -0.002221855493152857,
    0.0079936328214757,
    -0.0033591471196097525,
    -0.0020546634945216302,
    -0.0007805978462976926,
    0.08697038464102078,
    0.21176470588235285
  ],
  "ground_truth_action": [
    -0.005438646301627159,
    0.016970425844192505,
    0.021094894036650658,
    -0.0046928259544074535,
    0.009403903968632221,
    0.04392269626259804,
    1.0
  ],
  "action_token_ids": [
    31881,
    31846,
    31912,
    31876,
    31862,
    31817,
    31845
  ],
  "mse_per_dim": [
    1.0347743105484754e-05,
    8.05828129726971e-05,
    0.000598000128872078,
    6.959901164750818e-06,
    0.00010372407721831071,
    0.0018531034747257921,
    0.6213148788927337
  ],
  "mse_mean": 0.08913822814725612,
  "mse_spatial": 0.00044211968967651895,
  "mse_gripper": 0.6213148788927337,
  "mse_per_dim_names": [
    "x",
    "y",
    "z",
    "roll",
    "pitch",
    "yaw",
    "gripper"
  ],
  "grounding": {
    "nouns": [
      "drawer"
    ],
    "num_boxes": 0,
    "num_patches": 0,
    "patch_coverage": 0.0
  }
}