{
  "episode_id": 5,
  "step_id": 20,
  "instruction": "take broccoli out of pan",
  "condition": "spin_k16",
  "condition_desc": "SPIN(k=16,a=0.05)",
  "predicted_action": [
    0.003146326296469725,
    -0.01823091264156737,
    0.004435611163430348,
    -0.035261563394583986,
    -0.01283816257469797,
    -0.11450437457538123,
    -0.27450980392156865
  ],
  "ground_truth_action": [
    -0.01414452027529478,
    0.01556454598903656,
    -0.022978780791163445,
    -0.02202014997601509,
    0.020677240565419197,
    -0.018717044964432716,
    0.0
  ],
  "action_token_ids": [
    31857,
    31927,
    31882,
    31928,
    31880,
    31942,
    31907
  ],
  "mse_per_dim": [
    0.00029897337516830036,
    0.0011421330240528617,
    0.0007515488862400968,
    0.0001753350293214564,
    0.0011232822476445756,
    0.009175212513996495,
    0.07535563244905807
  ],
  "mse_mean": 0.01257458821792598,
  "mse_spatial": 0.002111080846070631,
  "mse_gripper": 0.07535563244905807,
  "mse_per_dim_names": [
    "x",
    "y",
    "z",
    "roll",
    "pitch",
    "yaw",
    "gripper"
  ],
  "grounding": {
    "nouns": [
      "broccoli",
      "pan"
    ],
    "num_boxes": 1,
    "num_patches": 25,
    "patch_coverage": 0.09765625
  }
}