{
  "episode_id": 7,
  "step_id": 26,
  "instruction": "Move the blue fork to the lower right burner",
  "condition": "spin_k16",
  "condition_desc": "SPIN(k=16,a=0.05)",
  "predicted_action": [
    -0.0053532948704327,
    0.0031372355135047617,
    0.002097183678518317,
    -0.0071634173253004585,
    0.007257778639302506,
    0.007992279028191218,
    -0.0862745098039216
  ],
  "ground_truth_action": [
    -0.004306755028665066,
    0.012899329885840416,
    0.025858866050839424,
    0.004894730634987354,
    -0.029350969940423965,
    0.05276506394147873,
    1.0
  ],
  "action_token_ids": [
    31895,
    31861,
    31891,
    31884,
    31850,
    31866,
    31883
  ],
  "mse_per_dim": [
    1.0952456404070242e-06,
    9.529848653438745e-05,
    0.0005646175491630757,
    0.00014539893223219314,
    0.001340200472573625,
    0.0020046022688915057,
    1.1799923106497503
  ],
  "mse_mean": 0.16916336051496936,
  "mse_spatial": 0.000691868825839199,
  "mse_gripper": 1.1799923106497503,
  "mse_per_dim_names": [
    "x",
    "y",
    "z",
    "roll",
    "pitch",
    "yaw",
    "gripper"
  ],
  "grounding": {
    "nouns": [
      "fork",
      "burner"
    ],
    "num_boxes": 3,
    "num_patches": 180,
    "patch_coverage": 0.703125
  }
}