{
  "episode_id": 6,
  "step_id": 46,
  "instruction": "Picked the piece of chocolate and put it into the drawer",
  "condition": "spin_k16",
  "condition_desc": "SPIN(k=16,a=0.05)",
  "predicted_action": [
    -0.004011249423027052,
    -0.005604279640842924,
    -0.003099321843508418,
    -0.005247634638758394,
    -0.03762315673863189,
    -0.01940828822523946,
    -0.3058823529411765
  ],
  "ground_truth_action": [
    0.0,
    0.0,
    0.0,
    0.0,
    0.0,
    0.0,
    1.0
  ],
  "action_token_ids": [
    31889,
    31888,
    31911,
    31881,
    31917,
    31883,
    31911
  ],
  "mse_per_dim": [
    1.609012193373486e-05,
    3.1407950292766494e-05,
    9.605795889648418e-06,
    2.7537669301896946e-05,
    0.001415501922979662,
    0.0003766816518339687,
    1.7053287197231835
  ],
  "mse_mean": 0.2438865064050593,
  "mse_spatial": 0.0003128041853719463,
  "mse_gripper": 1.7053287197231835,
  "mse_per_dim_names": [
    "x",
    "y",
    "z",
    "roll",
    "pitch",
    "yaw",
    "gripper"
  ],
  "grounding": {
    "nouns": [
      "piece",
      "chocolate",
      "it",
      "drawer"
    ],
    "num_boxes": 0,
    "num_patches": 0,
    "patch_coverage": 0.0
  }
}