{
  "episode_id": 0,
  "step_id": 18,
  "instruction": "put small spoon from basket to tray",
  "condition": "spin_k16",
  "condition_desc": "SPIN(k=16,a=0.05)",
  "predicted_action": [
    -0.011168825142523833,
    -0.04154161971982787,
    0.016647399140193166,
    -0.03909312876766811,
    0.03472223163176981,
    -0.06615043236344473,
    -0.2823529411764706
  ],
  "ground_truth_action": [
    0.00722905108705163,
    -0.01749270223081112,
    -0.0013646559091284871,
    -0.11039914935827255,
    0.015078102238476276,
    0.04085924103856087,
    0.0
  ],
  "action_token_ids": [
    31921,
    31999,
    31835,
    31934,
    31809,
    31912,
    31908
  ],
  "mse_per_dim": [
    0.00033848184975877784,
    0.0005783504323935358,
    0.00032443412709979365,
    0.005084548572467706,
    0.00038589181962045893,
    0.011451070201603904,
    0.07972318339100345
  ],
  "mse_mean": 0.013983708627706804,
  "mse_spatial": 0.003027129500490696,
  "mse_gripper": 0.07972318339100345,
  "mse_per_dim_names": [
    "x",
    "y",
    "z",
    "roll",
    "pitch",
    "yaw",
    "gripper"
  ],
  "grounding": {
    "nouns": [
      "spoon",
      "basket"
    ],
    "num_boxes": 5,
    "num_patches": 136,
    "patch_coverage": 0.53125
  }
}