{
  "episode_id": 4,
  "step_id": 3,
  "instruction": "",
  "condition": "spin_k16",
  "condition_desc": "SPIN(k=16,a=0.05)",
  "predicted_action": [
    0.0029226520552354494,
    0.0070223533598815155,
    0.0036561353351263343,
    -0.028875621106110458,
    0.024674261024769578,
    0.07407600005117107,
    0.5176470588235293
  ],
  "ground_truth_action": [
    0.004439690615981817,
    0.0002553345402702689,
    -0.010047313757240772,
    0.019657356664538383,
    -0.021681683138012886,
    -0.11414557695388794,
    0.9971933364868164
  ],
  "action_token_ids": [
    31858,
    31849,
    31885,
    31918,
    31824,
    31825,
    31806
  ],
  "mse_per_dim": [
    2.3014059947914113e-06,
    4.5792543704972786e-05,
    0.00018778451702709687,
    0.0023554499312862945,
    0.0021488735592230055,
    0.03542736205027136,
    0.2299646324207144
  ],
  "mse_mean": 0.03859031377546028,
  "mse_spatial": 0.006694594001251254,
  "mse_gripper": 0.2299646324207144,
  "mse_per_dim_names": [
    "x",
    "y",
    "z",
    "roll",
    "pitch",
    "yaw",
    "gripper"
  ],
  "grounding": {
    "nouns": [],
    "num_boxes": 0,
    "num_patches": 0,
    "patch_coverage": 0.0
  }
}