{
  "episode_id": 2,
  "step_id": 3,
  "instruction": "put the red object into the pot",
  "condition": "spin_k16",
  "condition_desc": "SPIN(k=16,a=0.05)",
  "predicted_action": [
    -0.006471666076604071,
    -0.02988626618069762,
    -0.009594953746041836,
    -0.04994923065807311,
    -0.042312209688565326,
    -0.12739875916523097,
    -0.7137254901960784
  ],
  "ground_truth_action": [
    0.024575434625148773,
    -0.004300862550735474,
    -0.02074696123600006,
    -0.01738031767308712,
    -0.020681235939264297,
    0.0382569283246994,
    1.0
  ],
  "action_token_ids": [
    31900,
    31963,
    31936,
    31951,
    31924,
    31950,
    31963
  ],
  "mse_per_dim": [
    0.000963922461984782,
    0.0006546128789080803,
    0.00012436727105608435,
    0.0010607340930235889,
    0.0004678990253429502,
    0.027441806797761474,
    2.93685505574779
  ],
  "mse_mean": 0.4239383426108381,
  "mse_spatial": 0.005118890421346159,
  "mse_gripper": 2.93685505574779,
  "mse_per_dim_names": [
    "x",
    "y",
    "z",
    "roll",
    "pitch",
    "yaw",
    "gripper"
  ],
  "grounding": {
    "nouns": [
      "object",
      "pot"
    ],
    "num_boxes": 3,
    "num_patches": 65,
    "patch_coverage": 0.25390625
  }
}