{
  "episode_id": 0,
  "step_id": 8,
  "instruction": "put small spoon from basket to tray",
  "condition": "spin_k16",
  "condition_desc": "SPIN(k=16,a=0.05)",
  "predicted_action": [
    -0.005576969111666975,
    -0.004633000179248746,
    0.007813339752747724,
    0.001138307649715134,
    0.0032385903965024138,
    0.032169250134159416,
    0.039215686274509776
  ],
  "ground_truth_action": [
    0.000997894094325602,
    -0.00026395334862172604,
    -0.006160037126392126,
    0.019063813611865044,
    0.0026527494192123413,
    0.014320624060928822,
    0.0
  ],
  "action_token_ids": [
    31896,
    31885,
    31869,
    31871,
    31856,
    31851,
    31867
  ],
  "mse_per_dim": [
    4.322882617751499e-05,
    1.9088570208212008e-05,
    0.00019525526140648015,
    0.00032132376399907195,
    3.432096506721872e-07,
    0.000318573452702007,
    0.0015378700499807745
  ],
  "mse_mean": 0.00034795473344639046,
  "mse_spatial": 0.00014963551402399306,
  "mse_gripper": 0.0015378700499807745,
  "mse_per_dim_names": [
    "x",
    "y",
    "z",
    "roll",
    "pitch",
    "yaw",
    "gripper"
  ],
  "grounding": {
    "nouns": [
      "spoon",
      "basket"
    ],
    "num_boxes": 6,
    "num_patches": 189,
    "patch_coverage": 0.73828125
  }
}