{
  "episode_id": 8,
  "step_id": 19,
  "instruction": "open the drawer",
  "condition": "spin_k16",
  "condition_desc": "SPIN(k=16,a=0.05)",
  "predicted_action": [
    0.0006859096428927063,
    0.013173789949978032,
    0.009372291409355745,
    0.011994409540120127,
    -0.01283816257469797,
    -0.038749865110014076,
    -0.12549019607843137
  ],
  "ground_truth_action": [
    0.0011662511387839913,
    -0.0066944994032382965,
    -0.00015515794802922755,
    -0.014972030185163021,
    0.01511097140610218,
    0.016165798529982567,
    0.0
  ],
  "action_token_ids": [
    31868,
    31830,
    31863,
    31854,
    31880,
    31895,
    31888
  ],
  "mse_per_dim": [
    2.3072795267507743e-07,
    0.0003947489218231293,
    9.077229125753533e-05,
    0.0007271888714573291,
    0.0007811540902767177,
    0.0030157301130212494,
    0.01574778931180315
  ],
  "mse_mean": 0.002965373475370255,
  "mse_spatial": 0.0008349708359647726,
  "mse_gripper": 0.01574778931180315,
  "mse_per_dim_names": [
    "x",
    "y",
    "z",
    "roll",
    "pitch",
    "yaw",
    "gripper"
  ],
  "grounding": {
    "nouns": [
      "drawer"
    ],
    "num_boxes": 1,
    "num_patches": 256,
    "patch_coverage": 1.0
  }
}