{
  "episode_id": 2,
  "step_id": 18,
  "instruction": "put the red object into the pot",
  "condition": "spin_k16",
  "condition_desc": "SPIN(k=16,a=0.05)",
  "predicted_action": [
    0.002475303572766905,
    -0.01272699569253364,
    -0.00024124380639371432,
    -0.029514215334957808,
    -0.00814910962476452,
    -0.053256047773594994,
    -0.09411764705882353
  ],
  "ground_truth_action": [
    -0.0010083388769999146,
    -0.003968007396906614,
    -0.002966461470350623,
    -0.007193943951278925,
    0.0019823769107460976,
    -0.003114238614216447,
    1.0
  ],
  "action_token_ids": [
    31860,
    31910,
    31900,
    31919,
    31873,
    31904,
    31884
  ],
  "mse_per_dim": [
    1.2135764717817368e-05,
    7.671987596293121e-05,
    7.426811315942751e-06,
    0.0004981945146410744,
    0.00010264701941923293,
    0.0025142010257755386,
    1.1970934256055366
  ],
  "mse_mean": 0.17147210723105274,
  "mse_spatial": 0.0005352208353054229,
  "mse_gripper": 1.1970934256055366,
  "mse_per_dim_names": [
    "x",
    "y",
    "z",
    "roll",
    "pitch",
    "yaw",
    "gripper"
  ],
  "grounding": {
    "nouns": [
      "object",
      "pot"
    ],
    "num_boxes": 2,
    "num_patches": 56,
    "patch_coverage": 0.21875
  }
}