{
  "episode_id": 7,
  "step_id": 23,
  "instruction": "Move the blue fork to the lower right burner",
  "condition": "spin_k16",
  "condition_desc": "SPIN(k=16,a=0.05)",
  "predicted_action": [
    0.005830417191281013,
    0.002813475692973362,
    -0.0010207196346977247,
    0.022211917201677783,
    -0.03762315673863189,
    -0.04358525933120769,
    -0.4862745098039216
  ],
  "ground_truth_action": [
    -0.004488256294280291,
    -0.009577494114637375,
    -0.0037432934623211622,
    0.0064918287098407745,
    0.0037703008856624365,
    -0.047008998692035675,
    0.0
  ],
  "action_token_ids": [
    31845,
    31862,
    31903,
    31838,
    31917,
    31898,
    31934
  ],
  "mse_per_dim": [
    0.00010647502250162586,
    0.00015353613277312086,
    7.412408246860135e-06,
    0.00024712118219118634,
    0.00171341833409425,
    1.1721991210882838e-05,
    0.23646289888504426
  ],
  "mse_mean": 0.034100369136580315,
  "mse_spatial": 0.0003732808451696544,
  "mse_gripper": 0.23646289888504426,
  "mse_per_dim_names": [
    "x",
    "y",
    "z",
    "roll",
    "pitch",
    "yaw",
    "gripper"
  ],
  "grounding": {
    "nouns": [
      "fork",
      "burner"
    ],
    "num_boxes": 3,
    "num_patches": 165,
    "patch_coverage": 0.64453125
  }
}