{
  "episode_id": 1,
  "step_id": 29,
  "instruction": "put the blue cube on the right side of the table on top of the rectangular block",
  "condition": "spin_k16",
  "condition_desc": "SPIN(k=16,a=0.05)",
  "predicted_action": [
    0.002251629331532626,
    -0.007223078743499908,
    -0.0007608943585963902,
    0.032429424863235426,
    -0.034943697910098485,
    0.048287230871471604,
    -0.38431372549019605
  ],
  "ground_truth_action": [
    0.0006591674173250794,
    -0.002441034186631441,
    0.0047545358538627625,
    -0.028238585218787193,
    -0.007456794381141663,
    0.008963248692452908,
    1.0
  ],
  "action_token_ids": [
    31861,
    31893,
    31902,
    31822,
    31913,
    31841,
    31921
  ],
  "mse_per_dim": [
    2.535934948201563e-06,
    2.2867950143875334e-05,
    3.0419970428507213e-05,
    0.0036806074473123983,
    0.000755529865610179,
    0.00154637557441578,
    1.9163244905805459
  ],
  "mse_mean": 0.27462326104620066,
  "mse_spatial": 0.0010063894571431568,
  "mse_gripper": 1.9163244905805459,
  "mse_per_dim_names": [
    "x",
    "y",
    "z",
    "roll",
    "pitch",
    "yaw",
    "gripper"
  ],
  "grounding": {
    "nouns": [
      "cube",
      "side",
      "table",
      "top",
      "block"
    ],
    "num_boxes": 3,
    "num_patches": 256,
    "patch_coverage": 1.0
  }
}