{
  "episode_id": 6,
  "step_id": 16,
  "instruction": "Picked the piece of chocolate and put it into the drawer",
  "condition": "spin_k16",
  "condition_desc": "SPIN(k=16,a=0.05)",
  "predicted_action": [
    0.005159394467578193,
    0.004108514975098954,
    -0.0015403701869003972,
    -0.005247634638758394,
    -0.00011073313916434846,
    -0.13706954760761825,
    0.2588235294117647
  ],
  "ground_truth_action": [
    0.002236070577055216,
    0.0034829273354262114,
    -0.0023208886850625277,
    0.005369121674448252,
    0.005937285255640745,
    0.006255246698856354,
    1.0
  ],
  "action_token_ids": [
    31848,
    31858,
    31905,
    31881,
    31861,
    31956,
    31839
  ],
  "mse_per_dim": [
    8.545822568902393e-06,
    3.9135989491131276e-07,
    6.092091259732676e-07,
    0.00011271551461401318,
    3.657852650390078e-05,
    0.020541996662993254,
    0.5493425605536333
  ],
  "mse_mean": 0.08143477109276202,
  "mse_spatial": 0.003450139515950159,
  "mse_gripper": 0.5493425605536333,
  "mse_per_dim_names": [
    "x",
    "y",
    "z",
    "roll",
    "pitch",
    "yaw",
    "gripper"
  ],
  "grounding": {
    "nouns": [
      "piece",
      "chocolate",
      "it",
      "drawer"
    ],
    "num_boxes": 1,
    "num_patches": 9,
    "patch_coverage": 0.03515625
  }
}