{
  "episode_id": 9,
  "step_id": 5,
  "instruction": "Move the can in the middle bottom of the table",
  "condition": "spin_k16",
  "condition_desc": "SPIN(k=16,a=0.05)",
  "predicted_action": [
    -0.0028928782168556808,
    -0.013050755513065036,
    0.0026168342307209894,
    -0.015465142300316037,
    0.028023584560436313,
    -0.05647964392105742,
    -0.09411764705882353
  ],
  "ground_truth_action": [
    -0.006838326808065176,
    -0.016878217458724976,
    -0.0013266527093946934,
    -0.005341045558452606,
    0.012268820777535439,
    -0.05492684245109558,
    1.0
  ],
  "action_token_ids": [
    31884,
    31911,
    31889,
    31897,
    31819,
    31906,
    31884
  ],
  "mse_per_dim": [
    1.556656458587699e-05,
    1.4649464945474973e-05,
    1.555108924686295e-05,
    0.00010249733483860974,
    0.0002482125818550051,
    2.4111924051156502e-06,
    1.1970934256055366
  ],
  "mse_mean": 0.1710703305476305,
  "mse_spatial": 6.648137131282424e-05,
  "mse_gripper": 1.1970934256055366,
  "mse_per_dim_names": [
    "x",
    "y",
    "z",
    "roll",
    "pitch",
    "yaw",
    "gripper"
  ],
  "grounding": {
    "nouns": [
      "can",
      "bottom",
      "table"
    ],
    "num_boxes": 1,
    "num_patches": 224,
    "patch_coverage": 0.875
  }
}