{
  "episode_id": 2,
  "step_id": 40,
  "instruction": "put the red object into the pot",
  "condition": "spin_k16",
  "condition_desc": "SPIN(k=16,a=0.05)",
  "predicted_action": [
    -0.001998181251918585,
    0.016735147975823386,
    0.003915960611227672,
    0.019657540286288383,
    0.02735371985330297,
    0.10308836537833296,
    0.08627450980392148
  ],
  "ground_truth_action": [
    0.006960882805287838,
    0.013661373406648636,
    7.90840495028533e-05,
    -0.0339917354285717,
    -0.006997985765337944,
    -0.013851064257323742,
    1.0
  ],
  "action_token_ids": [
    31880,
    31819,
    31884,
    31842,
    31820,
    31807,
    31861
  ],
  "mse_per_dim": [
    8.026482878112801e-05,
    9.448090102105422e-06,
    1.4721621749913268e-05,
    0.002878244784729076,
    0.0011800396789097656,
    0.013674830203512706,
    0.834894271434064
  ],
  "mse_mean": 0.1218188315202641,
  "mse_spatial": 0.0029729248679641156,
  "mse_gripper": 0.834894271434064,
  "mse_per_dim_names": [
    "x",
    "y",
    "z",
    "roll",
    "pitch",
    "yaw",
    "gripper"
  ],
  "grounding": {
    "nouns": [
      "object",
      "pot"
    ],
    "num_boxes": 2,
    "num_patches": 56,
    "patch_coverage": 0.21875
  }
}