{
  "episode_id": 1,
  "step_id": 17,
  "instruction": "put the blue cube on the right side of the table on top of the rectangular block",
  "condition": "spin_k16",
  "condition_desc": "SPIN(k=16,a=0.05)",
  "predicted_action": [
    -0.001550832769450037,
    -0.004956759999780139,
    0.00963211668545708,
    -0.06335970946386751,
    0.0025687256893690558,
    0.048287230871471604,
    -0.1725490196078432
  ],
  "ground_truth_action": [
    0.01261899247765541,
    0.005782668944448233,
    -0.0029917426872998476,
    0.025871943682432175,
    0.0035556145012378693,
    -0.026580430567264557,
    0.0
  ],
  "action_token_ids": [
    31878,
    31886,
    31862,
    31972,
    31857,
    31841,
    31894
  ],
  "mse_per_dim": [
    0.00020078394753350696,
    0.0001153353340481301,
    0.00015936182546314292,
    0.007962287923221536,
    9.739495269918383e-07,
    0.005605166729305221,
    0.029773164167627854
  ],
  "mse_mean": 0.006259581982389483,
  "mse_spatial": 0.0023406516181830876,
  "mse_gripper": 0.029773164167627854,
  "mse_per_dim_names": [
    "x",
    "y",
    "z",
    "roll",
    "pitch",
    "yaw",
    "gripper"
  ],
  "grounding": {
    "nouns": [
      "cube",
      "side",
      "table",
      "top",
      "block"
    ],
    "num_boxes": 3,
    "num_patches": 256,
    "patch_coverage": 1.0
  }
}