{
  "episode_id": 7,
  "step_id": 7,
  "instruction": "Move the blue fork to the lower right burner",
  "condition": "spin_k16",
  "condition_desc": "SPIN(k=16,a=0.05)",
  "predicted_action": [
    0.005606742950046744,
    -0.026324908154852264,
    0.0013177078502143065,
    -0.003970446181063694,
    -0.010158703746164566,
    -0.0919392015431442,
    -0.3686274509803922
  ],
  "ground_truth_action": [
    0.0051653110422194,
    -0.007252249401062727,
    -0.006871884223073721,
    -0.005037771072238684,
    -0.006113281939178705,
    -0.0027068352792412043,
    1.0
  ],
  "action_token_ids": [
    31846,
    31952,
    31894,
    31879,
    31876,
    31928,
    31919
  ],
  "mse_per_dim": [
    1.9486212924808839e-07,
    0.00036376631193850466,
    6.706941832686209e-05,
    1.139182423321703e-06,
    1.6365437596436744e-05,
    0.007962415189055333,
    1.8731410995770859
  ],
  "mse_mean": 0.26879314999693654,
  "mse_spatial": 0.0014018250669116175,
  "mse_gripper": 1.8731410995770859,
  "mse_per_dim_names": [
    "x",
    "y",
    "z",
    "roll",
    "pitch",
    "yaw",
    "gripper"
  ],
  "grounding": {
    "nouns": [
      "fork",
      "burner"
    ],
    "num_boxes": 2,
    "num_patches": 180,
    "patch_coverage": 0.703125
  }
}