{
  "episode_id": 4,
  "step_id": 45,
  "instruction": "",
  "condition": "spin_k16",
  "condition_desc": "SPIN(k=16,a=0.05)",
  "predicted_action": [
    0.003370000537704001,
    0.0034609953340361613,
    -0.004398448224015101,
    0.008162844167036026,
    -0.010828568453297924,
    -0.0016785094141960888,
    0.06274509803921569
  ],
  "ground_truth_action": [
    -0.007802712731063366,
    -0.005551682785153389,
    0.002547124633565545,
    0.000803887436632067,
    -0.008405528962612152,
    -0.037739697843790054,
    1.0
  ],
  "action_token_ids": [
    31856,
    31860,
    31916,
    31860,
    31877,
    31872,
    31864
  ],
  "mse_per_dim": [
    0.00012482952178609038,
    8.122836688011808e-05,
    4.824098231996098e-05,
    5.415424415995773e-05,
    5.871120373422763e-06,
    0.0013004093109546817,
    0.8784467512495194
  ],
  "mse_mean": 0.12572306925657054,
  "mse_spatial": 0.00026912225774570526,
  "mse_gripper": 0.8784467512495194,
  "mse_per_dim_names": [
    "x",
    "y",
    "z",
    "roll",
    "pitch",
    "yaw",
    "gripper"
  ],
  "grounding": {
    "nouns": [],
    "num_boxes": 0,
    "num_patches": 0,
    "patch_coverage": 0.0
  }
}