{
  "episode_id": 2,
  "step_id": 12,
  "instruction": "put the red object into the pot",
  "condition": "spin_k16",
  "condition_desc": "SPIN(k=16,a=0.05)",
  "predicted_action": [
    -0.0013271585282157647,
    -0.004956759999780139,
    0.00885264085715307,
    -0.012910765384926637,
    -0.0014504625534310367,
    -0.04842065355240138,
    -0.02352941176470591
  ],
  "ground_truth_action": [
    -0.0011366568505764008,
    -0.000717853254172951,
    -0.005875869188457727,
    -0.014277318492531776,
    0.01038695964962244,
    0.0114319222047925,
    1.0
  ],
  "action_token_ids": [
    31877,
    31886,
    31865,
    31893,
    31863,
    31901,
    31875
  ],
  "mse_per_dim": [
    3.629088918341213e-08,
    1.7968330397954118e-05,
    0.00021692900816365815,
    1.8674673959052642e-06,
    0.00014012456441334344,
    0.0035823308247706328,
    1.0476124567474048
  ],
  "mse_mean": 0.15022453046191936,
  "mse_spatial": 0.0006598760810051129,
  "mse_gripper": 1.0476124567474048,
  "mse_per_dim_names": [
    "x",
    "y",
    "z",
    "roll",
    "pitch",
    "yaw",
    "gripper"
  ],
  "grounding": {
    "nouns": [
      "object",
      "pot"
    ],
    "num_boxes": 2,
    "num_patches": 56,
    "patch_coverage": 0.21875
  }
}