{
  "episode_id": 4,
  "step_id": 38,
  "instruction": "",
  "condition": "spin_k16",
  "condition_desc": "SPIN(k=16,a=0.05)",
  "predicted_action": [
    0.003370000537704001,
    0.0008709167697849851,
    0.0057347375439370275,
    0.011355815311272777,
    0.011946831589235957,
    -0.06776223043717594,
    0.06274509803921569
  ],
  "ground_truth_action": [
    0.006295850034803152,
    -0.005792688112705946,
    -0.00014472680049948394,
    -0.004212057683616877,
    0.015346209518611431,
    -0.056288428604602814,
    0.99541836977005
  ],
  "action_token_ids": [
    31856,
    31868,
    31877,
    31855,
    31843,
    31913,
    31864
  ],
  "mse_per_dim": [
    8.560595279675356e-06,
    4.440363002995698e-05,
    3.456810097750026e-05,
    0.00024235866958501455,
    1.1555770306725087e-05,
    0.00013164812849315847,
    0.8698794318010988
  ],
  "mse_mean": 0.12433607524225299,
  "mse_spatial": 7.884914911200511e-05,
  "mse_gripper": 0.8698794318010988,
  "mse_per_dim_names": [
    "x",
    "y",
    "z",
    "roll",
    "pitch",
    "yaw",
    "gripper"
  ],
  "grounding": {
    "nouns": [],
    "num_boxes": 0,
    "num_patches": 0,
    "patch_coverage": 0.0
  }
}