{
  "episode_id": 4,
  "step_id": 32,
  "instruction": "",
  "condition": "spin_k16",
  "condition_desc": "SPIN(k=16,a=0.05)",
  "predicted_action": [
    -0.005800643352901248,
    -0.005280519820311531,
    0.0062543880961397035,
    -0.009079200011842509,
    -0.019536809646031453,
    0.012827673249384858,
    -0.14901960784313728
  ],
  "ground_truth_action": [
    0.00825287401676178,
    -0.004170064348727465,
    -0.003956763073801994,
    -0.004075138363987207,
    -0.0027979828882962465,
    0.0761113241314888,
    1.0
  ],
  "action_token_ids": [
    31897,
    31887,
    31875,
    31887,
    31890,
    31863,
    31891
  ],
  "mse_per_dim": [
    0.00019750135045942043,
    1.233111354370992e-06,
    0.0001042676082154017,
    2.5040632975536312e-05,
    0.0002801883212254721,
    0.004004820468968015,
    1.3202460592079968
  ],
  "mse_mean": 0.18926558724302783,
  "mse_spatial": 0.0007688419155330361,
  "mse_gripper": 1.3202460592079968,
  "mse_per_dim_names": [
    "x",
    "y",
    "z",
    "roll",
    "pitch",
    "yaw",
    "gripper"
  ],
  "grounding": {
    "nouns": [],
    "num_boxes": 0,
    "num_patches": 0,
    "patch_coverage": 0.0
  }
}