{
  "episode_id": 1,
  "step_id": 34,
  "instruction": "put the blue cube on the right side of the table on top of the rectangular block",
  "condition": "spin_k16",
  "condition_desc": "SPIN(k=16,a=0.05)",
  "predicted_action": [
    -0.0053532948704327,
    0.009288672103601285,
    -0.0015403701869003972,
    -0.004609040409911044,
    -0.01283816257469797,
    -0.053256047773594994,
    -0.0784313725490196
  ],
  "ground_truth_action": [
    -0.003557072952389717,
    0.003081246977671981,
    -0.001824194216169417,
    -0.00781189976260066,
    0.021761920303106308,
    0.015589144080877304,
    0.5382170081138611
  ],
  "action_token_ids": [
    31895,
    31842,
    31905,
    31880,
    31880,
    31904,
    31882
  ],
  "mse_per_dim": [
    3.2264131788580112e-06,
    3.853212669401844e-05,
    8.055607959050136e-08,
    1.0258308033111346e-05,
    0.0011971657351509248,
    0.004739660441479099,
    0.38025522537415296
  ],
  "mse_mean": 0.05517773556496693,
  "mse_spatial": 0.0009981539301026003,
  "mse_gripper": 0.38025522537415296,
  "mse_per_dim_names": [
    "x",
    "y",
    "z",
    "roll",
    "pitch",
    "yaw",
    "gripper"
  ],
  "grounding": {
    "nouns": [
      "cube",
      "side",
      "table",
      "top",
      "block"
    ],
    "num_boxes": 2,
    "num_patches": 256,
    "patch_coverage": 1.0
  }
}