{
  "episode_id": 7,
  "step_id": 5,
  "instruction": "Move the blue fork to the lower right burner",
  "condition": "spin_k16",
  "condition_desc": "SPIN(k=16,a=0.05)",
  "predicted_action": [
    0.0006859096428927063,
    0.005727314077755924,
    0.011450893618166435,
    -0.0078020115541478086,
    0.017975613953436095,
    -0.050032451626132596,
    -0.0862745098039216
  ],
  "ground_truth_action": [
    0.005386976059526205,
    -0.004599890671670437,
    -0.0062157888896763325,
    -0.002376678166911006,
    -0.022989822551608086,
    -0.014497370459139347,
    1.0
  ],
  "action_token_ids": [
    31868,
    31853,
    31855,
    31885,
    31834,
    31902,
    31883
  ],
  "mse_per_dim": [
    2.2100025453599323e-05,
    0.00010665115793657439,
    0.0003121116708329176,
    2.9434242362666357e-05,
    0.0016781669880488064,
    0.0012627419935447982,
    1.1799923106497503
  ],
  "mse_mean": 0.1690576452468471,
  "mse_spatial": 0.000568534346363227,
  "mse_gripper": 1.1799923106497503,
  "mse_per_dim_names": [
    "x",
    "y",
    "z",
    "roll",
    "pitch",
    "yaw",
    "gripper"
  ],
  "grounding": {
    "nouns": [
      "fork",
      "burner"
    ],
    "num_boxes": 3,
    "num_patches": 180,
    "patch_coverage": 0.703125
  }
}