{
  "episode_id": 6,
  "step_id": 37,
  "instruction": "Picked the piece of chocolate and put it into the drawer",
  "condition": "spin_k16",
  "condition_desc": "SPIN(k=16,a=0.05)",
  "predicted_action": [
    0.005159394467578193,
    -0.0013954019739347845,
    0.000798057298011634,
    -0.022489678817636923,
    -0.017527215524631407,
    -0.03391447088882041,
    0.039215686274509776
  ],
  "ground_truth_action": [
    -0.0027503983583301306,
    -0.0036295251920819283,
    -0.00588178401812911,
    0.003461227985098958,
    0.011520368047058582,
    -0.025915401056408882,
    0.0
  ],
  "action_token_ids": [
    31848,
    31875,
    31896,
    31908,
    31887,
    31892,
    31867
  ],
  "mse_per_dim": [
    6.256482254879078e-05,
    4.99130655386415e-06,
    4.4620280008820915e-05,
    0.0006734495638842834,
    0.0008437621113543141,
    6.398511818379616e-05,
    0.0015378700499807745
  ],
  "mse_mean": 0.0004616061789306634,
  "mse_spatial": 0.00028222886708897824,
  "mse_gripper": 0.0015378700499807745,
  "mse_per_dim_names": [
    "x",
    "y",
    "z",
    "roll",
    "pitch",
    "yaw",
    "gripper"
  ],
  "grounding": {
    "nouns": [
      "piece",
      "chocolate",
      "it",
      "drawer"
    ],
    "num_boxes": 1,
    "num_patches": 25,
    "patch_coverage": 0.09765625
  }
}