{
  "episode_id": 4,
  "step_id": 42,
  "instruction": "",
  "condition": "spin_k16",
  "condition_desc": "SPIN(k=16,a=0.05)",
  "predicted_action": [
    -0.005576969111666975,
    -0.002690441256060362,
    0.007813339752747724,
    -0.020573896131094865,
    -0.024225862595964903,
    0.009604077101922431,
    -0.10196078431372552
  ],
  "ground_truth_action": [
    -0.0019126413390040398,
    -3.6040688428329304e-05,
    0.00020570431661326438,
    -0.006443488877266645,
    0.005890730768442154,
    0.03319069743156433,
    1.0
  ],
  "action_token_ids": [
    31896,
    31879,
    31869,
    31905,
    31897,
    31865,
    31885
  ],
  "mse_per_dim": [
    1.3427298025508911e-05,
    7.045842373445258e-06,
    5.787611692912875e-05,
    0.0001996684091590412,
    0.0009070091958770472,
    0.0005563286585746766,
    1.2143175701653213
  ],
  "mse_mean": 0.17372270366946574,
  "mse_spatial": 0.00029022592015647464,
  "mse_gripper": 1.2143175701653213,
  "mse_per_dim_names": [
    "x",
    "y",
    "z",
    "roll",
    "pitch",
    "yaw",
    "gripper"
  ],
  "grounding": {
    "nouns": [],
    "num_boxes": 0,
    "num_patches": 0,
    "patch_coverage": 0.0
  }
}