{
  "model": "tracevla-phi3v",
  "phase": 2.5,
  "n_samples": 20,
  "n_layers": 32,
  "deep_layers": [
    22,
    23,
    24,
    25,
    26,
    27,
    28,
    29,
    30,
    31
  ],
  "boundaries": {
    "vision_start": 0,
    "vision_end": 313,
    "text_start": 313,
    "text_end": 336,
    "total_seq_len": 336,
    "num_vision_tokens": 313,
    "num_text_tokens": 336,
    "pre_image_tokens": 0,
    "text_query_ranges": [
      [
        313,
        336
      ]
    ]
  },
  "layer_analysis": {
    "22": {
      "dominant_type": "normal",
      "frequency": 1.0,
      "a_peak": {
        "abs_t": 0,
        "token_type": "vision",
        "a_share": 0.12383563816547394,
        "c_share": 0.12963396310806274,
        "sink_score": -0.045759640634059906,
        "vision_j": 0,
        "token_str": "<s>",
        "phi": 33.48797607421875
      },
      "c_peak": {
        "abs_t": 1,
        "token_type": "vision",
        "a_share": 0.12334159016609192,
        "c_share": 0.1391199678182602,
        "sink_score": -0.12037895619869232,
        "vision_j": 1,
        "token_str": "<|user|>",
        "phi": 33.63070297241211
      },
      "r_peak": {
        "abs_t": 3,
        "token_type": "vision",
        "a_share": 0.00011234374687774107,
        "c_share": 3.1759464036440477e-06,
        "sink_score": 3.56595778465271,
        "vision_j": 3,
        "token_str": "",
        "phi": 27.760595321655273
      },
      "a_c_match": false,
      "a_c_match_rate": 0.45,
      "mean_entropy": 2.3328336834907533,
      "mean_top1_share": 0.13466511070728301,
      "mean_mismatch": 0.061145611107349396
    },
    "23": {
      "dominant_type": "normal",
      "frequency": 1.0,
      "a_peak": {
        "abs_t": 0,
        "token_type": "vision",
        "a_share": 0.12504278123378754,
        "c_share": 0.13065356016159058,
        "sink_score": -0.043893322348594666,
        "vision_j": 0,
        "token_str": "<s>",
        "phi": 33.48799133300781
      },
      "c_peak": {
        "abs_t": 1,
        "token_type": "vision",
        "a_share": 0.12428223341703415,
        "c_share": 0.1399514377117157,
        "sink_score": -0.11874043196439743,
        "vision_j": 1,
        "token_str": "<|user|>",
        "phi": 33.63072967529297
      },
      "r_peak": {
        "abs_t": 3,
        "token_type": "vision",
        "a_share": 0.00029958589584566653,
        "c_share": 8.332507604791317e-06,
        "sink_score": 3.5822367668151855,
        "vision_j": 3,
        "token_str": "",
        "phi": 28.929302215576172
      },
      "a_c_match": false,
      "a_c_match_rate": 0.35,
      "mean_entropy": 2.349870431423187,
      "mean_top1_share": 0.13444440588355064,
      "mean_mismatch": 0.06848957128822804
    },
    "24": {
      "dominant_type": "normal",
      "frequency": 1.0,
      "a_peak": {
        "abs_t": 0,
        "token_type": "vision",
        "a_share": 0.1276468187570572,
        "c_share": 0.13114610314369202,
        "sink_score": -0.02704475075006485,
        "vision_j": 0,
        "token_str": "<s>",
        "phi": 33.488006591796875
      },
      "c_peak": {
        "abs_t": 1,
        "token_type": "vision",
        "a_share": 0.12636516988277435,
        "c_share": 0.14011844992637634,
        "sink_score": -0.10331224650144577,
        "vision_j": 1,
        "token_str": "<|user|>",
        "phi": 33.63078689575195
      },
      "r_peak": {
        "abs_t": 3,
        "token_type": "vision",
        "a_share": 0.00015559853636659682,
        "c_share": 3.697773991007125e-06,
        "sink_score": 3.7395482063293457,
        "vision_j": 3,
        "token_str": "",
        "phi": 33.5194091796875
      },
      "a_c_match": false,
      "a_c_match_rate": 0.4,
      "mean_entropy": 2.298384356498718,
      "mean_top1_share": 0.13671087324619294,
      "mean_mismatch": 0.0687584538012743
    },
    "25": {
      "dominant_type": "normal",
      "frequency": 1.0,
      "a_peak": {
        "abs_t": 0,
        "token_type": "vision",
        "a_share": 0.11955559998750687,
        "c_share": 0.13320116698741913,
        "sink_score": -0.1080789640545845,
        "vision_j": 0,
        "token_str": "<s>",
        "phi": 33.4880485534668
      },
      "c_peak": {
        "abs_t": 1,
        "token_type": "vision",
        "a_share": 0.11817656457424164,
        "c_share": 0.14194972813129425,
        "sink_score": -0.1832931637763977,
        "vision_j": 1,
        "token_str": "<|user|>",
        "phi": 33.63079833984375
      },
      "r_peak": {
        "abs_t": 3,
        "token_type": "vision",
        "a_share": 0.000509930367115885,
        "c_share": 1.3283198313729372e-05,
        "sink_score": 3.6477742195129395,
        "vision_j": 3,
        "token_str": "",
        "phi": 34.20178985595703
      },
      "a_c_match": false,
      "a_c_match_rate": 0.05,
      "mean_entropy": 2.2533209800720213,
      "mean_top1_share": 0.14009992629289628,
      "mean_mismatch": 0.06944313440471887
    },
    "26": {
      "dominant_type": "normal",
      "frequency": 1.0,
      "a_peak": {
        "abs_t": 0,
        "token_type": "vision",
        "a_share": 0.13049641251564026,
        "c_share": 0.13799376785755157,
        "sink_score": -0.05586279556155205,
        "vision_j": 0,
        "token_str": "<s>",
        "phi": 33.487953186035156
      },
      "c_peak": {
        "abs_t": 1,
        "token_type": "vision",
        "a_share": 0.12760688364505768,
        "c_share": 0.14545725286006927,
        "sink_score": -0.1309279203414917,
        "vision_j": 1,
        "token_str": "<|user|>",
        "phi": 33.63068771362305
      },
      "r_peak": {
        "abs_t": 3,
        "token_type": "vision",
        "a_share": 0.0002687493397388607,
        "c_share": 9.088300430448726e-06,
        "sink_score": 3.386791229248047,
        "vision_j": 3,
        "token_str": "",
        "phi": 34.57727813720703
      },
      "a_c_match": false,
      "a_c_match_rate": 0.15,
      "mean_entropy": 2.3010189056396486,
      "mean_top1_share": 0.14085981920361518,
      "mean_mismatch": 0.06024283245205879
    },
    "27": {
      "dominant_type": "normal",
      "frequency": 1.0,
      "a_peak": {
        "abs_t": 0,
        "token_type": "vision",
        "a_share": 0.11922720819711685,
        "c_share": 0.13509856164455414,
        "sink_score": -0.1249735876917839,
        "vision_j": 0,
        "token_str": "<s>",
        "phi": 33.45180892944336
      },
      "c_peak": {
        "abs_t": 1,
        "token_type": "vision",
        "a_share": 0.11716723442077637,
        "c_share": 0.14319713413715363,
        "sink_score": -0.20062001049518585,
        "vision_j": 1,
        "token_str": "<|user|>",
        "phi": 33.679412841796875
      },
      "r_peak": {
        "abs_t": 155,
        "token_type": "vision",
        "a_share": 9.468143957747088e-08,
        "c_share": 1.890593237519056e-09,
        "sink_score": 3.9136273860931396,
        "vision_j": 155,
        "token_str": "<unk>",
        "phi": 23.283252716064453
      },
      "a_c_match": false,
      "a_c_match_rate": 0.0,
      "mean_entropy": 2.237305748462677,
      "mean_top1_share": 0.14239269718527794,
      "mean_mismatch": 0.08331243544816971
    },
    "28": {
      "dominant_type": "normal",
      "frequency": 1.0,
      "a_peak": {
        "abs_t": 0,
        "token_type": "vision",
        "a_share": 0.14416909217834473,
        "c_share": 0.142271026968956,
        "sink_score": 0.013252979144454002,
        "vision_j": 0,
        "token_str": "<s>",
        "phi": 33.459442138671875
      },
      "c_peak": {
        "abs_t": 1,
        "token_type": "vision",
        "a_share": 0.14051078259944916,
        "c_share": 0.14962416887283325,
        "sink_score": -0.06284235417842865,
        "vision_j": 1,
        "token_str": "<|user|>",
        "phi": 33.76929473876953
      },
      "r_peak": {
        "abs_t": 159,
        "token_type": "vision",