{
  "episode_id": 3,
  "step_id": 19,
  "instruction": "put the rectangle block on top of the red arch and yellow block",
  "condition": "ind5_resid",
  "condition_desc": "resid(\u03b1=1.5)",
  "predicted_action": [
    -0.0017745070106843092,
    0.008317392642007093,
    0.002097183678518317,
    0.01327159799781484,
    0.0018988609822357116,
    0.0015450867332663376,
    -0.01568627450980392
  ],
  "ground_truth_action": [
    0.006672902964055538,
    0.03057280369102955,
    0.014929651282727718,
    -0.036701276898384094,
    -0.03780693933367729,
    0.25438278913497925,
    0.0
  ],
  "action_token_ids": [
    31879,
    31845,
    31891,
    31852,
    31858,
    31870,
    31874
  ],
  "mse_per_dim": [
    7.135873528133426e-05,
    0.0004953033209609507,
    0.00016467222481308377,
    0.0024972882253911496,
    0.0015765505787271573,
    0.06392690375577713,
    0.00024605920799692423
  ],
  "mse_mean": 0.00985401943556396,
  "mse_spatial": 0.011455346140158466,
  "mse_gripper": 0.00024605920799692423,
  "mse_per_dim_names": [
    "x",
    "y",
    "z",
    "roll",
    "pitch",
    "yaw",
    "gripper"
  ],
  "grounding": {
    "nouns": [
      "block",
      "top"
    ],
    "num_boxes": 3,
    "num_patches": 22,
    "patch_coverage": 0.0859375
  }
}