{
  "episode_id": 9,
  "step_id": 4,
  "instruction": "Move the can in the middle bottom of the table",
  "condition": "ind5_resid",
  "condition_desc": "resid(\u03b1=1.5)",
  "predicted_action": [
    -0.004234923664261325,
    -0.01628835371837899,
    -0.0018001954630017317,
    0.010717221082425427,
    0.00792764334643585,
    -0.05809144199478866,
    -0.4
  ],
  "ground_truth_action": [
    -0.006486942525953054,
    -0.019025003537535667,
    0.0007258533150888979,
    -0.020097097381949425,
    0.0018136324360966682,
    -0.04556237533688545,
    1.0
  ],
  "action_token_ids": [
    31890,
    31921,
    31906,
    31856,
    31849,
    31907,
    31923
  ],
  "mse_per_dim": [
    5.0715889534153146e-06,
    7.489252232690274e-06,
    6.380922429293163e-06,
    0.0009495222224239129,
    3.738112941174656e-05,
    0.0001569775113181819,
    1.9599999999999997
  ],
  "mse_mean": 0.2801661175181099,
  "mse_spatial": 0.00019380377112820671,
  "mse_gripper": 1.9599999999999997,
  "mse_per_dim_names": [
    "x",
    "y",
    "z",
    "roll",
    "pitch",
    "yaw",
    "gripper"
  ],
  "grounding": {
    "nouns": [
      "can",
      "bottom",
      "table"
    ],
    "num_boxes": 1,
    "num_patches": 224,
    "patch_coverage": 0.875
  }
}