{
  "episode_id": 3,
  "step_id": 47,
  "instruction": "put the rectangle block on top of the red arch and yellow block",
  "condition": "ind5_resid",
  "condition_desc": "resid(\u03b1=1.5)",
  "predicted_action": [
    0.002251629331532626,
    -0.0023666814355289695,
    0.0005382320219102961,
    -0.029514215334957808,
    0.015296155124902691,
    -6.671134046487559e-05,
    -0.1098039215686275
  ],
  "ground_truth_action": [
    -0.0017996757524088025,
    0.0009471753146499395,
    -0.006344854366034269,
    -0.046633824706077576,
    0.013783560134470463,
    0.014711728319525719,
    1.0
  ],
  "action_token_ids": [
    31861,
    31878,
    31897,
    31919,
    31838,
    31871,
    31886
  ],
  "mse_per_dim": [
    1.6413072883169664e-05,
    1.098164656070632e-05,
    4.737687822390776e-05,
    0.0002930810250197318,
    2.287943605080673e-06,
    0.0002184022787839829,
    1.2316647443291042
  ],
  "mse_mean": 0.17603618388202583,
  "mse_spatial": 9.809047417942984e-05,
  "mse_gripper": 1.2316647443291042,
  "mse_per_dim_names": [
    "x",
    "y",
    "z",
    "roll",
    "pitch",
    "yaw",
    "gripper"
  ],
  "grounding": {
    "nouns": [
      "block",
      "top"
    ],
    "num_boxes": 4,
    "num_patches": 210,
    "patch_coverage": 0.8203125
  }
}