{
  "episode_id": 2,
  "step_id": 43,
  "instruction": "put the red object into the pot",
  "condition": "ind5_resid",
  "condition_desc": "resid(\u03b1=1.5)",
  "predicted_action": [
    -0.00020878732204438963,
    -0.00042412251234059256,
    -0.004138622947913766,
    0.017103163370898955,
    0.0025687256893690558,
    -0.07420942273210082,
    0.12549019607843137
  ],
  "ground_truth_action": [
    0.0003222422383259982,
    -0.0009122692281380296,
    -0.012070759199559689,
    0.0345541276037693,
    -0.004158706869930029,
    -0.005816127639263868,
    1.0
  ],
  "action_token_ids": [
    31872,
    31872,
    31915,
    31846,
    31857,
    31917,
    31856
  ],
  "mse_per_dim": [
    2.8199239398716735e-07,
    2.3828721614382374e-07,
    6.291878551467542e-05,
    0.00030453615265692014,
    4.5258348839917435e-05,
    0.004677642813655875,
    0.7647673971549405
  ],
  "mse_mean": 0.109979753362174,
  "mse_spatial": 0.0008484793967129199,
  "mse_gripper": 0.7647673971549405,
  "mse_per_dim_names": [
    "x",
    "y",
    "z",
    "roll",
    "pitch",
    "yaw",
    "gripper"
  ],
  "grounding": {
    "nouns": [
      "object",
      "pot"
    ],
    "num_boxes": 2,
    "num_patches": 56,
    "patch_coverage": 0.21875
  }
}