{
  "episode_id": 0,
  "step_id": 4,
  "instruction": "put small spoon from basket to tray",
  "condition": "ind5_resid",
  "condition_desc": "resid(\u03b1=1.5)",
  "predicted_action": [
    0.004041023261406821,
    0.009612431924132685,
    0.008073165028849059,
    0.020934728743983083,
    -0.00814910962476452,
    -0.14996393219746798,
    -0.1333333333333333
  ],
  "ground_truth_action": [
    0.003466653171926737,
    0.010028623975813389,
    -0.01222209632396698,
    0.006159089505672455,
    -0.03621684014797211,
    0.05901636183261871,
    1.0
  ],
  "action_token_ids": [
    31853,
    31841,
    31868,
    31840,
    31873,
    31964,
    31889
  ],
  "mse_per_dim": [
    3.299009996893599e-07,
    1.732158238821939e-07,
    0.0004118976333791083,
    0.0002183195149007047,
    0.0007877974967233989,
    0.04367276329290149,
    1.2844444444444443
  ],
  "mse_mean": 0.18993367507131037,
  "mse_spatial": 0.007515213509121379,
  "mse_gripper": 1.2844444444444443,
  "mse_per_dim_names": [
    "x",
    "y",
    "z",
    "roll",
    "pitch",
    "yaw",
    "gripper"
  ],
  "grounding": {
    "nouns": [
      "spoon",
      "basket"
    ],
    "num_boxes": 5,
    "num_patches": 179,
    "patch_coverage": 0.69921875
  }
}