{
  "episode_id": 3,
  "step_id": 14,
  "instruction": "put the rectangle block on top of the red arch and yellow block",
  "condition": "ind5_resid",
  "condition_desc": "resid(\u03b1=1.5)",
  "predicted_action": [
    -0.014300264519803674,
    0.0079936328214757,
    -0.009335128469940498,
    0.017103163370898955,
    0.0360619610460365,
    0.016051269396847284,
    0.32156862745098036
  ],
  "ground_truth_action": [
    -4.433291906025261e-05,
    -9.405865421285853e-05,
    -0.002528238110244274,
    0.001823432627134025,
    0.00574529031291604,
    0.0014701448380947113,
    0.3023200035095215
  ],
  "action_token_ids": [
    31935,
    31846,
    31935,
    31846,
    31807,
    31861,
    31831
  ],
  "mse_per_dim": [
    0.0002032315858050749,
    6.541075340592539e-05,
    4.633375636892538e-05,
    0.00023347017160195517,
    0.0009191005243404424,
    0.0002126091933978574,
    0.0003705095236397038
  ],
  "mse_mean": 0.0002929522155085549,
  "mse_spatial": 0.00028002599748669675,
  "mse_gripper": 0.0003705095236397038,
  "mse_per_dim_names": [
    "x",
    "y",
    "z",
    "roll",
    "pitch",
    "yaw",
    "gripper"
  ],
  "grounding": {
    "nouns": [
      "block",
      "top"
    ],
    "num_boxes": 4,
    "num_patches": 36,
    "patch_coverage": 0.140625
  }
}