{
  "episode_id": 0,
  "step_id": 17,
  "instruction": "put small spoon from basket to tray",
  "condition": "ind5_resid",
  "condition_desc": "resid(\u03b1=1.5)",
  "predicted_action": [
    -0.011839847866226657,
    -0.020173471564755747,
    0.01716704969239585,
    -0.010994982698384559,
    -0.008818974331897864,
    0.07568779812490231,
    -0.01568627450980392
  ],
  "ground_truth_action": [
    0.016243165358901024,
    -0.027687691152095795,
    -0.0025551500730216503,
    -0.1549290418624878,
    0.0016407300718128681,
    0.060231104493141174,
    0.0
  ],
  "action_token_ids": [
    31924,
    31933,
    31833,
    31890,
    31874,
    31824,
    31874
  ],
  "mse_per_dim": [
    0.0007886556318026962,
    5.646349600676483e-05,
    0.00038896516358703407,
    0.02071701338745557,
    0.00010940541621300567,
    0.00023890937802612528,
    0.00024605920799692423
  ],
  "mse_mean": 0.0032207816687268745,
  "mse_spatial": 0.0037165687455151994,
  "mse_gripper": 0.00024605920799692423,
  "mse_per_dim_names": [
    "x",
    "y",
    "z",
    "roll",
    "pitch",
    "yaw",
    "gripper"
  ],
  "grounding": {
    "nouns": [
      "spoon",
      "basket"
    ],
    "num_boxes": 3,
    "num_patches": 111,
    "patch_coverage": 0.43359375
  }
}