{
  "episode_id": 9,
  "step_id": 19,
  "instruction": "Move the can in the middle bottom of the table",
  "condition": "ind5_resid",
  "condition_desc": "resid(\u03b1=1.5)",
  "predicted_action": [
    0.00135693236659553,
    0.01835394707848037,
    0.01924565190120654,
    -0.022489678817636923,
    -0.0007805978462976926,
    -0.02907907666762677,
    0.32156862745098036
  ],
  "ground_truth_action": [
    0.00980442389845848,
    0.008692334406077862,
    0.026029322296380997,
    -0.03140782192349434,
    -0.06810685247182846,
    0.04893117770552635,
    1.0
  ],
  "action_token_ids": [
    31865,
    31814,
    31825,
    31908,
    31862,
    31889,
    31831
  ],
  "mse_per_dim": [
    7.136011318089626e-05,
    9.334675943152874e-05,
    4.6018184030366384e-05,
    7.953327645655216e-05,
    0.004532824561901803,
    0.006085599787364056,
    0.4602691272587467
  ],
  "mse_mean": 0.06731111570587313,
  "mse_spatial": 0.0018181137803942003,
  "mse_gripper": 0.4602691272587467,
  "mse_per_dim_names": [
    "x",
    "y",
    "z",
    "roll",
    "pitch",
    "yaw",
    "gripper"
  ],
  "grounding": {
    "nouns": [
      "can",
      "bottom",
      "table"
    ],
    "num_boxes": 1,
    "num_patches": 224,
    "patch_coverage": 0.875
  }
}