{
  "episode_id": 9,
  "step_id": 24,
  "instruction": "Move the can in the middle bottom of the table",
  "condition": "sam_var_bgsup_gripex",
  "condition_desc": "VAR(p=0.6,rho=0.5) + bg_sup(g=0.85) + gripex + SAM2",
  "predicted_action": [
    -0.00020878732204438963,
    -0.00042412251234059256,
    1.8581469707623643e-05,
    0.0004997134208677839,
    -0.006809380210497831,
    -0.006513903635389756,
    -0.02352941176470591
  ],
  "ground_truth_action": [
    0.0,
    0.0,
    0.0,
    0.0,
    0.0,
    0.0,
    1.0
  ],
  "action_token_ids": [
    31872,
    31872,
    31899,
    31872,
    31871,
    31875,
    31875
  ],
  "mse_per_dim": [
    4.3592145846467666e-08,
    1.7987990547409609e-07,
    3.452710164953351e-10,
    2.4971350299538296e-07,
    4.6367658851119487e-05,
    4.2430940571143884e-05,
    1.0476124567474048
  ],
  "mse_mean": 0.14967167555395036,
  "mse_spatial": 1.4878688374599302e-05,
  "mse_gripper": 1.0476124567474048,
  "mse_per_dim_names": [
    "x",
    "y",
    "z",
    "roll",
    "pitch",
    "yaw",
    "gripper"
  ],
  "grounding": {
    "nouns": [
      "can",
      "table"
    ],
    "num_boxes": 0,
    "num_patches": 0,
    "patch_coverage": 0.0,
    "segmentation": "sam2"
  }
}