{
  "episode_id": 4,
  "step_id": 21,
  "instruction": "",
  "condition": "sam_var_bgsup_gripex",
  "condition_desc": "VAR(p=0.6,rho=0.5) + bg_sup(g=0.85) + gripex + SAM2",
  "predicted_action": [
    -0.01631333269091214,
    -0.011755716230939451,
    0.0005382320219102961,
    -0.03717734608112604,
    0.024674261024769578,
    0.04184003857654672,
    -0.01568627450980392
  ],
  "ground_truth_action": [
    -0.012109857983887196,
    -0.010657655075192451,
    0.0006333351484499872,
    -0.009528773836791515,
    0.018628690391778946,
    -0.2182658165693283,
    0.005099327769130468
  ],
  "action_token_ids": [
    31944,
    31907,
    31897,
    31931,
    31824,
    31845,
    31874
  ],
  "mse_per_dim": [
    1.766919961259844e-05,
    1.2057383017604362e-06,
    9.044604677624494e-09,
    0.0007644435471501857,
    3.6548924278478755e-05,
    0.06765505588116692,
    0.0004320412620980425
  ],
  "mse_mean": 0.009843853371030381,
  "mse_spatial": 0.011412488722519104,
  "mse_gripper": 0.0004320412620980425,
  "mse_per_dim_names": [
    "x",
    "y",
    "z",
    "roll",
    "pitch",
    "yaw",
    "gripper"
  ],
  "grounding": {
    "nouns": [],
    "num_boxes": 0,
    "num_patches": 0,
    "patch_coverage": 0.0,
    "segmentation": "sam2"
  }
}