{
  "episode_id": 6,
  "step_id": 41,
  "instruction": "Picked the piece of chocolate and put it into the drawer",
  "condition": "sam_var_bgsup_gripex",
  "condition_desc": "VAR(p=0.6,rho=0.5) + bg_sup(g=0.85) + gripex + SAM2",
  "predicted_action": [
    0.0009095838841269785,
    -0.006251799281905716,
    0.016127748587990497,
    -0.028237026877263108,
    -0.026905321424498307,
    -0.01779649015150825,
    0.05490196078431375
  ],
  "ground_truth_action": [
    -0.005307305604219437,
    -0.0004815154825337231,
    0.01591058447957039,
    0.018880343064665794,
    -0.001457113423384726,
    -0.022740211337804794,
    1.0
  ],
  "action_token_ids": [
    31867,
    31890,
    31837,
    31917,
    31901,
    31882,
    31865
  ],
  "mse_per_dim": [
    3.864971491031215e-05,
    3.329617512529489e-05,
    4.716024998590066e-08,
    0.0022200465502445854,
    0.0006476112904679413,
    2.4440379167837325e-05,
    0.8932103037293349
  ],
  "mse_mean": 0.12802491357135726,
  "mse_spatial": 0.0004940152116943261,
  "mse_gripper": 0.8932103037293349,
  "mse_per_dim_names": [
    "x",
    "y",
    "z",
    "roll",
    "pitch",
    "yaw",
    "gripper"
  ],
  "grounding": {
    "nouns": [
      "chocolate",
      "drawer"
    ],
    "num_boxes": 0,
    "num_patches": 0,
    "patch_coverage": 0.0,
    "segmentation": "sam2"
  }
}