{
  "episode_id": 0,
  "step_id": 26,
  "instruction": "put small spoon from basket to tray",
  "condition": "sam_var_bgsup_gripex",
  "condition_desc": "VAR(p=0.6,rho=0.5) + bg_sup(g=0.85) + gripex + SAM2",
  "predicted_action": [
    1.4886919189882608e-05,
    -0.005280519820311531,
    -0.0020600207391030696,
    -0.004609040409911044,
    -0.004129921381964441,
    0.022498461691772165,
    0.06274509803921569
  ],
  "ground_truth_action": [
    0.0,
    0.0,
    0.0,
    0.0,
    0.0,
    0.0,
    1.0
  ],
  "action_token_ids": [
    31871,
    31887,
    31907,
    31880,
    31867,
    31857,
    31864
  ],
  "mse_per_dim": [
    2.2162036296609505e-10,
    2.788388957270293e-05,
    4.2436854455347575e-06,
    2.1243253500192968e-05,
    1.7056250621207077e-05,
    0.0005061807784961396,
    0.8784467512495194
  ],
  "mse_mean": 0.1255747656183965,
  "mse_spatial": 9.610134654269003e-05,
  "mse_gripper": 0.8784467512495194,
  "mse_per_dim_names": [
    "x",
    "y",
    "z",
    "roll",
    "pitch",
    "yaw",
    "gripper"
  ],
  "grounding": {
    "nouns": [
      "spoon",
      "basket"
    ],
    "num_boxes": 2,
    "num_patches": 80,
    "patch_coverage": 0.3125,
    "segmentation": "sam2"
  }
}