{
  "episode_id": 9,
  "step_id": 3,
  "instruction": "Move the can in the middle bottom of the table",
  "condition": "sam_var_bgsup_gripex",
  "condition_desc": "VAR(p=0.6,rho=0.5) + bg_sup(g=0.85) + gripex + SAM2",
  "predicted_action": [
    -0.004234923664261325,
    -0.01628835371837899,
    -0.003878797671812425,
    0.010717221082425427,
    0.00792764334643585,
    -0.05809144199478866,
    -0.4
  ],
  "ground_truth_action": [
    -0.005643543321639299,
    -0.012397440150380135,
    0.003833636175841093,
    -0.015388637781143188,
    -0.012116828933358192,
    -0.04686913639307022,
    1.0
  ],
  "action_token_ids": [
    31890,
    31921,
    31914,
    31856,
    31849,
    31907,
    31923
  ],
  "mse_per_dim": [
    1.984209339151643e-06,
    1.5139208393637586e-05,
    5.948163585443165e-05,
    0.000681515867004564,
    0.0004017808689754318,
    0.0001259401430183611,
    1.9599999999999997
  ],
  "mse_mean": 0.28018369170465507,
  "mse_spatial": 0.000214306988764263,
  "mse_gripper": 1.9599999999999997,
  "mse_per_dim_names": [
    "x",
    "y",
    "z",
    "roll",
    "pitch",
    "yaw",
    "gripper"
  ],
  "grounding": {
    "nouns": [
      "can",
      "table"
    ],
    "num_boxes": 0,
    "num_patches": 0,
    "patch_coverage": 0.0,
    "segmentation": "sam2"
  }
}