{
  "episode_id": 2,
  "step_id": 38,
  "instruction": "put the red object into the pot",
  "condition": "sam_var_bgsup_gripex",
  "condition_desc": "VAR(p=0.6,rho=0.5) + bg_sup(g=0.85) + gripex + SAM2",
  "predicted_action": [
    0.00717246263868666,
    0.004432274795630346,
    0.019765302453409208,
    -0.018019519215705465,
    -0.053699909709832266,
    0.0015450867332663376,
    0.996078431372549
  ],
  "ground_truth_action": [
    0.01146026886999607,
    0.025844303891062737,
    0.054335638880729675,
    -0.021120771765708923,
    -0.09169220924377441,
    0.07778025418519974,
    1.0
  ],
  "action_token_ids": [
    31839,
    31857,
    31823,
    31901,
    31941,
    31870,
    31744
  ],
  "mse_per_dim": [
    1.838528227725581e-05,
    0.00045847498998364324,
    0.0011951081606981202,
    9.617767378902953e-06,
    0.0014434148238767807,
    0.005811800756424326,
    1.5378700499807656e-05
  ],
  "mse_mean": 0.0012788829258769765,
  "mse_spatial": 0.0014894669634398382,
  "mse_gripper": 1.5378700499807656e-05,
  "mse_per_dim_names": [
    "x",
    "y",
    "z",
    "roll",
    "pitch",
    "yaw",
    "gripper"
  ],
  "grounding": {
    "nouns": [
      "object",
      "pot"
    ],
    "num_boxes": 2,
    "num_patches": 20,
    "patch_coverage": 0.078125,
    "segmentation": "sam2"
  }
}