{
  "episode_id": 1,
  "step_id": 31,
  "instruction": "put the blue cube on the right side of the table on top of the rectangular block",
  "condition": "sam_var_bgsup_gripex",
  "condition_desc": "VAR(p=0.6,rho=0.5) + bg_sup(g=0.85) + gripex + SAM2",
  "predicted_action": [
    -0.0011034842869814855,
    -0.0017191617944661772,
    -0.003099321843508418,
    0.006885655709341312,
    0.015296155124902691,
    -0.016184692077777035,
    -0.27450980392156865
  ],
  "ground_truth_action": [
    -0.00019291325588710606,
    0.003568192245438695,
    0.006431797053664923,
    -0.0182883869856596,
    -0.0019159050425514579,
    0.025415675714612007,
    0.0
  ],
  "action_token_ids": [
    31876,
    31876,
    31911,
    31862,
    31838,
    31881,
    31907
  ],
  "mse_per_dim": [
    8.291396026682814e-07,
    2.795611274329837e-05,
    9.084222743205475e-05,
    0.0006337324256097288,
    0.00029625501520806174,
    0.0017305906004620396,
    0.07535563244905807
  ],
  "mse_mean": 0.01116226256715942,
  "mse_spatial": 0.0004633675868429752,
  "mse_gripper": 0.07535563244905807,
  "mse_per_dim_names": [
    "x",
    "y",
    "z",
    "roll",
    "pitch",
    "yaw",
    "gripper"
  ],
  "grounding": {
    "nouns": [
      "cube",
      "table",
      "block"
    ],
    "num_boxes": 1,
    "num_patches": 5,
    "patch_coverage": 0.01953125,
    "segmentation": "sam2"
  }
}