{
  "episode_id": 12,
  "step_id": 29,
  "instruction": "",
  "condition": "sam_var_bgsup_gripex",
  "condition_desc": "VAR(p=0.6,rho=0.5) + bg_sup(g=0.85) + gripex + SAM2",
  "predicted_action": [
    -0.010050453936352462,
    -0.02761994743697785,
    -0.0033591471196097525,
    -0.008440605782995159,
    -0.052360180295565564,
    0.1466069133690758,
    -0.33725490196078434
  ],
  "ground_truth_action": [
    0.007983598858118057,
    0.0024397424422204494,
    -0.019722184166312218,
    -0.002690795576199889,
    0.004097088240087032,
    -0.004077187739312649,
    0.0021927226334810257
  ],
  "action_token_ids": [
    31916,
    31956,
    31912,
    31886,
    31939,
    31780,
    31915
  ],
  "mse_per_dim": [
    0.0003252270601937499,
    0.0009035849556335766,
    0.00026774898139175735,
    3.306031741416706e-05,
    0.003187423170506789,
    0.022705698326843035,
    0.11522468984268931
  ],
  "mse_mean": 0.020378204664953197,
  "mse_spatial": 0.004570457135330512,
  "mse_gripper": 0.11522468984268931,
  "mse_per_dim_names": [
    "x",
    "y",
    "z",
    "roll",
    "pitch",
    "yaw",
    "gripper"
  ],
  "grounding": {
    "nouns": [],
    "num_boxes": 0,
    "num_patches": 0,
    "patch_coverage": 0.0,
    "segmentation": "sam2"
  }
}