{
  "episode_id": 15,
  "step_id": 17,
  "instruction": "sweep into pile",
  "condition": "sam_var_bgsup_gripex",
  "condition_desc": "VAR(p=0.6,rho=0.5) + bg_sup(g=0.85) + gripex + SAM2",
  "predicted_action": [
    0.002475303572766905,
    -0.03377138402707437,
    -0.0121932065070552,
    -0.025044055733026337,
    0.01060710217496924,
    0.06440521160878379,
    -0.41568627450980394
  ],
  "ground_truth_action": [
    -0.0006173898582346737,
    -0.011776482686400414,
    -0.012775602750480175,
    -0.05292679741978645,
    0.040515124797821045,
    0.0974847599864006,
    0.0
  ],
  "action_token_ids": [
    31860,
    31975,
    31946,
    31912,
    31845,
    31831,
    31925
  ],
  "mse_per_dim": [
    9.564752658160317e-06,
    0.0004837756849859811,
    3.3918538435552307e-07,
    0.0007774472839705904,
    0.0008944898172090153,
    0.001094256520867091,
    0.17279507881584008
  ],
  "mse_mean": 0.02515070743727361,
  "mse_spatial": 0.0005433122075125322,
  "mse_gripper": 0.17279507881584008,
  "mse_per_dim_names": [
    "x",
    "y",
    "z",
    "roll",
    "pitch",
    "yaw",
    "gripper"
  ],
  "grounding": {
    "nouns": [
      "pile"
    ],
    "num_boxes": 0,
    "num_patches": 0,
    "patch_coverage": 0.0,
    "segmentation": "sam2"
  }
}