{
  "episode_id": 14,
  "step_id": 7,
  "instruction": "move the silver pot to the lower right burner",
  "condition": "sam_var_bgsup_gripex",
  "condition_desc": "VAR(p=0.6,rho=0.5) + bg_sup(g=0.85) + gripex + SAM2",
  "predicted_action": [
    -0.002445529734387133,
    0.0008709167697849851,
    -0.013492332887561886,
    -0.0058862288676057445,
    0.00591804922503579,
    0.07568779812490231,
    -0.9647058823529412
  ],
  "ground_truth_action": [
    0.008137921802699566,
    -0.0015589133836328983,
    -0.006497031543403864,
    -0.008106213994324207,
    0.0441843718290329,
    -0.08958621323108673,
    1.0
  ],
  "action_token_ids": [
    31882,
    31868,
    31951,
    31882,
    31852,
    31824,
    31995
  ],
  "mse_per_dim": [
    0.00011200944643786281,
    5.904074574458775e-06,
    4.8934240895579034e-05,
    4.928333962851189e-06,
    0.00146431144563318,
    0.027315498829699594,
    3.8600692041522495
  ],
  "mse_mean": 0.5555743986462075,
  "mse_spatial": 0.004825264395200588,
  "mse_gripper": 3.8600692041522495,
  "mse_per_dim_names": [
    "x",
    "y",
    "z",
    "roll",
    "pitch",
    "yaw",
    "gripper"
  ],
  "grounding": {
    "nouns": [
      "pot",
      "burner"
    ],
    "num_boxes": 1,
    "num_patches": 46,
    "patch_coverage": 0.1796875,
    "segmentation": "sam2"
  }
}