{
  "episode_id": 11,
  "step_id": 20,
  "instruction": "bmbfbbfgjjg",
  "condition": "sam_var_bgsup_gripex",
  "condition_desc": "VAR(p=0.6,rho=0.5) + bg_sup(g=0.85) + gripex + SAM2",
  "predicted_action": [
    0.00046223540165843055,
    -0.00010036269180919988,
    -0.0005010690824950523,
    -0.0173809249868581,
    -0.004799786089097785,
    -0.006513903635389756,
    0.0
  ],
  "ground_truth_action": [
    -0.00026085684658028185,
    0.0009012447553686798,
    -0.0028946639504283667,
    -0.008674024604260921,
    0.0006933514960110188,
    -0.0064017814584076405,
    0.3352870047092438
  ],
  "action_token_ids": [
    31869,
    31871,
    31901,
    31900,
    31868,
    31875,
    31872
  ],
  "mse_per_dim": [
    5.228623994629157e-07,
    1.003217478242189e-06,
    5.729296391796701e-06,
    7.581011427247092e-05,
    3.017456052893498e-05,
    1.2571382571208872e-08,
    0.11241737552689646
  ],
  "mse_mean": 0.016075804021335707,
  "mse_spatial": 1.8875437075579818e-05,
  "mse_gripper": 0.11241737552689646,
  "mse_per_dim_names": [
    "x",
    "y",
    "z",
    "roll",
    "pitch",
    "yaw",
    "gripper"
  ],
  "grounding": {
    "nouns": [],
    "num_boxes": 0,
    "num_patches": 0,
    "patch_coverage": 0.0,
    "segmentation": "sam2"
  }
}