{
  "episode_id": 13,
  "step_id": 48,
  "instruction": "",
  "condition": "sam_var_bgsup_gripex",
  "condition_desc": "VAR(p=0.6,rho=0.5) + bg_sup(g=0.85) + gripex + SAM2",
  "predicted_action": [
    -0.004905946387964152,
    -0.011431956410408051,
    0.012750019998673121,
    0.015825974913204255,
    0.004578319810769102,
    -0.04358525933120769,
    -0.07058823529411762
  ],
  "ground_truth_action": [
    0.002121418248862028,
    0.0035980651155114174,
    0.0015894056996330619,
    -0.0036554124671965837,
    -0.013861361891031265,
    0.0535862110555172,
    0.9971508979797363
  ],
  "action_token_ids": [
    31893,
    31906,
    31850,
    31848,
    31854,
    31898,
    31881
  ],
  "mse_per_dim": [
    4.9383853738915146e-05,
    0.0002259015470696026,
    0.00012455931153193742,
    0.00037952445426524104,
    0.0003400218612637113,
    0.009442294657118152,
    1.1400668567244008
  ],
  "mse_mean": 0.16437550605848403,
  "mse_spatial": 0.0017602809474979266,
  "mse_gripper": 1.1400668567244008,
  "mse_per_dim_names": [
    "x",
    "y",
    "z",
    "roll",
    "pitch",
    "yaw",
    "gripper"
  ],
  "grounding": {
    "nouns": [],
    "num_boxes": 0,
    "num_patches": 0,
    "patch_coverage": 0.0,
    "segmentation": "sam2"
  }
}