{
  "episode_id": 15,
  "step_id": 88,
  "instruction": "sweep into pile",
  "condition": "sam_var_bgsup_gripex",
  "condition_desc": "VAR(p=0.6,rho=0.5) + bg_sup(g=0.85) + gripex + SAM2",
  "predicted_action": [
    -0.013405567554866576,
    0.015116348873166409,
    0.008332990304950393,
    0.002415496107409834,
    0.07759357288830414,
    0.20301984594966835,
    0.9254901960784314
  ],
  "ground_truth_action": [
    0.0,
    0.0,
    0.0,
    0.0,
    0.0,
    0.0,
    1.0
  ],
  "action_token_ids": [
    31931,
    31824,
    31867,
    31869,
    31744,
    31744,
    31754
  ],
  "mse_per_dim": [
    0.00017970924146809144,
    0.00022850400325527935,
    6.943872742239724e-05,
    5.834621444912061e-06,
    0.006020762553572567,
    0.041217057849427065,
    0.005551710880430597
  ],
  "mse_mean": 0.007610431125288702,
  "mse_spatial": 0.007953551166098386,
  "mse_gripper": 0.005551710880430597,
  "mse_per_dim_names": [
    "x",
    "y",
    "z",
    "roll",
    "pitch",
    "yaw",
    "gripper"
  ],
  "grounding": {
    "nouns": [
      "pile"
    ],
    "num_boxes": 1,
    "num_patches": 8,
    "patch_coverage": 0.03125,
    "segmentation": "sam2"
  }
}