{
  "episode_id": 10,
  "step_id": 6,
  "instruction": "end effector reaching pot or pan",
  "condition": "sam_var_bgsup_gripex",
  "condition_desc": "VAR(p=0.6,rho=0.5) + bg_sup(g=0.85) + gripex + SAM2",
  "predicted_action": [
    -0.0013271585282157647,
    -0.011431956410408051,
    0.001837358402416979,
    0.014548786455509555,
    0.00792764334643585,
    0.009604077101922431,
    0.996078431372549
  ],
  "ground_truth_action": [
    0.006522532552480698,
    -0.009501723572611809,
    0.0028329025954008102,
    0.001264457474462688,
    -0.001489754649810493,
    0.01001728605479002,
    1.0
  ],
  "action_token_ids": [
    31877,
    31906,
    31892,
    31850,
    31849,
    31865,
    31744
  ],
  "mse_per_dim": [
    6.16176500623656e-05,
    3.7257988081069357e-06,
    9.91108240183828e-07,
    0.0001764733964766817,
    8.868738501970465e-05,
    1.7074163872992907e-07,
    1.5378700499807656e-05
  ],
  "mse_mean": 4.9577825820797186e-05,
  "mse_spatial": 5.5277680040962106e-05,
  "mse_gripper": 1.5378700499807656e-05,
  "mse_per_dim_names": [
    "x",
    "y",
    "z",
    "roll",
    "pitch",
    "yaw",
    "gripper"
  ],
  "grounding": {
    "nouns": [
      "pot"
    ],
    "num_boxes": 1,
    "num_patches": 14,
    "patch_coverage": 0.0546875,
    "segmentation": "sam2"
  }
}