{
  "episode_id": 19,
  "step_id": 31,
  "instruction": "",
  "condition": "sam_var_bgsup_gripex",
  "condition_desc": "VAR(p=0.6,rho=0.5) + bg_sup(g=0.85) + gripex + SAM2",
  "predicted_action": [
    0.008514508086092307,
    -0.004956759999780139,
    0.014828622207483818,
    -0.0071634173253004585,
    -0.04030261556716527,
    -0.012961095930314609,
    0.0
  ],
  "ground_truth_action": [
    -0.008144439198076725,
    -0.001913712010718882,
    -0.016168659552931786,
    -0.006297593005001545,
    -0.01283189281821251,
    -0.19658075273036957,
    0.006987512577325106
  ],
  "action_token_ids": [
    31833,
    31886,
    31842,
    31884,
    31921,
    31879,
    31872
  ],
  "mse_per_dim": [
    0.0002775205246167228,
    9.260141063729758e-06,
    0.0009608314765345939,
    7.496517536210756e-07,
    0.0007546406083498309,
    0.03371617836336997,
    4.882533201827654e-05
  ],
  "mse_mean": 0.00510971515681525,
  "mse_spatial": 0.005953196794281412,
  "mse_gripper": 4.882533201827654e-05,
  "mse_per_dim_names": [
    "x",
    "y",
    "z",
    "roll",
    "pitch",
    "yaw",
    "gripper"
  ],
  "grounding": {
    "nouns": [],
    "num_boxes": 0,
    "num_patches": 0,
    "patch_coverage": 0.0,
    "segmentation": "sam2"
  }
}