{
  "episode_id": 29,
  "step_id": 1,
  "instruction": "",
  "condition": "sam_var_bgsup_gripex",
  "condition_desc": "VAR(p=0.6,rho=0.5) + bg_sup(g=0.85) + gripex + SAM2",
  "predicted_action": [
    -0.0008798100457472133,
    0.00022339712872219974,
    -0.0020600207391030696,
    0.001138307649715134,
    -0.004799786089097785,
    -0.006513903635389756,
    0.996078431372549
  ],
  "ground_truth_action": [
    -0.009715200401842594,
    0.020930999889969826,
    0.011035299859941006,
    0.057301171123981476,
    -0.03115447424352169,
    0.017856422811746597,
    1.0
  ],
  "action_token_ids": [
    31875,
    31870,
    31907,
    31871,
    31868,
    31875,
    31744
  ],
  "mse_per_dim": [
    7.806412274458326e-05,
    0.00042880481211763033,
    0.0001714874215917481,
    0.0031542672336290806,
    0.0006945695877169317,
    0.0005939128111399936,
    1.5378700499807656e-05
  ],
  "mse_mean": 0.000733783527062825,
  "mse_spatial": 0.000853517664823328,
  "mse_gripper": 1.5378700499807656e-05,
  "mse_per_dim_names": [
    "x",
    "y",
    "z",
    "roll",
    "pitch",
    "yaw",
    "gripper"
  ],
  "grounding": {
    "nouns": [],
    "num_boxes": 0,
    "num_patches": 0,
    "patch_coverage": 0.0,
    "segmentation": "sam2"
  }
}