{
  "episode_id": 24,
  "step_id": 44,
  "instruction": "",
  "condition": "sam_var_bgsup_gripex",
  "condition_desc": "VAR(p=0.6,rho=0.5) + bg_sup(g=0.85) + gripex + SAM2",
  "predicted_action": [
    0.004712045985109648,
    -0.0007478823328719852,
    -0.0072565262611298045,
    -0.0007774750368269162,
    -0.023555997888831545,
    -0.032302672815089195,
    0.996078431372549
  ],
  "ground_truth_action": [
    0.005519464146345854,
    0.0018070812802761793,
    0.005457229912281036,
    0.005408992990851402,
    0.0178935918956995,
    -0.007440666668117046,
    0.9976351261138916
  ],
  "action_token_ids": [
    31850,
    31873,
    31927,
    31874,
    31896,
    31891,
    31744
  ],
  "mse_per_dim": [
    6.519240870940554e-07,
    6.527839064511124e-06,
    0.00016163959603694226,
    3.827238665748607e-05,
    0.0017180684933059004,
    0.0006181193496520809,
    2.4232985177236048e-06
  ],
  "mse_mean": 0.0003636718410459627,
  "mse_spatial": 0.0004238799314673358,
  "mse_gripper": 2.4232985177236048e-06,
  "mse_per_dim_names": [
    "x",
    "y",
    "z",
    "roll",
    "pitch",
    "yaw",
    "gripper"
  ],
  "grounding": {
    "nouns": [],
    "num_boxes": 0,
    "num_patches": 0,
    "patch_coverage": 0.0,
    "segmentation": "sam2"
  }
}