{
  "episode_id": 27,
  "step_id": 14,
  "instruction": "sweep into pile",
  "condition": "sam_var_bgsup_gripex",
  "condition_desc": "VAR(p=0.6,rho=0.5) + bg_sup(g=0.85) + gripex + SAM2",
  "predicted_action": [
    0.0015806066078298056,
    -0.00010036269180919988,
    1.8581469707623643e-05,
    -0.015465142300316037,
    0.011276966882102613,
    -0.006513903635389756,
    0.0
  ],
  "ground_truth_action": [
    0.0017765474040061235,
    0.016660097986459732,
    0.01618051715195179,
    -0.006892615929245949,
    -0.028956273570656776,
    0.023261437192559242,
    0.0
  ],
  "action_token_ids": [
    31864,
    31871,
    31899,
    31897,
    31844,
    31875,
    31872
  ],
  "mse_per_dim": [
    3.8392795606209366e-08,
    0.00028091304214779907,
    0.0002612081649969972,
    7.34882083826921e-05,
    0.0016187136373295545,
    0.0008865709214205265,
    0.0
  ],
  "mse_mean": 0.00044584748101045367,
  "mse_spatial": 0.0005201553945121959,
  "mse_gripper": 0.0,
  "mse_per_dim_names": [
    "x",
    "y",
    "z",
    "roll",
    "pitch",
    "yaw",
    "gripper"
  ],
  "grounding": {
    "nouns": [
      "pile"
    ],
    "num_boxes": 1,
    "num_patches": 26,
    "patch_coverage": 0.1015625,
    "segmentation": "sam2"
  }
}