{
  "episode_id": 29,
  "step_id": 15,
  "instruction": "",
  "condition": "sam_var_bgsup_gripex",
  "condition_desc": "VAR(p=0.6,rho=0.5) + bg_sup(g=0.85) + gripex + SAM2",
  "predicted_action": [
    0.0038173490201725453,
    0.0024897158724419693,
    1.8581469707623643e-05,
    -0.003970446181063694,
    -0.01283816257469797,
    0.004768682880728764,
    0.0
  ],
  "ground_truth_action": [
    0.02245168574154377,
    0.010241457261145115,
    0.010095307603478432,
    0.017821092158555984,
    -0.021849442273378372,
    0.01761740632355213,
    0.0
  ],
  "action_token_ids": [
    31854,
    31863,
    31899,
    31879,
    31880,
    31868,
    31872
  ],
  "mse_per_dim": [
    0.0003472385050454441,
    6.008949455733337e-05,
    0.00010154040957501958,
    0.0004748711432071144,
    8.120316180784956e-05,
    0.00016508969411015877,
    0.0
  ],
  "mse_mean": 0.0001757189154718457,
  "mse_spatial": 0.00020500540138382,
  "mse_gripper": 0.0,
  "mse_per_dim_names": [
    "x",
    "y",
    "z",
    "roll",
    "pitch",
    "yaw",
    "gripper"
  ],
  "grounding": {
    "nouns": [],
    "num_boxes": 0,
    "num_patches": 0,
    "patch_coverage": 0.0,
    "segmentation": "sam2"
  }
}