{
  "episode_id": 28,
  "step_id": 9,
  "instruction": "Move the bowl closer to the bottom right of the table.",
  "condition": "sam_var_bgsup_gripex",
  "condition_desc": "VAR(p=0.6,rho=0.5) + bg_sup(g=0.85) + gripex + SAM2",
  "predicted_action": [
    -0.001998181251918585,
    -0.0017191617944661772,
    -0.010114604298244505,
    0.008801438395883376,
    0.011946831589235957,
    -6.671134046487559e-05,
    -0.10196078431372552
  ],
  "ground_truth_action": [
    -0.0009168970864266157,
    0.0013274425873532891,
    0.0030879874248057604,
    -0.009846912696957588,
    0.003955596126616001,
    -0.004930728115141392,
    0.0
  ],
  "action_token_ids": [
    31880,
    31876,
    31938,
    31859,
    31843,
    31871,
    31885
  ],
  "mse_per_dim": [
    1.1691754465436641e-06,
    9.281798259321572e-06,
    0.00017430842820555538,
    0.0003477609984818628,
    6.385984421903478e-05,
    2.3658659184334538e-05,
    0.010396001537870056
  ],
  "mse_mean": 0.001573720063095244,
  "mse_spatial": 0.00010333981729944212,
  "mse_gripper": 0.010396001537870056,
  "mse_per_dim_names": [
    "x",
    "y",
    "z",
    "roll",
    "pitch",
    "yaw",
    "gripper"
  ],
  "grounding": {
    "nouns": [
      "bowl",
      "table"
    ],
    "num_boxes": 1,
    "num_patches": 11,
    "patch_coverage": 0.04296875,
    "segmentation": "sam2"
  }
}