{
  "episode_id": 4,
  "step_id": 41,
  "instruction": "",
  "condition": "var_obj_gripex",
  "condition_desc": "VAR(p=0.6,rho=0.5) + obj_redirect + gripex",
  "predicted_action": [
    -0.001550832769450037,
    0.002813475692973362,
    -0.0023198460152044076,
    0.010717221082425427,
    -0.014847756696098016,
    0.024110259765503378,
    0.996078431372549
  ],
  "ground_truth_action": [
    -0.0029171528294682503,
    -0.005203993059694767,
    0.002844739705324173,
    0.008410029113292694,
    0.0016046894015744328,
    0.06483737379312515,
    0.9992904663085938
  ],
  "action_token_ids": [
    31878,
    31862,
    31908,
    31856,
    31883,
    31856,
    31744
  ],
  "mse_per_dim": [
    1.8668305064081741e-06,
    6.427980520000984e-05,
    2.667294566468772e-05,
    5.323134782430576e-06,
    0.0002706829825968174,
    0.0016586978170189063,
    1.0317168430371787e-05
  ],
  "mse_mean": 0.00029112009774280454,
  "mse_spatial": 0.00033792058596154336,
  "mse_gripper": 1.0317168430371787e-05,
  "mse_per_dim_names": [
    "x",
    "y",
    "z",
    "roll",
    "pitch",
    "yaw",
    "gripper"
  ],
  "grounding": {
    "nouns": [],
    "num_boxes": 0,
    "num_patches": 0,
    "patch_coverage": 0.0
  }
}