{
  "episode_id": 2,
  "step_id": 13,
  "instruction": "put the red object into the pot",
  "condition": "var_obj_gripex",
  "condition_desc": "VAR(p=0.6,rho=0.5) + obj_redirect + gripex",
  "predicted_action": [
    1.4886919189882608e-05,
    -0.0023666814355289695,
    -0.0020600207391030696,
    0.0004997134208677839,
    0.004578319810769102,
    -0.008125701709120942,
    0.039215686274509776
  ],
  "ground_truth_action": [
    -0.00066737289307639,
    -0.0016495123272761703,
    -0.0047786422073841095,
    -0.02053970843553543,
    0.00851176306605339,
    0.013687916100025177,
    1.0
  ],
  "action_token_ids": [
    31871,
    31878,
    31907,
    31872,
    31854,
    31876,
    31867
  ],
  "mse_per_dim": [
    4.6547845143360956e-07,
    5.143315298321152e-07,
    7.390902687798557e-06,
    0.0004426572720516973,
    1.5471975842541462e-05,
    0.0004758339219234967,
    0.9231064975009612
  ],
  "mse_mean": 0.13200697591192115,
  "mse_spatial": 0.0001570556470811333,
  "mse_gripper": 0.9231064975009612,
  "mse_per_dim_names": [
    "x",
    "y",
    "z",
    "roll",
    "pitch",
    "yaw",
    "gripper"
  ],
  "grounding": {
    "nouns": [
      "object",
      "pot"
    ],
    "num_boxes": 2,
    "num_patches": 56,
    "patch_coverage": 0.21875
  }
}