{
  "episode_id": 6,
  "step_id": 35,
  "instruction": "Picked the piece of chocolate and put it into the drawer",
  "condition": "var_obj_gripex",
  "condition_desc": "VAR(p=0.6,rho=0.5) + obj_redirect + gripex",
  "predicted_action": [
    0.0044883717438753655,
    -0.004633000179248746,
    -0.0012805449107990592,
    -0.0033318519522163442,
    -0.0014504625534310367,
    -0.008125701709120942,
    -0.03921568627450983
  ],
  "ground_truth_action": [
    0.0055108340457081795,
    -0.004294675774872303,
    -0.0070902020670473576,
    0.036686208099126816,
    0.012249672785401344,
    -0.030924037098884583,
    0.0
  ],
  "action_token_ids": [
    31851,
    31885,
    31904,
    31878,
    31863,
    31876,
    31877
  ],
  "mse_per_dim": [
    1.0454291586692565e-06,
    1.1446340259667493e-07,
    3.375211627314707e-05,
    0.0016014451302729072,
    0.00018769370830232384,
    0.0005197640965441492,
    0.0015378700499807788
  ],
  "mse_mean": 0.0005545264277049389,
  "mse_spatial": 0.0003906358239922989,
  "mse_gripper": 0.0015378700499807788,
  "mse_per_dim_names": [
    "x",
    "y",
    "z",
    "roll",
    "pitch",
    "yaw",
    "gripper"
  ],
  "grounding": {
    "nouns": [
      "piece",
      "chocolate",
      "it",
      "drawer"
    ],
    "num_boxes": 0,
    "num_patches": 0,
    "patch_coverage": 0.0
  }
}