{
  "episode_id": 5,
  "step_id": 21,
  "instruction": "take broccoli out of pan",
  "condition": "var_obj_gripex",
  "condition_desc": "VAR(p=0.6,rho=0.5) + obj_redirect + gripex",
  "predicted_action": [
    0.0006859096428927063,
    -0.0023666814355289695,
    -0.003878797671812425,
    -0.025044055733026337,
    -0.021546403767431513,
    -6.671134046487559e-05,
    -0.07058823529411762
  ],
  "ground_truth_action": [
    -0.005879540462046862,
    0.0014935544459149241,
    -0.022402869537472725,
    -0.0296296589076519,
    -0.0024550016969442368,
    0.004829951096326113,
    0.0
  ],
  "action_token_ids": [
    31868,
    31878,
    31914,
    31912,
    31893,
    31871,
    31881
  ],
  "mse_per_dim": [
    4.3105135080450983e-05,
    1.4901421060386914e-05,
    0.00034314123848414746,
    2.1027756475136056e-05,
    0.00036448163301700583,
    2.397730301987986e-05,
    0.0049826989619377125
  ],
  "mse_mean": 0.0008276190641535314,
  "mse_spatial": 0.00013510574785616784,
  "mse_gripper": 0.0049826989619377125,
  "mse_per_dim_names": [
    "x",
    "y",
    "z",
    "roll",
    "pitch",
    "yaw",
    "gripper"
  ],
  "grounding": {
    "nouns": [
      "broccoli",
      "pan"
    ],
    "num_boxes": 3,
    "num_patches": 37,
    "patch_coverage": 0.14453125
  }
}