{
  "episode_id": 5,
  "step_id": 15,
  "instruction": "take broccoli out of pan",
  "condition": "sam_var_obj_gripex",
  "condition_desc": "VAR(p=0.6,rho=0.5) + obj_redirect + gripex + SAM2",
  "predicted_action": [
    -0.00043246156327866186,
    -0.00010036269180919988,
    0.0002784067458089616,
    0.0036926845651045342,
    0.0012289962751023675,
    0.0063804809544599494,
    0.0
  ],
  "ground_truth_action": [
    0.0010200238320976496,
    -0.0007171431789174676,
    0.002986511215567589,
    0.0007214187644422054,
    0.005390487145632505,
    -0.001812266418710351,
    0.0
  ],
  "action_token_ids": [
    31873,
    31871,
    31898,
    31867,
    31859,
    31867,
    31872
  ],
  "mse_per_dim": [
    2.10971382378148e-06,
    3.80418169277512e-07,
    7.333829819126655e-06,
    8.82842045818555e-06,
    1.7318006265505685e-05,
    6.712110952058886e-05,
    0.0
  ],
  "mse_mean": 1.472735686520939e-05,
  "mse_spatial": 1.718191634274429e-05,
  "mse_gripper": 0.0,
  "mse_per_dim_names": [
    "x",
    "y",
    "z",
    "roll",
    "pitch",
    "yaw",
    "gripper"
  ],
  "grounding": {
    "nouns": [
      "broccoli",
      "pan"
    ],
    "num_boxes": 1,
    "num_patches": 10,
    "patch_coverage": 0.0390625,
    "segmentation": "sam2"
  }
}