{
  "episode_id": 3,
  "step_id": 32,
  "instruction": "put the rectangle block on top of the red arch and yellow block",
  "condition": "sam_var_obj_gripex",
  "condition_desc": "VAR(p=0.6,rho=0.5) + obj_redirect + gripex + SAM2",
  "predicted_action": [
    -0.0035639009405585044,
    0.0034609953340361613,
    -0.0012805449107990592,
    0.034983801778624854,
    -0.004129921381964441,
    0.007992279028191218,
    0.0
  ],
  "ground_truth_action": [
    -0.005138207692652941,
    0.0007339056464843452,
    0.005194670520722866,
    0.03200884163379669,
    0.01599741168320179,
    -0.008892601355910301,
    0.0
  ],
  "action_token_ids": [
    31887,
    31860,
    31904,
    31818,
    31867,
    31866,
    31872
  ],
  "mse_per_dim": [
    2.4784417496901332e-06,
    7.437018163951462e-06,
    4.192841488461967e-05,
    8.850387863315999e-06,
    0.0004051095363161339,
    0.00028509918558541626,
    0.0
  ],
  "mse_mean": 0.00010727185493758962,
  "mse_spatial": 0.00012515049742718788,
  "mse_gripper": 0.0,
  "mse_per_dim_names": [
    "x",
    "y",
    "z",
    "roll",
    "pitch",
    "yaw",
    "gripper"
  ],
  "grounding": {
    "nouns": [
      "block"
    ],
    "num_boxes": 1,
    "num_patches": 21,
    "patch_coverage": 0.08203125,
    "segmentation": "sam2"
  }
}