{
  "episode_id": 6,
  "step_id": 32,
  "instruction": "Picked the piece of chocolate and put it into the drawer",
  "condition": "sam_var_obj_gripex",
  "condition_desc": "VAR(p=0.6,rho=0.5) + obj_redirect + gripex + SAM2",
  "predicted_action": [
    0.00023856116042415831,
    0.0034609953340361613,
    -0.0012805449107990592,
    0.017741757599746305,
    -0.008818974331897864,
    0.009604077101922431,
    -0.04705882352941182
  ],
  "ground_truth_action": [
    0.012096177786588669,
    0.004900447558611631,
    -0.006095828488469124,
    0.0005843647522851825,
    0.006472439039498568,
    0.018033964559435844,
    0.0
  ],
  "action_token_ids": [
    31870,
    31860,
    31904,
    31845,
    31874,
    31865,
    31878
  ],
  "mse_per_dim": [
    0.00014060307205309303,
    2.0720227068352696e-06,
    2.318695593337902e-05,
    0.0002943761293221101,
    0.00023382732289492156,
    7.106300254634196e-05,
    0.0022145328719723233
  ],
  "mse_mean": 0.00042566591106128635,
  "mse_spatial": 0.00012752141757611349,
  "mse_gripper": 0.0022145328719723233,
  "mse_per_dim_names": [
    "x",
    "y",
    "z",
    "roll",
    "pitch",
    "yaw",
    "gripper"
  ],
  "grounding": {
    "nouns": [
      "chocolate",
      "drawer"
    ],
    "num_boxes": 0,
    "num_patches": 0,
    "patch_coverage": 0.0,
    "segmentation": "sam2"
  }
}