{
  "episode_id": 15,
  "step_id": 11,
  "instruction": "sweep into pile",
  "condition": "sam_var_obj_gripex",
  "condition_desc": "VAR(p=0.6,rho=0.5) + obj_redirect + gripex + SAM2",
  "predicted_action": [
    -0.0013271585282157647,
    0.0015184364108477844,
    0.000798057298011634,
    0.003054090336257184,
    0.004578319810769102,
    0.01927486554430974,
    0.1333333333333333
  ],
  "ground_truth_action": [
    -0.0004138262593187392,
    -0.006148752756416798,
    0.008592571131885052,
    -0.013660133816301823,
    -0.002235485939309001,
    -0.011230895295739174,
    0.0
  ],
  "action_token_ids": [
    31877,
    31866,
    31896,
    31868,
    31854,
    31859,
    31855
  ],
  "mse_per_dim": [
    8.341758334085885e-07,
    5.878578972661935e-05,
    6.075444590644409e-05,
    0.00027936528902198685,
    4.642794879979742e-05,
    0.0009306014444302617,
    0.01777777777777777
  ],
  "mse_mean": 0.0027363638387851844,
  "mse_spatial": 0.000229461515619753,
  "mse_gripper": 0.01777777777777777,
  "mse_per_dim_names": [
    "x",
    "y",
    "z",
    "roll",
    "pitch",
    "yaw",
    "gripper"
  ],
  "grounding": {
    "nouns": [
      "pile"
    ],
    "num_boxes": 0,
    "num_patches": 0,
    "patch_coverage": 0.0,
    "segmentation": "sam2"
  }
}