{
  "episode_id": 15,
  "step_id": 46,
  "instruction": "sweep into pile",
  "condition": "sam_var_obj_gripex",
  "condition_desc": "VAR(p=0.6,rho=0.5) + obj_redirect + gripex + SAM2",
  "predicted_action": [
    -0.001550832769450037,
    0.04069337469514669,
    -0.0010207196346977247,
    0.06052757093251897,
    -0.003460056674831083,
    -0.0016785094141960888,
    0.49411764705882355
  ],
  "ground_truth_action": [
    -0.01253358181566,
    0.07624967396259308,
    -0.010687915608286858,
    0.06520465761423111,
    0.047329239547252655,
    -0.019582606852054596,
    0.0
  ],
  "action_token_ids": [
    31878,
    31744,
    31903,
    31778,
    31866,
    31872,
    31809
  ],
  "mse_per_dim": [
    0.00012062077661202585,
    0.0012642504175962087,
    9.345467799177794e-05,
    2.1875139828249097e-05,
    0.0025795526107345694,
    0.00032055670506433157,
    0.24415224913494812
  ],
  "mse_mean": 0.035507508494682184,
  "mse_spatial": 0.0007333850546378603,
  "mse_gripper": 0.24415224913494812,
  "mse_per_dim_names": [
    "x",
    "y",
    "z",
    "roll",
    "pitch",
    "yaw",
    "gripper"
  ],
  "grounding": {
    "nouns": [
      "pile"
    ],
    "num_boxes": 0,
    "num_patches": 0,
    "patch_coverage": 0.0,
    "segmentation": "sam2"
  }
}