{
  "episode_id": 16,
  "step_id": 1,
  "instruction": "move the pan to the left side of the stove",
  "condition": "sam_var_obj_gripex",
  "condition_desc": "VAR(p=0.6,rho=0.5) + obj_redirect + gripex + SAM2",
  "predicted_action": [
    -0.004458597905495604,
    -0.003985480538185947,
    -0.00699670098502847,
    -0.014826548071468687,
    0.026013990439036266,
    -0.008125701709120942,
    0.10196078431372557
  ],
  "ground_truth_action": [
    0.0036151607055217028,
    -0.03623832017183304,
    -0.0026760713662952185,
    -0.01229572668671608,
    -0.0022478378377854824,
    -0.0739324614405632,
    1.0
  ],
  "action_token_ids": [
    31891,
    31883,
    31926,
    31896,
    31822,
    31876,
    31859
  ],
  "mse_per_dim": [
    6.51855781089761e-05,
    0.0010402456644337567,
    1.8667840302275044e-05,
    6.4050568815211045e-06,
    0.0007987309375485613,
    0.00433052962635177,
    0.8064744329104189
  ],
  "mse_mean": 0.11610488537343511,
  "mse_spatial": 0.0010432941172711435,
  "mse_gripper": 0.8064744329104189,
  "mse_per_dim_names": [
    "x",
    "y",
    "z",
    "roll",
    "pitch",
    "yaw",
    "gripper"
  ],
  "grounding": {
    "nouns": [
      "pan",
      "stove"
    ],
    "num_boxes": 2,
    "num_patches": 44,
    "patch_coverage": 0.171875,
    "segmentation": "sam2"
  }
}