{
  "episode_id": 18,
  "step_id": 45,
  "instruction": "Pick up the blue fork and place it on the left of the pot",
  "condition": "sam_var_obj_gripex",
  "condition_desc": "VAR(p=0.6,rho=0.5) + obj_redirect + gripex + SAM2",
  "predicted_action": [
    0.00135693236659553,
    0.002813475692973362,
    0.007813339752747724,
    0.003054090336257184,
    -0.008818974331897864,
    0.0015450867332663376,
    0.015686274509803866
  ],
  "ground_truth_action": [
    0.004014358390122652,
    -0.002926813904196024,
    0.013428933918476105,
    -0.008810626342892647,
    -0.03442537039518356,
    0.030048390850424767,
    1.0
  ],
  "action_token_ids": [
    31865,
    31862,
    31869,
    31868,
    31874,
    31870,
    31870
  ],
  "mse_per_dim": [
    7.061913070519173e-06,
    3.295092465937107e-05,
    3.153489783416263e-05,
    0.00014077150187649618,
    0.0006556875193498533,
    0.0008124383455952207,
    0.9688735101883892
  ],
  "mse_mean": 0.13865056504153925,
  "mse_spatial": 0.00028007418373093715,
  "mse_gripper": 0.9688735101883892,
  "mse_per_dim_names": [
    "x",
    "y",
    "z",
    "roll",
    "pitch",
    "yaw",
    "gripper"
  ],
  "grounding": {
    "nouns": [
      "fork",
      "pot"
    ],
    "num_boxes": 1,
    "num_patches": 18,
    "patch_coverage": 0.0703125,
    "segmentation": "sam2"
  }
}