{
  "episode_id": 19,
  "step_id": 26,
  "instruction": "",
  "condition": "sam_var_obj_gripex",
  "condition_desc": "VAR(p=0.6,rho=0.5) + obj_redirect + gripex + SAM2",
  "predicted_action": [
    -0.00378757518179278,
    -0.007546838564031308,
    0.0036561353351263343,
    0.001776901878562484,
    -0.04030261556716527,
    -0.12095156687030607,
    0.04705882352941182
  ],
  "ground_truth_action": [
    0.007566249929368496,
    0.0009863375453278422,
    0.009143000468611717,
    0.028698718175292015,
    0.018329789862036705,
    0.1372523456811905,
    -0.0028539008926600218
  ],
  "action_token_ids": [
    31888,
    31894,
    31885,
    31870,
    31921,
    31946,
    31866
  ],
  "mse_per_dim": [
    0.00012890934465483635,
    7.281509451333776e-05,
    3.010568899305757e-05,
    0.0007247841927148518,
    0.0034377589664143136,
    0.06666926045690087,
    0.0024912800592336868
  ],
  "mse_mean": 0.010507844829060708,
  "mse_spatial": 0.011843938957365211,
  "mse_gripper": 0.0024912800592336868,
  "mse_per_dim_names": [
    "x",
    "y",
    "z",
    "roll",
    "pitch",
    "yaw",
    "gripper"
  ],
  "grounding": {
    "nouns": [],
    "num_boxes": 0,
    "num_patches": 0,
    "patch_coverage": 0.0,
    "segmentation": "sam2"
  }
}