{
  "episode_id": 14,
  "step_id": 24,
  "instruction": "move the silver pot to the lower right burner",
  "condition": "sam_var_obj_gripex",
  "condition_desc": "VAR(p=0.6,rho=0.5) + obj_redirect + gripex + SAM2",
  "predicted_action": [
    -0.012958219072398025,
    -0.0017191617944661772,
    0.008073165028849059,
    -0.022489678817636923,
    0.0025687256893690558,
    0.0772995961986335,
    0.2588235294117647
  ],
  "ground_truth_action": [
    -0.011695279739797115,
    -0.005572887137532234,
    0.0034100585617125034,
    -0.0187660101801157,
    0.01056547462940216,
    0.0616225004196167,
    0.0
  ],
  "action_token_ids": [
    31929,
    31876,
    31868,
    31908,
    31857,
    31823,
    31839
  ],
  "mse_per_dim": [
    1.5950157578304314e-06,
    1.4851199019789598e-05,
    2.1744561923850767e-05,
    1.3865708122059159e-05,
    6.394799360992058e-05,
    0.0002457713320644663,
    0.06698961937716261
  ],
  "mse_mean": 0.009621627883951503,
  "mse_spatial": 6.029596841631947e-05,
  "mse_gripper": 0.06698961937716261,
  "mse_per_dim_names": [
    "x",
    "y",
    "z",
    "roll",
    "pitch",
    "yaw",
    "gripper"
  ],
  "grounding": {
    "nouns": [
      "pot",
      "burner"
    ],
    "num_boxes": 2,
    "num_patches": 51,
    "patch_coverage": 0.19921875,
    "segmentation": "sam2"
  }
}