{
  "episode_id": 15,
  "step_id": 74,
  "instruction": "sweep into pile",
  "condition": "sam_var_obj_gripex",
  "condition_desc": "VAR(p=0.6,rho=0.5) + obj_redirect + gripex + SAM2",
  "predicted_action": [
    1.4886919189882608e-05,
    -0.002042921614997577,
    0.0036561353351263343,
    -0.0065248230964530946,
    -0.0007805978462976926,
    0.009604077101922431,
    -0.07058823529411762
  ],
  "ground_truth_action": [
    0.011288315057754517,
    -0.018954714760184288,
    0.011598912999033928,
    -0.002297166036441922,
    -0.0379442498087883,
    -0.07879386842250824,
    0.0
  ],
  "action_token_ids": [
    31871,
    31877,
    31885,
    31883,
    31862,
    31865,
    31881
  ],
  "mse_per_dim": [
    0.00012709018199538087,
    0.0002860087473855842,
    6.308771701826937e-05,
    1.787308421706231e-05,
    0.001381137027189132,
    0.007814196772940213,
    0.0049826989619377125
  ],
  "mse_mean": 0.002096013213240479,
  "mse_spatial": 0.0016148989217909403,
  "mse_gripper": 0.0049826989619377125,
  "mse_per_dim_names": [
    "x",
    "y",
    "z",
    "roll",
    "pitch",
    "yaw",
    "gripper"
  ],
  "grounding": {
    "nouns": [
      "pile"
    ],
    "num_boxes": 0,
    "num_patches": 0,
    "patch_coverage": 0.0,
    "segmentation": "sam2"
  }
}