{
  "episode_id": 11,
  "step_id": 35,
  "instruction": "bmbfbbfgjjg",
  "condition": "sam_var_obj_gripex",
  "condition_desc": "VAR(p=0.6,rho=0.5) + obj_redirect + gripex + SAM2",
  "predicted_action": [
    -0.004682272146729876,
    0.009936191744664077,
    -0.0015403701869003972,
    0.009440032624730726,
    0.0005591315679690234,
    -0.004902105561658515,
    -0.03137254901960784
  ],
  "ground_truth_action": [
    -0.009980002418160439,
    0.011282647028565407,
    0.005799154285341501,
    0.03818928450345993,
    0.04890356957912445,
    -0.00840124674141407,
    1.0
  ],
  "action_token_ids": [
    31892,
    31840,
    31905,
    31858,
    31860,
    31874,
    31876
  ],
  "mse_per_dim": [
    2.8065946028831742e-05,
    1.8129418315458097e-06,
    5.386861947863772e-05,
    0.0008265194835866147,
    0.0023371846866144497,
    1.2243988995861097e-05,
    1.0637293348712031
  ],
  "mse_mean": 0.15242700436253415,
  "mse_spatial": 0.0005432826110893235,
  "mse_gripper": 1.0637293348712031,
  "mse_per_dim_names": [
    "x",
    "y",
    "z",
    "roll",
    "pitch",
    "yaw",
    "gripper"
  ],
  "grounding": {
    "nouns": [],
    "num_boxes": 0,
    "num_patches": 0,
    "patch_coverage": 0.0,
    "segmentation": "sam2"
  }
}