{
  "episode_id": 17,
  "step_id": 9,
  "instruction": "",
  "condition": "sam_var_obj_gripex",
  "condition_desc": "VAR(p=0.6,rho=0.5) + obj_redirect + gripex + SAM2",
  "predicted_action": [
    -0.001550832769450037,
    -0.007546838564031308,
    -0.012712857059257874,
    0.010717221082425427,
    0.03271263751036978,
    -0.03391447088882041,
    0.996078431372549
  ],
  "ground_truth_action": [
    0.009023049846291542,
    -0.010062482208013535,
    -0.00966560561209917,
    -0.014780749566853046,
    -0.010516653768718243,
    -0.04804009571671486,
    1.0
  ],
  "action_token_ids": [
    31878,
    31894,
    31948,
    31856,
    31812,
    31892,
    31744
  ],
  "mse_per_dim": [
    0.00011180699357148197,
    6.328462943508176e-06,
    9.28574138221081e-06,
    0.0006501465072314665,
    0.0018687716244922355,
    0.00019953327677842814,
    1.5378700499807656e-05
  ],
  "mse_mean": 0.000408750186699877,
  "mse_spatial": 0.0004743121010665552,
  "mse_gripper": 1.5378700499807656e-05,
  "mse_per_dim_names": [
    "x",
    "y",
    "z",
    "roll",
    "pitch",
    "yaw",
    "gripper"
  ],
  "grounding": {
    "nouns": [],
    "num_boxes": 0,
    "num_patches": 0,
    "patch_coverage": 0.0,
    "segmentation": "sam2"
  }
}