{
  "episode_id": 13,
  "step_id": 27,
  "instruction": "",
  "condition": "sam_var_obj_gripex",
  "condition_desc": "VAR(p=0.6,rho=0.5) + obj_redirect + gripex + SAM2",
  "predicted_action": [
    0.009632879292263686,
    -0.005604279640842924,
    -0.010374429574345846,
    -0.0020546634945216302,
    0.07759357288830414,
    -0.1531875283449304,
    0.0
  ],
  "ground_truth_action": [
    -0.004095406271517277,
    0.005183826200664043,
    0.0030766483396291733,
    -0.03185509145259857,
    -0.012354335747659206,
    -0.17904101312160492,
    -0.006346140522509813
  ],
  "action_token_ids": [
    31828,
    31888,
    31939,
    31876,
    31744,
    31966,
    31872
  ],
  "mse_per_dim": [
    0.00018846582452071678,
    0.00011638322764755676,
    0.00018093149704782657,
    0.0008880655064845338,
    0.00809062626798361,
    0.0006684026750977407,
    4.0273499531441126e-05
  ],
  "mse_mean": 0.0014533069283304892,
  "mse_spatial": 0.0016888124997969974,
  "mse_gripper": 4.0273499531441126e-05,
  "mse_per_dim_names": [
    "x",
    "y",
    "z",
    "roll",
    "pitch",
    "yaw",
    "gripper"
  ],
  "grounding": {
    "nouns": [],
    "num_boxes": 0,
    "num_patches": 0,
    "patch_coverage": 0.0,
    "segmentation": "sam2"
  }
}