{
  "episode_id": 19,
  "step_id": 1,
  "instruction": "",
  "condition": "sam_var_obj_gripex",
  "condition_desc": "VAR(p=0.6,rho=0.5) + obj_redirect + gripex + SAM2",
  "predicted_action": [
    0.0015806066078298056,
    0.00022339712872219974,
    -0.00985477902214317,
    -0.002693257723368994,
    -0.004129921381964441,
    -0.050032451626132596,
    0.996078431372549
  ],
  "ground_truth_action": [
    0.0025243517011404037,
    0.020422879606485367,
    0.002042943611741066,
    0.01055098045617342,
    -0.04287238046526909,
    -0.5350461006164551,
    0.994089663028717
  ],
  "action_token_ids": [
    31864,
    31870,
    31937,
    31877,
    31867,
    31902,
    31744
  ],
  "mse_per_dim": [
    8.906548011478295e-07,
    0.0004080190923694612,
    0.00014155580387284125,
    0.00017540984495644895,
    0.0015009781358215348,
    0.23523823970690777,
    3.955199525428247e-06
  ],
  "mse_mean": 0.033924149776893515,
  "mse_spatial": 0.0395775155397882,
  "mse_gripper": 3.955199525428247e-06,
  "mse_per_dim_names": [
    "x",
    "y",
    "z",
    "roll",
    "pitch",
    "yaw",
    "gripper"
  ],
  "grounding": {
    "nouns": [],
    "num_boxes": 0,
    "num_patches": 0,
    "patch_coverage": 0.0,
    "segmentation": "sam2"
  }
}