{
  "episode_id": 19,
  "step_id": 42,
  "instruction": "",
  "condition": "sam_var_obj_gripex",
  "condition_desc": "VAR(p=0.6,rho=0.5) + obj_redirect + gripex + SAM2",
  "predicted_action": [
    -0.00378757518179278,
    -0.0023666814355289695,
    -0.007776176813332477,
    -0.011633576927231923,
    0.02735371985330297,
    -6.671134046487559e-05,
    0.996078431372549
  ],
  "ground_truth_action": [
    -0.00589859951287508,
    0.010749575681984425,
    0.00026162693393416703,
    -0.008357529528439045,
    -0.0009318210068158805,
    -0.05352870747447014,
    1.0
  ],
  "action_token_ids": [
    31888,
    31878,
    31929,
    31891,
    31820,
    31871,
    31744
  ],
  "mse_per_dim": [
    4.456423726421472e-06,
    0.00017203620077272077,
    6.46062890795737e-05,
    1.0732486559137581e-05,
    0.000800071821749453,
    0.002858185030632394,
    1.5378700499807656e-05
  ],
  "mse_mean": 0.0005607809932885011,
  "mse_spatial": 0.0006516813754199501,
  "mse_gripper": 1.5378700499807656e-05,
  "mse_per_dim_names": [
    "x",
    "y",
    "z",
    "roll",
    "pitch",
    "yaw",
    "gripper"
  ],
  "grounding": {
    "nouns": [],
    "num_boxes": 0,
    "num_patches": 0,
    "patch_coverage": 0.0,
    "segmentation": "sam2"
  }
}