{
  "episode_id": 15,
  "step_id": 59,
  "instruction": "sweep into pile",
  "condition": "sam_var_obj_gripex",
  "condition_desc": "VAR(p=0.6,rho=0.5) + obj_redirect + gripex + SAM2",
  "predicted_action": [
    0.005159394467578193,
    -0.01013691712828247,
    -0.005177924052319111,
    -0.014826548071468687,
    0.01864547866056944,
    0.012827673249384858,
    -0.0784313725490196
  ],
  "ground_truth_action": [
    0.0008641087915748358,
    -0.0028890627436339855,
    -0.00424434756860137,
    -0.01413252204656601,
    0.025003381073474884,
    0.015906304121017456,
    0.0
  ],
  "action_token_ids": [
    31848,
    31902,
    31919,
    31896,
    31833,
    31863,
    31882
  ],
  "mse_per_dim": [
    1.8449479038479615e-05,
    5.2531393181068265e-05,
    8.715650509507823e-07,
    4.816721232422119e-07,
    4.0422923092028875e-05,
    9.477968043769291e-06,
    0.006151480199923107
  ],
  "mse_mean": 0.0008962450286360922,
  "mse_spatial": 2.0372500088256505e-05,
  "mse_gripper": 0.006151480199923107,
  "mse_per_dim_names": [
    "x",
    "y",
    "z",
    "roll",
    "pitch",
    "yaw",
    "gripper"
  ],
  "grounding": {
    "nouns": [
      "pile"
    ],
    "num_boxes": 1,
    "num_patches": 5,
    "patch_coverage": 0.01953125,
    "segmentation": "sam2"
  }
}