{
  "episode_id": 14,
  "step_id": 56,
  "instruction": "move the silver pot to the lower right burner",
  "condition": "sam_var_obj_gripex",
  "condition_desc": "VAR(p=0.6,rho=0.5) + obj_redirect + gripex + SAM2",
  "predicted_action": [
    -0.0013271585282157647,
    0.011554990847321048,
    -0.01063425485044718,
    -0.0058862288676057445,
    -0.03360396849583179,
    -0.006513903635389756,
    0.09411764705882353
  ],
  "ground_truth_action": [
    0.0,
    0.0,
    0.0,
    0.0,
    0.0,
    0.0,
    1.0
  ],
  "action_token_ids": [
    31877,
    31835,
    31940,
    31882,
    31911,
    31875,
    31860
  ],
  "mse_per_dim": [
    1.7613497590158346e-06,
    0.00013351781348167318,
    0.00011308737622425938,
    3.464769028183521e-05,
    0.0011292266986688555,
    4.2430940571143884e-05,
    0.8206228373702422
  ],
  "mse_mean": 0.1174396441770327,
  "mse_spatial": 0.00024244531149779716,
  "mse_gripper": 0.8206228373702422,
  "mse_per_dim_names": [
    "x",
    "y",
    "z",
    "roll",
    "pitch",
    "yaw",
    "gripper"
  ],
  "grounding": {
    "nouns": [
      "pot",
      "burner"
    ],
    "num_boxes": 2,
    "num_patches": 53,
    "patch_coverage": 0.20703125,
    "segmentation": "sam2"
  }
}