{
  "episode_id": 23,
  "step_id": 29,
  "instruction": "",
  "condition": "sam_var_obj_gripex",
  "condition_desc": "VAR(p=0.6,rho=0.5) + obj_redirect + gripex + SAM2",
  "predicted_action": [
    -0.0013271585282157647,
    -0.025029868872726683,
    -0.0005010690824950523,
    -0.005247634638758394,
    0.0032385903965024138,
    -0.009737499782852183,
    -0.01568627450980392
  ],
  "ground_truth_action": [
    -0.0003488368820399046,
    0.0013586812419816852,
    -0.009844834916293621,
    0.028671273961663246,
    -0.0034065397921949625,
    0.12896589934825897,
    0.00235722865909338
  ],
  "action_token_ids": [
    31877,
    31948,
    31901,
    31881,
    31856,
    31877,
    31874
  ],
  "mse_per_dim": [
    9.571132433762448e-07,
    0.000696355577156475,
    8.730595995686146e-05,
    0.0011504923606437572,
    4.415775522473723e-05,
    0.019238632930524326,
    0.00032556800660600696
  ],
  "mse_mean": 0.003077638529050791,
  "mse_spatial": 0.003536316949458256,
  "mse_gripper": 0.00032556800660600696,
  "mse_per_dim_names": [
    "x",
    "y",
    "z",
    "roll",
    "pitch",
    "yaw",
    "gripper"
  ],
  "grounding": {
    "nouns": [],
    "num_boxes": 0,
    "num_patches": 0,
    "patch_coverage": 0.0,
    "segmentation": "sam2"
  }
}