{
  "episode_id": 20,
  "step_id": 21,
  "instruction": "",
  "condition": "sam_var_obj_gripex",
  "condition_desc": "VAR(p=0.6,rho=0.5) + obj_redirect + gripex + SAM2",
  "predicted_action": [
    -0.007590037282775443,
    -0.013374515333596428,
    -0.01375215816366322,
    -0.009717794240689859,
    0.014626290417769333,
    -0.04680885547867014,
    -0.2588235294117647
  ],
  "ground_truth_action": [
    0.021157730370759964,
    -0.00441789673641324,
    -0.003908158745616674,
    -0.015463793650269508,
    0.00395723944529891,
    -0.0274802353233099,
    0.0
  ],
  "action_token_ids": [
    31905,
    31912,
    31952,
    31888,
    31839,
    31900,
    31905
  ],
  "mse_per_dim": [
    0.0008264341450616566,
    8.022101669540774e-05,
    9.690432454250074e-05,
    3.301650921488968e-05,
    0.00011382864865317208,
    0.00037359555711019826,
    0.06698961937716261
  ],
  "mse_mean": 0.009787659939777205,
  "mse_spatial": 0.0002540000335463042,
  "mse_gripper": 0.06698961937716261,
  "mse_per_dim_names": [
    "x",
    "y",
    "z",
    "roll",
    "pitch",
    "yaw",
    "gripper"
  ],
  "grounding": {
    "nouns": [],
    "num_boxes": 0,
    "num_patches": 0,
    "patch_coverage": 0.0,
    "segmentation": "sam2"
  }
}