{
  "episode_id": 20,
  "step_id": 17,
  "instruction": "",
  "condition": "sam_var_obj_gripex",
  "condition_desc": "VAR(p=0.6,rho=0.5) + obj_redirect + gripex + SAM2",
  "predicted_action": [
    -0.0011034842869814855,
    -0.00010036269180919988,
    1.8581469707623643e-05,
    -0.0033318519522163442,
    0.005248184517902446,
    -0.01779649015150825,
    0.996078431372549
  ],
  "ground_truth_action": [
    0.03832906484603882,
    -0.00290009006857872,
    0.01972653530538082,
    -0.009621244855225086,
    -0.1044069230556488,
    -0.024597954005002975,
    0.0
  ],
  "action_token_ids": [
    31876,
    31871,
    31899,
    31878,
    31853,
    31882,
    31744
  ],
  "mse_per_dim": [
    0.00155492593112806,
    7.83847338423274e-06,
    0.0003884034443890259,
    3.955646308841673e-05,
    0.012024242616967096,
    4.625991055039534e-05,
    0.9921722414455979
  ],
  "mse_mean": 0.14374763832644358,
  "mse_spatial": 0.002343537806584538,
  "mse_gripper": 0.9921722414455979,
  "mse_per_dim_names": [
    "x",
    "y",
    "z",
    "roll",
    "pitch",
    "yaw",
    "gripper"
  ],
  "grounding": {
    "nouns": [],
    "num_boxes": 0,
    "num_patches": 0,
    "patch_coverage": 0.0,
    "segmentation": "sam2"
  }
}