{
  "episode_id": 24,
  "step_id": 29,
  "instruction": "",
  "condition": "sam_var_obj_gripex",
  "condition_desc": "VAR(p=0.6,rho=0.5) + obj_redirect + gripex + SAM2",
  "predicted_action": [
    -0.004011249423027052,
    -0.015317074256784809,
    0.015348272759686487,
    -0.0058862288676057445,
    -0.06039855678116575,
    0.007992279028191218,
    0.0235294117647058
  ],
  "ground_truth_action": [
    0.0055979047901928425,
    -0.0007451307610608637,
    -0.025330817326903343,
    -0.019411198794841766,
    0.008770473301410675,
    -0.07204211503267288,
    -0.0037042920012027025
  ],
  "action_token_ids": [
    31889,
    31918,
    31840,
    31882,
    31951,
    31866,
    31869
  ],
  "mse_per_dim": [
    9.233584469344166e-05,
    0.00021234153724257137,
    0.0016547883702728913,
    0.00018292481153263875,
    0.004784354722564363,
    0.0064055042326896785,
    0.0007416746208092589
  ],
  "mse_mean": 0.0020105605914006917,
  "mse_spatial": 0.0022220415864992638,
  "mse_gripper": 0.0007416746208092589,
  "mse_per_dim_names": [
    "x",
    "y",
    "z",
    "roll",
    "pitch",
    "yaw",
    "gripper"
  ],
  "grounding": {
    "nouns": [],
    "num_boxes": 0,
    "num_patches": 0,
    "patch_coverage": 0.0,
    "segmentation": "sam2"
  }
}