{
  "episode_id": 21,
  "step_id": 21,
  "instruction": "moved the green object and put it on the table",
  "condition": "sam_var_obj_gripex",
  "condition_desc": "VAR(p=0.6,rho=0.5) + obj_redirect + gripex + SAM2",
  "predicted_action": [
    0.0026989778140011807,
    -0.007546838564031308,
    -0.0010207196346977247,
    0.011355815311272777,
    0.019315343367702784,
    -0.009737499782852183,
    0.0
  ],
  "ground_truth_action": [
    -0.004399396013468504,
    -0.004493978805840015,
    0.001667630160227418,
    -0.0070547242648899555,
    -0.003108662785962224,
    0.01041290070861578,
    0.0
  ],
  "action_token_ids": [
    31859,
    31894,
    31903,
    31855,
    31832,
    31877,
    31872
  ],
  "mse_per_dim": [
    5.038691099450662e-05,
    9.319952703183797e-06,
    7.227224619874056e-06,
    0.00033894796748545425,
    0.0005028360519796062,
    0.0004060386399665523,
    0.0
  ],
  "mse_mean": 0.00018782239253559672,
  "mse_spatial": 0.00021912612462486285,
  "mse_gripper": 0.0,
  "mse_per_dim_names": [
    "x",
    "y",
    "z",
    "roll",
    "pitch",
    "yaw",
    "gripper"
  ],
  "grounding": {
    "nouns": [
      "object",
      "table"
    ],
    "num_boxes": 1,
    "num_patches": 72,
    "patch_coverage": 0.28125,
    "segmentation": "sam2"
  }
}