{
  "episode_id": 26,
  "step_id": 15,
  "instruction": "take out the object from the silver pot and put it on the orange cloth",
  "condition": "sam_var_obj_gripex",
  "condition_desc": "VAR(p=0.6,rho=0.5) + obj_redirect + gripex + SAM2",
  "predicted_action": [
    0.0011332581253612577,
    -0.005604279640842924,
    0.03977184871321214,
    0.05861178824597689,
    -0.0885328744807664,
    -0.027467278593895555,
    0.14117647058823524
  ],
  "ground_truth_action": [
    0.0005227191722951829,
    -0.0063467309810221195,
    0.03424454480409622,
    0.07306254655122757,
    -0.06278670579195023,
    -0.021062085404992104,
    0.0
  ],
  "action_token_ids": [
    31866,
    31888,
    31746,
    31781,
    31993,
    31888,
    31854
  ],
  "mse_per_dim": [
    3.727578132110186e-07,
    5.512339925338834e-07,
    3.0551088503728115e-05,
    0.0002088244155967715,
    0.0006628652021529782,
    4.102649978717517e-05,
    0.01993079584775085
  ],
  "mse_mean": 0.002982141006513893,
  "mse_spatial": 0.00015736519964106631,
  "mse_gripper": 0.01993079584775085,
  "mse_per_dim_names": [
    "x",
    "y",
    "z",
    "roll",
    "pitch",
    "yaw",
    "gripper"
  ],
  "grounding": {
    "nouns": [
      "object",
      "pot",
      "cloth"
    ],
    "num_boxes": 2,
    "num_patches": 41,
    "patch_coverage": 0.16015625,
    "segmentation": "sam2"
  }
}