{
  "episode_id": 24,
  "step_id": 6,
  "instruction": "",
  "condition": "sam_var_obj_gripex",
  "condition_desc": "VAR(p=0.6,rho=0.5) + obj_redirect + gripex + SAM2",
  "predicted_action": [
    -0.004905946387964152,
    -0.006899318922968509,
    0.0028766595068223273,
    0.011994409540120127,
    -0.02623545671736495,
    0.003156884806997551,
    -0.25098039215686274
  ],
  "ground_truth_action": [
    -0.0025621349923312664,
    -0.006439920049160719,
    -0.021084243431687355,
    -0.024773169308900833,
    0.023449236527085304,
    0.15141020715236664,
    0.9987378120422363
  ],
  "action_token_ids": [
    31893,
    31892,
    31888,
    31854,
    31900,
    31869,
    31904
  ],
  "mse_per_dim": [
    5.493451858298574e-06,
    2.1104732525586556e-07,
    0.000574124869628682,
    0.0013518548544189735,
    0.0024685687427951205,
    0.021979047586439912,
    1.5617955899066212
  ],
  "mse_mean": 0.22688212720844106,
  "mse_spatial": 0.0043965500920777065,
  "mse_gripper": 1.5617955899066212,
  "mse_per_dim_names": [
    "x",
    "y",
    "z",
    "roll",
    "pitch",
    "yaw",
    "gripper"
  ],
  "grounding": {
    "nouns": [],
    "num_boxes": 0,
    "num_patches": 0,
    "patch_coverage": 0.0,
    "segmentation": "sam2"
  }
}