{
  "episode_id": 22,
  "step_id": 4,
  "instruction": "",
  "condition": "sam_var_obj_gripex",
  "condition_desc": "VAR(p=0.6,rho=0.5) + obj_redirect + gripex + SAM2",
  "predicted_action": [
    0.0038173490201725453,
    0.026771702412296657,
    -0.01790936258128461,
    0.010078626853578077,
    0.013956425710635989,
    0.07246420197743988,
    0.996078431372549
  ],
  "ground_truth_action": [
    0.008562908507883549,
    0.027228783816099167,
    -0.008369013667106628,
    0.07479279488325119,
    0.011828170157968998,
    -0.02730477787554264,
    1.0
  ],
  "action_token_ids": [
    31854,
    31788,
    31968,
    31857,
    31840,
    31826,
    31744
  ],
  "mse_per_dim": [
    2.252033485140392e-05,
    2.089234097020735e-07,
    9.101825740425697e-05,
    0.004187923543772766,
    4.5294716974578795e-06,
    0.009953849340904833,
    1.5378700499807656e-05
  ],
  "mse_mean": 0.002039346938934318,
  "mse_spatial": 0.0023766749786734032,
  "mse_gripper": 1.5378700499807656e-05,
  "mse_per_dim_names": [
    "x",
    "y",
    "z",
    "roll",
    "pitch",
    "yaw",
    "gripper"
  ],
  "grounding": {
    "nouns": [],
    "num_boxes": 0,
    "num_patches": 0,
    "patch_coverage": 0.0,
    "segmentation": "sam2"
  }
}