{
  "episode_id": 22,
  "step_id": 37,
  "instruction": "",
  "condition": "sam_var_obj_gripex",
  "condition_desc": "VAR(p=0.6,rho=0.5) + obj_redirect + gripex + SAM2",
  "predicted_action": [
    -0.0013271585282157647,
    -0.002690441256060362,
    -0.015830760372473916,
    -0.011633576927231923,
    0.03807155516743656,
    0.0015450867332663376,
    0.0
  ],
  "ground_truth_action": [
    -0.01629224419593811,
    0.01985377073287964,
    0.01891254633665085,
    0.03637386113405228,
    -0.005352869164198637,
    0.0031212852336466312,
    1.0
  ],
  "action_token_ids": [
    31877,
    31879,
    31960,
    31891,
    31804,
    31870,
    31872
  ],
  "mse_per_dim": [
    0.00022395378904226877,
    0.0005082414942022661,
    0.0012070973610843136,
    0.0023047141092080387,
    0.0018856806285339107,
    2.4844017126010865e-06,
    1.0
  ],
  "mse_mean": 0.14373316739768335,
  "mse_spatial": 0.0010220286306305666,
  "mse_gripper": 1.0,
  "mse_per_dim_names": [
    "x",
    "y",
    "z",
    "roll",
    "pitch",
    "yaw",
    "gripper"
  ],
  "grounding": {
    "nouns": [],
    "num_boxes": 0,
    "num_patches": 0,
    "patch_coverage": 0.0,
    "segmentation": "sam2"
  }
}