{
  "episode_id": 6,
  "step_id": 44,
  "instruction": "Picked the piece of chocolate and put it into the drawer",
  "condition": "sam_var_obj_decay",
  "condition_desc": "VAR(p=0.6,rho=0.5) + obj_redirect + decay + SAM2",
  "predicted_action": [
    -0.012063522107460933,
    -0.0033379608971231545,
    0.030937789325766695,
    0.01391019222666219,
    -0.04566153322423207,
    -0.04036166318374529,
    0.996078431372549
  ],
  "ground_truth_action": [
    -0.025810927152633667,
    -0.000940058147534728,
    0.010823105461895466,
    0.024271171540021896,
    0.046291809529066086,
    -0.031621456146240234,
    1.0
  ],
  "action_token_ids": [
    31925,
    31881,
    31780,
    31851,
    31929,
    31896,
    31744
  ],
  "mse_per_dim": [
    0.00018899114547604075,
    5.749937596483736e-06,
    0.00040460050694348163,
    0.00010734989233186776,
    0.00845541724350553,
    7.639121905845288e-05,
    1.5378700499807656e-05
  ],
  "mse_mean": 0.0013219826636302375,
  "mse_spatial": 0.0015397499908186426,
  "mse_gripper": 1.5378700499807656e-05,
  "mse_per_dim_names": [
    "x",
    "y",
    "z",
    "roll",
    "pitch",
    "yaw",
    "gripper"
  ],
  "grounding": {
    "nouns": [
      "chocolate",
      "drawer"
    ],
    "num_boxes": 0,
    "num_patches": 0,
    "patch_coverage": 0.0,
    "segmentation": "sam2"
  }
}