{
  "episode_id": 9,
  "step_id": 14,
  "instruction": "Move the can in the middle bottom of the table",
  "condition": "sam_var_obj_decay",
  "condition_desc": "VAR(p=0.6,rho=0.5) + obj_redirect + decay + SAM2",
  "predicted_action": [
    -0.007366363041541167,
    -0.011108196589876655,
    -0.0010207196346977247,
    0.006885655709341312,
    -0.021546403767431513,
    -0.03713806703628286,
    -0.3058823529411765
  ],
  "ground_truth_action": [
    -0.008530690334737301,
    -0.006197019945830107,
    0.0029472780879586935,
    -0.004986973013728857,
    -0.0015780087560415268,
    -0.026015495881438255,
    1.0
  ],
  "action_token_ids": [
    31904,
    31905,
    31903,
    31862,
    31893,
    31894,
    31911
  ],
  "mse_per_dim": [
    1.3556580456814356e-06,
    2.411965602902832e-05,
    1.574500592700652e-05,
    0.0001409593127958708,
    0.0003987367993309045,
    0.00012371158909458128,
    1.7053287197231835
  ],
  "mse_mean": 0.24371904967777236,
  "mse_spatial": 0.00011743800353717879,
  "mse_gripper": 1.7053287197231835,
  "mse_per_dim_names": [
    "x",
    "y",
    "z",
    "roll",
    "pitch",
    "yaw",
    "gripper"
  ],
  "grounding": {
    "nouns": [
      "can",
      "table"
    ],
    "num_boxes": 0,
    "num_patches": 0,
    "patch_coverage": 0.0,
    "segmentation": "sam2"
  }
}