{
  "episode_id": 2,
  "step_id": 15,
  "instruction": "put the red object into the pot",
  "condition": "sam_var_obj_decay",
  "condition_desc": "VAR(p=0.6,rho=0.5) + obj_redirect + decay + SAM2",
  "predicted_action": [
    -0.0013271585282157647,
    -0.008841877846156886,
    -0.0033591471196097525,
    -0.002693257723368994,
    0.011276966882102613,
    -0.008125701709120942,
    -0.1411764705882353
  ],
  "ground_truth_action": [
    0.0005906406440772116,
    -0.0033218576572835445,
    0.003926488105207682,
    -0.016560032963752747,
    -0.01777074486017227,
    0.008563336916267872,
    1.0
  ],
  "action_token_ids": [
    31877,
    31898,
    31912,
    31877,
    31844,
    31876,
    31890
  ],
  "mse_per_dim": [
    3.677953665247625e-06,
    3.0470622885569276e-05,
    5.3080480629100585e-05,
    0.00019228745556731987,
    0.0008437695574622942,
    0.00027852401023971976,
    1.3022837370242213
  ],
  "mse_mean": 0.18624079244352434,
  "mse_spatial": 0.00023363501340820854,
  "mse_gripper": 1.3022837370242213,
  "mse_per_dim_names": [
    "x",
    "y",
    "z",
    "roll",
    "pitch",
    "yaw",
    "gripper"
  ],
  "grounding": {
    "nouns": [
      "object",
      "pot"
    ],
    "num_boxes": 2,
    "num_patches": 25,
    "patch_coverage": 0.09765625,
    "segmentation": "sam2"
  }
}