{
  "episode_id": 2,
  "step_id": 11,
  "instruction": "put the red object into the pot",
  "condition": "sam_var_obj_decay",
  "condition_desc": "VAR(p=0.6,rho=0.5) + obj_redirect + decay + SAM2",
  "predicted_action": [
    -0.001998181251918585,
    -0.00010036269180919988,
    -0.011413730678751193,
    0.0004997134208677839,
    0.02936331397470303,
    0.011215875175653645,
    -0.1411764705882353
  ],
  "ground_truth_action": [
    -0.0018261739751324058,
    -0.0034379074349999428,
    -0.006969047710299492,
    -0.0061376444064080715,
    0.01736251451075077,
    -0.0018589607207104564,
    1.0
  ],
  "action_token_ids": [
    31880,
    31871,
    31943,
    31872,
    31817,
    31864,
    31890
  ],
  "mse_per_dim": [
    2.958650326739723e-08,
    1.1139204912800162e-05,
    1.9755206690044623e-05,
    4.4054518927300065e-05,
    0.0001440191877739968,
    0.00017095133371685124,
    1.3022837370242213
  ],
  "mse_mean": 0.1860962408661065,
  "mse_spatial": 6.499150642071004e-05,
  "mse_gripper": 1.3022837370242213,
  "mse_per_dim_names": [
    "x",
    "y",
    "z",
    "roll",
    "pitch",
    "yaw",
    "gripper"
  ],
  "grounding": {
    "nouns": [
      "object",
      "pot"
    ],
    "num_boxes": 2,
    "num_patches": 29,
    "patch_coverage": 0.11328125,
    "segmentation": "sam2"
  }
}