{
  "episode_id": 6,
  "step_id": 42,
  "instruction": "Picked the piece of chocolate and put it into the drawer",
  "condition": "sam_var_obj_decay",
  "condition_desc": "VAR(p=0.6,rho=0.5) + obj_redirect + decay + SAM2",
  "predicted_action": [
    -0.009155756971415362,
    -0.004309240358717346,
    0.015348272759686487,
    0.008162844167036026,
    0.0126166962963693,
    -0.025855480520164342,
    -0.11764705882352944
  ],
  "ground_truth_action": [
    -0.009194412268698215,
    -0.004881281405687332,
    0.029770193621516228,
    0.012526963837444782,
    -0.022849544882774353,
    -0.014899207279086113,
    1.0
  ],
  "action_token_ids": [
    31912,
    31884,
    31840,
    31860,
    31842,
    31887,
    31887
  ],
  "mse_per_dim": [
    1.494232008025753e-09,
    3.2723095941851743e-07,
    0.0002079918013448799,
    1.904554049764863e-05,
    0.001257854263377185,
    0.00012003992333316685,
    1.2491349480968859
  ],
  "mse_mean": 0.1786771726215186,
  "mse_spatial": 0.00026754337562405115,
  "mse_gripper": 1.2491349480968859,
  "mse_per_dim_names": [
    "x",
    "y",
    "z",
    "roll",
    "pitch",
    "yaw",
    "gripper"
  ],
  "grounding": {
    "nouns": [
      "chocolate",
      "drawer"
    ],
    "num_boxes": 0,
    "num_patches": 0,
    "patch_coverage": 0.0,
    "segmentation": "sam2"
  }
}