{
  "episode_id": 2,
  "step_id": 2,
  "instruction": "put the red object into the pot",
  "condition": "sam_var_obj_decay",
  "condition_desc": "VAR(p=0.6,rho=0.5) + obj_redirect + decay + SAM2",
  "predicted_action": [
    0.010303902015966506,
    0.0008709167697849851,
    -0.019728139513993964,
    0.004969873022799262,
    0.003908455103635758,
    0.0063804809544599494,
    0.996078431372549
  ],
  "ground_truth_action": [
    0.027035042643547058,
    -0.004495319444686174,
    -0.0178152397274971,
    0.032021187245845795,
    0.00339176831766963,
    0.03747934475541115,
    1.0
  ],
  "action_token_ids": [
    31825,
    31868,
    31975,
    31865,
    31855,
    31867,
    31744
  ],
  "mse_per_dim": [
    0.00027993106669987655,
    2.879649110950176e-05,
    3.6591855931797452e-06,
    0.0007317736011939997,
    2.669652347920072e-07,
    0.0009671393297101128,
    1.5378700499807656e-05
  ],
  "mse_mean": 0.00028956362000589575,
  "mse_spatial": 0.00033526110659024374,
  "mse_gripper": 1.5378700499807656e-05,
  "mse_per_dim_names": [
    "x",
    "y",
    "z",
    "roll",
    "pitch",
    "yaw",
    "gripper"
  ],
  "grounding": {
    "nouns": [
      "object",
      "pot"
    ],
    "num_boxes": 2,
    "num_patches": 30,
    "patch_coverage": 0.1171875,
    "segmentation": "sam2"
  }
}