{
  "episode_id": 15,
  "step_id": 66,
  "instruction": "sweep into pile",
  "condition": "sam_var_obj_decay",
  "condition_desc": "VAR(p=0.6,rho=0.5) + obj_redirect + decay + SAM2",
  "predicted_action": [
    0.0044883717438753655,
    -0.002690441256060362,
    -0.00024124380639371432,
    0.002415496107409834,
    0.008597508053569194,
    0.016051269396847284,
    0.015686274509803866
  ],
  "ground_truth_action": [
    -0.0055387867614626884,
    0.07580647617578506,
    -0.0060744741931557655,
    -0.02406897023320198,
    0.02365141361951828,
    0.12123904377222061,
    0.0
  ],
  "action_token_ids": [
    31851,
    31879,
    31900,
    31869,
    31848,
    31861,
    31870
  ],
  "mse_per_dim": [
    0.00010054390769117327,
    0.006161766046301957,
    3.402657674504415e-05,
    0.0007014269573470002,
    0.00022662007278851287,
    0.011064467878044446,
    0.0002460592079969225
  ],
  "mse_mean": 0.002647844378130722,
  "mse_spatial": 0.0030481419064863555,
  "mse_gripper": 0.0002460592079969225,
  "mse_per_dim_names": [
    "x",
    "y",
    "z",
    "roll",
    "pitch",
    "yaw",
    "gripper"
  ],
  "grounding": {
    "nouns": [
      "pile"
    ],
    "num_boxes": 1,
    "num_patches": 5,
    "patch_coverage": 0.01953125,
    "segmentation": "sam2"
  }
}