{
  "episode_id": 14,
  "step_id": 10,
  "instruction": "move the silver pot to the lower right burner",
  "condition": "sam_var_obj_decay",
  "condition_desc": "VAR(p=0.6,rho=0.5) + obj_redirect + decay + SAM2",
  "predicted_action": [
    0.008067159603623756,
    0.0008709167697849851,
    0.005994562820038369,
    0.04328552675364043,
    0.025344125731902922,
    -0.11450437457538123,
    0.996078431372549
  ],
  "ground_truth_action": [
    0.0028855709824711084,
    -0.004957471042871475,
    0.0005948550533503294,
    0.014747180975973606,
    0.024471858516335487,
    -0.06727073341608047,
    1.0
  ],
  "action_token_ids": [
    31835,
    31868,
    31876,
    31805,
    31823,
    31942,
    31744
  ],
  "mse_per_dim": [
    2.6848860638858595e-05,
    3.397010449472236e-05,
    2.9156843965631135e-05,
    0.000814437179725674,
    7.60850095353766e-07,
    0.002231016857165591,
    1.5378700499807656e-05
  ],
  "mse_mean": 0.00045022419951223404,
  "mse_spatial": 0.0005226984493476385,
  "mse_gripper": 1.5378700499807656e-05,
  "mse_per_dim_names": [
    "x",
    "y",
    "z",
    "roll",
    "pitch",
    "yaw",
    "gripper"
  ],
  "grounding": {
    "nouns": [
      "pot",
      "burner"
    ],
    "num_boxes": 1,
    "num_patches": 36,
    "patch_coverage": 0.140625,
    "segmentation": "sam2"
  }
}