{
  "episode_id": 15,
  "step_id": 62,
  "instruction": "sweep into pile",
  "condition": "sam_var_obj_decay",
  "condition_desc": "VAR(p=0.6,rho=0.5) + obj_redirect + decay + SAM2",
  "predicted_action": [
    0.0015806066078298056,
    -0.003985480538185947,
    -0.0012805449107990592,
    -0.018019519215705465,
    0.011946831589235957,
    0.024110259765503378,
    0.0
  ],
  "ground_truth_action": [
    0.008614663034677505,
    -0.001700682332739234,
    -0.005998739041388035,
    0.008732027374207973,
    -0.002207205630838871,
    0.0006669196882285178,
    0.0
  ],
  "action_token_ids": [
    31864,
    31883,
    31904,
    31901,
    31843,
    31856,
    31872
  ],
  "mse_per_dim": [
    4.9477949816077434e-05,
    5.22030283961252e-06,
    2.226135585392426e-05,
    0.0007156452449523093,
    0.00020033676962726355,
    0.0005495901939787616,
    0.0
  ],
  "mse_mean": 0.0002203616881525641,
  "mse_spatial": 0.00025708863617799146,
  "mse_gripper": 0.0,
  "mse_per_dim_names": [
    "x",
    "y",
    "z",
    "roll",
    "pitch",
    "yaw",
    "gripper"
  ],
  "grounding": {
    "nouns": [
      "pile"
    ],
    "num_boxes": 1,
    "num_patches": 5,
    "patch_coverage": 0.01953125,
    "segmentation": "sam2"
  }
}