{
  "episode_id": 12,
  "step_id": 8,
  "instruction": "",
  "condition": "sam_var_obj_decay",
  "condition_desc": "VAR(p=0.6,rho=0.5) + obj_redirect + decay + SAM2",
  "predicted_action": [
    -0.001550832769450037,
    -0.007546838564031308,
    0.00963211668545708,
    0.015825974913204255,
    -0.02623545671736495,
    -0.01779649015150825,
    -0.5333333333333333
  ],
  "ground_truth_action": [
    -0.006119663827121258,
    -0.0027454497758299112,
    -0.035122569650411606,
    -0.001181883504614234,
    -0.004408075008541346,
    0.07423491030931473,
    0.992698073387146
  ],
  "action_token_ids": [
    31878,
    31894,
    31862,
    31848,
    31900,
    31882,
    31940
  ],
  "mse_per_dim": [
    2.0874217233541126e-05,
    2.3053334295466076e-05,
    0.002002981949021991,
    0.0002892672479605592,
    0.0004764345922626872,
    0.008469778670780368,
    2.3287718542972846
  ],
  "mse_mean": 0.33429346347269134,
  "mse_spatial": 0.001880398335259102,
  "mse_gripper": 2.3287718542972846,
  "mse_per_dim_names": [
    "x",
    "y",
    "z",
    "roll",
    "pitch",
    "yaw",
    "gripper"
  ],
  "grounding": {
    "nouns": [],
    "num_boxes": 0,
    "num_patches": 0,
    "patch_coverage": 0.0,
    "segmentation": "sam2"
  }
}