{
  "episode_id": 19,
  "step_id": 23,
  "instruction": "",
  "condition": "sam_var_obj_decay",
  "condition_desc": "VAR(p=0.6,rho=0.5) + obj_redirect + decay + SAM2",
  "predicted_action": [
    0.0009095838841269785,
    -0.007546838564031308,
    -0.0015403701869003972,
    -0.003970446181063694,
    0.017305749246302723,
    -0.041973461257476474,
    0.039215686274509776
  ],
  "ground_truth_action": [
    0.012952554039657116,
    0.02706911973655224,
    0.0036950858775526285,
    -0.022018084302544594,
    0.002072409726679325,
    -0.2830584645271301,
    0.0012760382378473878
  ],
  "action_token_ids": [
    31867,
    31894,
    31905,
    31879,
    31835,
    31897,
    31867
  ],
  "mse_per_dim": [
    0.00014503313016698958,
    0.001198264569067739,
    2.7410000202817963e-05,
    0.0003257172417639306,
    0.00023205463292012003,
    0.05812197880152891,
    0.0014394168931458201
  ],
  "mse_mean": 0.008784267895542331,
  "mse_spatial": 0.010008409729275084,
  "mse_gripper": 0.0014394168931458201,
  "mse_per_dim_names": [
    "x",
    "y",
    "z",
    "roll",
    "pitch",
    "yaw",
    "gripper"
  ],
  "grounding": {
    "nouns": [],
    "num_boxes": 0,
    "num_patches": 0,
    "patch_coverage": 0.0,
    "segmentation": "sam2"
  }
}