{
  "episode_id": 14,
  "step_id": 33,
  "instruction": "move the silver pot to the lower right burner",
  "condition": "sam_var_obj_decay",
  "condition_desc": "VAR(p=0.6,rho=0.5) + obj_redirect + decay + SAM2",
  "predicted_action": [
    -0.006471666076604071,
    0.0031372355135047617,
    -0.0072565262611298045,
    -0.014826548071468687,
    -0.01283816257469797,
    0.059569817387590124,
    0.12549019607843137
  ],
  "ground_truth_action": [
    -0.005069294013082981,
    0.0034160686191171408,
    -0.008154739625751972,
    -0.025008095428347588,
    -0.004997271578758955,
    0.03615627437829971,
    0.0
  ],
  "action_token_ids": [
    31900,
    31861,
    31927,
    31896,
    31880,
    31834,
    31856
  ],
  "mse_per_dim": [
    1.9666474045444003e-06,
    7.774790078544417e-08,
    8.067872483858751e-07,
    0.00010366390658036773,
    6.147957161019751e-05,
    0.0005481939962478919,
    0.01574778931180315
  ],
  "mse_mean": 0.002351996852685046,
  "mse_spatial": 0.00011936477616536214,
  "mse_gripper": 0.01574778931180315,
  "mse_per_dim_names": [
    "x",
    "y",
    "z",
    "roll",
    "pitch",
    "yaw",
    "gripper"
  ],
  "grounding": {
    "nouns": [
      "pot",
      "burner"
    ],
    "num_boxes": 2,
    "num_patches": 32,
    "patch_coverage": 0.125,
    "segmentation": "sam2"
  }
}