{
  "episode_id": 10,
  "step_id": 16,
  "instruction": "end effector reaching pot or pan",
  "condition": "sam_var_obj_decay",
  "condition_desc": "VAR(p=0.6,rho=0.5) + obj_redirect + decay + SAM2",
  "predicted_action": [
    -0.0035639009405585044,
    0.007669873000944301,
    -0.0072565262611298045,
    0.033068019092082776,
    0.015296155124902691,
    -0.025855480520164342,
    0.06274509803921569
  ],
  "ground_truth_action": [
    -0.004694983828812838,
    0.01185600832104683,
    -0.00015257949416991323,
    0.030477851629257202,
    -0.001833336311392486,
    0.009487852454185486,
    1.0
  ],
  "action_token_ids": [
    31887,
    31847,
    31927,
    31821,
    31838,
    31887,
    31864
  ],
  "mse_per_dim": [
    1.2793485001017644e-06,
    1.7523728918209898e-05,
    5.046605966779989e-05,
    6.70896748548027e-06,
    0.0002934194768661098,
    0.0012491511857357638,
    0.8784467512495194
  ],
  "mse_mean": 0.125723614288099,
  "mse_spatial": 0.0002697581278622442,
  "mse_gripper": 0.8784467512495194,
  "mse_per_dim_names": [
    "x",
    "y",
    "z",
    "roll",
    "pitch",
    "yaw",
    "gripper"
  ],
  "grounding": {
    "nouns": [
      "pot"
    ],
    "num_boxes": 1,
    "num_patches": 13,
    "patch_coverage": 0.05078125,
    "segmentation": "sam2"
  }
}