{
  "episode_id": 10,
  "step_id": 4,
  "instruction": "end effector reaching pot or pan",
  "condition": "sam_var_obj_decay",
  "condition_desc": "VAR(p=0.6,rho=0.5) + obj_redirect + decay + SAM2",
  "predicted_action": [
    -0.00378757518179278,
    -0.005928039461374324,
    -0.008036002089433811,
    -0.005247634638758394,
    0.015966019832036035,
    0.022498461691772165,
    0.996078431372549
  ],
  "ground_truth_action": [
    0.006981039885431528,
    -0.028413817286491394,
    0.002659008838236332,
    -0.021746104583144188,
    0.002001358661800623,
    0.04282751306891441,
    1.0
  ],
  "action_token_ids": [
    31888,
    31889,
    31930,
    31881,
    31837,
    31857,
    31744
  ],
  "mse_per_dim": [
    0.0001159630704660504,
    0.0005056102044005265,
    0.00011438325874298378,
    0.00027219951050580136,
    0.00019501176159948067,
    0.00041327032989448915,
    1.5378700499807656e-05
  ],
  "mse_mean": 0.00023311669087273422,
  "mse_spatial": 0.00026940635593488863,
  "mse_gripper": 1.5378700499807656e-05,
  "mse_per_dim_names": [
    "x",
    "y",
    "z",
    "roll",
    "pitch",
    "yaw",
    "gripper"
  ],
  "grounding": {
    "nouns": [
      "pot"
    ],
    "num_boxes": 1,
    "num_patches": 14,
    "patch_coverage": 0.0546875,
    "segmentation": "sam2"
  }
}