{
  "episode_id": 15,
  "step_id": 58,
  "instruction": "sweep into pile",
  "condition": "sam_var_obj_decay",
  "condition_desc": "VAR(p=0.6,rho=0.5) + obj_redirect + decay + SAM2",
  "predicted_action": [
    -0.0008798100457472133,
    -0.04154161971982787,
    -0.004138622947913766,
    -0.04228609991190487,
    -0.01618748611036472,
    0.009604077101922431,
    0.03137254901960773
  ],
  "ground_truth_action": [
    0.0017715140711516142,
    -0.03129454329609871,
    -0.0018475664546713233,
    0.020246999338269234,
    0.009952359832823277,
    -0.0386316254734993,
    0.0
  ],
  "action_token_ids": [
    31875,
    31999,
    31915,
    31939,
    31885,
    31865,
    31868
  ],
  "mse_per_dim": [
    7.0295195728493475e-06,
    0.00010500257523374606,
    5.24893985522836e-06,
    0.003910388501832126,
    0.0006832915459336019,
    0.0023266830029445465,
    0.00098423683198769
  ],
  "mse_mean": 0.0011459829881942556,
  "mse_spatial": 0.0011729406808953498,
  "mse_gripper": 0.00098423683198769,
  "mse_per_dim_names": [
    "x",
    "y",
    "z",
    "roll",
    "pitch",
    "yaw",
    "gripper"
  ],
  "grounding": {
    "nouns": [
      "pile"
    ],
    "num_boxes": 1,
    "num_patches": 5,
    "patch_coverage": 0.01953125,
    "segmentation": "sam2"
  }
}