{
  "episode_id": 18,
  "step_id": 12,
  "instruction": "Pick up the blue fork and place it on the left of the pot",
  "condition": "sam_var_obj_decay",
  "condition_desc": "VAR(p=0.6,rho=0.5) + obj_redirect + decay + SAM2",
  "predicted_action": [
    -0.002221855493152857,
    -0.003985480538185947,
    -0.013492332887561886,
    0.005608467251646612,
    0.02333453161050289,
    -0.025855480520164342,
    0.015686274509803866
  ],
  "ground_truth_action": [
    -0.0005851167370565236,
    0.0012443551095202565,
    -0.009538513608276844,
    1.6060128473327495e-05,
    0.023416977375745773,
    0.009652516804635525,
    0.9799759984016418
  ],
  "action_token_ids": [
    31881,
    31883,
    31951,
    31864,
    31826,
    31887,
    31870
  ],
  "mse_per_dim": [
    2.678913755707773e-06,
    2.7351180902018564e-05,
    1.5632686893246088e-05,
    3.1275017431319295e-05,
    6.7973042064846375e-09,
    0.0012608178740179945,
    0.9298546716033971
  ],
  "mse_mean": 0.13302749058195737,
  "mse_spatial": 0.00022296041171741547,
  "mse_gripper": 0.9298546716033971,
  "mse_per_dim_names": [
    "x",
    "y",
    "z",
    "roll",
    "pitch",
    "yaw",
    "gripper"
  ],
  "grounding": {
    "nouns": [
      "fork",
      "pot"
    ],
    "num_boxes": 1,
    "num_patches": 18,
    "patch_coverage": 0.0703125,
    "segmentation": "sam2"
  }
}