{
  "episode_id": 19,
  "step_id": 5,
  "instruction": "",
  "condition": "sam_var_obj_decay",
  "condition_desc": "VAR(p=0.6,rho=0.5) + obj_redirect + decay + SAM2",
  "predicted_action": [
    -0.001550832769450037,
    -0.019849711744224348,
    -0.0005010690824950523,
    -0.013549359613773987,
    -0.0014504625534310367,
    0.02894565398669699,
    -0.03137254901960784
  ],
  "ground_truth_action": [
    0.005030530970543623,
    -0.01063617318868637,
    -0.027715248987078667,
    -0.0023833492305129766,
    0.012070229277014732,
    0.21487702429294586,
    1.0
  ],
  "action_token_ids": [
    31878,
    31932,
    31901,
    31894,
    31863,
    31853,
    31876
  ],
  "mse_per_dim": [
    4.3314348678103337e-05,
    8.488929271438483e-05,
    0.0007406115878790426,
    0.0001246797878790927,
    0.00018280910757388297,
    0.034570474463959444,
    1.0637293348712031
  ],
  "mse_mean": 0.15706801620855532,
  "mse_spatial": 0.0059577964314473245,
  "mse_gripper": 1.0637293348712031,
  "mse_per_dim_names": [
    "x",
    "y",
    "z",
    "roll",
    "pitch",
    "yaw",
    "gripper"
  ],
  "grounding": {
    "nouns": [],
    "num_boxes": 0,
    "num_patches": 0,
    "patch_coverage": 0.0,
    "segmentation": "sam2"
  }
}