{
  "episode_id": 12,
  "step_id": 18,
  "instruction": "",
  "condition": "sam_var_obj_decay",
  "condition_desc": "VAR(p=0.6,rho=0.5) + obj_redirect + decay + SAM2",
  "predicted_action": [
    0.003146326296469725,
    -0.016935873359441786,
    -0.00024124380639371432,
    -0.02759843264841575,
    -0.012168297867564626,
    -0.0016785094141960888,
    -0.1098039215686275
  ],
  "ground_truth_action": [
    0.008442695252597332,
    0.0035966720897704363,
    0.04878106713294983,
    -0.000954125018324703,
    0.010939743369817734,
    -0.09039518237113953,
    -0.0009656551410444081
  ],
  "action_token_ids": [
    31857,
    31923,
    31900,
    31916,
    31879,
    31872,
    31886
  ],
  "mse_per_dim": [
    2.8051524119432235e-05,
    0.00042158542262396554,
    0.002403186969833682,
    0.000709919129086928,
    0.0005339815698285637,
    0.00787064806054926,
    0.011845768238961562
  ],
  "mse_mean": 0.003401877273571913,
  "mse_spatial": 0.0019945621126736383,
  "mse_gripper": 0.011845768238961562,
  "mse_per_dim_names": [
    "x",
    "y",
    "z",
    "roll",
    "pitch",
    "yaw",
    "gripper"
  ],
  "grounding": {
    "nouns": [],
    "num_boxes": 0,
    "num_patches": 0,
    "patch_coverage": 0.0,
    "segmentation": "sam2"
  }
}