{
  "episode_id": 17,
  "step_id": 4,
  "instruction": "",
  "condition": "sam_var_obj_decay",
  "condition_desc": "VAR(p=0.6,rho=0.5) + obj_redirect + decay + SAM2",
  "predicted_action": [
    0.00135693236659553,
    -0.008194358205094093,
    0.015348272759686487,
    -0.06846846329464634,
    0.0032385903965024138,
    0.0015450867332663376,
    0.996078431372549
  ],
  "ground_truth_action": [
    0.02759663574397564,
    -0.050632502883672714,
    -0.0011875787749886513,
    -0.002460320945829153,
    0.048201918601989746,
    -0.2516649663448334,
    1.0
  ],
  "action_token_ids": [
    31865,
    31896,
    31840,
    31980,
    31856,
    31870,
    31744
  ],
  "mse_per_dim": [
    0.0006885220333328931,
    0.0018009961237599708,
    0.00027343438597681813,
    0.0043570748563417135,
    0.0020217008833143726,
    0.06411533097981409,
    1.5378700499807656e-05
  ],
  "mse_mean": 0.010467491137577096,
  "mse_spatial": 0.012209509877089977,
  "mse_gripper": 1.5378700499807656e-05,
  "mse_per_dim_names": [
    "x",
    "y",
    "z",
    "roll",
    "pitch",
    "yaw",
    "gripper"
  ],
  "grounding": {
    "nouns": [],
    "num_boxes": 0,
    "num_patches": 0,
    "patch_coverage": 0.0,
    "segmentation": "sam2"
  }
}