{
  "episode_id": 15,
  "step_id": 24,
  "instruction": "sweep into pile",
  "condition": "sam_var_obj_decay",
  "condition_desc": "VAR(p=0.6,rho=0.5) + obj_redirect + decay + SAM2",
  "predicted_action": [
    0.003370000537704001,
    0.005079794436693139,
    -0.0036189723957110904,
    0.01263300376896749,
    0.014626290417769333,
    0.0015450867332663376,
    -0.07058823529411762
  ],
  "ground_truth_action": [
    0.0008565002353861928,
    0.0555865652859211,
    -0.00246967445127666,
    0.037798505276441574,
    0.025895610451698303,
    0.04471036419272423,
    0.0
  ],
  "action_token_ids": [
    31856,
    31855,
    31913,
    31853,
    31839,
    31870,
    31881
  ],
  "mse_per_dim": [
    6.3176837697517125e-06,
    0.002550933901616423,
    1.3208857650812072e-06,
    0.0006333024661226804,
    0.00012699757402711285,
    0.0018632411781519835,
    0.0049826989619377125
  ],
  "mse_mean": 0.001452116093055821,
  "mse_spatial": 0.0008636856149088389,
  "mse_gripper": 0.0049826989619377125,
  "mse_per_dim_names": [
    "x",
    "y",
    "z",
    "roll",
    "pitch",
    "yaw",
    "gripper"
  ],
  "grounding": {
    "nouns": [
      "pile"
    ],
    "num_boxes": 0,
    "num_patches": 0,
    "patch_coverage": 0.0,
    "segmentation": "sam2"
  }
}