{
  "episode_id": 10,
  "step_id": 5,
  "instruction": "end effector reaching pot or pan",
  "condition": "sam_var_obj_decay",
  "condition_desc": "VAR(p=0.6,rho=0.5) + obj_redirect + decay + SAM2",
  "predicted_action": [
    -0.00378757518179278,
    -0.005928039461374324,
    -0.008036002089433811,
    0.015187380684356905,
    -0.05436977441696561,
    0.003156884806997551,
    -0.03137254901960784
  ],
  "ground_truth_action": [
    0.008138286881148815,
    -0.02049163170158863,
    0.0006479747244156897,
    -0.009652471169829369,
    -0.008833793923258781,
    0.028918324038386345,
    1.0
  ],
  "action_token_ids": [
    31888,
    31889,
    31930,
    31849,
    31942,
    31869,
    31876
  ],
  "mse_per_dim": [
    0.00014222618594430955,
    0.00021209821893923038,
    7.541145330347573e-05,
    0.0006170182401379213,
    0.0020735255195232487,
    0.0006636517512725377,
    1.0637293348712031
  ],
  "mse_mean": 0.15250189517718912,
  "mse_spatial": 0.0006306552281867872,
  "mse_gripper": 1.0637293348712031,
  "mse_per_dim_names": [
    "x",
    "y",
    "z",
    "roll",
    "pitch",
    "yaw",
    "gripper"
  ],
  "grounding": {
    "nouns": [
      "pot"
    ],
    "num_boxes": 1,
    "num_patches": 15,
    "patch_coverage": 0.05859375,
    "segmentation": "sam2"
  }
}