{
  "episode_id": 14,
  "step_id": 26,
  "instruction": "move the silver pot to the lower right burner",
  "condition": "sam_var_obj_decay",
  "condition_desc": "VAR(p=0.6,rho=0.5) + obj_redirect + decay + SAM2",
  "predicted_action": [
    -0.007142688800306895,
    -0.008518118025625486,
    0.00417578588732901,
    0.01327159799781484,
    -0.0007805978462976926,
    0.05151082701893403,
    0.12549019607843137
  ],
  "ground_truth_action": [
    -0.010509282350540161,
    -0.0009120700997300446,
    0.0007105282857082784,
    0.00890687108039856,
    -0.0389411523938179,
    0.059045352041721344,
    0.0
  ],
  "action_token_ids": [
    31903,
    31897,
    31883,
    31852,
    31862,
    31839,
    31856
  ],
  "mse_per_dim": [
    1.1333952132472228e-05,
    5.7851965051018345e-05,
    1.2008010245590266e-05,
    1.9050841063618232e-05,
    0.0014562279233742653,
    5.6769067319008174e-05,
    0.01574778931180315
  ],
  "mse_mean": 0.002480147295855589,
  "mse_spatial": 0.0002688736265309954,
  "mse_gripper": 0.01574778931180315,
  "mse_per_dim_names": [
    "x",
    "y",
    "z",
    "roll",
    "pitch",
    "yaw",
    "gripper"
  ],
  "grounding": {
    "nouns": [
      "pot",
      "burner"
    ],
    "num_boxes": 2,
    "num_patches": 47,
    "patch_coverage": 0.18359375,
    "segmentation": "sam2"
  }
}