{
  "episode_id": 15,
  "step_id": 59,
  "instruction": "sweep into pile",
  "condition": "sam_var_obj_decay",
  "condition_desc": "VAR(p=0.6,rho=0.5) + obj_redirect + decay + SAM2",
  "predicted_action": [
    0.005159394467578193,
    -0.0156408340773162,
    -0.0028394965674070835,
    -0.025682649961873687,
    0.01864547866056944,
    0.02572205783923459,
    -0.0784313725490196
  ],
  "ground_truth_action": [
    0.0008641087915748358,
    -0.0028890627436339855,
    -0.00424434756860137,
    -0.01413252204656601,
    0.025003381073474884,
    0.015906304121017456,
    0.0
  ],
  "action_token_ids": [
    31848,
    31919,
    31910,
    31913,
    31833,
    31855,
    31882
  ],
  "mse_per_dim": [
    1.8449479038479615e-05,
    0.0001626076721465195,
    1.9736063355565886e-06,
    0.00013340545485996966,
    4.0422923092028875e-05,
    9.634902105669351e-05,
    0.006151480199923107
  ],
  "mse_mean": 0.0009435269080646221,
  "mse_spatial": 7.553469275487464e-05,
  "mse_gripper": 0.006151480199923107,
  "mse_per_dim_names": [
    "x",
    "y",
    "z",
    "roll",
    "pitch",
    "yaw",
    "gripper"
  ],
  "grounding": {
    "nouns": [
      "pile"
    ],
    "num_boxes": 1,
    "num_patches": 5,
    "patch_coverage": 0.01953125,
    "segmentation": "sam2"
  }
}