{
  "episode_id": 19,
  "step_id": 39,
  "instruction": "",
  "condition": "sam_var_obj_decay",
  "condition_desc": "VAR(p=0.6,rho=0.5) + obj_redirect + decay + SAM2",
  "predicted_action": [
    0.004264697502641097,
    -0.005604279640842924,
    -0.00024124380639371432,
    0.002415496107409834,
    -0.014177891988964658,
    -0.030690874741357954,
    -0.0862745098039216
  ],
  "ground_truth_action": [
    -0.004950851202011108,
    -0.009674354456365108,
    -0.004974897485226393,
    0.01169558148831129,
    -0.013312597759068012,
    -0.09175410121679306,
    0.9945207238197327
  ],
  "action_token_ids": [
    31852,
    31888,
    31900,
    31869,
    31882,
    31890,
    31883
  ],
  "mse_per_dim": [
    8.492633792781693e-05,
    1.6565509003947943e-05,
    2.240747715112615e-05,
    8.611998467682094e-05,
    7.487341042924296e-07,
    0.003728717627590279,
    1.1681183370236097
  ],
  "mse_mean": 0.1674368318134377,
  "mse_spatial": 0.0006565809450757139,
  "mse_gripper": 1.1681183370236097,
  "mse_per_dim_names": [
    "x",
    "y",
    "z",
    "roll",
    "pitch",
    "yaw",
    "gripper"
  ],
  "grounding": {
    "nouns": [],
    "num_boxes": 0,
    "num_patches": 0,
    "patch_coverage": 0.0,
    "segmentation": "sam2"
  }
}