{
  "episode_id": 15,
  "step_id": 45,
  "instruction": "sweep into pile",
  "condition": "sam_var_obj_decay",
  "condition_desc": "VAR(p=0.6,rho=0.5) + obj_redirect + decay + SAM2",
  "predicted_action": [
    0.002475303572766905,
    0.04069337469514669,
    0.007293689200545048,
    0.033068019092082776,
    -0.013508027281831314,
    -0.032302672815089195,
    0.6666666666666666
  ],
  "ground_truth_action": [
    -0.011073077097535133,
    0.07381752878427505,
    -0.006322089582681656,
    0.09194200485944748,
    0.017051072791218758,
    -0.0016254833899438381,
    0.0
  ],
  "action_token_ids": [
    31860,
    31744,
    31871,
    31821,
    31881,
    31891,
    31787
  ],
  "mse_per_dim": [
    0.00018355861878741392,
    0.0010972095841203196,
    0.00018538943187376648,
    0.0034661462001358617,
    0.0009338585972746889,
    0.0009410899510262501,
    0.4444444444444444
  ],
  "mse_mean": 0.06446452811823752,
  "mse_spatial": 0.0011345420638697167,
  "mse_gripper": 0.4444444444444444,
  "mse_per_dim_names": [
    "x",
    "y",
    "z",
    "roll",
    "pitch",
    "yaw",
    "gripper"
  ],
  "grounding": {
    "nouns": [
      "pile"
    ],
    "num_boxes": 0,
    "num_patches": 0,
    "patch_coverage": 0.0,
    "segmentation": "sam2"
  }
}