{
  "episode_id": 24,
  "step_id": 20,
  "instruction": "",
  "condition": "sam_var_obj_decay",
  "condition_desc": "VAR(p=0.6,rho=0.5) + obj_redirect + decay + SAM2",
  "predicted_action": [
    0.0020279550902983536,
    0.02871426133548504,
    -0.003878797671812425,
    0.006885655709341312,
    -0.01283816257469797,
    0.07568779812490231,
    -0.32156862745098036
  ],
  "ground_truth_action": [
    -0.00462134275585413,
    0.042558372020721436,
    -0.008242852985858917,
    0.00013789029617328197,
    0.009234470315277576,
    -0.185506209731102,
    -0.005247221793979406
  ],
  "action_token_ids": [
    31862,
    31782,
    31914,
    31862,
    31880,
    31824,
    31913
  ],
  "mse_per_dim": [
    4.4213161846848056e-05,
    0.00019165940066507653,
    1.9044978784057428e-05,
    4.553233807114672e-05,
    0.0004872011226956302,
    0.06822230973988246,
    0.10005923167682096
  ],
  "mse_mean": 0.024152741774109452,
  "mse_spatial": 0.011501660123657534,
  "mse_gripper": 0.10005923167682096,
  "mse_per_dim_names": [
    "x",
    "y",
    "z",
    "roll",
    "pitch",
    "yaw",
    "gripper"
  ],
  "grounding": {
    "nouns": [],
    "num_boxes": 0,
    "num_patches": 0,
    "patch_coverage": 0.0,
    "segmentation": "sam2"
  }
}