{
  "episode_id": 27,
  "step_id": 44,
  "instruction": "sweep into pile",
  "condition": "sam_var_obj_decay",
  "condition_desc": "VAR(p=0.6,rho=0.5) + obj_redirect + decay + SAM2",
  "predicted_action": [
    -0.001998181251918585,
    -0.0010716421534033849,
    0.0033963100590249998,
    0.001138307649715134,
    0.00792764334643585,
    -0.003290307487927302,
    0.05490196078431375
  ],
  "ground_truth_action": [
    0.006077555939555168,
    0.018232854083180428,
    0.023625852540135384,
    -0.03431745618581772,
    -0.031286999583244324,
    0.056796323508024216,
    0.0
  ],
  "action_token_ids": [
    31880,
    31874,
    31886,
    31871,
    31849,
    31873,
    31865
  ],
  "mse_per_dim": [
    6.521753118575238e-05,
    0.00037266357494827857,
    0.0004092343889950497,
    0.0012571111891610794,
    0.0015377882201023153,
    0.0036104032244436415,
    0.003014225297962325
  ],
  "mse_mean": 0.0014666633466854917,
  "mse_spatial": 0.0012087363548060196,
  "mse_gripper": 0.003014225297962325,
  "mse_per_dim_names": [
    "x",
    "y",
    "z",
    "roll",
    "pitch",
    "yaw",
    "gripper"
  ],
  "grounding": {
    "nouns": [
      "pile"
    ],
    "num_boxes": 1,
    "num_patches": 14,
    "patch_coverage": 0.0546875,
    "segmentation": "sam2"
  }
}