{
  "episode_id": 27,
  "step_id": 10,
  "instruction": "sweep into pile",
  "condition": "sam_var_obj_decay",
  "condition_desc": "VAR(p=0.6,rho=0.5) + obj_redirect + decay + SAM2",
  "predicted_action": [
    0.00135693236659553,
    -0.00042412251234059256,
    -0.00024124380639371432,
    0.006247061480493962,
    -0.00011073313916434846,
    -0.0016785094141960888,
    0.0
  ],
  "ground_truth_action": [
    -0.0006868604104965925,
    0.001076775835826993,
    -0.00014173462113831192,
    -0.0013860058970749378,
    0.006909550167620182,
    -0.007551177404820919,
    0.5665450096130371
  ],
  "action_token_ids": [
    31865,
    31872,
    31900,
    31863,
    31861,
    31872,
    31872
  ],
  "mse_per_dim": [
    4.17708891569393e-06,
    2.252695851532187e-06,
    9.902077950193993e-09,
    5.826371759050657e-05,
    4.928437770751754e-05,
    3.448822932810948e-05,
    0.3209732479174363
  ],
  "mse_mean": 0.045874531989843946,
  "mse_spatial": 2.4746001911884984e-05,
  "mse_gripper": 0.3209732479174363,
  "mse_per_dim_names": [
    "x",
    "y",
    "z",
    "roll",
    "pitch",
    "yaw",
    "gripper"
  ],
  "grounding": {
    "nouns": [
      "pile"
    ],
    "num_boxes": 1,
    "num_patches": 26,
    "patch_coverage": 0.1015625,
    "segmentation": "sam2"
  }
}