{
  "episode_id": 25,
  "step_id": 40,
  "instruction": "",
  "condition": "sam_var_obj_decay",
  "condition_desc": "VAR(p=0.6,rho=0.5) + obj_redirect + decay + SAM2",
  "predicted_action": [
    -0.006919014559072623,
    0.019325226540074562,
    -0.005437749328420446,
    0.020934728743983083,
    -0.003460056674831083,
    0.017663067470578525,
    0.996078431372549
  ],
  "ground_truth_action": [
    0.009360517375171185,
    -0.0475182831287384,
    -0.005538109689950943,
    -0.0001503834646428004,
    -0.007899278774857521,
    -0.007480301894247532,
    0.9940763711929321
  ],
  "action_token_ids": [
    31902,
    31811,
    31920,
    31840,
    31866,
    31860,
    31744
  ],
  "mse_per_dim": [
    0.0002650231599980639,
    0.0044680547848446935,
    1.007220216653211e-08,
    0.0004445819568503443,
    1.970669285336314e-05,
    0.0006321890230160734,
    4.0082449628076724e-06
  ],
  "mse_mean": 0.0008333677049610731,
  "mse_spatial": 0.0009715942816274507,
  "mse_gripper": 4.0082449628076724e-06,
  "mse_per_dim_names": [
    "x",
    "y",
    "z",
    "roll",
    "pitch",
    "yaw",
    "gripper"
  ],
  "grounding": {
    "nouns": [],
    "num_boxes": 0,
    "num_patches": 0,
    "patch_coverage": 0.0,
    "segmentation": "sam2"
  }
}