{
  "episode_id": 29,
  "step_id": 13,
  "instruction": "",
  "condition": "sam_var_obj_decay",
  "condition_desc": "VAR(p=0.6,rho=0.5) + obj_redirect + decay + SAM2",
  "predicted_action": [
    -0.0011034842869814855,
    -0.0013954019739347845,
    0.030418138773564012,
    -0.011633576927231923,
    -0.03963275086003193,
    -0.012961095930314609,
    -0.1333333333333333
  ],
  "ground_truth_action": [
    0.0055545479990541935,
    7.757219282211736e-05,
    0.023150039836764336,
    -0.024506039917469025,
    -0.05616070330142975,
    0.016491662710905075,
    0.0
  ],
  "action_token_ids": [
    31876,
    31875,
    31782,
    31891,
    31920,
    31879,
    31889
  ],
  "mse_per_dim": [
    4.432939392189349e-05,
    2.1696528959331894e-06,
    5.282526215510859e-05,
    0.00016570030343502392,
    0.00027317321190510813,
    0.0008674649915779407,
    0.01777777777777777
  ],
  "mse_mean": 0.0027404915133812545,
  "mse_spatial": 0.00023427713598183467,
  "mse_gripper": 0.01777777777777777,
  "mse_per_dim_names": [
    "x",
    "y",
    "z",
    "roll",
    "pitch",
    "yaw",
    "gripper"
  ],
  "grounding": {
    "nouns": [],
    "num_boxes": 0,
    "num_patches": 0,
    "patch_coverage": 0.0,
    "segmentation": "sam2"
  }
}