{
  "episode_id": 23,
  "step_id": 23,
  "instruction": "",
  "condition": "sam_var_obj_decay",
  "condition_desc": "VAR(p=0.6,rho=0.5) + obj_redirect + decay + SAM2",
  "predicted_action": [
    -0.0028928782168556808,
    -0.018554672462098763,
    -0.00024124380639371432,
    -0.06527549215040958,
    -0.023555997888831545,
    0.13693612492668852,
    -0.2196078431372549
  ],
  "ground_truth_action": [
    -0.0008615218102931976,
    0.003270828863605857,
    0.018983939662575722,
    -0.03628724440932274,
    0.011140165850520134,
    0.18581120669841766,
    -0.0008810721919871867
  ],
  "action_token_ids": [
    31884,
    31928,
    31900,
    31975,
    31896,
    31786,
    31900
  ],
  "mse_per_dim": [
    4.126408850482444e-06,
    0.0004763525081183341,
    0.0003696076794155357,
    0.0008403185070986263,
    0.0012038237782279024,
    0.00238877361819321,
    0.04784140032814361
  ],
  "mse_mean": 0.007589200404006814,
  "mse_spatial": 0.0008805004166506817,
  "mse_gripper": 0.04784140032814361,
  "mse_per_dim_names": [
    "x",
    "y",
    "z",
    "roll",
    "pitch",
    "yaw",
    "gripper"
  ],
  "grounding": {
    "nouns": [],
    "num_boxes": 0,
    "num_patches": 0,
    "patch_coverage": 0.0,
    "segmentation": "sam2"
  }
}