{
  "episode_id": 21,
  "step_id": 27,
  "instruction": "moved the green object and put it on the table",
  "condition": "sam_var_obj_decay",
  "condition_desc": "VAR(p=0.6,rho=0.5) + obj_redirect + decay + SAM2",
  "predicted_action": [
    -0.018997423585723434,
    0.0086411524625385,
    -0.02414516920771669,
    0.015187380684356905,
    0.008597508053569194,
    0.04345183665027799,
    -0.1647058823529412
  ],
  "ground_truth_action": [
    -0.03529078885912895,
    0.003513097297400236,
    -0.033737730234861374,
    0.004900835454463959,
    0.023560764268040657,
    0.15466347336769104,
    0.0
  ],
  "action_token_ids": [
    31956,
    31844,
    31992,
    31849,
    31848,
    31844,
    31893
  ],
  "mse_per_dim": [
    0.0002654737519326169,
    2.6296949776701223e-05,
    9.20172270594951e-05,
    0.00010581301276663332,
    0.00022389903653991886,
    0.012368028141365854,
    0.027128027681660907
  ],
  "mse_mean": 0.005744222257300304,
  "mse_spatial": 0.0021802546865735367,
  "mse_gripper": 0.027128027681660907,
  "mse_per_dim_names": [
    "x",
    "y",
    "z",
    "roll",
    "pitch",
    "yaw",
    "gripper"
  ],
  "grounding": {
    "nouns": [
      "object",
      "table"
    ],
    "num_boxes": 1,
    "num_patches": 48,
    "patch_coverage": 0.1875,
    "segmentation": "sam2"
  }
}