{
  "episode_id": 25,
  "step_id": 9,
  "instruction": "",
  "condition": "sam_var_obj_decay",
  "condition_desc": "VAR(p=0.6,rho=0.5) + obj_redirect + decay + SAM2",
  "predicted_action": [
    -0.0008798100457472133,
    0.005403554257224531,
    -0.005437749328420446,
    0.005608467251646612,
    -0.0228861331816982,
    -6.671134046487559e-05,
    0.996078431372549
  ],
  "ground_truth_action": [
    -0.0013289728667587042,
    -0.008456788957118988,
    -0.006942152511328459,
    0.0035496787168085575,
    -0.0059392424300313,
    -0.10242781788110733,
    1.0
  ],
  "action_token_ids": [
    31875,
    31854,
    31920,
    31864,
    31895,
    31871,
    31744
  ],
  "mse_per_dim": [
    2.0174723977900062e-07,
    0.00019210911401939843,
    2.2632289367437607e-06,
    4.238610231180624e-06,
    0.00028719710614893317,
    0.010477796132224755,
    1.5378700499807656e-05
  ],
  "mse_mean": 0.0015684549484715137,
  "mse_spatial": 0.0018273009898001314,
  "mse_gripper": 1.5378700499807656e-05,
  "mse_per_dim_names": [
    "x",
    "y",
    "z",
    "roll",
    "pitch",
    "yaw",
    "gripper"
  ],
  "grounding": {
    "nouns": [],
    "num_boxes": 0,
    "num_patches": 0,
    "patch_coverage": 0.0,
    "segmentation": "sam2"
  }
}