{
  "episode_id": 24,
  "step_id": 45,
  "instruction": "",
  "condition": "sam_var_obj_decay",
  "condition_desc": "VAR(p=0.6,rho=0.5) + obj_redirect + decay + SAM2",
  "predicted_action": [
    0.004712045985109648,
    0.0086411524625385,
    -0.0025796712913057455,
    0.014548786455509555,
    -0.022216268474564857,
    -0.022631884372701916,
    0.588235294117647
  ],
  "ground_truth_action": [
    0.0012364669237285852,
    -0.0004071519651915878,
    -0.0007325242040678859,
    0.004071481991559267,
    0.012960842810571194,
    0.0032381899654865265,
    0.9987542629241943
  ],
  "action_token_ids": [
    31850,
    31844,
    31909,
    31850,
    31894,
    31885,
    31797
  ],
  "mse_per_dim": [
    1.207964981191047e-05,
    8.187181301687991e-05,
    3.411952361891309e-06,
    0.00010977390883031262,
    0.001237429158366846,
    0.0006692607462633962,
    0.168525823749991
  ],
  "mse_mean": 0.024377092996948894,
  "mse_spatial": 0.0003523045381085394,
  "mse_gripper": 0.168525823749991,
  "mse_per_dim_names": [
    "x",
    "y",
    "z",
    "roll",
    "pitch",
    "yaw",
    "gripper"
  ],
  "grounding": {
    "nouns": [],
    "num_boxes": 0,
    "num_patches": 0,
    "patch_coverage": 0.0,
    "segmentation": "sam2"
  }
}