{
  "episode_id": 24,
  "step_id": 30,
  "instruction": "",
  "condition": "sam_var_obj_decay",
  "condition_desc": "VAR(p=0.6,rho=0.5) + obj_redirect + decay + SAM2",
  "predicted_action": [
    -0.001550832769450037,
    -0.02049723138528714,
    0.018206350796801187,
    -0.0058862288676057445,
    -0.0007805978462976926,
    -0.012961095930314609,
    0.20392156862745092
  ],
  "ground_truth_action": [
    -0.005448640324175358,
    -0.005894786212593317,
    -0.017151908949017525,
    0.0013610472669824958,
    0.0048365239053964615,
    -0.003764341352507472,
    0.0010903814109042287
  ],
  "action_token_ids": [
    31878,
    31934,
    31829,
    31882,
    31862,
    31879,
    31846
  ],
  "mse_per_dim": [
    1.5192903733673786e-05,
    0.00021323140502152915,
    0.0012502065322527842,
    5.2523011370972264e-05,
    3.15520567733556e-05,
    8.458029476441652e-05,
    0.041140490507673814
  ],
  "mse_mean": 0.006112539530227221,
  "mse_spatial": 0.0002745477006527886,
  "mse_gripper": 0.041140490507673814,
  "mse_per_dim_names": [
    "x",
    "y",
    "z",
    "roll",
    "pitch",
    "yaw",
    "gripper"
  ],
  "grounding": {
    "nouns": [],
    "num_boxes": 0,
    "num_patches": 0,
    "patch_coverage": 0.0,
    "segmentation": "sam2"
  }
}