{
  "episode_id": 3,
  "step_id": 26,
  "instruction": "put the rectangle block on top of the red arch and yellow block",
  "condition": "sam_var_obj_temporal",
  "condition_desc": "VAR(p=0.6,rho=0.5) + obj_redirect + temporal + SAM2",
  "predicted_action": [
    0.00023856116042415831,
    -0.0013954019739347845,
    -0.01842901313348728,
    -0.026959838419568394,
    0.0387414198745699,
    0.04022824050281551,
    0.14117647058823524
  ],
  "ground_truth_action": [
    0.0027167692314833403,
    0.0015808350872248411,
    -0.009530262090265751,
    -0.016566630452871323,
    0.017945246770977974,
    0.015508878976106644,
    0.0
  ],
  "action_token_ids": [
    31870,
    31875,
    31970,
    31915,
    31803,
    31846,
    31854
  ],
  "mse_per_dim": [
    6.141515243462871e-06,
    8.857987044220085e-06,
    7.918777012923627e-05,
    0.00010801877183901547,
    0.0004324808157545603,
    0.0006110468342881345,
    0.01993079584775085
  ],
  "mse_mean": 0.003025218506007069,
  "mse_spatial": 0.00020762228238310493,
  "mse_gripper": 0.01993079584775085,
  "mse_per_dim_names": [
    "x",
    "y",
    "z",
    "roll",
    "pitch",
    "yaw",
    "gripper"
  ],
  "grounding": {
    "nouns": [
      "block"
    ],
    "num_boxes": 1,
    "num_patches": 24,
    "patch_coverage": 0.09375,
    "segmentation": "sam2"
  },
  "temporal": {
    "num_motion_patches": 16,
    "motion_coverage": 0.0625
  }
}