{
  "episode_id": 6,
  "step_id": 40,
  "instruction": "Picked the piece of chocolate and put it into the drawer",
  "condition": "sam_var_obj_temporal",
  "condition_desc": "VAR(p=0.6,rho=0.5) + obj_redirect + temporal + SAM2",
  "predicted_action": [
    1.4886919189882608e-05,
    0.0011946765903163847,
    0.001837358402416979,
    0.008162844167036026,
    -0.00814910962476452,
    0.003156884806997551,
    -0.05490196078431375
  ],
  "ground_truth_action": [
    -0.003227515611797571,
    -0.0008029721793718636,
    0.0040763625875115395,
    0.013215828686952591,
    0.005175460129976273,
    -0.014086633920669556,
    1.0
  ],
  "action_token_ids": [
    31871,
    31867,
    31892,
    31860,
    31873,
    31869,
    31879
  ],
  "mse_per_dim": [
    1.0513174172953847e-05,
    3.990600607036972e-06,
    5.013139740870957e-06,
    2.5532652558516435e-05,
    0.0001775441591489531,
    0.00029733893811140623,
    1.1128181468665899
  ],
  "mse_mean": 0.15904829707584708,
  "mse_spatial": 8.665544405662294e-05,
  "mse_gripper": 1.1128181468665899,
  "mse_per_dim_names": [
    "x",
    "y",
    "z",
    "roll",
    "pitch",
    "yaw",
    "gripper"
  ],
  "grounding": {
    "nouns": [
      "chocolate",
      "drawer"
    ],
    "num_boxes": 1,
    "num_patches": 19,
    "patch_coverage": 0.07421875,
    "segmentation": "sam2"
  },
  "temporal": {
    "num_motion_patches": 11,
    "motion_coverage": 0.04296875
  }
}