{
  "episode_id": 4,
  "step_id": 17,
  "instruction": "",
  "condition": "sam_var_obj_temporal",
  "condition_desc": "VAR(p=0.6,rho=0.5) + obj_redirect + temporal + SAM2",
  "predicted_action": [
    0.0015806066078298056,
    -0.014022034974659217,
    0.01716704969239585,
    0.01327159799781484,
    0.00591804922503579,
    0.10308836537833296,
    -0.06274509803921569
  ],
  "ground_truth_action": [
    -0.0004135545459575951,
    -0.0033940328285098076,
    0.038742199540138245,
    0.010603630915284157,
    -0.04873740300536156,
    0.2334422469139099,
    -0.002574315993115306
  ],
  "action_token_ids": [
    31864,
    31914,
    31833,
    31852,
    31852,
    31807,
    31880
  ],
  "mse_per_dim": [
    3.976678707274697e-06,
    0.00011295442961855646,
    0.0004654870909525387,
    7.118048353467289e-06,
    0.0029872184585092464,
    0.016992134431391227,
    0.0036205230120393158
  ],
  "mse_mean": 0.0034556303070816608,
  "mse_spatial": 0.0034281481895887186,
  "mse_gripper": 0.0036205230120393158,
  "mse_per_dim_names": [
    "x",
    "y",
    "z",
    "roll",
    "pitch",
    "yaw",
    "gripper"
  ],
  "grounding": {
    "nouns": [],
    "num_boxes": 0,
    "num_patches": 0,
    "patch_coverage": 0.0,
    "segmentation": "sam2"
  },
  "temporal": {
    "num_motion_patches": 20,
    "motion_coverage": 0.078125
  }
}