{
  "episode_id": 4,
  "step_id": 16,
  "instruction": "",
  "condition": "sam_var_obj_temporal",
  "condition_desc": "VAR(p=0.6,rho=0.5) + obj_redirect + temporal + SAM2",
  "predicted_action": [
    -0.00043246156327866186,
    0.0005471569492535924,
    0.016387573864091832,
    0.022211917201677783,
    0.03137290809610306,
    -0.03391447088882041,
    0.0
  ],
  "ground_truth_action": [
    -0.005062172655016184,
    0.0036314420867711306,
    0.04702300205826759,
    0.02338748425245285,
    -0.04233795404434204,
    0.42642349004745483,
    -0.0036133320536464453
  ],
  "action_token_ids": [
    31873,
    31869,
    31836,
    31838,
    31814,
    31892,
    31872
  ],
  "mse_per_dim": [
    2.1434224792957437e-05,
    9.51281480951158e-06,
    0.0009385294606404992,
    1.3819578908679892e-06,
    0.005433291197487703,
    0.21191103827896765,
    1.3056168529908838e-05
  ],
  "mse_mean": 0.031189749157588438,
  "mse_spatial": 0.03638586465576486,
  "mse_gripper": 1.3056168529908838e-05,
  "mse_per_dim_names": [
    "x",
    "y",
    "z",
    "roll",
    "pitch",
    "yaw",
    "gripper"
  ],
  "grounding": {
    "nouns": [],
    "num_boxes": 0,
    "num_patches": 0,
    "patch_coverage": 0.0,
    "segmentation": "sam2"
  },
  "temporal": {
    "num_motion_patches": 6,
    "motion_coverage": 0.0234375
  }
}