{
  "episode_id": 1,
  "step_id": 22,
  "instruction": "put the blue cube on the right side of the table on top of the rectangular block",
  "condition": "sam_var_obj_temporal",
  "condition_desc": "VAR(p=0.6,rho=0.5) + obj_redirect + temporal + SAM2",
  "predicted_action": [
    0.0060540914325152954,
    0.004108514975098954,
    -0.003099321843508418,
    -0.0058862288676057445,
    -0.005469650796231129,
    0.017663067470578525,
    0.04705882352941182
  ],
  "ground_truth_action": [
    0.005091065540909767,
    0.003426352748647332,
    -0.0008182874298654497,
    -0.008177509531378746,
    -0.0049799527041614056,
    0.020214317366480827,
    0.0
  ],
  "action_token_ids": [
    31844,
    31858,
    31911,
    31882,
    31869,
    31860,
    31866
  ],
  "mse_per_dim": [
    9.274188679026227e-07,
    4.653453031974332e-07,
    5.20311799622352e-06,
    5.249967080180047e-06,
    2.3980422137672746e-07,
    6.508876031341508e-06,
    0.0022145328719723233
  ],
  "mse_mean": 0.00031901820021036355,
  "mse_spatial": 3.0990882500369764e-06,
  "mse_gripper": 0.0022145328719723233,
  "mse_per_dim_names": [
    "x",
    "y",
    "z",
    "roll",
    "pitch",
    "yaw",
    "gripper"
  ],
  "grounding": {
    "nouns": [
      "cube",
      "table",
      "block"
    ],
    "num_boxes": 1,
    "num_patches": 5,
    "patch_coverage": 0.01953125,
    "segmentation": "sam2"
  },
  "temporal": {
    "num_motion_patches": 15,
    "motion_coverage": 0.05859375
  }
}