{
  "episode_id": 8,
  "step_id": 6,
  "instruction": "open the drawer",
  "condition": "sam_var_obj_temporal",
  "condition_desc": "VAR(p=0.6,rho=0.5) + obj_redirect + temporal + SAM2",
  "predicted_action": [
    0.011645947463372146,
    -0.0023666814355289695,
    -0.007776176813332477,
    -0.009079200011842509,
    -0.005469650796231129,
    0.014439471323116071,
    0.996078431372549
  ],
  "ground_truth_action": [
    0.0053087458945810795,
    -0.0007840382168069482,
    -0.005572720430791378,
    -0.0070840721018612385,
    0.007009762339293957,
    0.007339758332818747,
    1.0
  ],
  "action_token_ids": [
    31819,
    31878,
    31929,
    31887,
    31869,
    31862,
    31744
  ],
  "mse_per_dim": [
    4.016012372348796e-05,
    2.5047595577667997e-06,
    4.855220029761106e-06,
    3.980535377186231e-06,
    0.00015573575220711607,
    5.040592454459658e-05,
    1.5378700499807656e-05
  ],
  "mse_mean": 3.90030022771032e-05,
  "mse_spatial": 4.294038590665246e-05,
  "mse_gripper": 1.5378700499807656e-05,
  "mse_per_dim_names": [
    "x",
    "y",
    "z",
    "roll",
    "pitch",
    "yaw",
    "gripper"
  ],
  "grounding": {
    "nouns": [
      "drawer"
    ],
    "num_boxes": 0,
    "num_patches": 0,
    "patch_coverage": 0.0,
    "segmentation": "sam2"
  },
  "temporal": {
    "num_motion_patches": 12,
    "motion_coverage": 0.046875
  }
}