{
  "episode_id": 9,
  "step_id": 10,
  "instruction": "Move the can in the middle bottom of the table",
  "condition": "sam_var_obj_temporal",
  "condition_desc": "VAR(p=0.6,rho=0.5) + obj_redirect + temporal + SAM2",
  "predicted_action": [
    -0.004011249423027052,
    -0.010460676948813866,
    -0.0012805449107990592,
    0.004969873022799262,
    -0.006809380210497831,
    -0.03552626896255165,
    -0.18823529411764706
  ],
  "ground_truth_action": [
    -0.016826383769512177,
    -0.010307715274393559,
    -0.006835842505097389,
    0.0025085932575166225,
    0.020056849345564842,
    -0.04936245083808899,
    1.0
  ],
  "action_token_ids": [
    31889,
    31903,
    31904,
    31865,
    31871,
    31893,
    31896
  ],
  "mse_per_dim": [
    0.00016422766831846272,
    2.3397273841464263e-08,
    3.0861331361216814e-05,
    6.057898082989765e-06,
    0.0007217942905590555,
    0.00019143992889294797,
    1.4119031141868512
  ],
  "mse_mean": 0.20185964552876282,
  "mse_spatial": 0.0001857340857480857,
  "mse_gripper": 1.4119031141868512,
  "mse_per_dim_names": [
    "x",
    "y",
    "z",
    "roll",
    "pitch",
    "yaw",
    "gripper"
  ],
  "grounding": {
    "nouns": [
      "can",
      "table"
    ],
    "num_boxes": 0,
    "num_patches": 0,
    "patch_coverage": 0.0,
    "segmentation": "sam2"
  },
  "temporal": {
    "num_motion_patches": 25,
    "motion_coverage": 0.09765625
  }
}