{
  "episode_id": 0,
  "step_id": 22,
  "instruction": "put small spoon from basket to tray",
  "condition": "sam_var_obj_temporal",
  "condition_desc": "VAR(p=0.6,rho=0.5) + obj_redirect + temporal + SAM2",
  "predicted_action": [
    -0.0013271585282157647,
    0.011554990847321048,
    -0.018948663685689954,
    -0.08060175364274605,
    -0.016857350817498062,
    0.07568779812490231,
    0.039215686274509776
  ],
  "ground_truth_action": [
    0.0006721857935190201,
    -0.0042092385701835155,
    -0.01540945190936327,
    -0.09378491342067719,
    -0.026464104652404785,
    0.015103685669600964,
    0.0
  ],
  "action_token_ids": [
    31877,
    31835,
    31972,
    31999,
    31886,
    31824,
    31867
  ],
  "mse_per_dim": [
    3.997377716853127e-06,
    0.00024851092912771624,
    1.2526019997689482e-05,
    0.0001737957017304613,
    9.228971924449503e-05,
    0.0036704346819966,
    0.0015378700499807745
  ],
  "mse_mean": 0.0008199177828277984,
  "mse_spatial": 0.0007002590716356359,
  "mse_gripper": 0.0015378700499807745,
  "mse_per_dim_names": [
    "x",
    "y",
    "z",
    "roll",
    "pitch",
    "yaw",
    "gripper"
  ],
  "grounding": {
    "nouns": [
      "spoon",
      "basket"
    ],
    "num_boxes": 2,
    "num_patches": 77,
    "patch_coverage": 0.30078125,
    "segmentation": "sam2"
  },
  "temporal": {
    "num_motion_patches": 25,
    "motion_coverage": 0.09765625
  }
}