{
  "episode_id": 4,
  "step_id": 45,
  "instruction": "",
  "condition": "sam_var_obj_temporal",
  "condition_desc": "VAR(p=0.6,rho=0.5) + obj_redirect + temporal + SAM2",
  "predicted_action": [
    0.003370000537704001,
    0.008964912283069892,
    -0.0010207196346977247,
    0.033068019092082776,
    -0.038293021445765234,
    0.04184003857654672,
    0.996078431372549
  ],
  "ground_truth_action": [
    -0.007802712731063366,
    -0.005551682785153389,
    0.002547124633565545,
    0.000803887436632067,
    -0.008405528962612152,
    -0.037739697843790054,
    1.0
  ],
  "action_token_ids": [
    31856,
    31843,
    31903,
    31821,
    31918,
    31845,
    31744
  ],
  "mse_per_dim": [
    0.00012482952178609038,
    0.0002107315323747645,
    1.2729512722579067e-05,
    0.0010409741914802564,
    0.000893262206930532,
    0.006332934448730276,
    1.5378700499807656e-05
  ],
  "mse_mean": 0.001232977159217758,
  "mse_spatial": 0.0014359102356707497,
  "mse_gripper": 1.5378700499807656e-05,
  "mse_per_dim_names": [
    "x",
    "y",
    "z",
    "roll",
    "pitch",
    "yaw",
    "gripper"
  ],
  "grounding": {
    "nouns": [],
    "num_boxes": 0,
    "num_patches": 0,
    "patch_coverage": 0.0,
    "segmentation": "sam2"
  },
  "temporal": {
    "num_motion_patches": 2,
    "motion_coverage": 0.0078125
  }
}