{
  "episode_id": 4,
  "step_id": 7,
  "instruction": "",
  "condition": "sam_var_obj_temporal",
  "condition_desc": "VAR(p=0.6,rho=0.5) + obj_redirect + temporal + SAM2",
  "predicted_action": [
    -0.0013271585282157647,
    0.0008709167697849851,
    -0.010114604298244505,
    -0.02759843264841575,
    0.0126166962963693,
    0.011215875175653645,
    0.0
  ],
  "ground_truth_action": [
    0.000407500599976629,
    -0.000383376725949347,
    -0.008535142056643963,
    -0.028216348960995674,
    0.020083140581846237,
    0.12663574516773224,
    1.0
  ],
  "action_token_ids": [
    31877,
    31868,
    31938,
    31916,
    31842,
    31864,
    31872
  ],
  "mse_per_dim": [
    3.0090422910211954e-06,
    1.573252173441451e-06,
    2.4947009726418085e-06,
    3.8182056935236953e-07,
    5.57477902681312e-05,
    0.013321746388988325,
    1.0
  ],
  "mse_mean": 0.1447692789993233,
  "mse_spatial": 0.0022308254992104855,
  "mse_gripper": 1.0,
  "mse_per_dim_names": [
    "x",
    "y",
    "z",
    "roll",
    "pitch",
    "yaw",
    "gripper"
  ],
  "grounding": {
    "nouns": [],
    "num_boxes": 0,
    "num_patches": 0,
    "patch_coverage": 0.0,
    "segmentation": "sam2"
  },
  "temporal": {
    "num_motion_patches": 2,
    "motion_coverage": 0.0078125
  }
}