{
  "episode_id": 16,
  "step_id": 11,
  "instruction": "move the pan to the left side of the stove",
  "condition": "sam_var_obj_temporal",
  "condition_desc": "VAR(p=0.6,rho=0.5) + obj_redirect + temporal + SAM2",
  "predicted_action": [
    -0.006247991835369799,
    -0.0017191617944661772,
    0.0028766595068223273,
    0.0004997134208677839,
    -0.004799786089097785,
    -0.016184692077777035,
    -0.06274509803921569
  ],
  "ground_truth_action": [
    0.0012646537506952882,
    0.027866285294294357,
    0.041332293301820755,
    -0.0022071083076298237,
    -0.09144561737775803,
    0.027056846767663956,
    0.0
  ],
  "action_token_ids": [
    31899,
    31876,
    31888,
    31872,
    31868,
    31881,
    31880
  ],
  "mse_per_dim": [
    5.6439843701823235e-05,
    0.0008752986794418492,
    0.0014788357705750254,
    7.326883869866776e-06,
    0.007507500079702974,
    0.0018698306817217822,
    0.003936947327950788
  ],
  "mse_mean": 0.0022474541809948726,
  "mse_spatial": 0.0019658719898355535,
  "mse_gripper": 0.003936947327950788,
  "mse_per_dim_names": [
    "x",
    "y",
    "z",
    "roll",
    "pitch",
    "yaw",
    "gripper"
  ],
  "grounding": {
    "nouns": [
      "pan",
      "stove"
    ],
    "num_boxes": 2,
    "num_patches": 46,
    "patch_coverage": 0.1796875,
    "segmentation": "sam2"
  },
  "temporal": {
    "num_motion_patches": 24,
    "motion_coverage": 0.09375
  }
}