{
  "episode_id": 16,
  "step_id": 4,
  "instruction": "move the pan to the left side of the stove",
  "condition": "sam_var_obj_temporal",
  "condition_desc": "VAR(p=0.6,rho=0.5) + obj_redirect + temporal + SAM2",
  "predicted_action": [
    0.0026989778140011807,
    -0.04154161971982787,
    -0.009335128469940498,
    -0.020573896131094865,
    0.0018988609822357116,
    -0.17414090330343623,
    -0.6745098039215687
  ],
  "ground_truth_action": [
    0.00319644040428102,
    -0.04329777881503105,
    -0.01759958639740944,
    0.0019159591756761074,
    0.05161032825708389,
    -0.08018914610147476,
    1.0
  ],
  "action_token_ids": [
    31859,
    31999,
    31935,
    31905,
    31858,
    31979,
    31958
  ],
  "mse_per_dim": [
    2.4746902872792746e-07,
    3.084094767664848e-06,
    6.830126483490423e-05,
    0.0005057935917194945,
    0.0024712299786183015,
    0.00882693268133632,
    2.8039830834294506
  ],
  "mse_mean": 0.40226552464425086,
  "mse_spatial": 0.001979264846717569,
  "mse_gripper": 2.8039830834294506,
  "mse_per_dim_names": [
    "x",
    "y",
    "z",
    "roll",
    "pitch",
    "yaw",
    "gripper"
  ],
  "grounding": {
    "nouns": [
      "pan",
      "stove"
    ],
    "num_boxes": 2,
    "num_patches": 42,
    "patch_coverage": 0.1640625,
    "segmentation": "sam2"
  },
  "temporal": {
    "num_motion_patches": 32,
    "motion_coverage": 0.125
  }
}