{
  "episode_id": 12,
  "step_id": 2,
  "instruction": "",
  "condition": "sam_var_obj_temporal",
  "condition_desc": "VAR(p=0.6,rho=0.5) + obj_redirect + temporal + SAM2",
  "predicted_action": [
    0.00023856116042415831,
    -0.022763550129006913,
    0.0036561353351263343,
    -0.01674233075801075,
    -0.03561356261723183,
    -0.0629268362159823,
    -0.02352941176470591
  ],
  "ground_truth_action": [
    -0.026681862771511078,
    0.02538217045366764,
    0.00041588087333366275,
    -0.00016778304416220635,
    -0.0033389031887054443,
    0.06326862424612045,
    0.9921502470970154
  ],
  "action_token_ids": [
    31870,
    31941,
    31885,
    31899,
    31914,
    31910,
    31875
  ],
  "mse_per_dim": [
    0.0007247092246751114,
    0.002318010410424972,
    1.0499248977167316e-05,
    0.000274715631918642,
    0.001041653641227367,
    0.01592529424124214,
    1.0316051694254622
  ],
  "mse_mean": 0.1502714359748468,
  "mse_spatial": 0.003382480399744233,
  "mse_gripper": 1.0316051694254622,
  "mse_per_dim_names": [
    "x",
    "y",
    "z",
    "roll",
    "pitch",
    "yaw",
    "gripper"
  ],
  "grounding": {
    "nouns": [],
    "num_boxes": 0,
    "num_patches": 0,
    "patch_coverage": 0.0,
    "segmentation": "sam2"
  },
  "temporal": {
    "num_motion_patches": 11,
    "motion_coverage": 0.04296875
  }
}