{
  "episode_id": 15,
  "step_id": 50,
  "instruction": "sweep into pile",
  "condition": "sam_var_obj_temporal",
  "condition_desc": "VAR(p=0.6,rho=0.5) + obj_redirect + temporal + SAM2",
  "predicted_action": [
    0.008961856568560859,
    0.032275619361330395,
    0.021843904662219905,
    -0.026321244190721037,
    -0.032264239081565095,
    0.011215875175653645,
    0.0
  ],
  "ground_truth_action": [
    0.026173438876867294,
    -0.022409595549106598,
    0.024428538978099823,
    0.006083943415433168,
    -0.08330357819795609,
    -0.0743216797709465,
    0.0
  ],
  "action_token_ids": [
    31831,
    31771,
    31815,
    31914,
    31909,
    31864,
    31872
  ],
  "mse_per_dim": [
    0.0002962385655556071,
    0.0029904727298006805,
    6.680334546824053e-06,
    0.0010500961837900502,
    0.0026050141374379596,
    0.007316673306242639,
    0.0
  ],
  "mse_mean": 0.002037882179624823,
  "mse_spatial": 0.002377529209562293,
  "mse_gripper": 0.0,
  "mse_per_dim_names": [
    "x",
    "y",
    "z",
    "roll",
    "pitch",
    "yaw",
    "gripper"
  ],
  "grounding": {
    "nouns": [
      "pile"
    ],
    "num_boxes": 0,
    "num_patches": 0,
    "patch_coverage": 0.0,
    "segmentation": "sam2"
  },
  "temporal": {
    "num_motion_patches": 43,
    "motion_coverage": 0.16796875
  }
}