{
  "episode_id": 14,
  "step_id": 45,
  "instruction": "move the silver pot to the lower right burner",
  "condition": "sam_var_obj_temporal",
  "condition_desc": "VAR(p=0.6,rho=0.5) + obj_redirect + temporal + SAM2",
  "predicted_action": [
    0.003146326296469725,
    0.02936178097654784,
    0.0026168342307209894,
    -0.07293862289657782,
    -0.04834099205276547,
    0.04506363472400918,
    0.996078431372549
  ],
  "ground_truth_action": [
    0.0005231185350567102,
    0.03136540204286575,
    -0.00039033027132973075,
    0.02110551856458187,
    -0.0060810730792582035,
    -0.0404558964073658,
    1.0
  ],
  "action_token_ids": [
    31857,
    31780,
    31889,
    31987,
    31933,
    31843,
    31744
  ],
  "mse_per_dim": [
    6.881218959537481e-06,
    4.014497377392933e-06,
    9.043038342393955e-06,
    0.008844300543166615,
    0.0017859007516473997,
    0.0073135902049302134,
    1.5378700499807656e-05
  ],
  "mse_mean": 0.002568444136417623,
  "mse_spatial": 0.0029939550424039254,
  "mse_gripper": 1.5378700499807656e-05,
  "mse_per_dim_names": [
    "x",
    "y",
    "z",
    "roll",
    "pitch",
    "yaw",
    "gripper"
  ],
  "grounding": {
    "nouns": [
      "pot",
      "burner"
    ],
    "num_boxes": 2,
    "num_patches": 32,
    "patch_coverage": 0.125,
    "segmentation": "sam2"
  },
  "temporal": {
    "num_motion_patches": 33,
    "motion_coverage": 0.12890625
  }
}