{
  "episode_id": 17,
  "step_id": 3,
  "instruction": "",
  "condition": "sam_var_obj_temporal",
  "condition_desc": "VAR(p=0.6,rho=0.5) + obj_redirect + temporal + SAM2",
  "predicted_action": [
    0.00135693236659553,
    0.0070223533598815155,
    -0.005697574604521784,
    0.04647849789787721,
    0.009937237467835897,
    0.05312262509266527,
    0.3372549019607842
  ],
  "ground_truth_action": [
    0.013593175448477268,
    -0.0411699078977108,
    0.011648331768810749,
    0.026598142459988594,
    0.01843036524951458,
    -0.2089730203151703,
    1.0
  ],
  "action_token_ids": [
    31865,
    31849,
    31921,
    31800,
    31846,
    31838,
    31829
  ],
  "mse_per_dim": [
    0.0001497256447588987,
    0.002322494045120033,
    0.0003008804679124182,
    0.00039522853233678746,
    7.213321951592227e-05,
    0.06869412734174989,
    0.43923106497500974
  ],
  "mse_mean": 0.07302366488948624,
  "mse_spatial": 0.011989098208565656,
  "mse_gripper": 0.43923106497500974,
  "mse_per_dim_names": [
    "x",
    "y",
    "z",
    "roll",
    "pitch",
    "yaw",
    "gripper"
  ],
  "grounding": {
    "nouns": [],
    "num_boxes": 0,
    "num_patches": 0,
    "patch_coverage": 0.0,
    "segmentation": "sam2"
  },
  "temporal": {
    "num_motion_patches": 12,
    "motion_coverage": 0.046875
  }
}