{
  "episode_id": 15,
  "step_id": 12,
  "instruction": "sweep into pile",
  "condition": "sam_var_obj_temporal",
  "condition_desc": "VAR(p=0.6,rho=0.5) + obj_redirect + temporal + SAM2",
  "predicted_action": [
    -0.02324723416917465,
    -0.031181305462823206,
    0.000798057298011634,
    -0.04547907105614163,
    -0.01283816257469797,
    0.0063804809544599494,
    -0.2196078431372549
  ],
  "ground_truth_action": [
    0.0010552710155025125,
    -0.009318443015217781,
    0.012894878163933754,
    -0.005658266134560108,
    -0.011606315150856972,
    0.03751083463430405,
    0.0
  ],
  "action_token_ids": [
    31975,
    31967,
    31896,
    31944,
    31880,
    31867,
    31900
  ],
  "mse_per_dim": [
    0.0005906117582512603,
    0.0004779847544029155,
    0.0001463330750622088,
    0.001585696504602651,
    1.517448075623704e-06,
    0.0009690989202321829,
    0.04822760476739715
  ],
  "mse_mean": 0.007428406746860571,
  "mse_spatial": 0.0006285404101044737,
  "mse_gripper": 0.04822760476739715,
  "mse_per_dim_names": [
    "x",
    "y",
    "z",
    "roll",
    "pitch",
    "yaw",
    "gripper"
  ],
  "grounding": {
    "nouns": [
      "pile"
    ],
    "num_boxes": 0,
    "num_patches": 0,
    "patch_coverage": 0.0,
    "segmentation": "sam2"
  },
  "temporal": {
    "num_motion_patches": 7,
    "motion_coverage": 0.02734375
  }
}