{
  "episode_id": 19,
  "step_id": 25,
  "instruction": "",
  "condition": "sam_var_obj_temporal",
  "condition_desc": "VAR(p=0.6,rho=0.5) + obj_redirect + temporal + SAM2",
  "predicted_action": [
    -0.0035639009405585044,
    -0.005280519820311531,
    0.0036561353351263343,
    -0.0058862288676057445,
    0.003908455103635758,
    -0.18864708596701715,
    -0.25098039215686274
  ],
  "ground_truth_action": [
    0.0108906589448452,
    0.0072596436366438866,
    0.005296010058373213,
    0.01409292034804821,
    0.019507816061377525,
    -0.008097164332866669,
    0.00020942407718393952
  ],
  "action_token_ids": [
    31887,
    31887,
    31885,
    31882,
    31855,
    31988,
    31904
  ],
  "mse_per_dim": [
    0.00020893430148072193,
    0.00015725569952716005,
    2.6891891079440267e-06,
    0.000399166403381366,
    0.00024334006228991816,
    0.032598274202097884,
    0.06309632377969414
  ],
  "mse_mean": 0.01381514051965416,
  "mse_spatial": 0.005601609976314165,
  "mse_gripper": 0.06309632377969414,
  "mse_per_dim_names": [
    "x",
    "y",
    "z",
    "roll",
    "pitch",
    "yaw",
    "gripper"
  ],
  "grounding": {
    "nouns": [],
    "num_boxes": 0,
    "num_patches": 0,
    "patch_coverage": 0.0,
    "segmentation": "sam2"
  },
  "temporal": {
    "num_motion_patches": 11,
    "motion_coverage": 0.04296875
  }
}