{
  "episode_id": 13,
  "step_id": 34,
  "instruction": "",
  "condition": "sam_var_obj_temporal",
  "condition_desc": "VAR(p=0.6,rho=0.5) + obj_redirect + temporal + SAM2",
  "predicted_action": [
    0.003146326296469725,
    -0.009165637666688285,
    0.020284953005611884,
    0.015187380684356905,
    -0.01283816257469797,
    -0.004902105561658515,
    0.0
  ],
  "ground_truth_action": [
    0.0015294519253075123,
    -0.001163684413768351,
    -0.01022282987833023,
    -0.00016641995171085,
    0.0070540462620556355,
    -0.03468157723546028,
    0.9931426048278809
  ],
  "action_token_ids": [
    31857,
    31899,
    31821,
    31849,
    31880,
    31874,
    31872
  ],
  "mse_per_dim": [
    2.6142827321212012e-06,
    6.403125586191592e-05,
    0.0009307248164937515,
    0.0002357391939721146,
    0.0003956999724050182,
    0.0008868169331707618,
    0.9863322335243083
  ],
  "mse_mean": 0.141263979996992,
  "mse_spatial": 0.00041927107577261386,
  "mse_gripper": 0.9863322335243083,
  "mse_per_dim_names": [
    "x",
    "y",
    "z",
    "roll",
    "pitch",
    "yaw",
    "gripper"
  ],
  "grounding": {
    "nouns": [],
    "num_boxes": 0,
    "num_patches": 0,
    "patch_coverage": 0.0,
    "segmentation": "sam2"
  },
  "temporal": {
    "num_motion_patches": 27,
    "motion_coverage": 0.10546875
  }
}