{
  "episode_id": 12,
  "step_id": 7,
  "instruction": "",
  "condition": "sam_var_obj_temporal",
  "condition_desc": "VAR(p=0.6,rho=0.5) + obj_redirect + temporal + SAM2",
  "predicted_action": [
    -0.0013271585282157647,
    0.0034609953340361613,
    -0.0025796712913057455,
    0.008162844167036026,
    -0.01618748611036472,
    -0.016184692077777035,
    0.996078431372549
  ],
  "ground_truth_action": [
    5.3541563829639927e-05,
    -0.0038711195811629295,
    -0.03227188438177109,
    -0.005990209989249706,
    0.0011985240271314979,
    0.003165092319250107,
    0.9968034029006958
  ],
  "action_token_ids": [
    31877,
    31860,
    31909,
    31860,
    31885,
    31881,
    31744
  ],
  "mse_per_dim": [
    1.9063327441741888e-06,
    5.375990912968497e-05,
    0.0008816275182096014,
    0.00020030894195075685,
    0.0003022733485011212,
    0.00037441415621143506,
    5.255837166234589e-07
  ],
  "mse_mean": 0.0002592593986376282,
  "mse_spatial": 0.00030238170112446226,
  "mse_gripper": 5.255837166234589e-07,
  "mse_per_dim_names": [
    "x",
    "y",
    "z",
    "roll",
    "pitch",
    "yaw",
    "gripper"
  ],
  "grounding": {
    "nouns": [],
    "num_boxes": 0,
    "num_patches": 0,
    "patch_coverage": 0.0,
    "segmentation": "sam2"
  },
  "temporal": {
    "num_motion_patches": 19,
    "motion_coverage": 0.07421875
  }
}