{
  "episode_id": 19,
  "step_id": 41,
  "instruction": "",
  "condition": "sam_var_obj_temporal",
  "condition_desc": "VAR(p=0.6,rho=0.5) + obj_redirect + temporal + SAM2",
  "predicted_action": [
    -0.0013271585282157647,
    0.008964912283069892,
    -0.0075163515372311425,
    -0.0020546634945216302,
    -0.025565592010231605,
    0.016051269396847284,
    0.996078431372549
  ],
  "ground_truth_action": [
    -0.007403464522212744,
    0.007840121164917946,
    -0.0006139768520370126,
    -0.009250642731785774,
    0.0001583863195264712,
    -0.13246341049671173,
    1.0
  ],
  "action_token_ids": [
    31877,
    31843,
    31928,
    31876,
    31899,
    31861,
    31744
  ],
  "mse_per_dim": [
    3.692149453268362e-05,
    1.2651550594735061e-06,
    4.7642776294808765e-05,
    5.1782117183136655e-05,
    0.0006617230611098631,
    0.022056610143886303,
    1.5378700499807656e-05
  ],
  "mse_mean": 0.003267331921223725,
  "mse_spatial": 0.0038093241246777115,
  "mse_gripper": 1.5378700499807656e-05,
  "mse_per_dim_names": [
    "x",
    "y",
    "z",
    "roll",
    "pitch",
    "yaw",
    "gripper"
  ],
  "grounding": {
    "nouns": [],
    "num_boxes": 0,
    "num_patches": 0,
    "patch_coverage": 0.0,
    "segmentation": "sam2"
  },
  "temporal": {
    "num_motion_patches": 11,
    "motion_coverage": 0.04296875
  }
}