{
  "episode_id": 14,
  "step_id": 4,
  "instruction": "move the silver pot to the lower right burner",
  "condition": "sam_var_obj_temporal",
  "condition_desc": "VAR(p=0.6,rho=0.5) + obj_redirect + temporal + SAM2",
  "predicted_action": [
    -0.002445529734387133,
    -0.0017191617944661772,
    -0.011933381230953864,
    0.004969873022799262,
    0.05146884931010352,
    -0.11128077842791878,
    -0.8627450980392157
  ],
  "ground_truth_action": [
    0.006419795099645853,
    -0.0035617609973996878,
    -0.00869713444262743,
    0.04169008508324623,
    -0.0017783533548936248,
    -0.19874466955661774,
    1.0
  ],
  "action_token_ids": [
    31882,
    31876,
    31945,
    31865,
    31784,
    31940,
    31982
  ],
  "mse_per_dim": [
    7.859398441292198e-05,
    3.3951718226512084e-06,
    1.0473293274953155e-05,
    0.001348373973764195,
    0.0028352645916472794,
    0.007649932251372904,
    3.4698193002691275
  ],
  "mse_mean": 0.49739219050506034,
  "mse_spatial": 0.001987672211049151,
  "mse_gripper": 3.4698193002691275,
  "mse_per_dim_names": [
    "x",
    "y",
    "z",
    "roll",
    "pitch",
    "yaw",
    "gripper"
  ],
  "grounding": {
    "nouns": [
      "pot",
      "burner"
    ],
    "num_boxes": 1,
    "num_patches": 35,
    "patch_coverage": 0.13671875,
    "segmentation": "sam2"
  },
  "temporal": {
    "num_motion_patches": 8,
    "motion_coverage": 0.03125
  }
}