{
  "episode_id": 16,
  "step_id": 2,
  "instruction": "move the pan to the left side of the stove",
  "condition": "sam_var_obj_temporal",
  "condition_desc": "VAR(p=0.6,rho=0.5) + obj_redirect + temporal + SAM2",
  "predicted_action": [
    -0.005129620629198427,
    -0.02179227066741272,
    0.004435611163430348,
    -0.018019519215705465,
    -0.010158703746164566,
    -0.030690874741357954,
    -0.20392156862745098
  ],
  "ground_truth_action": [
    0.006971022114157677,
    -0.045063406229019165,
    0.002430042251944542,
    -0.017176274210214615,
    -0.013600312173366547,
    -0.09449020028114319,
    1.0
  ],
  "action_token_ids": [
    31894,
    31938,
    31882,
    31901,
    31876,
    31890,
    31898
  ],
  "mse_per_dim": [
    0.00014642555480233674,
    0.000541545750326664,
    4.022306658718362e-06,
    7.11062139285264e-07,
    1.1844668566187692e-05,
    0.0040703539393314924,
    1.4494271434063821
  ],
  "mse_mean": 0.2077431495268867,
  "mse_spatial": 0.0007958172136374475,
  "mse_gripper": 1.4494271434063821,
  "mse_per_dim_names": [
    "x",
    "y",
    "z",
    "roll",
    "pitch",
    "yaw",
    "gripper"
  ],
  "grounding": {
    "nouns": [
      "pan",
      "stove"
    ],
    "num_boxes": 2,
    "num_patches": 43,
    "patch_coverage": 0.16796875,
    "segmentation": "sam2"
  },
  "temporal": {
    "num_motion_patches": 5,
    "motion_coverage": 0.01953125
  }
}