{
  "episode_id": 17,
  "step_id": 23,
  "instruction": "",
  "condition": "sam_var_obj_temporal",
  "condition_desc": "VAR(p=0.6,rho=0.5) + obj_redirect + temporal + SAM2",
  "predicted_action": [
    -0.004905946387964152,
    0.0011946765903163847,
    -0.015830760372473916,
    -0.023766867275331637,
    0.052138714017236895,
    -0.008125701709120942,
    0.20392156862745092
  ],
  "ground_truth_action": [
    -0.009886449202895164,
    0.023679403588175774,
    -0.0008934556972235441,
    0.022189028561115265,
    -0.006790101528167725,
    0.046357858926057816,
    0.0
  ],
  "action_token_ids": [
    31893,
    31867,
    31960,
    31910,
    31783,
    31876,
    31846
  ],
  "mse_per_dim": [
    2.4805408289535743e-05,
    0.0005055629481682669,
    0.0002231230709612566,
    0.0021119443621303575,
    0.003472605301584321,
    0.0029684583794872,
    0.041584006151480175
  ],
  "mse_mean": 0.00727007223172873,
  "mse_spatial": 0.0015510832451034896,
  "mse_gripper": 0.041584006151480175,
  "mse_per_dim_names": [
    "x",
    "y",
    "z",
    "roll",
    "pitch",
    "yaw",
    "gripper"
  ],
  "grounding": {
    "nouns": [],
    "num_boxes": 0,
    "num_patches": 0,
    "patch_coverage": 0.0,
    "segmentation": "sam2"
  },
  "temporal": {
    "num_motion_patches": 28,
    "motion_coverage": 0.109375
  }
}