{
  "episode_id": 13,
  "step_id": 16,
  "instruction": "",
  "condition": "sam_var_obj_temporal",
  "condition_desc": "VAR(p=0.6,rho=0.5) + obj_redirect + temporal + SAM2",
  "predicted_action": [
    -0.0011034842869814855,
    0.001842196231379177,
    0.002097183678518317,
    0.005608467251646612,
    0.009937237467835897,
    -0.016184692077777035,
    0.0
  ],
  "ground_truth_action": [
    0.005197370890527964,
    0.000492371094878763,
    0.04869038239121437,
    -0.025274591520428658,
    -0.0326298363506794,
    -0.9479477405548096,
    -0.0009407354518771172
  ],
  "action_token_ids": [
    31876,
    31865,
    31891,
    31864,
    31846,
    31881,
    31872
  ],
  "mse_per_dim": [
    3.9700775967947635e-05,
    1.8220278991283615e-06,
    0.0021709261662807814,
    0.0009537633191194553,
    0.0018119557734709302,
    0.8681823785072128,
    8.849831904184438e-07
  ],
  "mse_mean": 0.12473734736473449,
  "mse_spatial": 0.1455267577616585,
  "mse_gripper": 8.849831904184438e-07,
  "mse_per_dim_names": [
    "x",
    "y",
    "z",
    "roll",
    "pitch",
    "yaw",
    "gripper"
  ],
  "grounding": {
    "nouns": [],
    "num_boxes": 0,
    "num_patches": 0,
    "patch_coverage": 0.0,
    "segmentation": "sam2"
  },
  "temporal": {
    "num_motion_patches": 22,
    "motion_coverage": 0.0859375
  }
}