{
  "episode_id": 13,
  "step_id": 9,
  "instruction": "",
  "condition": "sam_var_obj_temporal",
  "condition_desc": "VAR(p=0.6,rho=0.5) + obj_redirect + temporal + SAM2",
  "predicted_action": [
    -0.01832640086202061,
    -0.009813157307751078,
    0.012230369446470445,
    0.014548786455509555,
    -0.02020667435316481,
    -0.01940828822523946,
    0.0
  ],
  "ground_truth_action": [
    -0.0018053873209282756,
    0.004971780348569155,
    -0.01716124266386032,
    0.006403269246220589,
    0.03268413245677948,
    -0.022303879261016846,
    0.9948318600654602
  ],
  "action_token_ids": [
    31953,
    31901,
    31852,
    31850,
    31891,
    31883,
    31872
  ],
  "mse_per_dim": [
    0.0002729438884249563,
    0.000218594381501276,
    0.0008638668624441422,
    6.63494506068227e-05,
    0.0027974374450068494,
    8.384447446474344e-06,
    0.9896904298013034
  ],
  "mse_mean": 0.141988286610962,
  "mse_spatial": 0.0007045960792384201,
  "mse_gripper": 0.9896904298013034,
  "mse_per_dim_names": [
    "x",
    "y",
    "z",
    "roll",
    "pitch",
    "yaw",
    "gripper"
  ],
  "grounding": {
    "nouns": [],
    "num_boxes": 0,
    "num_patches": 0,
    "patch_coverage": 0.0,
    "segmentation": "sam2"
  },
  "temporal": {
    "num_motion_patches": 15,
    "motion_coverage": 0.05859375
  }
}