{
  "episode_id": 14,
  "step_id": 14,
  "instruction": "move the silver pot to the lower right burner",
  "condition": "sam_var_obj_temporal",
  "condition_desc": "VAR(p=0.6,rho=0.5) + obj_redirect + temporal + SAM2",
  "predicted_action": [
    0.002475303572766905,
    0.002813475692973362,
    -0.004138622947913766,
    0.008162844167036026,
    -0.019536809646031453,
    0.06440521160878379,
    -0.11764705882352944
  ],
  "ground_truth_action": [
    0.005521376617252827,
    0.0031821681186556816,
    -0.0030924826860427856,
    0.023899951949715614,
    -0.018925726413726807,
    -0.01291666366159916,
    1.0
  ],
  "action_token_ids": [
    31860,
    31862,
    31915,
    31860,
    31890,
    31831,
    31887
  ],
  "mse_per_dim": [
    9.278560992343731e-06,
    1.3593410475551274e-07,
    1.094409447507484e-06,
    0.0002476565613636745,
    3.734227168038941e-07,
    0.005978672395328659,
    1.2491349480968859
  ],
  "mse_mean": 0.1793388799115485,
  "mse_spatial": 0.0010395352139922905,
  "mse_gripper": 1.2491349480968859,
  "mse_per_dim_names": [
    "x",
    "y",
    "z",
    "roll",
    "pitch",
    "yaw",
    "gripper"
  ],
  "grounding": {
    "nouns": [
      "pot",
      "burner"
    ],
    "num_boxes": 2,
    "num_patches": 42,
    "patch_coverage": 0.1640625,
    "segmentation": "sam2"
  },
  "temporal": {
    "num_motion_patches": 1,
    "motion_coverage": 0.00390625
  }
}