{
  "episode_id": 15,
  "step_id": 73,
  "instruction": "sweep into pile",
  "condition": "sam_var_obj_temporal",
  "condition_desc": "VAR(p=0.6,rho=0.5) + obj_redirect + temporal + SAM2",
  "predicted_action": [
    -0.02861541595879723,
    0.02839050151495364,
    0.002097183678518317,
    0.011994409540120127,
    -0.01886694493889811,
    0.11114735574698906,
    0.0
  ],
  "ground_truth_action": [
    -0.008512323722243309,
    0.014315424486994743,
    0.004727724939584732,
    -0.00019132913439534605,
    -0.024742871522903442,
    0.0335334911942482,
    0.0
  ],
  "action_token_ids": [
    31999,
    31783,
    31891,
    31854,
    31889,
    31802,
    31872
  ],
  "mse_per_dim": [
    0.00040413431747139455,
    0.00019810779334297627,
    6.919747326172885e-06,
    0.0001484922270435821,
    3.452651322062059e-05,
    0.006023911970811204,
    0.0
  ],
  "mse_mean": 0.0009737275098879929,
  "mse_spatial": 0.0011360154282026584,
  "mse_gripper": 0.0,
  "mse_per_dim_names": [
    "x",
    "y",
    "z",
    "roll",
    "pitch",
    "yaw",
    "gripper"
  ],
  "grounding": {
    "nouns": [
      "pile"
    ],
    "num_boxes": 1,
    "num_patches": 93,
    "patch_coverage": 0.36328125,
    "segmentation": "sam2"
  },
  "temporal": {
    "num_motion_patches": 36,
    "motion_coverage": 0.140625
  }
}