{
  "episode_id": 13,
  "step_id": 44,
  "instruction": "",
  "condition": "sam_var_obj_temporal",
  "condition_desc": "VAR(p=0.6,rho=0.5) + obj_redirect + temporal + SAM2",
  "predicted_action": [
    -0.00378757518179278,
    0.0086411524625385,
    0.01197054417036911,
    0.022850511430525133,
    0.0126166962963693,
    -0.11933976879657486,
    -0.18823529411764706
  ],
  "ground_truth_action": [
    -0.001727134920656681,
    0.003468893701210618,
    -0.007982118986546993,
    -0.0042573390528559685,
    -0.015851128846406937,
    -0.057564862072467804,
    1.0
  ],
  "action_token_ids": [
    31888,
    31844,
    31853,
    31837,
    31842,
    31945,
    31896
  ],
  "mse_per_dim": [
    4.245414069710596e-06,
    2.6752260694133033e-05,
    0.0003981087670533573,
    0.0007348355578293451,
    0.000810417068359683,
    0.0038161391007721273,
    1.4119031141868512
  ],
  "mse_mean": 0.20252765890794708,
  "mse_spatial": 0.0009650830281297259,
  "mse_gripper": 1.4119031141868512,
  "mse_per_dim_names": [
    "x",
    "y",
    "z",
    "roll",
    "pitch",
    "yaw",
    "gripper"
  ],
  "grounding": {
    "nouns": [],
    "num_boxes": 0,
    "num_patches": 0,
    "patch_coverage": 0.0,
    "segmentation": "sam2"
  },
  "temporal": {
    "num_motion_patches": 22,
    "motion_coverage": 0.0859375
  }
}