{
  "episode_id": 15,
  "step_id": 42,
  "instruction": "sweep into pile",
  "condition": "sam_var_obj_temporal",
  "condition_desc": "VAR(p=0.6,rho=0.5) + obj_redirect + temporal + SAM2",
  "predicted_action": [
    -0.004011249423027052,
    0.006374833718818716,
    0.00911246613325441,
    0.001138307649715134,
    -0.009488839039031222,
    0.012827673249384858,
    0.12549019607843137
  ],
  "ground_truth_action": [
    -0.002423044992610812,
    0.03852032124996185,
    -0.011318928562104702,
    0.03738768398761749,
    0.04931376874446869,
    0.025284351781010628,
    0.0
  ],
  "action_token_ids": [
    31889,
    31851,
    31864,
    31871,
    31875,
    31863,
    31856
  ],
  "mse_per_dim": [
    2.5223933127937737e-06,
    0.001033332368614879,
    0.0004174418891975485,
    0.0013140172848868754,
    0.003457746682140124,
    0.00015516884004026634,
    0.01574778931180315
  ],
  "mse_mean": 0.0031611455385708053,
  "mse_spatial": 0.0010633715763654144,
  "mse_gripper": 0.01574778931180315,
  "mse_per_dim_names": [
    "x",
    "y",
    "z",
    "roll",
    "pitch",
    "yaw",
    "gripper"
  ],
  "grounding": {
    "nouns": [
      "pile"
    ],
    "num_boxes": 0,
    "num_patches": 0,
    "patch_coverage": 0.0,
    "segmentation": "sam2"
  },
  "temporal": {
    "num_motion_patches": 41,
    "motion_coverage": 0.16015625
  }
}