{
  "episode_id": 12,
  "step_id": 26,
  "instruction": "",
  "condition": "sam_var_obj_temporal",
  "condition_desc": "VAR(p=0.6,rho=0.5) + obj_redirect + temporal + SAM2",
  "predicted_action": [
    0.002251629331532626,
    -0.040246580437702295,
    -0.009335128469940498,
    -0.0608053325484781,
    0.03472223163176981,
    -0.050032451626132596,
    0.0
  ],
  "ground_truth_action": [
    0.0012212342116981745,
    -0.006899942643940449,
    -0.0167235117405653,
    -0.004535991232842207,
    -0.002313364529982209,
    -0.03471476584672928,
    -0.0014666701899841428
  ],
  "action_token_ids": [
    31861,
    31995,
    31935,
    31968,
    31809,
    31902,
    31872
  ],
  "mse_per_dim": [
    1.0617141029786532e-06,
    0.001111998252148346,
    5.458820735364845e-05,
    0.0031662387720955286,
    0.0013716353830563808,
    0.0002346314976365346,
    2.1511214461881215e-06
  ],
  "mse_mean": 0.0008489007068342291,
  "mse_spatial": 0.000990025637732236,
  "mse_gripper": 2.1511214461881215e-06,
  "mse_per_dim_names": [
    "x",
    "y",
    "z",
    "roll",
    "pitch",
    "yaw",
    "gripper"
  ],
  "grounding": {
    "nouns": [],
    "num_boxes": 0,
    "num_patches": 0,
    "patch_coverage": 0.0,
    "segmentation": "sam2"
  },
  "temporal": {
    "num_motion_patches": 16,
    "motion_coverage": 0.0625
  }
}