{
  "episode_id": 13,
  "step_id": 48,
  "instruction": "",
  "condition": "sam_var_obj_temporal",
  "condition_desc": "VAR(p=0.6,rho=0.5) + obj_redirect + temporal + SAM2",
  "predicted_action": [
    -0.004905946387964152,
    -0.011431956410408051,
    -0.006477050432825794,
    0.005608467251646612,
    -0.01283816257469797,
    -0.04842065355240138,
    -0.1647058823529412
  ],
  "ground_truth_action": [
    0.002121418248862028,
    0.0035980651155114174,
    0.0015894056996330619,
    -0.0036554124671965837,
    -0.013861361891031265,
    0.0535862110555172,
    0.9971508979797363
  ],
  "action_token_ids": [
    31893,
    31906,
    31924,
    31864,
    31880,
    31901,
    31893
  ],
  "mse_per_dim": [
    4.9383853738915146e-05,
    0.0002259015470696026,
    6.506771453688309e-05,
    8.581946744519429e-05,
    1.046936840944923e-06,
    0.010405400427138231,
    1.349911178005016
  ],
  "mse_mean": 0.1943919711359694,
  "mse_spatial": 0.001805436657794962,
  "mse_gripper": 1.349911178005016,
  "mse_per_dim_names": [
    "x",
    "y",
    "z",
    "roll",
    "pitch",
    "yaw",
    "gripper"
  ],
  "grounding": {
    "nouns": [],
    "num_boxes": 0,
    "num_patches": 0,
    "patch_coverage": 0.0,
    "segmentation": "sam2"
  },
  "temporal": {
    "num_motion_patches": 16,
    "motion_coverage": 0.0625
  }
}