{
  "episode_id": 17,
  "step_id": 15,
  "instruction": "",
  "condition": "sam_var_obj_temporal",
  "condition_desc": "VAR(p=0.6,rho=0.5) + obj_redirect + temporal + SAM2",
  "predicted_action": [
    -0.0026692039756214085,
    0.0011946765903163847,
    0.0002784067458089616,
    0.001138307649715134,
    0.025344125731902922,
    0.0015450867332663376,
    -0.05490196078431375
  ],
  "ground_truth_action": [
    -0.005250252783298492,
    -0.002408410422503948,
    -0.0014402390224859118,
    0.0440671369433403,
    -0.009425465017557144,
    -0.023910759016871452,
    0.0
  ],
  "action_token_ids": [
    31883,
    31867,
    31898,
    31871,
    31823,
    31870,
    31879
  ],
  "mse_per_dim": [
    6.661812947611297e-06,
    1.298223602195455e-05,
    2.953743276877876e-06,
    0.0018428843845212104,
    0.0012089244408849391,
    0.0006480000828548082,
    0.003014225297962325
  ],
  "mse_mean": 0.0009623759997813895,
  "mse_spatial": 0.0006204011167512336,
  "mse_gripper": 0.003014225297962325,
  "mse_per_dim_names": [
    "x",
    "y",
    "z",
    "roll",
    "pitch",
    "yaw",
    "gripper"
  ],
  "grounding": {
    "nouns": [],
    "num_boxes": 0,
    "num_patches": 0,
    "patch_coverage": 0.0,
    "segmentation": "sam2"
  },
  "temporal": {
    "num_motion_patches": 52,
    "motion_coverage": 0.203125
  }
}