{
  "episode_id": 10,
  "step_id": 15,
  "instruction": "end effector reaching pot or pan",
  "condition": "sam_var_obj_temporal",
  "condition_desc": "VAR(p=0.6,rho=0.5) + obj_redirect + temporal + SAM2",
  "predicted_action": [
    -0.005800643352901248,
    0.007669873000944301,
    -0.005177924052319111,
    0.014548786455509555,
    0.01060710217496924,
    0.003156884806997551,
    -0.2274509803921569
  ],
  "ground_truth_action": [
    -0.004808284342288971,
    0.009198447689414024,
    -0.0007729892968200147,
    0.03279300779104233,
    -0.005974256433546543,
    0.001932367216795683,
    1.0
  ],
  "action_token_ids": [
    31897,
    31847,
    31919,
    31850,
    31845,
    31869,
    31901
  ],
  "mse_per_dim": [
    9.847764059433765e-07,
    2.336540578230312e-06,
    1.9403450200203885e-05,
    0.00033285161213990924,
    0.0002749414533042005,
    1.4994433287137896e-06,
    1.5066359092656672
  ],
  "mse_mean": 0.21532398950594636,
  "mse_spatial": 0.00010533621265953352,
  "mse_gripper": 1.5066359092656672,
  "mse_per_dim_names": [
    "x",
    "y",
    "z",
    "roll",
    "pitch",
    "yaw",
    "gripper"
  ],
  "grounding": {
    "nouns": [
      "pot"
    ],
    "num_boxes": 1,
    "num_patches": 14,
    "patch_coverage": 0.0546875,
    "segmentation": "sam2"
  },
  "temporal": {
    "num_motion_patches": 10,
    "motion_coverage": 0.0390625
  }
}