{
  "episode_id": 11,
  "step_id": 4,
  "instruction": "bmbfbbfgjjg",
  "condition": "sam_var_obj_temporal",
  "condition_desc": "VAR(p=0.6,rho=0.5) + obj_redirect + temporal + SAM2",
  "predicted_action": [
    -0.0008798100457472133,
    0.023210344386451302,
    -0.004658273500116439,
    -0.0033318519522163442,
    -0.03896288615289858,
    0.07891139427236468,
    0.996078431372549
  ],
  "ground_truth_action": [
    -0.009821534156799316,
    0.021587060764431953,
    -0.008937858045101166,
    0.002443767385557294,
    -0.07265618443489075,
    0.0889958068728447,
    1.0
  ],
  "action_token_ids": [
    31875,
    31799,
    31917,
    31878,
    31919,
    31822,
    31744
  ],
  "mse_per_dim": [
    7.995443007817052e-05,
    2.6350497175162564e-06,
    1.8314843877672132e-05,
    3.33577787348648e-05,
    0.0011352383491192964,
    0.00010169537749672008,
    1.5378700499807656e-05
  ],
  "mse_mean": 0.0001980820756462925,
  "mse_spatial": 0.00022853263817070667,
  "mse_gripper": 1.5378700499807656e-05,
  "mse_per_dim_names": [
    "x",
    "y",
    "z",
    "roll",
    "pitch",
    "yaw",
    "gripper"
  ],
  "grounding": {
    "nouns": [],
    "num_boxes": 0,
    "num_patches": 0,
    "patch_coverage": 0.0,
    "segmentation": "sam2"
  },
  "temporal": {
    "num_motion_patches": 12,
    "motion_coverage": 0.046875
  }
}