{
  "episode_id": 12,
  "step_id": 24,
  "instruction": "",
  "condition": "sam_var_obj_temporal",
  "condition_desc": "VAR(p=0.6,rho=0.5) + obj_redirect + temporal + SAM2",
  "predicted_action": [
    -0.015194961484740772,
    0.016735147975823386,
    -0.012972682335359214,
    0.06180475939021367,
    -0.030924509667298393,
    0.05151082701893403,
    0.0
  ],
  "ground_truth_action": [
    0.004008630756288767,
    -0.016094554215669632,
    0.0102619593963027,
    -0.005749837961047888,
    -0.005233662202954292,
    0.006508207879960537,
    -0.0008236126159317791
  ],
  "action_token_ids": [
    31939,
    31819,
    31949,
    31776,
    31907,
    31839,
    31872
  ],
  "mse_per_dim": [
    0.0003687779549597299,
    0.0010777893459821214,
    0.0005398485763986853,
    0.004563623623291075,
    0.0006600196434361957,
    0.0020252357293675033,
    6.783377411219883e-07
  ],
  "mse_mean": 0.001319424744453776,
  "mse_spatial": 0.0015392158122392184,
  "mse_gripper": 6.783377411219883e-07,
  "mse_per_dim_names": [
    "x",
    "y",
    "z",
    "roll",
    "pitch",
    "yaw",
    "gripper"
  ],
  "grounding": {
    "nouns": [],
    "num_boxes": 0,
    "num_patches": 0,
    "patch_coverage": 0.0,
    "segmentation": "sam2"
  },
  "temporal": {
    "num_motion_patches": 15,
    "motion_coverage": 0.05859375
  }
}