{
  "episode_id": 24,
  "step_id": 36,
  "instruction": "",
  "condition": "sam_var_obj_temporal",
  "condition_desc": "VAR(p=0.6,rho=0.5) + obj_redirect + temporal + SAM2",
  "predicted_action": [
    -0.001550832769450037,
    0.006698593539350123,
    0.0002784067458089616,
    0.036260990236319554,
    0.0018988609822357116,
    0.012827673249384858,
    -0.10196078431372552
  ],
  "ground_truth_action": [
    0.008466962724924088,
    0.005682571325451136,
    0.002731485292315483,
    -0.004905830603092909,
    -0.013182983733713627,
    -0.046960461884737015,
    1.0
  ],
  "action_token_ids": [
    31878,
    31850,
    31898,
    31816,
    31858,
    31863,
    31885
  ],
  "mse_per_dim": [
    0.00010035622656710251,
    1.0323011391361991e-06,
    6.017594355330548e-06,
    0.0016947071380242842,
    0.00022746204003600898,
    0.0035746211028160183,
    1.2143175701653213
  ],
  "mse_mean": 0.17427453808117987,
  "mse_spatial": 0.0009340327338229801,
  "mse_gripper": 1.2143175701653213,
  "mse_per_dim_names": [
    "x",
    "y",
    "z",
    "roll",
    "pitch",
    "yaw",
    "gripper"
  ],
  "grounding": {
    "nouns": [],
    "num_boxes": 0,
    "num_patches": 0,
    "patch_coverage": 0.0,
    "segmentation": "sam2"
  },
  "temporal": {
    "num_motion_patches": 35,
    "motion_coverage": 0.13671875
  }
}