{
  "episode_id": 24,
  "step_id": 27,
  "instruction": "",
  "condition": "sam_var_obj_temporal",
  "condition_desc": "VAR(p=0.6,rho=0.5) + obj_redirect + temporal + SAM2",
  "predicted_action": [
    -0.012958219072398025,
    -0.014345794795190617,
    0.007033863924443714,
    0.021573322972830433,
    -0.004799786089097785,
    -0.061315038142251116,
    -0.0862745098039216
  ],
  "ground_truth_action": [
    -0.002372957533225417,
    -0.0002680800680536777,
    -0.021432101726531982,
    -0.005060206633061171,
    0.0005649129161611199,
    -0.07606381922960281,
    -0.0025270706973969936
  ],
  "action_token_ids": [
    31929,
    31915,
    31872,
    31839,
    31868,
    31909,
    31883
  ],
  "mse_per_dim": [
    0.00011204776185268685,
    0.00019818205193864827,
    0.0008103112004425282,
    0.0007093448992679046,
    2.8779995417025886e-05,
    0.00021752654356262314,
    0.007013633556901046
  ],
  "mse_mean": 0.0012985465727689233,
  "mse_spatial": 0.0003460320754135695,
  "mse_gripper": 0.007013633556901046,
  "mse_per_dim_names": [
    "x",
    "y",
    "z",
    "roll",
    "pitch",
    "yaw",
    "gripper"
  ],
  "grounding": {
    "nouns": [],
    "num_boxes": 0,
    "num_patches": 0,
    "patch_coverage": 0.0,
    "segmentation": "sam2"
  },
  "temporal": {
    "num_motion_patches": 17,
    "motion_coverage": 0.06640625
  }
}