{
  "episode_id": 23,
  "step_id": 30,
  "instruction": "",
  "condition": "sam_var_obj_temporal",
  "condition_desc": "VAR(p=0.6,rho=0.5) + obj_redirect + temporal + SAM2",
  "predicted_action": [
    -0.0013271585282157647,
    -0.024058589411132494,
    -0.005177924052319111,
    -0.013549359613773987,
    -0.016857350817498062,
    0.030557452060428203,
    -0.01568627450980392
  ],
  "ground_truth_action": [
    -0.0108046755194664,
    0.00093390594702214,
    0.0033622041810303926,
    0.015643572434782982,
    0.0007209016475826502,
    0.196808323264122,
    -0.00019906932720914483
  ],
  "action_token_ids": [
    31877,
    31945,
    31919,
    31894,
    31886,
    31852,
    31874
  ],
  "mse_per_dim": [
    8.98233283194445e-05,
    0.000624624824227381,
    7.293379024205331e-05,
    0.0008522272815916646,
    0.00030899495972611617,
    0.027639352175987186,
    0.0002398535243677905
  ],
  "mse_mean": 0.004261115697780234,
  "mse_spatial": 0.004931326060015641,
  "mse_gripper": 0.0002398535243677905,
  "mse_per_dim_names": [
    "x",
    "y",
    "z",
    "roll",
    "pitch",
    "yaw",
    "gripper"
  ],
  "grounding": {
    "nouns": [],
    "num_boxes": 0,
    "num_patches": 0,
    "patch_coverage": 0.0,
    "segmentation": "sam2"
  },
  "temporal": {
    "num_motion_patches": 19,
    "motion_coverage": 0.07421875
  }
}