{
  "episode_id": 25,
  "step_id": 22,
  "instruction": "",
  "condition": "sam_var_obj_temporal",
  "condition_desc": "VAR(p=0.6,rho=0.5) + obj_redirect + temporal + SAM2",
  "predicted_action": [
    0.004712045985109648,
    0.0238578640275141,
    -0.021546916446703323,
    0.020296134515135733,
    -0.034273833202965134,
    -0.0016785094141960888,
    0.0
  ],
  "ground_truth_action": [
    0.003545817220583558,
    0.026984291151165962,
    0.0019331806106492877,
    -0.0003109992539975792,
    -0.006687569431960583,
    -0.012944313697516918,
    0.0023438227362930775
  ],
  "action_token_ids": [
    31850,
    31797,
    31982,
    31841,
    31912,
    31872,
    31872
  ],
  "mse_per_dim": [
    1.3600895312080505e-06,
    9.774546559506046e-06,
    0.0005513149578226988,
    0.0004246539621789545,
    0.0007610019488434383,
    0.00012691834615008994,
    5.493505019164369e-06
  ],
  "mse_mean": 0.00026864533658643713,
  "mse_spatial": 0.00031250397518098257,
  "mse_gripper": 5.493505019164369e-06,
  "mse_per_dim_names": [
    "x",
    "y",
    "z",
    "roll",
    "pitch",
    "yaw",
    "gripper"
  ],
  "grounding": {
    "nouns": [],
    "num_boxes": 0,
    "num_patches": 0,
    "patch_coverage": 0.0,
    "segmentation": "sam2"
  },
  "temporal": {
    "num_motion_patches": 17,
    "motion_coverage": 0.06640625
  }
}