{
  "episode_id": 23,
  "step_id": 13,
  "instruction": "",
  "condition": "sam_var_obj_temporal",
  "condition_desc": "VAR(p=0.6,rho=0.5) + obj_redirect + temporal + SAM2",
  "predicted_action": [
    -0.007813711524009715,
    -0.00010036269180919988,
    -0.014531633991967233,
    0.001776901878562484,
    0.0126166962963693,
    0.20301984594966835,
    0.996078431372549
  ],
  "ground_truth_action": [
    0.0015837696846574545,
    0.00298241782002151,
    -0.010211731307208538,
    0.026319552212953568,
    0.0018315721536055207,
    -0.09045868366956711,
    0.9936407804489136
  ],
  "action_token_ids": [
    31906,
    31871,
    31955,
    31870,
    31842,
    31744,
    31744
  ],
  "mse_per_dim": [
    8.831265306725257e-05,
    9.503535684123214e-06,
    1.866155920578538e-05,
    0.0006023416854361868,
    0.00011631890277482616,
    0.08612964734746847,
    5.942142025500808e-06
  ],
  "mse_mean": 0.012424389689380307,
  "mse_spatial": 0.014494130947272775,
  "mse_gripper": 5.942142025500808e-06,
  "mse_per_dim_names": [
    "x",
    "y",
    "z",
    "roll",
    "pitch",
    "yaw",
    "gripper"
  ],
  "grounding": {
    "nouns": [],
    "num_boxes": 0,
    "num_patches": 0,
    "patch_coverage": 0.0,
    "segmentation": "sam2"
  },
  "temporal": {
    "num_motion_patches": 31,
    "motion_coverage": 0.12109375
  }
}