{
  "episode_id": 29,
  "step_id": 7,
  "instruction": "",
  "condition": "sam_var_obj_temporal",
  "condition_desc": "VAR(p=0.6,rho=0.5) + obj_redirect + temporal + SAM2",
  "predicted_action": [
    0.02819784131470845,
    -0.031181305462823206,
    0.0028766595068223273,
    0.0036926845651045342,
    -0.07178625680243268,
    -0.11289257650165002,
    -0.2196078431372549
  ],
  "ground_truth_action": [
    0.004632053431123495,
    0.005158635322004557,
    -0.00586990499868989,
    -0.013979682698845863,
    0.023835372179746628,
    0.005088473204523325,
    1.0
  ],
  "action_token_ids": [
    31744,
    31967,
    31888,
    31867,
    31968,
    31941,
    31900
  ],
  "mse_per_dim": [
    0.0005553463585741196,
    0.001320591296244788,
    7.650239064908618e-05,
    0.00031231256471194564,
    0.009143495929205554,
    0.013919528089770546,
    1.4874432910419073
  ],
  "mse_mean": 0.2161101525244376,
  "mse_spatial": 0.00422129610485934,
  "mse_gripper": 1.4874432910419073,
  "mse_per_dim_names": [
    "x",
    "y",
    "z",
    "roll",
    "pitch",
    "yaw",
    "gripper"
  ],
  "grounding": {
    "nouns": [],
    "num_boxes": 0,
    "num_patches": 0,
    "patch_coverage": 0.0,
    "segmentation": "sam2"
  },
  "temporal": {
    "num_motion_patches": 61,
    "motion_coverage": 0.23828125
  }
}