{
  "episode_id": 21,
  "step_id": 4,
  "instruction": "moved the green object and put it on the table",
  "condition": "sam_var_obj_temporal",
  "condition_desc": "VAR(p=0.6,rho=0.5) + obj_redirect + temporal + SAM2",
  "predicted_action": [
    0.003146326296469725,
    -0.008194358205094093,
    0.027560060736449312,
    0.004331278793951912,
    -0.05436977441696561,
    -0.11128077842791878,
    0.039215686274509776
  ],
  "ground_truth_action": [
    -0.00941777229309082,
    0.015590822324156761,
    -0.019191868603229523,
    0.038915157318115234,
    0.061553988605737686,
    0.01878894306719303,
    1.0
  ],
  "action_token_ids": [
    31857,
    31896,
    31793,
    31866,
    31942,
    31940,
    31867
  ],
  "mse_per_dim": [
    0.0001578565733681973,
    0.0005657348128090539,
    0.002185742896982323,
    0.001196044653774085,
    0.013438318833343873,
    0.01691813244981595,
    0.9231064975009612
  ],
  "mse_mean": 0.1367954753887221,
  "mse_spatial": 0.00574363837001558,
  "mse_gripper": 0.9231064975009612,
  "mse_per_dim_names": [
    "x",
    "y",
    "z",
    "roll",
    "pitch",
    "yaw",
    "gripper"
  ],
  "grounding": {
    "nouns": [
      "object",
      "table"
    ],
    "num_boxes": 1,
    "num_patches": 74,
    "patch_coverage": 0.2890625,
    "segmentation": "sam2"
  },
  "temporal": {
    "num_motion_patches": 5,
    "motion_coverage": 0.01953125
  }
}