{
  "episode_id": 23,
  "step_id": 42,
  "instruction": "",
  "condition": "sam_var_obj_temporal",
  "condition_desc": "VAR(p=0.6,rho=0.5) + obj_redirect + temporal + SAM2",
  "predicted_action": [
    -0.0008798100457472133,
    -0.004633000179248746,
    0.000798057298011634,
    0.001138307649715134,
    -0.0014504625534310367,
    -0.022631884372701916,
    -0.07058823529411762
  ],
  "ground_truth_action": [
    -0.006375533062964678,
    -0.006741601973772049,
    0.0035057507921010256,
    0.008582289330661297,
    -0.008935890160501003,
    -0.037030160427093506,
    0.9976711273193359
  ],
  "action_token_ids": [
    31875,
    31885,
    31896,
    31871,
    31863,
    31885,
    31881
  ],
  "mse_per_dim": [
    3.0202971481973832e-05,
    4.446201527866893e-06,
    7.331604057934017e-06,
    5.541286326626206e-05,
    5.6031626460685206e-05,
    0.00020731035333846625,
    1.141178065811302
  ],
  "mse_mean": 0.16307697163306217,
  "mse_spatial": 6.0122603355531374e-05,
  "mse_gripper": 1.141178065811302,
  "mse_per_dim_names": [
    "x",
    "y",
    "z",
    "roll",
    "pitch",
    "yaw",
    "gripper"
  ],
  "grounding": {
    "nouns": [],
    "num_boxes": 0,
    "num_patches": 0,
    "patch_coverage": 0.0,
    "segmentation": "sam2"
  },
  "temporal": {
    "num_motion_patches": 26,
    "motion_coverage": 0.1015625
  }
}