{
  "episode_id": 25,
  "step_id": 25,
  "instruction": "",
  "condition": "sam_var_obj_temporal",
  "condition_desc": "VAR(p=0.6,rho=0.5) + obj_redirect + temporal + SAM2",
  "predicted_action": [
    0.00023856116042415831,
    0.007346113180412908,
    0.01197054417036911,
    0.020934728743983083,
    -0.004799786089097785,
    0.032169250134159416,
    -0.0862745098039216
  ],
  "ground_truth_action": [
    0.002661196980625391,
    0.012424376793205738,
    0.004975736141204834,
    -0.0018899942515417933,
    0.004309648182243109,
    0.08964097499847412,
    0.004237293731421232
  ],
  "action_token_ids": [
    31870,
    31848,
    31853,
    31840,
    31868,
    31851,
    31883
  ],
  "mse_per_dim": [
    5.869164317322099e-06,
    2.5788761321015685e-05,
    4.8927339364861036e-05,
    0.000520967979822442,
    8.298179274388e-05,
    0.003302999158879489,
    0.008192386579220499
  ],
  "mse_mean": 0.0017399886822385012,
  "mse_spatial": 0.0006645890327415016,
  "mse_gripper": 0.008192386579220499,
  "mse_per_dim_names": [
    "x",
    "y",
    "z",
    "roll",
    "pitch",
    "yaw",
    "gripper"
  ],
  "grounding": {
    "nouns": [],
    "num_boxes": 0,
    "num_patches": 0,
    "patch_coverage": 0.0,
    "segmentation": "sam2"
  },
  "temporal": {
    "num_motion_patches": 14,
    "motion_coverage": 0.0546875
  }
}