{
  "episode_id": 22,
  "step_id": 39,
  "instruction": "",
  "condition": "sam_var_obj_temporal",
  "condition_desc": "VAR(p=0.6,rho=0.5) + obj_redirect + temporal + SAM2",
  "predicted_action": [
    0.004041023261406821,
    -0.014669554615722013,
    -0.00985477902214317,
    0.015825974913204255,
    0.005248184517902446,
    -0.009737499782852183,
    -0.07058823529411762
  ],
  "ground_truth_action": [
    -0.03908567503094673,
    0.028658343479037285,
    0.0015014890814200044,
    0.006075473967939615,
    0.0063574961386621,
    0.03863871842622757,
    1.0
  ],
  "action_token_ids": [
    31853,
    31916,
    31937,
    31848,
    31853,
    31877,
    31881
  ],
  "mse_per_dim": [
    0.0018599121055996905,
    0.0018773067533098466,
    0.00012896482524000634,
    9.507226868360663e-05,
    1.2305722719524098e-06,
    0.0023402584882124995,
    1.146159169550173
  ],
  "mse_mean": 0.16463741636621293,
  "mse_spatial": 0.0010504575022196002,
  "mse_gripper": 1.146159169550173,
  "mse_per_dim_names": [
    "x",
    "y",
    "z",
    "roll",
    "pitch",
    "yaw",
    "gripper"
  ],
  "grounding": {
    "nouns": [],
    "num_boxes": 0,
    "num_patches": 0,
    "patch_coverage": 0.0,
    "segmentation": "sam2"
  },
  "temporal": {
    "num_motion_patches": 37,
    "motion_coverage": 0.14453125
  }
}