{
  "episode_id": 28,
  "step_id": 8,
  "instruction": "Move the bowl closer to the bottom right of the table.",
  "condition": "sam_var_obj_temporal",
  "condition_desc": "VAR(p=0.6,rho=0.5) + obj_redirect + temporal + SAM2",
  "predicted_action": [
    0.00135693236659553,
    0.001842196231379177,
    -0.025963946140426047,
    -0.0078020115541478086,
    0.07759357288830414,
    0.032169250134159416,
    -0.03137254901960784
  ],
  "ground_truth_action": [
    -0.0014905219431966543,
    0.0019660289399325848,
    -0.020097773522138596,
    -0.021838758140802383,
    0.03646109625697136,
    0.006290040444582701,
    0.34969499707221985
  ],
  "action_token_ids": [
    31865,
    31865,
    31999,
    31885,
    31744,
    31851,
    31876
  ],
  "mse_per_dim": [
    8.107996046354085e-06,
    1.5334539707673217e-08,
    3.441198118754546e-05,
    0.00019703025473795887,
    0.0016918806338271372,
    0.0006697334941570814,
    0.14521247468444723
  ],
  "mse_mean": 0.021116236339849,
  "mse_spatial": 0.00043352994908263083,
  "mse_gripper": 0.14521247468444723,
  "mse_per_dim_names": [
    "x",
    "y",
    "z",
    "roll",
    "pitch",
    "yaw",
    "gripper"
  ],
  "grounding": {
    "nouns": [
      "bowl",
      "table"
    ],
    "num_boxes": 1,
    "num_patches": 13,
    "patch_coverage": 0.05078125,
    "segmentation": "sam2"
  },
  "temporal": {
    "num_motion_patches": 13,
    "motion_coverage": 0.05078125
  }
}