{
  "episode_id": 25,
  "step_id": 12,
  "instruction": "",
  "condition": "sam_var_obj_temporal",
  "condition_desc": "VAR(p=0.6,rho=0.5) + obj_redirect + temporal + SAM2",
  "predicted_action": [
    -0.0013271585282157647,
    0.002813475692973362,
    0.002097183678518317,
    0.007524249938188662,
    0.015966019832036035,
    0.02894565398669699,
    0.0
  ],
  "ground_truth_action": [
    0.00017395960458088666,
    -0.005966660100966692,
    0.0008275954751297832,
    0.0033356565982103348,
    -0.0026242707390338182,
    0.05036291852593422,
    -0.005796624813228846
  ],
  "action_token_ids": [
    31877,
    31862,
    31891,
    31861,
    31837,
    31853,
    31872
  ],
  "mse_per_dim": [
    2.253355648610905e-06,
    7.709078456002735e-05,
    1.611854206183325e-06,
    1.75443141677108e-05,
    0.0003455989035168087,
    0.0004586992203436685,
    3.360085922534035e-05
  ],
  "mse_mean": 0.00013377132738119285,
  "mse_spatial": 0.00015046640540716826,
  "mse_gripper": 3.360085922534035e-05,
  "mse_per_dim_names": [
    "x",
    "y",
    "z",
    "roll",
    "pitch",
    "yaw",
    "gripper"
  ],
  "grounding": {
    "nouns": [],
    "num_boxes": 0,
    "num_patches": 0,
    "patch_coverage": 0.0,
    "segmentation": "sam2"
  },
  "temporal": {
    "num_motion_patches": 28,
    "motion_coverage": 0.109375
  }
}