{
  "episode_id": 22,
  "step_id": 14,
  "instruction": "",
  "condition": "sam_var_obj_temporal",
  "condition_desc": "VAR(p=0.6,rho=0.5) + obj_redirect + temporal + SAM2",
  "predicted_action": [
    0.004041023261406821,
    -0.007546838564031308,
    -0.0023198460152044076,
    -0.0078020115541478086,
    -0.01618748611036472,
    -0.03391447088882041,
    0.03137254901960773
  ],
  "ground_truth_action": [
    0.003978073131293058,
    0.0005636626156046987,
    -0.004845813848078251,
    -0.010297940112650394,
    -0.006003063637763262,
    0.008715375326573849,
    1.0
  ],
  "action_token_ids": [
    31853,
    31894,
    31908,
    31885,
    31885,
    31892,
    31868
  ],
  "mse_per_dim": [
    3.962718881339645e-09,
    6.578022938487706e-05,
    6.38051349271338e-06,
    6.229659369148796e-06,
    0.00010372246110042956,
    0.001817303788348164,
    0.9382391387927722
  ],
  "mse_mean": 0.13431979420102663,
  "mse_spatial": 0.00033323676906903566,
  "mse_gripper": 0.9382391387927722,
  "mse_per_dim_names": [
    "x",
    "y",
    "z",
    "roll",
    "pitch",
    "yaw",
    "gripper"
  ],
  "grounding": {
    "nouns": [],
    "num_boxes": 0,
    "num_patches": 0,
    "patch_coverage": 0.0,
    "segmentation": "sam2"
  },
  "temporal": {
    "num_motion_patches": 12,
    "motion_coverage": 0.046875
  }
}