{
  "episode_id": 27,
  "step_id": 34,
  "instruction": "sweep into pile",
  "condition": "sam_var_obj_temporal",
  "condition_desc": "VAR(p=0.6,rho=0.5) + obj_redirect + temporal + SAM2",
  "predicted_action": [
    0.011869621704606429,
    0.012526270308915247,
    -0.019987964790095302,
    0.0681907016786872,
    0.017975613953436095,
    0.048287230871471604,
    0.0
  ],
  "ground_truth_action": [
    0.015749668702483177,
    0.005492753349244595,
    -0.013486583717167377,
    0.04048514366149902,
    0.0062911794520914555,
    -0.02116558514535427,
    0.0
  ],
  "action_token_ids": [
    31818,
    31832,
    31976,
    31766,
    31834,
    31841,
    31872
  ],
  "mse_per_dim": [
    1.5054764705732366e-05,
    4.9470360821974694e-05,
    4.226795585542545e-05,
    0.0007675979450437798,
    0.00013652600961621295,
    0.004823693652667065,
    0.0
  ],
  "mse_mean": 0.0008335158126728843,
  "mse_spatial": 0.0009724351147850316,
  "mse_gripper": 0.0,
  "mse_per_dim_names": [
    "x",
    "y",
    "z",
    "roll",
    "pitch",
    "yaw",
    "gripper"
  ],
  "grounding": {
    "nouns": [
      "pile"
    ],
    "num_boxes": 1,
    "num_patches": 22,
    "patch_coverage": 0.0859375,
    "segmentation": "sam2"
  },
  "temporal": {
    "num_motion_patches": 24,
    "motion_coverage": 0.09375
  }
}