{
  "episode_id": 20,
  "step_id": 38,
  "instruction": "",
  "condition": "sam_var_obj_temporal",
  "condition_desc": "VAR(p=0.6,rho=0.5) + obj_redirect + temporal + SAM2",
  "predicted_action": [
    0.0018042808490640778,
    -0.020173471564755747,
    -0.018169187857385943,
    -0.025682649961873687,
    0.03338250221750312,
    -0.07420942273210082,
    0.996078431372549
  ],
  "ground_truth_action": [
    -0.0027481704019010067,
    0.02719070017337799,
    -0.00502774678170681,
    -0.019400041550397873,
    -0.013883942738175392,
    0.04135861247777939,
    1.0
  ],
  "action_token_ids": [
    31863,
    31933,
    31969,
    31913,
    31811,
    31917,
    31744
  ],
  "mse_per_dim": [
    2.0724812392413564e-05,
    0.0022433647644394266,
    0.00017269747354554675,
    3.947116845194665e-05,
    0.002234116818748187,
    0.013355970762272112,
    1.5378700499807656e-05
  ],
  "mse_mean": 0.00258310350004992,
  "mse_spatial": 0.003011057633308272,
  "mse_gripper": 1.5378700499807656e-05,
  "mse_per_dim_names": [
    "x",
    "y",
    "z",
    "roll",
    "pitch",
    "yaw",
    "gripper"
  ],
  "grounding": {
    "nouns": [],
    "num_boxes": 0,
    "num_patches": 0,
    "patch_coverage": 0.0,
    "segmentation": "sam2"
  },
  "temporal": {
    "num_motion_patches": 51,
    "motion_coverage": 0.19921875
  }
}