{
  "episode_id": 22,
  "step_id": 21,
  "instruction": "",
  "condition": "sam_var_obj_temporal",
  "condition_desc": "VAR(p=0.6,rho=0.5) + obj_redirect + temporal + SAM2",
  "predicted_action": [
    0.004712045985109648,
    -0.01952595192369295,
    0.02600110907984129,
    0.033068019092082776,
    -0.012168297867564626,
    0.06279341353505255,
    0.2196078431372549
  ],
  "ground_truth_action": [
    0.013927807100117207,
    -0.04674161970615387,
    0.028398362919688225,
    -0.08615264296531677,
    -0.06420333683490753,
    -0.0742620974779129,
    0.0
  ],
  "action_token_ids": [
    31850,
    31931,
    31799,
    31821,
    31879,
    31832,
    31844
  ],
  "mse_per_dim": [
    8.493025292888536e-05,
    0.0007406925728452811,
    5.746825972660867e-06,
    0.01421356626140467,
    0.0027076452803328948,
    0.018784213099025095,
    0.04822760476739715
  ],
  "mse_mean": 0.012109199865700948,
  "mse_spatial": 0.006089465715418248,
  "mse_gripper": 0.04822760476739715,
  "mse_per_dim_names": [
    "x",
    "y",
    "z",
    "roll",
    "pitch",
    "yaw",
    "gripper"
  ],
  "grounding": {
    "nouns": [],
    "num_boxes": 0,
    "num_patches": 0,
    "patch_coverage": 0.0,
    "segmentation": "sam2"
  },
  "temporal": {
    "num_motion_patches": 19,
    "motion_coverage": 0.07421875
  }
}