{
  "episode_id": 20,
  "step_id": 19,
  "instruction": "",
  "condition": "sam_var_obj_temporal",
  "condition_desc": "VAR(p=0.6,rho=0.5) + obj_redirect + temporal + SAM2",
  "predicted_action": [
    -0.0011034842869814855,
    0.012202510488383847,
    -0.025963946140426047,
    -0.025044055733026337,
    0.07223465523123736,
    -0.09999819191180029,
    0.0
  ],
  "ground_truth_action": [
    0.02343396283686161,
    0.006783795543015003,
    -0.007705272641032934,
    0.027935851365327835,
    -0.06740940362215042,
    0.06232939288020134,
    0.0
  ],
  "action_token_ids": [
    31876,
    31833,
    31999,
    31912,
    31753,
    31933,
    31872
  ],
  "mse_per_dim": [
    0.0006020863113553958,
    2.936247165916367e-05,
    0.00033337915795744033,
    0.0028068705561502386,
    0.019500463173048425,
    0.026350244784404477,
    0.0
  ],
  "mse_mean": 0.007088915207796449,
  "mse_spatial": 0.008270401075762523,
  "mse_gripper": 0.0,
  "mse_per_dim_names": [
    "x",
    "y",
    "z",
    "roll",
    "pitch",
    "yaw",
    "gripper"
  ],
  "grounding": {
    "nouns": [],
    "num_boxes": 0,
    "num_patches": 0,
    "patch_coverage": 0.0,
    "segmentation": "sam2"
  },
  "temporal": {
    "num_motion_patches": 75,
    "motion_coverage": 0.29296875
  }
}