{
  "episode_id": 0,
  "step_id": 1,
  "instruction": "put small spoon from basket to tray",
  "condition": "pair_bgsup_gripex",
  "condition_desc": "bg_sup(\u03b3=0.85) + gripex",
  "predicted_action": [
    -0.002221855493152857,
    0.0005471569492535924,
    -0.01063425485044718,
    0.007524249938188662,
    0.05816749638143702,
    0.054734423166396456,
    0.996078431372549
  ],
  "ground_truth_action": [
    0.00815527979284525,
    0.002605537883937359,
    -0.00971079058945179,
    -0.04788215458393097,
    -0.02560991607606411,
    0.13556690514087677,
    1.0
  ],
  "action_token_ids": [
    31881,
    31869,
    31940,
    31861,
    31774,
    31837,
    31744
  ],
  "mse_per_dim": [
    0.00010768493674390699,
    4.236932072269616e-06,
    8.527862413357633e-07,
    0.0030698696620687586,
    0.007018654838074265,
    0.006533890142154684,
    1.5378700499807656e-05
  ],
  "mse_mean": 0.0023929382854078612,
  "mse_spatial": 0.0027891982162258702,
  "mse_gripper": 1.5378700499807656e-05,
  "mse_per_dim_names": [
    "x",
    "y",
    "z",
    "roll",
    "pitch",
    "yaw",
    "gripper"
  ],
  "grounding": {
    "nouns": [
      "spoon",
      "basket"
    ],
    "num_boxes": 4,
    "num_patches": 111,
    "patch_coverage": 0.43359375
  }
}