{
  "episode_id": 7,
  "step_id": 17,
  "instruction": "Move the blue fork to the lower right burner",
  "condition": "pair_bgsup_gripex",
  "condition_desc": "bg_sup(\u03b3=0.85) + gripex",
  "predicted_action": [
    -0.0006561358045129376,
    -0.006899318922968509,
    0.014828622207483818,
    -0.013549359613773987,
    -0.012168297867564626,
    0.004768682880728764,
    0.1568627450980391
  ],
  "ground_truth_action": [
    0.0012697288766503334,
    -0.0414973720908165,
    0.019397323951125145,
    -0.01605857163667679,
    -0.025400158017873764,
    -0.11050760746002197,
    0.0
  ],
  "action_token_ids": [
    31874,
    31892,
    31842,
    31894,
    31879,
    31868,
    31852
  ],
  "mse_per_dim": [
    3.7089547701521072e-06,
    0.0011970252830052362,
    2.0873035622351302e-05,
    6.296144975879969e-06,
    0.00017508212303733896,
    0.013288623114725062,
    0.024605920799692392
  ],
  "mse_mean": 0.005613932779404059,
  "mse_spatial": 0.002448601442689337,
  "mse_gripper": 0.024605920799692392,
  "mse_per_dim_names": [
    "x",
    "y",
    "z",
    "roll",
    "pitch",
    "yaw",
    "gripper"
  ],
  "grounding": {
    "nouns": [
      "fork",
      "burner"
    ],
    "num_boxes": 2,
    "num_patches": 180,
    "patch_coverage": 0.703125
  }
}