{
  "episode_id": 5,
  "step_id": 16,
  "instruction": "take broccoli out of pan",
  "condition": "pair_bgsup_gripex",
  "condition_desc": "bg_sup(\u03b3=0.85) + gripex",
  "predicted_action": [
    -0.0013271585282157647,
    0.0034609953340361613,
    0.006514213372241045,
    0.035622396007472204,
    0.043430472824503366,
    -0.003290307487927302,
    0.0
  ],
  "ground_truth_action": [
    -0.00036782422102987766,
    0.003283013356849551,
    0.026963694021105766,
    0.028095927089452744,
    0.02386953867971897,
    -0.01625766232609749,
    0.0
  ],
  "action_token_ids": [
    31877,
    31860,
    31874,
    31817,
    31796,
    31873,
    31872
  ],
  "mse_per_dim": [
    9.203223129438259e-07,
    3.1677584203254986e-08,
    0.0004181812588082927,
    5.664773437391303e-05,
    0.000382630144616592,
    0.00016815229149901573,
    0.0
  ],
  "mse_mean": 0.00014665191845642292,
  "mse_spatial": 0.00017109390486582675,
  "mse_gripper": 0.0,
  "mse_per_dim_names": [
    "x",
    "y",
    "z",
    "roll",
    "pitch",
    "yaw",
    "gripper"
  ],
  "grounding": {
    "nouns": [
      "broccoli",
      "pan"
    ],
    "num_boxes": 2,
    "num_patches": 15,
    "patch_coverage": 0.05859375
  }
}