{
  "episode_id": 3,
  "step_id": 0,
  "instruction": "put the rectangle block on top of the red arch and yellow block",
  "condition": "pair_bgsup_gripex",
  "condition_desc": "bg_sup(\u03b3=0.85) + gripex",
  "predicted_action": [
    -0.0011034842869814855,
    0.0021659560519105767,
    -0.010374429574345846,
    0.01391019222666219,
    0.05280857872437024,
    0.016051269396847284,
    0.2666666666666666
  ],
  "ground_truth_action": [
    1.1127876398120407e-11,
    -5.5666644904750484e-11,
    -2.6941462949459094e-10,
    1.6677590508606954e-07,
    1.1967998148065817e-08,
    8.519858170075167e-07,
    1.0
  ],
  "action_token_ids": [
    31876,
    31864,
    31939,
    31851,
    31782,
    31861,
    31838
  ],
  "mse_per_dim": [
    1.2176775961739112e-06,
    4.6913658599510685e-06,
    0.0001076287834030156,
    0.0001934888080407104,
    0.0027887447228622077,
    0.00025761589906830385,
    0.5377777777777779
  ],
  "mse_mean": 0.07730445214780117,
  "mse_spatial": 0.0005588978761383938,
  "mse_gripper": 0.5377777777777779,
  "mse_per_dim_names": [
    "x",
    "y",
    "z",
    "roll",
    "pitch",
    "yaw",
    "gripper"
  ],
  "grounding": {
    "nouns": [
      "block",
      "top"
    ],
    "num_boxes": 4,
    "num_patches": 36,
    "patch_coverage": 0.140625
  }
}