{
  "episode_id": 6,
  "step_id": 45,
  "instruction": "Picked the piece of chocolate and put it into the drawer",
  "condition": "pair_bgsup_gripex",
  "condition_desc": "bg_sup(\u03b3=0.85) + gripex",
  "predicted_action": [
    -0.019444772068191986,
    0.007669873000944301,
    0.023402856318827926,
    0.01391019222666219,
    0.03472223163176981,
    -0.04519705740493893,
    -0.21176470588235297
  ],
  "ground_truth_action": [
    0.0,
    0.0,
    0.0,
    0.0,
    0.0,
    0.0,
    1.0
  ],
  "action_token_ids": [
    31958,
    31847,
    31809,
    31851,
    31809,
    31899,
    31899
  ],
  "mse_per_dim": [
    0.00037809916078393924,
    5.8826951850614335e-05,
    0.0005476936838797042,
    0.00019349344778269323,
    0.0012056333694902758,
    0.0020427739980653447,
    1.4683737024221457
  ],
  "mse_mean": 0.21040003186199976,
  "mse_spatial": 0.000737753435308762,
  "mse_gripper": 1.4683737024221457,
  "mse_per_dim_names": [
    "x",
    "y",
    "z",
    "roll",
    "pitch",
    "yaw",
    "gripper"
  ],
  "grounding": {
    "nouns": [
      "piece",
      "chocolate",
      "it",
      "drawer"
    ],
    "num_boxes": 0,
    "num_patches": 0,
    "patch_coverage": 0.0
  }
}