{
  "episode_id": 4,
  "step_id": 42,
  "instruction": "",
  "condition": "pair_bgsup_gripex",
  "condition_desc": "bg_sup(\u03b3=0.85) + gripex",
  "predicted_action": [
    -0.001550832769450037,
    -0.012079476051470847,
    0.002097183678518317,
    0.004969873022799262,
    0.02735371985330297,
    -0.01940828822523946,
    0.996078431372549
  ],
  "ground_truth_action": [
    -0.0019126413390040398,
    -3.6040688428329304e-05,
    0.00020570431661326438,
    -0.006443488877266645,
    0.005890730768442154,
    0.03319069743156433,
    1.0
  ],
  "action_token_ids": [
    31878,
    31908,
    31891,
    31865,
    31820,
    31883,
    31744
  ],
  "mse_per_dim": [
    1.309054410027137e-07,
    0.00014504433534378306,
    3.5776941765127447e-06,
    0.00013026482986187607,
    0.00046065990045685446,
    0.0027666532921246513,
    1.5378700499807656e-05
  ],
  "mse_mean": 0.0005031013797006411,
  "mse_spatial": 0.00058438849290078,
  "mse_gripper": 1.5378700499807656e-05,
  "mse_per_dim_names": [
    "x",
    "y",
    "z",
    "roll",
    "pitch",
    "yaw",
    "gripper"
  ],
  "grounding": {
    "nouns": [],
    "num_boxes": 0,
    "num_patches": 0,
    "patch_coverage": 0.0
  }
}