{
  "episode_id": 7,
  "step_id": 4,
  "instruction": "Move the blue fork to the lower right burner",
  "condition": "pair_bgsup_gripex",
  "condition_desc": "bg_sup(\u03b3=0.85) + gripex",
  "predicted_action": [
    -0.0006561358045129376,
    0.017706427437417578,
    0.009891941961558414,
    -0.0014160692656742802,
    0.02333453161050289,
    0.0772995961986335,
    0.015686274509803866
  ],
  "ground_truth_action": [
    -0.015686605125665665,
    0.020078985020518303,
    -0.008050421252846718,
    0.01020619086921215,
    0.011735349893569946,
    0.03909878060221672,
    1.0
  ],
  "action_token_ids": [
    31874,
    31816,
    31861,
    31875,
    31826,
    31823,
    31870
  ],
  "mse_per_dim": [
    0.00022591500801411333,
    5.629029485128752e-06,
    0.00032192839771763847,
    0.00013507693064297035,
    0.00013454101650243146,
    0.0014593023122314393,
    0.9688735101883892
  ],
  "mse_mean": 0.13873655755471184,
  "mse_spatial": 0.0003803987824322869,
  "mse_gripper": 0.9688735101883892,
  "mse_per_dim_names": [
    "x",
    "y",
    "z",
    "roll",
    "pitch",
    "yaw",
    "gripper"
  ],
  "grounding": {
    "nouns": [
      "fork",
      "burner"
    ],
    "num_boxes": 2,
    "num_patches": 180,
    "patch_coverage": 0.703125
  }
}