{
  "episode_id": 3,
  "step_id": 34,
  "instruction": "put the rectangle block on top of the red arch and yellow block",
  "condition": "pair_bgsup_gripex",
  "condition_desc": "bg_sup(\u03b3=0.85) + gripex",
  "predicted_action": [
    -0.0035639009405585044,
    -0.0010716421534033849,
    -0.0028394965674070835,
    0.006885655709341312,
    0.00792764334643585,
    0.0015450867332663376,
    0.0
  ],
  "ground_truth_action": [
    -0.0031033975537866354,
    -0.00010460095654707402,
    -0.0008165617473423481,
    -0.010020914487540722,
    0.006363769993185997,
    0.001979508902877569,
    0.0
  ],
  "action_token_ids": [
    31887,
    31874,
    31910,
    31862,
    31849,
    31870,
    31872
  ],
  "mse_per_dim": [
    2.1206336922836156e-07,
    9.351686764172862e-07,
    4.092265286230343e-06,
    0.0002858321158220998,
    2.4456998650049407e-06,
    1.8872262144972967e-07,
    0.0
  ],
  "mse_mean": 4.195800509149007e-05,
  "mse_spatial": 4.8951005940071744e-05,
  "mse_gripper": 0.0,
  "mse_per_dim_names": [
    "x",
    "y",
    "z",
    "roll",
    "pitch",
    "yaw",
    "gripper"
  ],
  "grounding": {
    "nouns": [
      "block",
      "top"
    ],
    "num_boxes": 3,
    "num_patches": 195,
    "patch_coverage": 0.76171875
  }
}