{
  "episode_id": 9,
  "step_id": 1,
  "instruction": "Move the can in the middle bottom of the table",
  "condition": "targeted",
  "condition_desc": "per-head VAR strength + dim gate + obj + SAM2 + L8-24",
  "predicted_action": [
    -0.006113000935874892,
    -0.0021978457478690414,
    -0.02363516060911934,
    0.05043354145192984,
    -0.001140388460480632,
    -0.06349033593316566,
    0.50390625
  ],
  "ground_truth_action": [
    -0.004296902567148209,
    -0.011465770192444324,
    -0.00240561761893332,
    -0.0233483724296093,
    0.011460384353995323,
    -0.04749385267496109,
    1.0
  ],
  "action_token_ids": [
    31898,
    31877,
    31990,
    31793,
    31862,
    31910,
    31807
  ],
  "mse_per_dim": [
    3.29821328489172e-06,
    8.589442351035607e-05,
    0.0004506934955721564,
    0.0054437708160228575,
    0.00015877947552203628,
    0.00025588747663001925,
    0.2461090087890625
  ],
  "mse_mean": 0.03607247609851497,
  "mse_spatial": 0.001066387316757053,
  "mse_gripper": 0.2461090087890625,
  "mse_per_dim_names": [
    "x",
    "y",
    "z",
    "roll",
    "pitch",
    "yaw",
    "gripper"
  ],
  "grounding": {
    "nouns": [
      "can",
      "table"
    ],
    "num_patches": 0,
    "patch_coverage": 0.0
  }
}