{
  "episode_id": 9,
  "step_id": 15,
  "instruction": "Move the can in the middle bottom of the table",
  "condition": "targeted",
  "condition_desc": "per-head VAR strength + dim gate + obj + SAM2 + L8-24",
  "predicted_action": [
    -0.007449804018251609,
    -0.004455311683996155,
    -0.002930333919794071,
    -0.0004544361593435964,
    -0.005143876749207299,
    -0.026563790220534483,
    0.09765625
  ],
  "ground_truth_action": [
    0.0009634012239985168,
    -0.003233839524909854,
    0.003448271891102195,
    -0.011438881047070026,
    -0.00852696131914854,
    -0.003798206802457571,
    1.0
  ],
  "action_token_ids": [
    31904,
    31884,
    31910,
    31873,
    31868,
    31887,
    31859
  ],
  "mse_per_dim": [
    7.0782022448225e-05,
    1.4919942354229496e-06,
    4.068661209079961e-05,
    0.0001206580294914993,
    1.1445261207374515e-05,
    0.0005182717883654185,
    0.8142242431640625
  ],
  "mse_mean": 0.11642679698170018,
  "mse_spatial": 0.0001272226179731233,
  "mse_gripper": 0.8142242431640625,
  "mse_per_dim_names": [
    "x",
    "y",
    "z",
    "roll",
    "pitch",
    "yaw",
    "gripper"
  ],
  "grounding": {
    "nouns": [
      "can",
      "table"
    ],
    "num_patches": 0,
    "patch_coverage": 0.0
  }
}