{
  "episode_id": 6,
  "step_id": 35,
  "instruction": "Picked the piece of chocolate and put it into the drawer",
  "condition": "targeted",
  "condition_desc": "per-head VAR strength + dim gate + obj + SAM2 + L8-24",
  "predicted_action": [
    0.004358623209409395,
    -0.004777806817728603,
    -0.0013774719180946748,
    -0.0036349347600481835,
    -0.0018076365086017454,
    -0.008903268357971755,
    -0.04296875
  ],
  "ground_truth_action": [
    0.0055108340457081795,
    -0.004294675774872303,
    -0.0070902020670473576,
    0.036686208099126816,
    0.012249672785401344,
    -0.030924037098884583,
    0.0
  ],
  "action_token_ids": [
    31851,
    31885,
    31904,
    31878,
    31863,
    31876,
    31877
  ],
  "mse_per_dim": [
    1.3275898112843443e-06,
    2.334156045714156e-07,
    3.263528575475294e-05,
    0.001625794561469999,
    0.00019760794458726564,
    0.0004849142559407635,
    0.0018463134765625
  ],
  "mse_mean": 0.000598403789961591,
  "mse_spatial": 0.00039041884219477287,
  "mse_gripper": 0.0018463134765625,
  "mse_per_dim_names": [
    "x",
    "y",
    "z",
    "roll",
    "pitch",
    "yaw",
    "gripper"
  ],
  "grounding": {
    "nouns": [
      "chocolate",
      "drawer"
    ],
    "num_patches": 0,
    "patch_coverage": 0.0
  }
}