{
  "episode_id": 8,
  "step_id": 25,
  "instruction": "open the drawer",
  "condition": "targeted",
  "condition_desc": "per-head VAR strength + dim gate + obj + SAM2 + L8-24",
  "predicted_action": [
    -0.0023253922024741927,
    -0.001230360346671705,
    -0.0006010409172449785,
    0.012903657963615686,
    -0.005143876749207299,
    -0.010508770345477453,
    -0.00390625
  ],
  "ground_truth_action": [
    -0.002492455765604973,
    -0.00036367637221701443,
    0.00156143878120929,
    0.0016393157420679927,
    -0.00032585402368567884,
    -0.0061280252411961555,
    0.0
  ],
  "action_token_ids": [
    31881,
    31874,
    31901,
    31852,
    31868,
    31877,
    31872
  ],
  "mse_per_dim": [
    2.791023412595216e-08,
    7.511411115765788e-07,
    4.676318446226864e-06,
    0.00012688540568414202,
    2.3213342983642782e-05,
    1.9190927668684553e-05,
    1.52587890625e-05
  ],
  "mse_mean": 2.7143405027271248e-05,
  "mse_spatial": 2.9124174354733123e-05,
  "mse_gripper": 1.52587890625e-05,
  "mse_per_dim_names": [
    "x",
    "y",
    "z",
    "roll",
    "pitch",
    "yaw",
    "gripper"
  ],
  "grounding": {
    "nouns": [
      "drawer"
    ],
    "num_patches": 0,
    "patch_coverage": 0.0
  }
}