{
  "episode_id": 9,
  "step_id": 20,
  "instruction": "Move the can in the middle bottom of the table",
  "condition": "targeted",
  "condition_desc": "per-head VAR strength + dim gate + obj + SAM2 + L8-24",
  "predicted_action": [
    0.008369032456539551,
    0.009734474200231429,
    0.026574044112494432,
    -0.07233370453526733,
    0.013539068598183768,
    0.056922313129762064,
    0.21484375
  ],
  "ground_truth_action": [
    0.004808902740478516,
    0.007086038589477539,
    0.01661388948559761,
    0.02447732910513878,
    -0.06258054077625275,
    0.025781042873859406,
    1.0
  ],
  "action_token_ids": [
    31833,
    31840,
    31796,
    31986,
    31840,
    31835,
    31844
  ],
  "mse_per_dim": [
    1.267452359518083e-05,
    7.0142111843093276e-06,
    9.920468019169416e-05,
    0.009372376234523843,
    0.005794194931316803,
    0.0009697787131511677,
    0.6164703369140625
  ],
  "mse_mean": 0.0903893686011465,
  "mse_spatial": 0.0027092072156605,
  "mse_gripper": 0.6164703369140625,
  "mse_per_dim_names": [
    "x",
    "y",
    "z",
    "roll",
    "pitch",
    "yaw",
    "gripper"
  ],
  "grounding": {
    "nouns": [
      "can",
      "table"
    ],
    "num_patches": 0,
    "patch_coverage": 0.0
  }
}