{
  "episode_id": 8,
  "step_id": 22,
  "instruction": "open the drawer",
  "condition": "targeted",
  "condition_desc": "per-head VAR strength + dim gate + obj + SAM2 + L8-24",
  "predicted_action": [
    -0.0023253922024741927,
    0.001672095856920304,
    0.0012106314180709808,
    -0.009359832241316451,
    -0.0031421326048439585,
    0.010362755492096698,
    0.01953125
  ],
  "ground_truth_action": [
    -0.010006348602473736,
    0.0020131906494498253,
    -0.00019307505863253027,
    -0.003451565746217966,
    0.001911176135763526,
    -0.010756222531199455,
    0.0
  ],
  "action_token_ids": [
    31881,
    31865,
    31894,
    31887,
    31865,
    31864,
    31869
  ],
  "mse_per_dim": [
    5.899709121869394e-05,
    1.1634565749075718e-07,
    1.9703918727393848e-06,
    3.490761297710334e-05,
    2.55359292279e-05,
    0.0004460112327484659,
    0.0003814697265625
  ],
  "mse_mean": 0.00013557261860927048,
  "mse_spatial": 9.458976728373222e-05,
  "mse_gripper": 0.0003814697265625,
  "mse_per_dim_names": [
    "x",
    "y",
    "z",
    "roll",
    "pitch",
    "yaw",
    "gripper"
  ],
  "grounding": {
    "nouns": [
      "drawer"
    ],
    "num_patches": 0,
    "patch_coverage": 0.0
  }
}