{
  "episode_id": 17,
  "step_id": 8,
  "instruction": "",
  "condition": "targeted",
  "condition_desc": "per-head VAR strength + dim gate + obj + SAM2 + L8-24",
  "predicted_action": [
    0.007923431429080644,
    -0.009292738689982837,
    0.00017539008360471786,
    0.030714450127561396,
    -0.0018076365086017454,
    -0.036196802145568724,
    -0.08984375
  ],
  "ground_truth_action": [
    0.014154363423585892,
    -0.00676572322845459,
    -0.008132677525281906,
    -0.017129015177488327,
    -0.02724919281899929,
    -0.01756734400987625,
    1.0
  ],
  "action_token_ids": [
    31835,
    31899,
    31898,
    31824,
    31863,
    31893,
    31883
  ],
  "mse_per_dim": [
    3.882451352014914e-05,
    6.385807142802818e-06,
    6.90239873938311e-05,
    0.0022889971723954964,
    0.0006472727874951292,
    0.0003470567104295185,
    1.1877593994140625
  ],
  "mse_mean": 0.17016528005606277,
  "mse_spatial": 0.0005662601630628212,
  "mse_gripper": 1.1877593994140625,
  "mse_per_dim_names": [
    "x",
    "y",
    "z",
    "roll",
    "pitch",
    "yaw",
    "gripper"
  ],
  "grounding": {
    "nouns": [],
    "num_patches": 0,
    "patch_coverage": 0.0
  }
}