{
  "episode_id": 15,
  "step_id": 51,
  "instruction": "sweep into pile",
  "condition": "targeted",
  "condition_desc": "per-head VAR strength + dim gate + obj + SAM2 + L8-24",
  "predicted_action": [
    0.014607446840964235,
    -0.04154225206322735,
    0.019586165104847158,
    -0.0290789235656849,
    -0.029164806481567232,
    -0.0747288498457056,
    -0.00390625
  ],
  "ground_truth_action": [
    0.030438821762800217,
    -0.04425853490829468,
    0.02476653829216957,
    -0.028813445940613747,
    -0.10537741333246231,
    -0.05791516229510307,
    0.0
  ],
  "action_token_ids": [
    31805,
    31999,
    31823,
    31918,
    31904,
    31917,
    31872
  ],
  "mse_per_dim": [
    0.0002506324319157372,
    7.378192494407064e-06,
    2.6836266359928978e-05,
    7.047836941342055e-08,
    0.0058083614430091,
    0.0002827000890492865,
    1.52587890625e-05
  ],
  "mse_mean": 0.0009130339557514818,
  "mse_spatial": 0.0010626631501996454,
  "mse_gripper": 1.52587890625e-05,
  "mse_per_dim_names": [
    "x",
    "y",
    "z",
    "roll",
    "pitch",
    "yaw",
    "gripper"
  ],
  "grounding": {
    "nouns": [
      "pile"
    ],
    "num_patches": 0,
    "patch_coverage": 0.0
  }
}