{
  "episode_id": 15,
  "step_id": 30,
  "instruction": "sweep into pile",
  "condition": "targeted",
  "condition_desc": "per-head VAR strength + dim gate + obj + SAM2 + L8-24",
  "predicted_action": [
    -0.0038849957985803638,
    0.03553408489882704,
    0.0035399244206200733,
    0.009723159362911099,
    0.004864843972609348,
    0.00394074754207388,
    0.08203125
  ],
  "ground_truth_action": [
    0.014597980305552483,
    -0.023587657138705254,
    0.02642298862338066,
    -0.011360203847289085,
    -0.07302568107843399,
    -0.06114980950951576,
    0.0
  ],
  "action_token_ids": [
    31888,
    31760,
    31885,
    31857,
    31853,
    31868,
    31861
  ],
  "mse_per_dim": [
    0.0003416204056659458,
    0.0034953803815525133,
    0.0005236346273076631,
    0.0004445082042532226,
    0.00606693389272721,
    0.004236780617286246,
    0.0067291259765625
  ],
  "mse_mean": 0.003119712015050757,
  "mse_spatial": 0.0025181430214654666,
  "mse_gripper": 0.0067291259765625,
  "mse_per_dim_names": [
    "x",
    "y",
    "z",
    "roll",
    "pitch",
    "yaw",
    "gripper"
  ],
  "grounding": {
    "nouns": [
      "pile"
    ],
    "num_patches": 92,
    "patch_coverage": 0.359375
  }
}