{
  "episode_id": 14,
  "step_id": 31,
  "instruction": "move the silver pot to the lower right burner",
  "condition": "targeted",
  "condition_desc": "per-head VAR strength + dim gate + obj + SAM2 + L8-24",
  "predicted_action": [
    -0.0036621952848509103,
    0.0023170861243851926,
    -0.0016362822517112414,
    -0.002362735319766343,
    -0.006478372845449512,
    0.007151751517085275,
    0.10546875
  ],
  "ground_truth_action": [
    -0.009242775849997997,
    0.00039427715819329023,
    -0.0073160408064723015,
    -0.011894644238054752,
    -0.017651773989200592,
    0.06016160920262337,
    0.0
  ],
  "action_token_ids": [
    31887,
    31863,
    31905,
    31876,
    31870,
    31866,
    31858
  ],
  "mse_per_dim": [
    3.114287944409738e-05,
    3.6971943204679722e-06,
    3.2259657240381446e-05,
    9.085728762654612e-05,
    0.00012484489311917794,
    0.002810045011841002,
    0.0111236572265625
  ],
  "mse_mean": 0.0020309291643077387,
  "mse_spatial": 0.0005154744872652787,
  "mse_gripper": 0.0111236572265625,
  "mse_per_dim_names": [
    "x",
    "y",
    "z",
    "roll",
    "pitch",
    "yaw",
    "gripper"
  ],
  "grounding": {
    "nouns": [
      "pot",
      "burner"
    ],
    "num_patches": 44,
    "patch_coverage": 0.171875
  }
}