{
  "episode_id": 18,
  "step_id": 15,
  "instruction": "Pick up the blue fork and place it on the left of the pot",
  "condition": "targeted",
  "condition_desc": "per-head VAR strength + dim gate + obj + SAM2 + L8-24",
  "predicted_action": [
    -0.00032018757890911465,
    0.0013496007231878562,
    -0.0026715235861775044,
    0.008450959922629259,
    0.0028630998282460213,
    0.0007297435670624575,
    -0.00390625
  ],
  "ground_truth_action": [
    -0.0004983969847671688,
    0.0003235389303881675,
    -0.0027662604115903378,
    0.002959397854283452,
    0.0048187910579144955,
    0.0031390544027090073,
    0.9843710064888
  ],
  "action_token_ids": [
    31872,
    31866,
    31909,
    31859,
    31856,
    31870,
    31872
  ],
  "mse_per_dim": [
    3.175859233628065e-08,
    1.0528028026433115e-06,
    8.975066089301667e-09,
    3.0157253950494473e-05,
    3.8247281858021885e-06,
    5.804778702763876e-06,
    0.9766919356930295
  ],
  "mse_mean": 0.13953325942718994,
  "mse_spatial": 6.813382883354905e-06,
  "mse_gripper": 0.9766919356930295,
  "mse_per_dim_names": [
    "x",
    "y",
    "z",
    "roll",
    "pitch",
    "yaw",
    "gripper"
  ],
  "grounding": {
    "nouns": [
      "fork",
      "pot"
    ],
    "num_patches": 18,
    "patch_coverage": 0.0703125
  }
}