{
  "episode_id": 14,
  "step_id": 47,
  "instruction": "move the silver pot to the lower right burner",
  "condition": "targeted",
  "condition_desc": "per-head VAR strength + dim gate + obj + SAM2 + L8-24",
  "predicted_action": [
    -0.002993793743662553,
    0.013281920671288326,
    -0.0008598512508615451,
    -0.004907134200330024,
    0.024882285416242628,
    -0.041013308108085816,
    0.99609375
  ],
  "ground_truth_action": [
    0.0005034935311414301,
    0.023063959553837776,
    0.0016940189525485039,
    0.0003168568364344537,
    0.0008517761598341167,
    -0.0026972340419888496,
    1.0
  ],
  "action_token_ids": [
    31884,
    31829,
    31902,
    31880,
    31823,
    31896,
    31744
  ],
  "mse_per_dim": [
    1.2231018282505872e-05,
    9.568828469970929e-05,
    6.522253015865685e-06,
    2.72900823521956e-05,
    0.0005774653751223351,
    0.0014681215318386284,
    1.52587890625e-05
  ],
  "mse_mean": 0.0003146539049105343,
  "mse_spatial": 0.00036455309088520663,
  "mse_gripper": 1.52587890625e-05,
  "mse_per_dim_names": [
    "x",
    "y",
    "z",
    "roll",
    "pitch",
    "yaw",
    "gripper"
  ],
  "grounding": {
    "nouns": [
      "pot",
      "burner"
    ],
    "num_patches": 34,
    "patch_coverage": 0.1328125
  }
}