{
  "episode_id": 13,
  "step_id": 36,
  "instruction": "",
  "condition": "targeted",
  "condition_desc": "per-head VAR strength + dim gate + obj + SAM2 + L8-24",
  "predicted_action": [
    0.003021820127032681,
    0.0010271055894554085,
    0.00457516575508634,
    0.0020899627212200844,
    -0.007145620893570626,
    -0.015325276307994573,
    -0.00390625
  ],
  "ground_truth_action": [
    0.005501575767993927,
    -0.0018921250011771917,
    -0.008851755410432816,
    -0.01287259440869093,
    -0.011167896911501884,
    -0.10420726984739304,
    0.9990261793136597
  ],
  "action_token_ids": [
    31857,
    31867,
    31881,
    31869,
    31871,
    31880,
    31872
  ],
  "mse_per_dim": [
    6.14918803887912e-06,
    8.52190724128516e-06,
    0.00018028221198506628,
    0.0002238781158658509,
    1.6178704364424944e-05,
    0.00790000877553767,
    1.005873457768999
  ],
  "mse_mean": 0.14488692523886174,
  "mse_spatial": 0.0013891698171721962,
  "mse_gripper": 1.005873457768999,
  "mse_per_dim_names": [
    "x",
    "y",
    "z",
    "roll",
    "pitch",
    "yaw",
    "gripper"
  ],
  "grounding": {
    "nouns": [],
    "num_patches": 0,
    "patch_coverage": 0.0
  }
}