{
  "episode_id": 14,
  "step_id": 49,
  "instruction": "move the silver pot to the lower right burner",
  "condition": "targeted",
  "condition_desc": "per-head VAR strength + dim gate + obj + SAM2 + L8-24",
  "predicted_action": [
    -0.0014341901475563822,
    0.022634279549529242,
    -0.0006010409172449785,
    0.023081253485870368,
    -0.018488837711629486,
    -0.015325276307994573,
    -0.12890625
  ],
  "ground_truth_action": [
    -0.001666298951022327,
    0.015855146571993828,
    0.0012317006476223469,
    0.003566314931958914,
    0.020406533032655716,
    0.005554502829909325,
    1.0
  ],
  "action_token_ids": [
    31877,
    31800,
    31901,
    31836,
    31888,
    31880,
    31888
  ],
  "mse_per_dim": [
    5.387449664639258e-08,
    4.5956643927108166e-05,
    3.358941643592333e-06,
    0.0003808328267629397,
    0.0015128498653353972,
    0.00043596517684764684,
    1.2744293212890625
  ],
  "mse_mean": 0.18240119123115367,
  "mse_spatial": 0.00039650288816888844,
  "mse_gripper": 1.2744293212890625,
  "mse_per_dim_names": [
    "x",
    "y",
    "z",
    "roll",
    "pitch",
    "yaw",
    "gripper"
  ],
  "grounding": {
    "nouns": [
      "pot",
      "burner"
    ],
    "num_patches": 35,
    "patch_coverage": 0.13671875
  }
}