{
  "episode_id": 11,
  "step_id": 9,
  "instruction": "bmbfbbfgjjg",
  "condition": "targeted",
  "condition_desc": "per-head VAR strength + dim gate + obj + SAM2 + L8-24",
  "predicted_action": [
    -0.009232208128087234,
    0.019409328212204785,
    0.0006930107508378511,
    0.00018166356079732382,
    0.0028630998282460213,
    0.03123428132967082,
    0.08984375
  ],
  "ground_truth_action": [
    0.0006533559644594789,
    0.011990753002464771,
    0.0014879442751407623,
    -6.968167144805193e-05,
    -0.0013982978416606784,
    0.023630743846297264,
    1.0
  ],
  "action_token_ids": [
    31912,
    31810,
    31896,
    31872,
    31856,
    31851,
    31860
  ],
  "mse_per_dim": [
    9.772437742784892e-05,
    5.5035258142569086e-05,
    6.319193080606472e-07,
    6.317442577248187e-08,
    1.815951010108625e-05,
    5.7813782261066684e-05,
    0.8283843994140625
  ],
  "mse_mean": 0.11837340391938984,
  "mse_spatial": 3.8238003611067346e-05,
  "mse_gripper": 0.8283843994140625,
  "mse_per_dim_names": [
    "x",
    "y",
    "z",
    "roll",
    "pitch",
    "yaw",
    "gripper"
  ],
  "grounding": {
    "nouns": [],
    "num_patches": 0,
    "patch_coverage": 0.0
  }
}