{
  "episode_id": 18,
  "step_id": 21,
  "instruction": "Pick up the blue fork and place it on the left of the pot",
  "condition": "targeted",
  "condition_desc": "per-head VAR strength + dim gate + obj + SAM2 + L8-24",
  "predicted_action": [
    -0.00032018757890911465,
    0.001994590990652745,
    -8.342025001184528e-05,
    0.012267558243474766,
    -0.0004731404123595323,
    0.010362755492096698,
    0.05859375
  ],
  "ground_truth_action": [
    0.001443364773876965,
    0.0016839202726259828,
    0.011306463740766048,
    -0.002953064627945423,
    -0.03462380915880203,
    0.011682849377393723,
    0.0
  ],
  "action_token_ids": [
    31872,
    31864,
    31899,
    31853,
    31861,
    31864,
    31864
  ],
  "mse_per_dim": [
    3.1101169010173175e-06,
    9.65162950392639e-08,
    0.00012972945732337855,
    0.00023166736059399937,
    0.0011662681758292446,
    1.7426478659985938e-06,
    0.0034332275390625
  ],
  "mse_mean": 0.0007094059734101682,
  "mse_spatial": 0.00025543571246811297,
  "mse_gripper": 0.0034332275390625,
  "mse_per_dim_names": [
    "x",
    "y",
    "z",
    "roll",
    "pitch",
    "yaw",
    "gripper"
  ],
  "grounding": {
    "nouns": [
      "fork",
      "pot"
    ],
    "num_patches": 19,
    "patch_coverage": 0.07421875
  }
}