{
  "episode_id": 12,
  "step_id": 17,
  "instruction": "",
  "condition": "targeted",
  "condition_desc": "per-head VAR strength + dim gate + obj + SAM2 + L8-24",
  "predicted_action": [
    -0.0009885891200974752,
    0.003284571525582529,
    0.037185267790773635,
    -0.058975610412308054,
    -0.010481861134176165,
    0.008757253504590973,
    -0.00390625
  ],
  "ground_truth_action": [
    0.007557485718280077,
    -0.007389761973172426,
    0.051135629415512085,
    0.0041053504683077335,
    -0.0033895971719175577,
    -0.08237094432115555,
    0.002869401825591922
  ],
  "action_token_ids": [
    31875,
    31860,
    31755,
    31965,
    31876,
    31865,
    31872
  ],
  "mse_per_dim": [
    7.30353951431499e-05,
    0.0001139413956426422,
    0.00019461258946097522,
    0.00397920762562178,
    5.030020811035216e-05,
    0.008304348438968392,
    4.590945766164714e-05
  ],
  "mse_mean": 0.0018230507300869912,
  "mse_spatial": 0.002119240942157882,
  "mse_gripper": 4.590945766164714e-05,
  "mse_per_dim_names": [
    "x",
    "y",
    "z",
    "roll",
    "pitch",
    "yaw",
    "gripper"
  ],
  "grounding": {
    "nouns": [],
    "num_patches": 0,
    "patch_coverage": 0.0
  }
}