{
  "episode_id": 15,
  "step_id": 65,
  "instruction": "sweep into pile",
  "condition": "targeted",
  "condition_desc": "per-head VAR strength + dim gate + obj + SAM2 + L8-24",
  "predicted_action": [
    0.006586628346703923,
    -0.004132816550263714,
    -0.0016362822517112414,
    -0.001726635599625423,
    0.005532092020730461,
    -0.004086762395454635,
    -0.01171875
  ],
  "ground_truth_action": [
    -0.008526054210960865,
    0.05634021759033203,
    0.001564919133670628,
    0.006751124281436205,
    0.017879731953144073,
    0.07792636752128601,
    0.0
  ],
  "action_token_ids": [
    31841,
    31883,
    31905,
    31875,
    31852,
    31873,
    31873
  ],
  "mse_per_dim": [
    0.00022839317408874553,
    0.0036569878581696586,
    1.02476903097708e-05,
    7.187241260093807e-05,
    0.00015246421190053523,
    0.00672615347874018,
    0.0001373291015625
  ],
  "mse_mean": 0.0015690639896246185,
  "mse_spatial": 0.0018076864709683047,
  "mse_gripper": 0.0001373291015625,
  "mse_per_dim_names": [
    "x",
    "y",
    "z",
    "roll",
    "pitch",
    "yaw",
    "gripper"
  ],
  "grounding": {
    "nouns": [
      "pile"
    ],
    "num_patches": 6,
    "patch_coverage": 0.0234375
  }
}