{
  "episode_id": 12,
  "step_id": 42,
  "instruction": "",
  "condition": "targeted",
  "condition_desc": "per-head VAR strength + dim gate + obj + SAM2 + L8-24",
  "predicted_action": [
    -0.0014341901475563822,
    0.025214240619388796,
    -0.008882971592975086,
    0.05425013977277536,
    0.0228805412718793,
    0.11793138865497885,
    0.59765625
  ],
  "ground_truth_action": [
    0.009689579717814922,
    -0.007871591486036777,
    -0.008969826623797417,
    0.0024105373304337263,
    0.009545420296490192,
    -0.023490751162171364,
    0.9940774440765381
  ],
  "action_token_ids": [
    31877,
    31792,
    31933,
    31787,
    31826,
    31797,
    31795
  ],
  "mse_per_dim": [
    0.00012373825601774273,
    0.0010946722861084096,
    7.54379637914808e-09,
    0.0026873443813800325,
    0.00017782545142826258,
    0.020000221630461584,
    0.15714976311306827
  ],
  "mse_mean": 0.025890510380322956,
  "mse_spatial": 0.0040139682581987355,
  "mse_gripper": 0.15714976311306827,
  "mse_per_dim_names": [
    "x",
    "y",
    "z",
    "roll",
    "pitch",
    "yaw",
    "gripper"
  ],
  "grounding": {
    "nouns": [],
    "num_patches": 0,
    "patch_coverage": 0.0
  }
}