{
  "episode_id": 15,
  "step_id": 18,
  "instruction": "sweep into pile",
  "condition": "targeted",
  "condition_desc": "per-head VAR strength + dim gate + obj + SAM2 + L8-24",
  "predicted_action": [
    0.002576219099573774,
    -0.013485175428504623,
    -0.0148356092661561,
    -0.04434531684906694,
    0.04289798271551258,
    0.060133317104773515,
    -0.30078125
  ],
  "ground_truth_action": [
    0.006609028205275536,
    -0.018977876752614975,
    -0.006729507353156805,
    -0.05558573827147484,
    0.009011853486299515,
    -0.011617853306233883,
    0.0
  ],
  "action_token_ids": [
    31859,
    31912,
    31956,
    31942,
    31796,
    31833,
    31910
  ],
  "mse_per_dim": [
    1.6263549283031043e-05,
    3.016976783588362e-05,
    6.570888822393084e-05,
    0.00012634707375332646,
    0.0011482697541389281,
    0.005148230455349423,
    0.0904693603515625
  ],
  "mse_mean": 0.013857764262878146,
  "mse_spatial": 0.0010891649147640873,
  "mse_gripper": 0.0904693603515625,
  "mse_per_dim_names": [
    "x",
    "y",
    "z",
    "roll",
    "pitch",
    "yaw",
    "gripper"
  ],
  "grounding": {
    "nouns": [
      "pile"
    ],
    "num_patches": 0,
    "patch_coverage": 0.0
  }
}