{
  "episode_id": 18,
  "step_id": 45,
  "instruction": "Pick up the blue fork and place it on the left of the pot",
  "condition": "targeted",
  "condition_desc": "per-head VAR strength + dim gate + obj + SAM2 + L8-24",
  "predicted_action": [
    -9.738706517966461e-05,
    -0.001230360346671705,
    0.00379873475423664,
    -0.00617933364061185,
    -0.005811124797328399,
    0.029628779342165124,
    0.03515625
  ],
  "ground_truth_action": [
    0.004014358390122652,
    -0.002926813904196024,
    0.013428933918476105,
    -0.008810626342892647,
    -0.03442537039518356,
    0.030048390850424767,
    1.0
  ],
  "action_token_ids": [
    31871,
    31874,
    31884,
    31882,
    31869,
    31852,
    31867
  ],
  "mse_per_dim": [
    1.6906450689199255e-05,
    2.877954672836918e-06,
    9.274073594291849e-05,
    6.923701285076176e-06,
    0.0008187750511343736,
    1.7607381786393244e-07,
    0.9309234619140625
  ],
  "mse_mean": 0.13312312312594354,
  "mse_spatial": 0.00015639999459037806,
  "mse_gripper": 0.9309234619140625,
  "mse_per_dim_names": [
    "x",
    "y",
    "z",
    "roll",
    "pitch",
    "yaw",
    "gripper"
  ],
  "grounding": {
    "nouns": [
      "fork",
      "pot"
    ],
    "num_patches": 18,
    "patch_coverage": 0.0703125
  }
}