{
  "episode_id": 16,
  "step_id": 22,
  "instruction": "move the pan to the left side of the stove",
  "condition": "targeted",
  "condition_desc": "per-head VAR strength + dim gate + obj + SAM2 + L8-24",
  "predicted_action": [
    -0.024605443575419488,
    -0.0018753506141365936,
    0.015445199766982106,
    0.03389494872826598,
    0.051572207341087015,
    0.18857347610522976,
    0.94140625
  ],
  "ground_truth_action": [
    -0.017750170081853867,
    -0.0030736192129552364,
    -0.005717771593481302,
    0.03779774159193039,
    0.050124641507864,
    0.09804752469062805,
    1.0
  ],
  "action_token_ids": [
    31981,
    31876,
    31839,
    31819,
    31783,
    31753,
    31751
  ],
  "mse_per_dim": [
    4.6994774671583396e-05,
    1.4358476349147935e-06,
    0.00044787135680379443,
    1.5231792136669815e-05,
    2.0954468415146452e-06,
    0.008194947879518829,
    0.0034332275390625
  ],
  "mse_mean": 0.001734543519524258,
  "mse_spatial": 0.0014514295162678843,
  "mse_gripper": 0.0034332275390625,
  "mse_per_dim_names": [
    "x",
    "y",
    "z",
    "roll",
    "pitch",
    "yaw",
    "gripper"
  ],
  "grounding": {
    "nouns": [
      "pan",
      "stove"
    ],
    "num_patches": 49,
    "patch_coverage": 0.19140625
  }
}