{
  "episode_id": 18,
  "step_id": 43,
  "instruction": "Pick up the blue fork and place it on the left of the pot",
  "condition": "targeted",
  "condition_desc": "per-head VAR strength + dim gate + obj + SAM2 + L8-24",
  "predicted_action": [
    -0.0014341901475563822,
    0.0013496007231878562,
    0.00017539008360471786,
    0.007814860202488338,
    0.007533836165093788,
    -0.010508770345477453,
    0.03515625
  ],
  "ground_truth_action": [
    0.0003265418636146933,
    -0.0009869008790701628,
    0.0024201986379921436,
    0.003977630753070116,
    -0.0010803001932799816,
    -0.007959229871630669,
    1.0
  ],
  "action_token_ids": [
    31877,
    31866,
    31898,
    31860,
    31849,
    31877,
    31867
  ],
  "mse_per_dim": [
    3.10017721516254e-06,
    5.45923973735429e-06,
    5.039165445850964e-06,
    1.4724329847482474e-05,
    7.420334520065691e-05,
    6.500156627782885e-06,
    0.9309234619140625
  ],
  "mse_mean": 0.13300464118973382,
  "mse_spatial": 1.8171069012381675e-05,
  "mse_gripper": 0.9309234619140625,
  "mse_per_dim_names": [
    "x",
    "y",
    "z",
    "roll",
    "pitch",
    "yaw",
    "gripper"
  ],
  "grounding": {
    "nouns": [
      "fork",
      "pot"
    ],
    "num_patches": 17,
    "patch_coverage": 0.06640625
  }
}