{
  "episode_id": 14,
  "step_id": 40,
  "instruction": "move the silver pot to the lower right burner",
  "condition": "targeted",
  "condition_desc": "per-head VAR strength + dim gate + obj + SAM2 + L8-24",
  "predicted_action": [
    -0.004107796312309817,
    -0.0034878262827988185,
    0.00457516575508634,
    -0.005543233920470944,
    0.02821852565684818,
    0.04247279524221076,
    0.03515625
  ],
  "ground_truth_action": [
    0.002191002946346998,
    -0.005267180036753416,
    0.0057084569707512856,
    -0.037430740892887115,
    0.005639245267957449,
    0.031741801649332047,
    1.0
  ],
  "action_token_ids": [
    31889,
    31881,
    31881,
    31881,
    31818,
    31844,
    31867
  ],
  "mse_per_dim": [
    3.967487210085565e-05,
    3.1660997817123183e-06,
    1.2843489795033307e-06,
    0.0010168131009158899,
    0.0005098239028801456,
    0.00011515422349040397,
    0.9309234619140625
  ],
  "mse_mean": 0.1332299112088873,
  "mse_spatial": 0.00028098609135808516,
  "mse_gripper": 0.9309234619140625,
  "mse_per_dim_names": [
    "x",
    "y",
    "z",
    "roll",
    "pitch",
    "yaw",
    "gripper"
  ],
  "grounding": {
    "nouns": [
      "pot",
      "burner"
    ],
    "num_patches": 32,
    "patch_coverage": 0.125
  }
}