{
  "episode_id": 13,
  "step_id": 22,
  "instruction": "",
  "condition": "targeted",
  "condition_desc": "per-head VAR strength + dim gate + obj + SAM2 + L8-24",
  "predicted_action": [
    0.003021820127032681,
    -0.017032621899561517,
    -0.0008598512508615451,
    -0.012540330842021039,
    -0.012483605278539492,
    -0.04904081804561433,
    -0.29296875
  ],
  "ground_truth_action": [
    -0.021786073222756386,
    -0.0027925025206059217,
    0.002337754936888814,
    0.04792240634560585,
    0.018263524398207664,
    0.19142597913742065,
    0.0004097286728210747
  ],
  "action_token_ids": [
    31857,
    31923,
    31902,
    31892,
    31879,
    31901,
    31909
  ],
  "mse_per_dim": [
    0.0006154315724545087,
    0.0002027809999269067,
    1.0224685331939384e-05,
    0.0036557425882200395,
    0.0009453859833587057,
    0.05782428054746688,
    0.08607093174837893
  ],
  "mse_mean": 0.02133211116073399,
  "mse_spatial": 0.010542307729459832,
  "mse_gripper": 0.08607093174837893,
  "mse_per_dim_names": [
    "x",
    "y",
    "z",
    "roll",
    "pitch",
    "yaw",
    "gripper"
  ],
  "grounding": {
    "nouns": [],
    "num_patches": 0,
    "patch_coverage": 0.0
  }
}