{
  "episode_id": 12,
  "step_id": 6,
  "instruction": "",
  "condition": "targeted",
  "condition_desc": "per-head VAR strength + dim gate + obj + SAM2 + L8-24",
  "predicted_action": [
    0.009483035025186815,
    0.018119347677275,
    -0.0021539029189443747,
    0.01035925908305202,
    -0.03917352720338387,
    0.011968257479602395,
    0.99609375
  ],
  "ground_truth_action": [
    0.0038349851965904236,
    0.0038680383004248142,
    -0.02639269270002842,
    0.008176792412996292,
    0.005135272163897753,
    -0.04446420446038246,
    1.0
  ],
  "action_token_ids": [
    31828,
    31814,
    31907,
    31856,
    31919,
    31863,
    31744
  ],
  "mse_per_dim": [
    3.190046686630773e-05,
    0.00020309981895469804,
    0.0005875189300515843,
    4.763160765904134e-06,
    0.0019632697013700164,
    0.0031846227606078395,
    1.52587890625e-05
  ],
  "mse_mean": 0.00085577623252555,
  "mse_spatial": 0.0009958624731027249,
  "mse_gripper": 1.52587890625e-05,
  "mse_per_dim_names": [
    "x",
    "y",
    "z",
    "roll",
    "pitch",
    "yaw",
    "gripper"
  ],
  "grounding": {
    "nouns": [],
    "num_patches": 0,
    "patch_coverage": 0.0
  }
}