{
  "episode_id": 15,
  "step_id": 41,
  "instruction": "sweep into pile",
  "condition": "targeted",
  "condition_desc": "per-head VAR strength + dim gate + obj + SAM2 + L8-24",
  "predicted_action": [
    0.003244620640762131,
    -0.005422797085193491,
    -0.004224385587876901,
    -0.008087632801034611,
    0.0015286037320037943,
    0.005546249529579578,
    -0.00390625
  ],
  "ground_truth_action": [
    -0.003965762909501791,
    0.011846765875816345,
    -0.007582309655845165,
    0.023126270622015,
    0.012284203432500362,
    0.003890329273417592,
    0.0
  ],
  "action_token_ids": [
    31856,
    31887,
    31915,
    31885,
    31858,
    31867,
    31872
  ],
  "mse_per_dim": [
    5.198963094191656e-05,
    0.00029823780486428283,
    1.1275654046240539e-05,
    0.0009743077669034681,
    0.00011568292491732187,
    2.7420718947675765e-06,
    1.52587890625e-05
  ],
  "mse_mean": 0.0002099278060900711,
  "mse_spatial": 0.00024237264226133293,
  "mse_gripper": 1.52587890625e-05,
  "mse_per_dim_names": [
    "x",
    "y",
    "z",
    "roll",
    "pitch",
    "yaw",
    "gripper"
  ],
  "grounding": {
    "nouns": [
      "pile"
    ],
    "num_patches": 0,
    "patch_coverage": 0.0
  }
}