{
  "episode_id": 15,
  "step_id": 84,
  "instruction": "sweep into pile",
  "condition": "targeted",
  "condition_desc": "per-head VAR strength + dim gate + obj + SAM2 + L8-24",
  "predicted_action": [
    0.00168501704465596,
    -0.04154225206322735,
    0.03226787145205888,
    0.02562565236643405,
    -0.023159574048477252,
    -0.13413242338341663,
    -0.66796875
  ],
  "ground_truth_action": [
    -0.01156103890389204,
    -0.052429478615522385,
    0.011039184406399727,
    -0.004495196044445038,
    -0.0048969946801662445,
    -0.14588865637779236,
    1.0
  ],
  "action_token_ids": [
    31863,
    31999,
    31774,
    31832,
    31895,
    31954,
    31957
  ],
  "mse_per_dim": [
    0.00017545799819206387,
    0.00011853170200099806,
    0.0004506571536825367,
    0.0009072655089911571,
    0.00033352180518385886,
    0.00013820901421804846,
    2.7821197509765625
  ],
  "mse_mean": 0.39774905630840446,
  "mse_spatial": 0.0003539405303781105,
  "mse_gripper": 2.7821197509765625,
  "mse_per_dim_names": [
    "x",
    "y",
    "z",
    "roll",
    "pitch",
    "yaw",
    "gripper"
  ],
  "grounding": {
    "nouns": [
      "pile"
    ],
    "num_patches": 0,
    "patch_coverage": 0.0
  }
}