{
  "episode_id": 15,
  "step_id": 43,
  "instruction": "sweep into pile",
  "condition": "targeted",
  "condition_desc": "per-head VAR strength + dim gate + obj + SAM2 + L8-24",
  "predicted_action": [
    0.0003482139622792424,
    0.03037416275910792,
    -0.004483195921493467,
    0.02244515376572946,
    0.027551277608727068,
    0.02160126940463661,
    -0.00390625
  ],
  "ground_truth_action": [
    0.0018875774694606662,
    0.061124302446842194,
    -0.0055969455279409885,
    0.013214612379670143,
    0.03688683733344078,
    0.07976865023374557,
    0.0
  ],
  "action_token_ids": [
    31869,
    31776,
    31916,
    31837,
    31819,
    31857,
    31872
  ],
  "mse_per_dim": [
    2.3696400072418932e-06,
    0.0009455710908151706,
    1.2404381858620086e-06,
    8.520289427975388e-05,
    8.715267537369677e-05,
    0.0033834441925185933,
    1.52587890625e-05
  ],
  "mse_mean": 0.0006457485314632597,
  "mse_spatial": 0.0007508301551967197,
  "mse_gripper": 1.52587890625e-05,
  "mse_per_dim_names": [
    "x",
    "y",
    "z",
    "roll",
    "pitch",
    "yaw",
    "gripper"
  ],
  "grounding": {
    "nouns": [
      "pile"
    ],
    "num_patches": 0,
    "patch_coverage": 0.0
  }
}