{
  "episode_id": 12,
  "step_id": 14,
  "instruction": "",
  "condition": "targeted",
  "condition_desc": "per-head VAR strength + dim gate + obj + SAM2 + L8-24",
  "predicted_action": [
    0.003021820127032681,
    -0.0005853700792068164,
    0.026574044112494432,
    0.0313505498477023,
    -0.047180503780837185,
    0.0007297435670624575,
    0.99609375
  ],
  "ground_truth_action": [
    -0.004290930461138487,
    -0.0003905266639776528,
    0.0014972859062254429,
    0.0005596484406851232,
    0.008503556251525879,
    -0.06162116304039955,
    0.0016157159116119146
  ],
  "action_token_ids": [
    31857,
    31872,
    31796,
    31823,
    31931,
    31870,
    31744
  ],
  "mse_per_dim": [
    5.347632116479776e-05,
    3.7963956458164284e-08,
    0.0006288438021356791,
    0.0009480796094566525,
    0.0031007145416878136,
    0.0038876355547724497,
    0.9889865602843052
  ],
  "mse_mean": 0.14251504972535414,
  "mse_spatial": 0.0014364646321956421,
  "mse_gripper": 0.9889865602843052,
  "mse_per_dim_names": [
    "x",
    "y",
    "z",
    "roll",
    "pitch",
    "yaw",
    "gripper"
  ],
  "grounding": {
    "nouns": [],
    "num_patches": 0,
    "patch_coverage": 0.0
  }
}