{
  "episode_id": 28,
  "step_id": 25,
  "instruction": "Move the bowl closer to the bottom right of the table.",
  "condition": "targeted",
  "condition_desc": "per-head VAR strength + dim gate + obj + SAM2 + L8-24",
  "predicted_action": [
    0.003690221668221038,
    -0.0031653311490663777,
    0.02942095778227666,
    -0.004271034480189104,
    -0.08187740228313486,
    0.013573759467108093,
    0.99609375
  ],
  "ground_truth_action": [
    0.0023282337933778763,
    0.008514981716871262,
    0.04456863924860954,
    -0.10487086325883865,
    -0.08456350117921829,
    0.06081147491931915,
    1.0
  ],
  "action_token_ids": [
    31854,
    31880,
    31785,
    31879,
    31983,
    31862,
    31744
  ],
  "mse_per_dim": [
    1.855010971219792e-06,
    0.00013642970864618834,
    0.00022945225380548468,
    0.010120325550293607,
    7.215127279540608e-06,
    0.0022314017611440597,
    1.52587890625e-05
  ],
  "mse_mean": 0.0018202768858860859,
  "mse_spatial": 0.0021211132353566834,
  "mse_gripper": 1.52587890625e-05,
  "mse_per_dim_names": [
    "x",
    "y",
    "z",
    "roll",
    "pitch",
    "yaw",
    "gripper"
  ],
  "grounding": {
    "nouns": [
      "bowl",
      "table"
    ],
    "num_patches": 15,
    "patch_coverage": 0.05859375
  }
}