{
  "episode_id": 20,
  "step_id": 35,
  "instruction": "",
  "condition": "targeted",
  "condition_desc": "per-head VAR strength + dim gate + obj + SAM2 + L8-24",
  "predicted_action": [
    0.002799019613303224,
    -0.010260224091180173,
    -0.018458953936788022,
    0.0052704613219246715,
    0.03222201394557482,
    -0.047435316058108634,
    -0.29296875
  ],
  "ground_truth_action": [
    -0.052718065679073334,
    0.014331649988889694,
    0.005746026989072561,
    0.08537570387125015,
    0.05624020844697952,
    0.004447177983820438,
    1.0
  ],
  "action_token_ids": [
    31858,
    31902,
    31970,
    31864,
    31812,
    31900,
    31909
  ],
  "mse_per_dim": [
    0.0030821467593610138,
    0.0006047602707700122,
    0.0005858811016212747,
    0.006416849883886266,
    0.0005768736671073071,
    0.0026917931880108058,
    1.6717681884765625
  ],
  "mse_mean": 0.24081807047818846,
  "mse_spatial": 0.0023263841451261133,
  "mse_gripper": 1.6717681884765625,
  "mse_per_dim_names": [
    "x",
    "y",
    "z",
    "roll",
    "pitch",
    "yaw",
    "gripper"
  ],
  "grounding": {
    "nouns": [],
    "num_patches": 0,
    "patch_coverage": 0.0
  }
}