{
  "episode_id": 29,
  "step_id": 16,
  "instruction": "",
  "condition": "targeted",
  "condition_desc": "per-head VAR strength + dim gate + obj + SAM2 + L8-24",
  "predicted_action": [
    0.009483035025186815,
    -0.023160029440477976,
    0.03485597478822454,
    -0.04688971572963061,
    0.0035303478763671348,
    0.010362755492096698,
    -0.11328125
  ],
  "ground_truth_action": [
    0.02012377791106701,
    0.007889163680374622,
    -0.02362685650587082,
    -0.011583356186747551,
    0.04410848021507263,
    -0.0038197748363018036,
    0.0
  ],
  "action_token_ids": [
    31828,
    31942,
    31764,
    31946,
    31855,
    31864,
    31886
  ],
  "mse_per_dim": [
    0.00011322540916340996,
    0.0009640523934560003,
    0.0034202415561736194,
    0.0012465390241713297,
    0.0016465848240974968,
    0.0002011441665159433,
    0.0128326416015625
  ],
  "mse_mean": 0.002917775567877186,
  "mse_spatial": 0.0012652978955963,
  "mse_gripper": 0.0128326416015625,
  "mse_per_dim_names": [
    "x",
    "y",
    "z",
    "roll",
    "pitch",
    "yaw",
    "gripper"
  ],
  "grounding": {
    "nouns": [],
    "num_patches": 0,
    "patch_coverage": 0.0
  }
}