{
  "episode_id": 23,
  "step_id": 20,
  "instruction": "",
  "condition": "targeted",
  "condition_desc": "per-head VAR strength + dim gate + obj + SAM2 + L8-24",
  "predicted_action": [
    -0.0009885891200974752,
    0.0003821153219905199,
    -0.0006010409172449785,
    -0.005543233920470944,
    -0.0018076365086017454,
    0.02160126940463661,
    -0.05859375
  ],
  "ground_truth_action": [
    -0.005047993268817663,
    0.0029464561957865953,
    0.05429121106863022,
    -0.029724249616265297,
    -0.022619053721427917,
    0.7463988661766052,
    -0.002867668867111206
  ],
  "action_token_ids": [
    31875,
    31869,
    31901,
    31881,
    31863,
    31857,
    31879
  ],
  "mse_per_dim": [
    1.6478762042646674e-05,
    6.5758441170212195e-06,
    0.0030131593280808195,
    0.0005847215200802528,
    0.00043311508640631746,
    0.5253315562864213,
    0.0031053961184293044
  ],
  "mse_mean": 0.07607014327793966,
  "mse_spatial": 0.08823093447119139,
  "mse_gripper": 0.0031053961184293044,
  "mse_per_dim_names": [
    "x",
    "y",
    "z",
    "roll",
    "pitch",
    "yaw",
    "gripper"
  ],
  "grounding": {
    "nouns": [],
    "num_patches": 0,
    "patch_coverage": 0.0
  }
}