{
  "episode_id": 24,
  "step_id": 22,
  "instruction": "",
  "condition": "targeted",
  "condition_desc": "per-head VAR strength + dim gate + obj + SAM2 + L8-24",
  "predicted_action": [
    0.003913022181950488,
    -0.00510030195146105,
    -0.0034479545870272042,
    -0.054522912371321626,
    -0.02249232600035614,
    0.03765628927969364,
    0.11328125
  ],
  "ground_truth_action": [
    -0.006670031696557999,
    0.035844698548316956,
    -0.0015904332976788282,
    0.016213389113545418,
    0.004797945264726877,
    0.04829184338450432,
    -0.002817088970914483
  ],
  "action_token_ids": [
    31853,
    31886,
    31912,
    31958,
    31894,
    31847,
    31857
  ],
  "mse_per_dim": [
    0.00011200102939541353,
    0.0016764930659268211,
    3.450385340382453e-06,
    0.005003624347758003,
    0.0007447589057218158,
    0.00011311501111635529,
    0.013478824311805361
  ],
  "mse_mean": 0.0030188952938663078,
  "mse_spatial": 0.0012755737908764653,
  "mse_gripper": 0.013478824311805361,
  "mse_per_dim_names": [
    "x",
    "y",
    "z",
    "roll",
    "pitch",
    "yaw",
    "gripper"
  ],
  "grounding": {
    "nouns": [],
    "num_patches": 0,
    "patch_coverage": 0.0
  }
}