{
  "episode_id": 23,
  "step_id": 38,
  "instruction": "",
  "condition": "targeted",
  "condition_desc": "per-head VAR strength + dim gate + obj + SAM2 + L8-24",
  "predicted_action": [
    -0.0014341901475563822,
    -0.0005853700792068164,
    0.015962820434215232,
    -0.001726635599625423,
    -0.020490581855992812,
    0.0023352455545681827,
    -0.00390625
  ],
  "ground_truth_action": [
    0.005963402334600687,
    -0.0021848788019269705,
    -0.00385676184669137,
    -7.076969723129878e-06,
    0.012412779964506626,
    0.09484698623418808,
    0.9980717897415161
  ],
  "action_token_ids": [
    31877,
    31872,
    31837,
    31875,
    31891,
    31869,
    31872
  ],
  "mse_per_dim": [
    5.472437453206679e-05,
    2.5584281540578585e-06,
    0.00039281584178962696,
    2.9568818816714513e-06,
    0.0010826312190907001,
    0.00855842216357324,
    1.0039599921242512
  ],
  "mse_mean": 0.1448648715761818,
  "mse_spatial": 0.0016823514848368938,
  "mse_gripper": 1.0039599921242512,
  "mse_per_dim_names": [
    "x",
    "y",
    "z",
    "roll",
    "pitch",
    "yaw",
    "gripper"
  ],
  "grounding": {
    "nouns": [],
    "num_patches": 0,
    "patch_coverage": 0.0
  }
}