{
  "episode_id": 23,
  "step_id": 10,
  "instruction": "",
  "condition": "targeted",
  "condition_desc": "per-head VAR strength + dim gate + obj + SAM2 + L8-24",
  "predicted_action": [
    -0.0014341901475563822,
    -0.005422797085193491,
    0.01208066542996675,
    -0.018901328043430213,
    -0.005143876749207299,
    0.03123428132967082,
    0.12890625
  ],
  "ground_truth_action": [
    -0.0021441560238599777,
    -0.003115093568339944,
    -0.021207429468631744,
    0.014569255523383617,
    0.014801387675106525,
    -0.08704423904418945,
    1.0
  ],
  "action_token_ids": [
    31877,
    31887,
    31852,
    31902,
    31868,
    31851,
    31855
  ],
  "mse_per_dim": [
    5.040515455155324e-07,
    5.325495521698231e-06,
    0.0011080972619780989,
    0.001120279964303068,
    0.0003978135729557987,
    0.01398980838182968,
    0.7588043212890625
  ],
  "mse_mean": 0.11077516428817091,
  "mse_spatial": 0.00277030478802231,
  "mse_gripper": 0.7588043212890625,
  "mse_per_dim_names": [
    "x",
    "y",
    "z",
    "roll",
    "pitch",
    "yaw",
    "gripper"
  ],
  "grounding": {
    "nouns": [],
    "num_patches": 0,
    "patch_coverage": 0.0
  }
}