{
  "episode_id": 24,
  "step_id": 38,
  "instruction": "",
  "condition": "targeted",
  "condition_desc": "per-head VAR strength + dim gate + obj + SAM2 + L8-24",
  "predicted_action": [
    0.003021820127032681,
    0.01231443527009099,
    -0.0062948682568094265,
    0.015448056844179353,
    -0.02516131819284058,
    0.08582134890486473,
    0.99609375
  ],
  "ground_truth_action": [
    0.0031856209971010685,
    0.00301220640540123,
    -0.0016489812405779958,
    -0.002635305980220437,
    0.002045194385573268,
    0.005963275674730539,
    1.0
  ],
  "action_token_ids": [
    31857,
    31832,
    31923,
    31848,
    31898,
    31817,
    31744
  ],
  "mse_per_dim": [
    2.6830725035160773e-08,
    8.653146185106733e-05,
    2.1584266167587786e-05,
    0.0003270080110388844,
    0.0007401943266793909,
    0.006377311860029475,
    1.52587890625e-05
  ],
  "mse_mean": 0.0010811307922219914,
  "mse_spatial": 0.0012587761260819067,
  "mse_gripper": 1.52587890625e-05,
  "mse_per_dim_names": [
    "x",
    "y",
    "z",
    "roll",
    "pitch",
    "yaw",
    "gripper"
  ],
  "grounding": {
    "nouns": [],
    "num_patches": 0,
    "patch_coverage": 0.0
  }
}