{
  "episode_id": 23,
  "step_id": 23,
  "instruction": "",
  "condition": "targeted",
  "condition_desc": "per-head VAR strength + dim gate + obj + SAM2 + L8-24",
  "predicted_action": [
    0.003913022181950488,
    -0.004132816550263714,
    -0.018976574604021156,
    -0.015084729722584705,
    0.011537324453820441,
    -0.02335278624552309,
    -0.00390625
  ],
  "ground_truth_action": [
    -0.0008615218102931976,
    0.003270828863605857,
    0.018983939662575722,
    -0.03628724440932274,
    0.011140165850520134,
    0.18581120669841766,
    -0.0008810721919871867
  ],
  "action_token_ids": [
    31853,
    31883,
    31972,
    31896,
    31843,
    31885,
    31872
  ],
  "mse_per_dim": [
    2.2796270333870273e-05,
    5.481396541431193e-05,
    0.001441000643384505,
    0.000449546629041342,
    1.5773495617545075e-07,
    0.0437495759442529,
    9.15170077009321e-06
  ],
  "mse_mean": 0.0065324346983075985,
  "mse_spatial": 0.007619648531230517,
  "mse_gripper": 9.15170077009321e-06,
  "mse_per_dim_names": [
    "x",
    "y",
    "z",
    "roll",
    "pitch",
    "yaw",
    "gripper"
  ],
  "grounding": {
    "nouns": [],
    "num_patches": 0,
    "patch_coverage": 0.0
  }
}