{
  "episode_id": 23,
  "step_id": 27,
  "instruction": "",
  "condition": "targeted",
  "condition_desc": "per-head VAR strength + dim gate + obj + SAM2 + L8-24",
  "predicted_action": [
    -0.004998998367227628,
    -0.005745292218925939,
    -0.011212264595524178,
    -0.020173527483712053,
    0.07759488121781026,
    -0.09078386972076263,
    0.99609375
  ],
  "ground_truth_action": [
    0.007518724538385868,
    0.02432403340935707,
    -0.00423596054315567,
    0.009115546941757202,
    0.007310307119041681,
    -0.2090354859828949,
    -0.013137588277459145
  ],
  "action_token_ids": [
    31893,
    31888,
    31942,
    31904,
    31744,
    31927,
    31744
  ],
  "mse_per_dim": [
    0.00015669338674172077,
    0.0009041643437397174,
    4.866881823109327e-05,
    0.0008578498807006771,
    0.004939921356245291,
    0.013983444748606584,
    1.018547894161311
  ],
  "mse_mean": 0.14849123381365373,
  "mse_spatial": 0.003481790422377514,
  "mse_gripper": 1.018547894161311,
  "mse_per_dim_names": [
    "x",
    "y",
    "z",
    "roll",
    "pitch",
    "yaw",
    "gripper"
  ],
  "grounding": {
    "nouns": [],
    "num_patches": 0,
    "patch_coverage": 0.0
  }
}