{
  "episode_id": 24,
  "step_id": 23,
  "instruction": "",
  "condition": "targeted",
  "condition_desc": "per-head VAR strength + dim gate + obj + SAM2 + L8-24",
  "predicted_action": [
    -0.005890200422145442,
    0.03682406543375682,
    0.0014694417516875474,
    -0.001726635599625423,
    0.0015286037320037943,
    0.11793138865497885,
    -0.00390625
  ],
  "ground_truth_action": [
    0.008643792942166328,
    0.03381408751010895,
    -0.004821332637220621,
    0.028819045051932335,
    -0.0042657447047531605,
    0.1308409720659256,
    0.002758449874818325
  ],
  "action_token_ids": [
    31897,
    31756,
    31893,
    31875,
    31858,
    31797,
    31872
  ],
  "mse_per_dim": [
    0.00021123696311385856,
    9.059967100847546e-06,
    3.957384241214294e-05,
    0.00093303860646695,
    3.357447380654777e-05,
    0.00016665734384419155,
    4.44182244214034e-05
  ],
  "mse_mean": 0.00020536563159513456,
  "mse_spatial": 0.00023219019945742308,
  "mse_gripper": 4.44182244214034e-05,
  "mse_per_dim_names": [
    "x",
    "y",
    "z",
    "roll",
    "pitch",
    "yaw",
    "gripper"
  ],
  "grounding": {
    "nouns": [],
    "num_patches": 0,
    "patch_coverage": 0.0
  }
}