{
  "episode_id": 20,
  "step_id": 31,
  "instruction": "",
  "condition": "targeted",
  "condition_desc": "per-head VAR strength + dim gate + obj + SAM2 + L8-24",
  "predicted_action": [
    -0.0014341901475563822,
    5.962018825807214e-05,
    -0.0006010409172449785,
    0.00018166356079732382,
    0.004864843972609348,
    0.00394074754207388,
    -0.00390625
  ],
  "ground_truth_action": [
    0.000268860487267375,
    0.003069035243242979,
    0.009333550930023193,
    -0.04662499204277992,
    -0.030907653272151947,
    0.020117629319429398,
    1.0
  ],
  "action_token_ids": [
    31877,
    31870,
    31901,
    31872,
    31853,
    31868,
    31872
  ],
  "mse_per_dim": [
    2.9003814647736023e-06,
    9.05657897316981e-06,
    9.869611517180722e-05,
    0.002190863008791889,
    0.0012796715591264544,
    0.000261691504038537,
    1.0078277587890625
  ],
  "mse_mean": 0.14452437684808989,
  "mse_spatial": 0.0006404798579277719,
  "mse_gripper": 1.0078277587890625,
  "mse_per_dim_names": [
    "x",
    "y",
    "z",
    "roll",
    "pitch",
    "yaw",
    "gripper"
  ],
  "grounding": {
    "nouns": [],
    "num_patches": 0,
    "patch_coverage": 0.0
  }
}