{
  "episode_id": 23,
  "step_id": 7,
  "instruction": "",
  "condition": "targeted",
  "condition_desc": "per-head VAR strength + dim gate + obj + SAM2 + L8-24",
  "predicted_action": [
    -0.0014341901475563822,
    0.001672095856920304,
    0.011563044762733617,
    0.04089204564981608,
    -0.008480116989812839,
    0.2030229939927811,
    0.99609375
  ],
  "ground_truth_action": [
    0.001173715223558247,
    -0.0071763587184250355,
    0.0037392645608633757,
    -0.011422408744692802,
    0.026733921840786934,
    0.2715420126914978,
    0.9931000471115112
  ],
  "action_token_ids": [
    31877,
    31865,
    31854,
    31808,
    31873,
    31744,
    31744
  ],
  "mse_per_dim": [
    6.801170424688532e-06,
    7.829514837194987e-05,
    6.121153664717676e-05,
    0.0027368021385951497,
    0.0012400285307629887,
    0.00469485592343509,
    8.962256984546002e-06
  ],
  "mse_mean": 0.0012609938150316556,
  "mse_spatial": 0.0014696657413728407,
  "mse_gripper": 8.962256984546002e-06,
  "mse_per_dim_names": [
    "x",
    "y",
    "z",
    "roll",
    "pitch",
    "yaw",
    "gripper"
  ],
  "grounding": {
    "nouns": [],
    "num_patches": 0,
    "patch_coverage": 0.0
  }
}