{
  "episode_id": 25,
  "step_id": 12,
  "instruction": "",
  "condition": "targeted",
  "condition_desc": "per-head VAR strength + dim gate + obj + SAM2 + L8-24",
  "predicted_action": [
    -0.0014341901475563822,
    0.0026395812581176334,
    -0.009918212927441349,
    0.016084156564320273,
    0.0028630998282460213,
    -0.0024812604079489375,
    0.08203125
  ],
  "ground_truth_action": [
    0.00017395960458088666,
    -0.005966660100966692,
    0.0008275954751297832,
    0.0033356565982103348,
    -0.0026242707390338182,
    0.05036291852593422,
    -0.005796624813228846
  ],
  "action_token_ids": [
    31877,
    31862,
    31937,
    31847,
    31856,
    31872,
    31861
  ],
  "mse_per_dim": [
    2.5861456252991592e-06,
    7.406739033081362e-05,
    0.00011547239822476834,
    0.0001625242513859051,
    3.011123574264907e-05,
    0.0027925072471962605,
    0.007713735594208198
  ],
  "mse_mean": 0.0015558577518162704,
  "mse_spatial": 0.0005295447780842826,
  "mse_gripper": 0.007713735594208198,
  "mse_per_dim_names": [
    "x",
    "y",
    "z",
    "roll",
    "pitch",
    "yaw",
    "gripper"
  ],
  "grounding": {
    "nouns": [],
    "num_patches": 0,
    "patch_coverage": 0.0
  }
}