{
  "episode_id": 0,
  "step_id": 1,
  "instruction": "put small spoon from basket to tray",
  "condition": "pair_micro_resid",
  "condition_desc": "wr(\u03bb=1.1) + resid(\u03b1=1.5)",
  "predicted_action": [
    -0.002221855493152857,
    0.0005471569492535924,
    -0.01089408012654852,
    0.02732067103245661,
    0.07759357288830414,
    0.048287230871471604,
    -0.5647058823529412
  ],
  "ground_truth_action": [
    0.00815527979284525,
    0.002605537883937359,
    -0.00971079058945179,
    -0.04788215458393097,
    -0.02560991607606411,
    0.13556690514087677,
    1.0
  ],
  "action_token_ids": [
    31881,
    31869,
    31941,
    31830,
    31744,
    31841,
    31944
  ],
  "mse_per_dim": [
    0.00010768493674390699,
    4.236932072269616e-06,
    1.4001741286025948e-06,
    0.0056554649806888,
    0.010650960134418479,
    0.007617741540573466,
    2.4483044982698963
  ],
  "mse_mean": 0.35319171242407454,
  "mse_spatial": 0.0040062481164375875,
  "mse_gripper": 2.4483044982698963,
  "mse_per_dim_names": [
    "x",
    "y",
    "z",
    "roll",
    "pitch",
    "yaw",
    "gripper"
  ],
  "grounding": {
    "nouns": [
      "spoon",
      "basket"
    ],
    "num_boxes": 4,
    "num_patches": 111,
    "patch_coverage": 0.43359375
  }
}