{
  "episode_id": 3,
  "step_id": 9,
  "instruction": "put the rectangle block on top of the red arch and yellow block",
  "condition": "pair_micro_resid",
  "condition_desc": "wr(\u03bb=1.1) + resid(\u03b1=1.5)",
  "predicted_action": [
    -0.002445529734387133,
    -0.003661720717654547,
    0.0002784067458089616,
    0.001776901878562484,
    0.00591804922503579,
    -6.671134046487559e-05,
    -0.07058823529411762
  ],
  "ground_truth_action": [
    -0.003721411107107997,
    -0.001358448644168675,
    -0.003251379355788231,
    0.005263557191938162,
    0.012191053479909897,
    0.012211309745907784,
    1.0
  ],
  "action_token_ids": [
    31882,
    31882,
    31898,
    31870,
    31852,
    31871,
    31881
  ],
  "mse_per_dim": [
    1.6278732772560765e-06,
    5.305062244499909e-06,
    1.2459389923028706e-05,
    1.2156765274290847e-05,
    3.935058238166865e-05,
    0.00015074980179741166,
    1.146159169550173
  ],
  "mse_mean": 0.163768688432153,
  "mse_spatial": 3.6941579149692644e-05,
  "mse_gripper": 1.146159169550173,
  "mse_per_dim_names": [
    "x",
    "y",
    "z",
    "roll",
    "pitch",
    "yaw",
    "gripper"
  ],
  "grounding": {
    "nouns": [
      "block",
      "top"
    ],
    "num_boxes": 4,
    "num_patches": 36,
    "patch_coverage": 0.140625
  }
}