{
  "episode_id": 5,
  "step_id": 4,
  "instruction": "take broccoli out of pan",
  "condition": "pair_micro_resid",
  "condition_desc": "wr(\u03bb=1.1) + resid(\u03b1=1.5)",
  "predicted_action": [
    0.0060540914325152954,
    -0.02664866797538366,
    0.033016391534577375,
    -0.008440605782995159,
    0.07223465523123736,
    0.06279341353505255,
    0.996078431372549
  ],
  "ground_truth_action": [
    0.019863465800881386,
    -0.05030679330229759,
    0.02506604604423046,
    -0.041627995669841766,
    0.01887095533311367,
    0.023223189637064934,
    1.0
  ],
  "action_token_ids": [
    31844,
    31953,
    31772,
    31886,
    31753,
    31832,
    31744
  ],
  "mse_per_dim": [
    0.00019069882044568635,
    0.0005597068939839665,
    6.32079934158795e-05,
    0.0011014028475015685,
    0.002847684466817006,
    0.0015658026193368702,
    1.5378700499807656e-05
  ],
  "mse_mean": 0.000906268906000112,
  "mse_spatial": 0.0010547506069168294,
  "mse_gripper": 1.5378700499807656e-05,
  "mse_per_dim_names": [
    "x",
    "y",
    "z",
    "roll",
    "pitch",
    "yaw",
    "gripper"
  ],
  "grounding": {
    "nouns": [
      "broccoli",
      "pan"
    ],
    "num_boxes": 3,
    "num_patches": 34,
    "patch_coverage": 0.1328125
  }
}