{
  "episode_id": 3,
  "step_id": 30,
  "instruction": "put the rectangle block on top of the red arch and yellow block",
  "condition": "pair_micro_resid",
  "condition_desc": "wr(\u03bb=1.1) + resid(\u03b1=1.5)",
  "predicted_action": [
    -0.00311655245808996,
    0.0031372355135047617,
    0.0028766595068223273,
    0.04328552675364043,
    -0.028245050838764996,
    0.007992279028191218,
    0.996078431372549
  ],
  "ground_truth_action": [
    0.0030635055154561996,
    0.0039046453312039375,
    -0.0002303415967617184,
    0.007928206585347652,
    0.0032491469755768776,
    0.007374392356723547,
    0.0
  ],
  "action_token_ids": [
    31885,
    31861,
    31888,
    31805,
    31903,
    31866,
    31744
  ],
  "mse_per_dim": [
    3.819311655639146e-05,
    5.889178283010824e-07,
    9.653455857672478e-06,
    0.0012501400894831633,
    0.0009918844959688963,
    3.817839387773978e-07,
    0.9921722414455979
  ],
  "mse_mean": 0.14206615475789017,
  "mse_spatial": 0.00038180697660553374,
  "mse_gripper": 0.9921722414455979,
  "mse_per_dim_names": [
    "x",
    "y",
    "z",
    "roll",
    "pitch",
    "yaw",
    "gripper"
  ],
  "grounding": {
    "nouns": [
      "block",
      "top"
    ],
    "num_boxes": 3,
    "num_patches": 210,
    "patch_coverage": 0.8203125
  }
}