{
  "episode_id": 3,
  "step_id": 15,
  "instruction": "put the rectangle block on top of the red arch and yellow block",
  "condition": "pair_micro_resid",
  "condition_desc": "wr(\u03bb=1.1) + resid(\u03b1=1.5)",
  "predicted_action": [
    1.4886919189882608e-05,
    -0.0010716421534033849,
    -0.0005010690824950523,
    -0.016103736529163387,
    0.0005591315679690234,
    0.0015450867332663376,
    -0.196078431372549
  ],
  "ground_truth_action": [
    0.0006292707403190434,
    0.0002749309642240405,
    -0.0006187808467075229,
    -0.0014372695004567504,
    -0.00020802071958314627,
    0.0033243519719690084,
    0.0156289990991354
  ],
  "action_token_ids": [
    31871,
    31874,
    31901,
    31898,
    31860,
    31870,
    31897
  ],
  "mse_per_dim": [
    3.7746747966526864e-07,
    1.813259161116844e-06,
    1.3856059434012273e-08,
    0.00021510525510413887,
    5.885226322965269e-07,
    3.165784789655672e-06,
    0.044820036116923076
  ],
  "mse_mean": 0.006434442894592769,
  "mse_spatial": 3.684402420438453e-05,
  "mse_gripper": 0.044820036116923076,
  "mse_per_dim_names": [
    "x",
    "y",
    "z",
    "roll",
    "pitch",
    "yaw",
    "gripper"
  ],
  "grounding": {
    "nouns": [
      "block",
      "top"
    ],
    "num_boxes": 4,
    "num_patches": 36,
    "patch_coverage": 0.140625
  }
}