{
  "episode_id": 2,
  "step_id": 27,
  "instruction": "put the red object into the pot",
  "condition": "pair_micro_resid",
  "condition_desc": "wr(\u03bb=1.1) + resid(\u03b1=1.5)",
  "predicted_action": [
    -0.0028928782168556808,
    -0.028267467078040644,
    0.025481458527638622,
    0.004331278793951912,
    -0.03561356261723183,
    -0.0016785094141960888,
    -0.007843137254901933
  ],
  "ground_truth_action": [
    -0.027242861688137054,
    -0.026206770911812782,
    -0.010207676328718662,
    0.04732998460531235,
    0.042979419231414795,
    -0.07346101850271225,
    0.0
  ],
  "action_token_ids": [
    31884,
    31958,
    31801,
    31866,
    31914,
    31872,
    31873
  ],
  "mse_per_dim": [
    0.0005929216950516761,
    4.246468689506208e-06,
    0.0012737143467952568,
    0.0018488887014519216,
    0.006176856795861699,
    0.005152728611042905,
    6.151480199923062e-05
  ],
  "mse_mean": 0.0021586959172703135,
  "mse_spatial": 0.0025082261031488273,
  "mse_gripper": 6.151480199923062e-05,
  "mse_per_dim_names": [
    "x",
    "y",
    "z",
    "roll",
    "pitch",
    "yaw",
    "gripper"
  ],
  "grounding": {
    "nouns": [
      "object",
      "pot"
    ],
    "num_boxes": 3,
    "num_patches": 81,
    "patch_coverage": 0.31640625
  }
}