{
  "episode_id": 2,
  "step_id": 40,
  "instruction": "put the red object into the pot",
  "condition": "pair_micro_resid",
  "condition_desc": "wr(\u03bb=1.1) + resid(\u03b1=1.5)",
  "predicted_action": [
    -0.0053532948704327,
    0.012202510488383847,
    0.04003167398931348,
    -0.021212490359942215,
    -0.0898726038950331,
    -0.01940828822523946,
    0.04705882352941182
  ],
  "ground_truth_action": [
    0.006960882805287838,
    0.013661373406648636,
    7.90840495028533e-05,
    -0.0339917354285717,
    -0.006997985765337944,
    -0.013851064257323742,
    1.0
  ],
  "action_token_ids": [
    31895,
    31833,
    31744,
    31906,
    31995,
    31883,
    31866
  ],
  "mse_per_dim": [
    0.00015163897182921405,
    2.128281014288056e-06,
    0.0015962094428986575,
    0.00016330910452409103,
    0.006868202330142797,
    3.0882738229576936e-05,
    0.9080968858131487
  ],
  "mse_mean": 0.13098703666882677,
  "mse_spatial": 0.0014687284781064378,
  "mse_gripper": 0.9080968858131487,
  "mse_per_dim_names": [
    "x",
    "y",
    "z",
    "roll",
    "pitch",
    "yaw",
    "gripper"
  ],
  "grounding": {
    "nouns": [
      "object",
      "pot"
    ],
    "num_boxes": 2,
    "num_patches": 56,
    "patch_coverage": 0.21875
  }
}