{
  "episode_id": 0,
  "step_id": 2,
  "instruction": "put small spoon from basket to tray",
  "condition": "pair_micro_resid",
  "condition_desc": "wr(\u03bb=1.1) + resid(\u03b1=1.5)",
  "predicted_action": [
    -0.0006561358045129376,
    0.006374833718818716,
    0.002357008954619655,
    -0.0065248230964530946,
    -0.0925520627235665,
    0.030557452060428203,
    0.996078431372549
  ],
  "ground_truth_action": [
    0.009051647037267685,
    0.0076920450665056705,
    -0.006910833530128002,
    -0.014897474087774754,
    0.005883192643523216,
    0.08255510777235031,
    1.0
  ],
  "action_token_ids": [
    31874,
    31851,
    31890,
    31883,
    31999,
    31852,
    31744
  ],
  "mse_per_dim": [
    9.424104770317025e-05,
    1.7350457344752825e-06,
    8.589290432209362e-05,
    7.010128462247955e-05,
    0.009689499499184165,
    0.002703756199535586,
    1.5378700499807656e-05
  ],
  "mse_mean": 0.0018086578116573969,
  "mse_spatial": 0.002107537663516995,
  "mse_gripper": 1.5378700499807656e-05,
  "mse_per_dim_names": [
    "x",
    "y",
    "z",
    "roll",
    "pitch",
    "yaw",
    "gripper"
  ],
  "grounding": {
    "nouns": [
      "spoon",
      "basket"
    ],
    "num_boxes": 5,
    "num_patches": 111,
    "patch_coverage": 0.43359375
  }
}