{
  "episode_id": 9,
  "step_id": 19,
  "instruction": "Move the can in the middle bottom of the table",
  "condition": "pair_micro_resid",
  "condition_desc": "wr(\u03bb=1.1) + resid(\u03b1=1.5)",
  "predicted_action": [
    0.00135693236659553,
    0.011554990847321048,
    0.02678058490814531,
    0.001776901878562484,
    -0.04700126263849877,
    -0.009737499782852183,
    0.392156862745098
  ],
  "ground_truth_action": [
    0.00980442389845848,
    0.008692334406077862,
    0.026029322296380997,
    -0.03140782192349434,
    -0.06810685247182846,
    0.04893117770552635,
    1.0
  ],
  "action_token_ids": [
    31865,
    31835,
    31796,
    31870,
    31931,
    31877,
    31822
  ],
  "mse_per_dim": [
    7.136011318089626e-05,
    8.194801900591102e-06,
    5.643955118349352e-07,
    0.0011012258938187967,
    0.0004454459222127496,
    0.0034420137182353742,
    0.36947327950788167
  ],
  "mse_mean": 0.053506012050391696,
  "mse_spatial": 0.0008448008074767072,
  "mse_gripper": 0.36947327950788167,
  "mse_per_dim_names": [
    "x",
    "y",
    "z",
    "roll",
    "pitch",
    "yaw",
    "gripper"
  ],
  "grounding": {
    "nouns": [
      "can",
      "bottom",
      "table"
    ],
    "num_boxes": 1,
    "num_patches": 224,
    "patch_coverage": 0.875
  }
}