{
  "episode_id": 2,
  "step_id": 32,
  "instruction": "put the red object into the pot",
  "condition": "var_decay",
  "condition_desc": "VAR(p=0.6,rho=0.5) + decay",
  "predicted_action": [
    0.002251629331532626,
    -0.014993314436253413,
    -0.0025796712913057455,
    0.010078626853578077,
    -0.012168297867564626,
    -0.04680885547867014,
    -0.20392156862745098
  ],
  "ground_truth_action": [
    -0.006036115810275078,
    -0.009887522086501122,
    -0.009642031975090504,
    0.006193024106323719,
    0.023466456681489944,
    -0.03267395496368408,
    0.0
  ],
  "action_token_ids": [
    31861,
    31917,
    31909,
    31857,
    31879,
    31900,
    31898
  ],
  "mse_per_dim": [
    6.86867195355572e-05,
    2.606911551878902e-05,
    4.987693842786872e-05,
    1.509790870947061e-05,
    0.0012698357317713655,
    0.00019979541256855317,
    0.041584006151480196
  ],
  "mse_mean": 0.006173338282573114,
  "mse_spatial": 0.000271560304421934,
  "mse_gripper": 0.041584006151480196,
  "mse_per_dim_names": [
    "x",
    "y",
    "z",
    "roll",
    "pitch",
    "yaw",
    "gripper"
  ]
}