{
  "episode_id": 4,
  "step_id": 15,
  "instruction": "",
  "condition": "var_decay",
  "condition_desc": "VAR(p=0.6,rho=0.5) + decay",
  "predicted_action": [
    0.0026989778140011807,
    -0.004633000179248746,
    0.010151767237659755,
    -0.016103736529163387,
    -0.03293410378869844,
    0.032169250134159416,
    0.0235294117647058
  ],
  "ground_truth_action": [
    0.005899797193706036,
    -0.0019890679977834225,
    0.054294437170028687,
    0.031198568642139435,
    -0.030540309846401215,
    0.5624399185180664,
    -0.003477165475487709
  ],
  "action_token_ids": [
    31859,
    31885,
    31860,
    31898,
    31910,
    31851,
    31869
  ],
  "mse_per_dim": [
    1.0245244701494173e-05,
    6.990377380187984e-06,
    0.0019485753087580679,
    0.0022375080745190615,
    5.730249438178888e-06,
    0.28118698174831547,
    0.0007293552142305379
  ],
  "mse_mean": 0.04087505517390615,
  "mse_spatial": 0.047566005167185406,
  "mse_gripper": 0.0007293552142305379,
  "mse_per_dim_names": [
    "x",
    "y",
    "z",
    "roll",
    "pitch",
    "yaw",
    "gripper"
  ]
}