{
  "episode_id": 4,
  "step_id": 17,
  "instruction": "",
  "condition": "var_decay",
  "condition_desc": "VAR(p=0.6,rho=0.5) + decay",
  "predicted_action": [
    0.0015806066078298056,
    -0.014022034974659217,
    0.022363555214422574,
    0.022850511430525133,
    -0.006139515503364487,
    0.014439471323116071,
    0.2666666666666666
  ],
  "ground_truth_action": [
    -0.0004135545459575951,
    -0.0033940328285098076,
    0.038742199540138245,
    0.010603630915284157,
    -0.04873740300536156,
    0.2334422469139099,
    -0.002574315993115306
  ],
  "action_token_ids": [
    31864,
    31914,
    31813,
    31837,
    31870,
    31862,
    31838
  ],
  "mse_per_dim": [
    3.976678707274697e-06,
    0.00011295442961855646,
    0.00026825998994829816,
    0.0001499860823545891,
    0.001814580019632798,
    0.04796221571647161,
    0.07249070674360499
  ],
  "mse_mean": 0.017543239951476875,
  "mse_spatial": 0.00838532881945552,
  "mse_gripper": 0.07249070674360499,
  "mse_per_dim_names": [
    "x",
    "y",
    "z",
    "roll",
    "pitch",
    "yaw",
    "gripper"
  ]
}