{
  "episode_id": 5,
  "step_id": 10,
  "instruction": "take broccoli out of pan",
  "condition": "var_decay",
  "condition_desc": "VAR(p=0.6,rho=0.5) + decay",
  "predicted_action": [
    0.002475303572766905,
    0.005727314077755924,
    -0.0121932065070552,
    -0.0078020115541478086,
    -0.006809380210497831,
    0.004768682880728764,
    0.996078431372549
  ],
  "ground_truth_action": [
    0.0018180431798100471,
    0.0002043356216745451,
    -0.009431569837033749,
    -0.020415639504790306,
    -0.01857747510075569,
    -0.011884105391800404,
    1.0
  ],
  "action_token_ids": [
    31860,
    31853,
    31946,
    31885,
    31871,
    31868,
    31744
  ],
  "mse_per_dim": [
    4.3199122414980316e-07,
    3.050329102633905e-05,
    7.626637097207169e-06,
    0.00015910361007722966,
    0.00013848805734611316,
    0.000277315357249685,
    1.5378700499807656e-05
  ],
  "mse_mean": 8.983537778864735e-05,
  "mse_spatial": 0.00010224482400345398,
  "mse_gripper": 1.5378700499807656e-05,
  "mse_per_dim_names": [
    "x",
    "y",
    "z",
    "roll",
    "pitch",
    "yaw",
    "gripper"
  ]
}