{
  "episode_id": 3,
  "step_id": 38,
  "instruction": "put the rectangle block on top of the red arch and yellow block",
  "condition": "var_decay",
  "condition_desc": "VAR(p=0.6,rho=0.5) + decay",
  "predicted_action": [
    -0.0028928782168556808,
    0.00022339712872219974,
    0.020804603557814553,
    -0.018658113444552808,
    -0.06307801560969914,
    0.011215875175653645,
    0.1333333333333333
  ],
  "ground_truth_action": [
    0.008186635561287403,
    0.00787352118641138,
    0.033614225685596466,
    0.06962081044912338,
    -0.055890731513500214,
    -0.04545938968658447,
    1.0
  ],
  "action_token_ids": [
    31884,
    31870,
    31819,
    31902,
    31955,
    31864,
    31855
  ],
  "mse_per_dim": [
    0.00012275562556006244,
    5.852439809803478e-05,
    0.00016408641905656004,
    0.007793168403825474,
    5.1657052679474014e-05,
    0.0032120856472048426,
    0.7511111111111112
  ],
  "mse_mean": 0.10893048409393366,
  "mse_spatial": 0.0019003795910707416,
  "mse_gripper": 0.7511111111111112,
  "mse_per_dim_names": [
    "x",
    "y",
    "z",
    "roll",
    "pitch",
    "yaw",
    "gripper"
  ]
}