{
  "episode_id": 11,
  "step_id": 5,
  "instruction": "bmbfbbfgjjg",
  "condition": "var_decay",
  "condition_desc": "VAR(p=0.6,rho=0.5) + decay",
  "predicted_action": [
    -0.0008798100457472133,
    0.027095462232828056,
    -0.004658273500116439,
    -0.0033318519522163442,
    -0.04298207439569868,
    0.05151082701893403,
    0.996078431372549
  ],
  "ground_truth_action": [
    -0.013372874818742275,
    0.016559023410081863,
    -0.006383173167705536,
    0.002971862442791462,
    -0.044779811054468155,
    0.08121711760759354,
    1.0
  ],
  "action_token_ids": [
    31875,
    31787,
    31917,
    31878,
    31925,
    31839,
    31744
  ],
  "mse_per_dim": [
    0.00015607666742225017,
    0.00011101654306547317,
    2.9752788632489775e-06,
    3.973681517382863e-05,
    3.2318570942836454e-06,
    0.0008824637005378803,
    1.5378700499807656e-05
  ],
  "mse_mean": 0.00017298279466525322,
  "mse_spatial": 0.00019925014369282748,
  "mse_gripper": 1.5378700499807656e-05,
  "mse_per_dim_names": [
    "x",
    "y",
    "z",
    "roll",
    "pitch",
    "yaw",
    "gripper"
  ]
}