{
  "episode_id": 15,
  "step_id": 32,
  "instruction": "sweep into pile",
  "condition": "var_decay",
  "condition_desc": "VAR(p=0.6,rho=0.5) + decay",
  "predicted_action": [
    0.017014129252994736,
    -0.04154161971982787,
    0.023402856318827926,
    -0.0486720422003784,
    -0.03293410378869844,
    -0.11772797072284365,
    -0.6274509803921569
  ],
  "ground_truth_action": [
    0.011201688088476658,
    -0.05517789348959923,
    0.020064055919647217,
    0.016765549778938293,
    -0.03223935142159462,
    -0.155151829123497,
    0.0
  ],
  "action_token_ids": [
    31795,
    31999,
    31809,
    31949,
    31910,
    31944,
    31952
  ],
  "mse_per_dim": [
    3.378447229098427e-05,
    0.00018594796232415428,
    1.114758810556926e-05,
    0.004282078444051533,
    4.826808515963603e-07,
    0.0014005451775921532,
    0.39369473279507883
  ],
  "mse_mean": 0.05708695987432783,
  "mse_spatial": 0.0009856643875359983,
  "mse_gripper": 0.39369473279507883,
  "mse_per_dim_names": [
    "x",
    "y",
    "z",
    "roll",
    "pitch",
    "yaw",
    "gripper"
  ]
}