{
  "episode_id": 17,
  "step_id": 37,
  "instruction": "",
  "condition": "var_decay",
  "condition_desc": "VAR(p=0.6,rho=0.5) + decay",
  "predicted_action": [
    0.004041023261406821,
    0.029685540797079225,
    0.013529495826977132,
    0.05669600555943484,
    -0.022216268474564857,
    0.12242994226310758,
    0.0
  ],
  "ground_truth_action": [
    0.0010716411052271724,
    -0.013715031556785107,
    0.029892344027757645,
    0.022834882140159607,
    -0.030118295922875404,
    -0.03424007073044777,
    1.0
  ],
  "action_token_ids": [
    31853,
    31779,
    31847,
    31784,
    31894,
    31795,
    31872
  ],
  "mse_per_dim": [
    8.8172303894381e-06,
    0.001883609680643013,
    0.0002677428012417861,
    0.0011465756792153896,
    6.24420377938533e-05,
    0.024545492971400802,
    1.0
  ],
  "mse_mean": 0.1468449543429549,
  "mse_spatial": 0.00465244673344738,
  "mse_gripper": 1.0,
  "mse_per_dim_names": [
    "x",
    "y",
    "z",
    "roll",
    "pitch",
    "yaw",
    "gripper"
  ]
}