{
  "episode_id": 17,
  "step_id": 17,
  "instruction": "",
  "condition": "var_decay",
  "condition_desc": "VAR(p=0.6,rho=0.5) + decay",
  "predicted_action": [
    0.0038173490201725453,
    0.013173789949978032,
    0.0002784067458089616,
    -0.008440605782995159,
    -0.006809380210497831,
    0.12565353841057,
    0.0
  ],
  "ground_truth_action": [
    -0.004617870785295963,
    0.011440915055572987,
    0.019387520849704742,
    -0.040509242564439774,
    0.006906186230480671,
    0.02878878451883793,
    0.0
  ],
  "action_token_ids": [
    31854,
    31830,
    31898,
    31886,
    31871,
    31793,
    31872
  ],
  "mse_per_dim": [
    7.115293316656819e-05,
    3.002855399659297e-06,
    0.00036515824183570866,
    0.0010283974650202225,
    0.0001881167627968957,
    0.009382780546505824,
    0.0
  ],
  "mse_mean": 0.0015769441149606968,
  "mse_spatial": 0.0018397681341208129,
  "mse_gripper": 0.0,
  "mse_per_dim_names": [
    "x",
    "y",
    "z",
    "roll",
    "pitch",
    "yaw",
    "gripper"
  ]
}