{
  "episode_id": 12,
  "step_id": 30,
  "instruction": "",
  "condition": "var_decay",
  "condition_desc": "VAR(p=0.6,rho=0.5) + decay",
  "predicted_action": [
    -0.005576969111666975,
    -0.014669554615722013,
    -0.004138622947913766,
    -0.025044055733026337,
    -0.055039639124098955,
    -0.041973461257476474,
    0.0
  ],
  "ground_truth_action": [
    -0.002143115969374776,
    0.0019638510420918465,
    -0.014223216101527214,
    -0.0010498331394046545,
    0.0030092813540250063,
    0.02921871840953827,
    -0.011215148493647575
  ],
  "action_token_ids": [
    31896,
    31916,
    31915,
    31912,
    31943,
    31897,
    31872
  ],
  "mse_per_dim": [
    1.1791347402830012e-05,
    0.0002766701837773941,
    0.00010169901907390722,
    0.0005757227178722652,
    0.0033696771686755594,
    0.005068326445740508,
    0.00012577955573456548
  ],
  "mse_mean": 0.001361380919753861,
  "mse_spatial": 0.0015673144804237437,
  "mse_gripper": 0.00012577955573456548,
  "mse_per_dim_names": [
    "x",
    "y",
    "z",
    "roll",
    "pitch",
    "yaw",
    "gripper"
  ]
}