{
  "episode_id": 12,
  "step_id": 2,
  "instruction": "",
  "condition": "var_decay",
  "condition_desc": "VAR(p=0.6,rho=0.5) + decay",
  "predicted_action": [
    0.00023856116042415831,
    -0.022763550129006913,
    0.0036561353351263343,
    -0.0058862288676057445,
    -0.010828568453297924,
    -0.027467278593895555,
    -0.1725490196078432
  ],
  "ground_truth_action": [
    -0.026681862771511078,
    0.02538217045366764,
    0.00041588087333366275,
    -0.00016778304416220635,
    -0.0033389031887054443,
    0.06326862424612045,
    0.9921502470970154
  ],
  "action_token_ids": [
    31870,
    31941,
    31885,
    31882,
    31877,
    31888,
    31894
  ],
  "mse_per_dim": [
    0.0007247092246751114,
    0.002318010410424972,
    1.0499248977167316e-05,
    3.270062263565885e-05,
    5.609508577564314e-05,
    0.008233004064192825,
    1.3565243818628352
  ],
  "mse_mean": 0.19541420007421667,
  "mse_spatial": 0.0018958364427802295,
  "mse_gripper": 1.3565243818628352,
  "mse_per_dim_names": [
    "x",
    "y",
    "z",
    "roll",
    "pitch",
    "yaw",
    "gripper"
  ]
}