{
  "episode_id": 15,
  "step_id": 25,
  "instruction": "sweep into pile",
  "condition": "var_decay",
  "condition_desc": "VAR(p=0.6,rho=0.5) + decay",
  "predicted_action": [
    0.003370000537704001,
    0.005079794436693139,
    -0.0025796712913057455,
    -0.012910765384926637,
    -0.024225862595964903,
    0.0353928462816219,
    -0.03921568627450983
  ],
  "ground_truth_action": [
    0.0019538679625838995,
    0.058221589773893356,
    -0.010375468991696835,
    0.056572169065475464,
    0.034717317670583725,
    0.04448608309030533,
    0.0
  ],
  "action_token_ids": [
    31856,
    31855,
    31909,
    31893,
    31897,
    31849,
    31877
  ],
  "mse_per_dim": [
    2.0054314703162896e-06,
    0.002824050411660875,
    6.0774461785422995e-05,
    0.004827878179838875,
    0.0034742984999348477,
    8.268695565879522e-05,
    0.0015378700499807788
  ],
  "mse_mean": 0.001829937712904273,
  "mse_spatial": 0.0018786156567248554,
  "mse_gripper": 0.0015378700499807788,
  "mse_per_dim_names": [
    "x",
    "y",
    "z",
    "roll",
    "pitch",
    "yaw",
    "gripper"
  ]
}