{
  "episode_id": 13,
  "step_id": 4,
  "instruction": "",
  "condition": "var_decay",
  "condition_desc": "VAR(p=0.6,rho=0.5) + decay",
  "predicted_action": [
    -0.01564230996720932,
    0.010907471206258262,
    0.0057347375439370275,
    0.031790830634388076,
    -0.02623545671736495,
    -0.03552626896255165,
    0.0
  ],
  "ground_truth_action": [
    -0.0017410204745829105,
    0.01503333356231451,
    -0.0009065933409146965,
    -0.004644834436476231,
    0.0032012425363063812,
    0.17382416129112244,
    0.054186370223760605
  ],
  "action_token_ids": [
    31941,
    31837,
    31877,
    31823,
    31900,
    31893,
    31872
  ],
  "mse_per_dim": [
    0.0001932458495578054,
    1.7022740181122012e-05,
    4.410727592208538e-05,
    0.0013275576891562013,
    0.0008665192629510942,
    0.043827602647398455,
    0.00293616271802645
  ],
  "mse_mean": 0.007030316883313316,
  "mse_spatial": 0.007712675910861127,
  "mse_gripper": 0.00293616271802645,
  "mse_per_dim_names": [
    "x",
    "y",
    "z",
    "roll",
    "pitch",
    "yaw",
    "gripper"
  ]
}