{
  "episode_id": 12,
  "step_id": 1,
  "instruction": "",
  "condition": "var_decay",
  "condition_desc": "VAR(p=0.6,rho=0.5) + decay",
  "predicted_action": [
    -0.009379431212649638,
    -0.008194358205094093,
    -0.016610236200777926,
    -0.00013888080797956615,
    0.04008114928883662,
    -0.01940828822523946,
    0.996078431372549
  ],
  "ground_truth_action": [
    -0.024406958371400833,
    0.0356193408370018,
    -0.0015305406413972378,
    0.002922962186858058,
    -0.008111132308840752,
    0.13521519303321838,
    1.0
  ],
  "action_token_ids": [
    31913,
    31896,
    31963,
    31873,
    31801,
    31883,
    31744
  ],
  "mse_per_dim": [
    0.00022582657250700476,
    0.0019196402237513547,
    0.00022739721816360565,
    9.374882525036232e-06,
    0.0023224960055898327,
    0.023908420956484665,
    1.5378700499807656e-05
  ],
  "mse_mean": 0.0040897906513601865,
  "mse_spatial": 0.004768859309836917,
  "mse_gripper": 1.5378700499807656e-05,
  "mse_per_dim_names": [
    "x",
    "y",
    "z",
    "roll",
    "pitch",
    "yaw",
    "gripper"
  ]
}