{
  "episode_id": 15,
  "step_id": 64,
  "instruction": "sweep into pile",
  "condition": "var_decay",
  "condition_desc": "VAR(p=0.6,rho=0.5) + decay",
  "predicted_action": [
    0.0026989778140011807,
    -0.00010036269180919988,
    -0.0010207196346977247,
    0.016464569142051605,
    0.0018988609822357116,
    -0.004902105561658515,
    -0.007843137254901933
  ],
  "ground_truth_action": [
    -0.005170290824025869,
    0.030516082420945168,
    -0.0019451138796284795,
    0.0516437329351902,
    0.006051540374755859,
    0.060885991901159286,
    0.0
  ],
  "action_token_ids": [
    31859,
    31871,
    31903,
    31847,
    31858,
    31874,
    31873
  ],
  "mse_per_dim": [
    6.19253888974361e-05,
    0.0009373667113423008,
    8.545047200611002e-07,
    0.0012375735651844735,
    1.72447461370615e-05,
    0.004328073767777214,
    6.151480199923062e-05
  ],
  "mse_mean": 0.0009492219265796825,
  "mse_spatial": 0.001097173114009758,
  "mse_gripper": 6.151480199923062e-05,
  "mse_per_dim_names": [
    "x",
    "y",
    "z",
    "roll",
    "pitch",
    "yaw",
    "gripper"
  ]
}