{
  "episode_id": 19,
  "step_id": 34,
  "instruction": "",
  "condition": "var_decay",
  "condition_desc": "VAR(p=0.6,rho=0.5) + decay",
  "predicted_action": [
    0.004041023261406821,
    -0.004309240358717346,
    0.0026168342307209894,
    -0.015465142300316037,
    -0.014177891988964658,
    0.011215875175653645,
    0.015686274509803866
  ],
  "ground_truth_action": [
    0.00664513697847724,
    0.0008216617279686034,
    0.003124230308458209,
    -0.007460796739906073,
    0.003539849305525422,
    0.0313267856836319,
    0.9916530847549438
  ],
  "action_token_ids": [
    31853,
    31884,
    31889,
    31897,
    31882,
    31864,
    31870
  ],
  "mse_per_dim": [
    6.781408251434312e-06,
    2.6326156223158235e-05,
    2.574507797031147e-07,
    6.406954785045471e-05,
    0.00031391835657847904,
    0.0004044487214599101,
    0.952511214700073
  ],
  "mse_mean": 0.1361895737630309,
  "mse_spatial": 0.00013596694019052326,
  "mse_gripper": 0.952511214700073,
  "mse_per_dim_names": [
    "x",
    "y",
    "z",
    "roll",
    "pitch",
    "yaw",
    "gripper"
  ]
}