{
  "episode_id": 17,
  "step_id": 2,
  "instruction": "",
  "condition": "var_decay",
  "condition_desc": "VAR(p=0.6,rho=0.5) + decay",
  "predicted_action": [
    0.00135693236659553,
    0.007346113180412908,
    -0.0033591471196097525,
    0.005608467251646612,
    -0.007479244917631175,
    0.02088666361804095,
    0.996078431372549
  ],
  "ground_truth_action": [
    0.0040658703073859215,
    -0.02836940437555313,
    0.021235600113868713,
    0.014684210531413555,
    -0.04745470732450485,
    -0.15092304348945618,
    1.0
  ],
  "action_token_ids": [
    31865,
    31848,
    31912,
    31864,
    31872,
    31858,
    31744
  ],
  "mse_per_dim": [
    7.3383447670536875e-06,
    0.0012755981942905183,
    0.0006049015914786967,
    8.236911608023483e-05,
    0.0015980375946433706,
    0.02951857545636395,
    1.5378700499807656e-05
  ],
  "mse_mean": 0.004728885571160519,
  "mse_spatial": 0.005514470049603971,
  "mse_gripper": 1.5378700499807656e-05,
  "mse_per_dim_names": [
    "x",
    "y",
    "z",
    "roll",
    "pitch",
    "yaw",
    "gripper"
  ]
}