{
  "episode_id": 15,
  "step_id": 78,
  "instruction": "sweep into pile",
  "condition": "var_decay",
  "condition_desc": "VAR(p=0.6,rho=0.5) + decay",
  "predicted_action": [
    0.013211667152012076,
    -0.04154161971982787,
    0.002357008954619655,
    -0.03398437493688928,
    -0.010828568453297924,
    -0.11933976879657486,
    -0.5568627450980392
  ],
  "ground_truth_action": [
    9.798935207072645e-05,
    -0.004068301059305668,
    -0.022764040157198906,
    -0.007558290380984545,
    0.05308573320508003,
    -0.009369184263050556,
    0.0
  ],
  "action_token_ids": [
    31812,
    31999,
    31890,
    31926,
    31877,
    31945,
    31943
  ],
  "mse_per_dim": [
    0.0001719685454406746,
    0.0014042496114330418,
    0.0006310671084784001,
    0.0006983379449558267,
    0.004085037956478135,
    0.012093529462645015,
    0.31009611687812383
  ],
  "mse_mean": 0.047025758215364984,
  "mse_spatial": 0.0031806984382385154,
  "mse_gripper": 0.31009611687812383,
  "mse_per_dim_names": [
    "x",
    "y",
    "z",
    "roll",
    "pitch",
    "yaw",
    "gripper"
  ]
}