{
  "episode_id": 19,
  "step_id": 33,
  "instruction": "",
  "condition": "var_decay",
  "condition_desc": "VAR(p=0.6,rho=0.5) + decay",
  "predicted_action": [
    0.002251629331532626,
    -0.020820991205818536,
    0.014828622207483818,
    -0.002693257723368994,
    -0.019536809646031453,
    0.012827673249384858,
    0.1568627450980391
  ],
  "ground_truth_action": [
    0.0008161519654095173,
    0.002782638883218169,
    -0.00356567301787436,
    -0.013881330378353596,
    -0.0031404977198690176,
    -0.1191839724779129,
    0.0005716802552342415
  ],
  "action_token_ids": [
    31861,
    31935,
    31842,
    31877,
    31890,
    31863,
    31852
  ],
  "mse_per_dim": [
    2.060595268651737e-06,
    0.0005571313533800789,
    0.00033835009683763466,
    0.0001251729697332142,
    0.0002688390447800165,
    0.017427074607629572,
    0.024426896949697834
  ],
  "mse_mean": 0.0061636465167609995,
  "mse_spatial": 0.0031197714446048615,
  "mse_gripper": 0.024426896949697834,
  "mse_per_dim_names": [
    "x",
    "y",
    "z",
    "roll",
    "pitch",
    "yaw",
    "gripper"
  ]
}