{
  "episode_id": 19,
  "step_id": 7,
  "instruction": "",
  "condition": "var_decay",
  "condition_desc": "VAR(p=0.6,rho=0.5) + decay",
  "predicted_action": [
    -0.004234923664261325,
    0.0034609953340361613,
    -0.0033591471196097525,
    0.03881536715170897,
    -0.0228861331816982,
    0.20301984594966835,
    -0.02352941176470591
  ],
  "ground_truth_action": [
    0.0038389035034924746,
    -0.0025211141910403967,
    -0.014958339743316174,
    -0.02429463528096676,
    0.01305136363953352,
    0.23759476840496063,
    0.9926531314849854
  ],
  "action_token_ids": [
    31890,
    31860,
    31912,
    31812,
    31895,
    31744,
    31875
  ],
  "mse_per_dim": [
    6.518668513475933e-05,
    3.5785634370011684e-05,
    0.00013454126952184545,
    0.003982872407052336,
    0.00129150367777604,
    0.0011954252627894746,
    1.0326269612054104
  ],
  "mse_mean": 0.14847603944886498,
  "mse_spatial": 0.0011175524894407446,
  "mse_gripper": 1.0326269612054104,
  "mse_per_dim_names": [
    "x",
    "y",
    "z",
    "roll",
    "pitch",
    "yaw",
    "gripper"
  ]
}