{
  "episode_id": 10,
  "step_id": 3,
  "instruction": "end effector reaching pot or pan",
  "condition": "var_decay",
  "condition_desc": "VAR(p=0.6,rho=0.5) + decay",
  "predicted_action": [
    0.0044883717438753655,
    -0.03603770277079415,
    -0.003878797671812425,
    0.023489105659372483,
    0.0025687256893690558,
    0.08213499041982711,
    0.6431372549019607
  ],
  "ground_truth_action": [
    0.0024213220458477736,
    -0.03892567753791809,
    0.005010533146560192,
    -0.017558718100190163,
    0.013664962723851204,
    0.08467116951942444,
    1.0
  ],
  "action_token_ids": [
    31851,
    31982,
    31914,
    31836,
    31857,
    31820,
    31790
  ],
  "mse_per_dim": [
    4.272694454115959e-06,
    8.340398255544589e-06,
    7.902020239846919e-05,
    0.0016849238353961156,
    0.00012312647632541318,
    6.432204425234323e-06,
    0.12735101883890815
  ],
  "mse_mean": 0.01846530495002329,
  "mse_spatial": 0.00031768596854248217,
  "mse_gripper": 0.12735101883890815,
  "mse_per_dim_names": [
    "x",
    "y",
    "z",
    "roll",
    "pitch",
    "yaw",
    "gripper"
  ]
}