{
  "episode_id": 13,
  "step_id": 11,
  "instruction": "",
  "condition": "var_decay",
  "condition_desc": "VAR(p=0.6,rho=0.5) + decay",
  "predicted_action": [
    0.008290833844858039,
    -0.010460676948813866,
    0.002097183678518317,
    -0.04292469414075222,
    -0.021546403767431513,
    -0.050032451626132596,
    0.0
  ],
  "ground_truth_action": [
    -0.003418062813580036,
    0.0013482167851179838,
    -0.009729988873004913,
    -0.008772150613367558,
    0.029067980125546455,
    0.19550032913684845,
    1.0
  ],
  "action_token_ids": [
    31834,
    31903,
    31891,
    31940,
    31893,
    31902,
    31872
  ],
  "mse_per_dim": [
    0.00013709826095798232,
    0.00013944997121929491,
    0.00013988201056350453,
    0.001166396229389904,
    0.0025618158568657475,
    0.060286346429202116,
    1.0
  ],
  "mse_mean": 0.1520615698225998,
  "mse_spatial": 0.010738498126366425,
  "mse_gripper": 1.0,
  "mse_per_dim_names": [
    "x",
    "y",
    "z",
    "roll",
    "pitch",
    "yaw",
    "gripper"
  ]
}