{
  "episode_id": 17,
  "step_id": 3,
  "instruction": "",
  "condition": "var_decay",
  "condition_desc": "VAR(p=0.6,rho=0.5) + decay",
  "predicted_action": [
    0.00135693236659553,
    0.0070223533598815155,
    -0.005697574604521784,
    0.04775568635557191,
    -0.01551762140323136,
    -0.0016785094141960888,
    0.0
  ],
  "ground_truth_action": [
    0.013593175448477268,
    -0.0411699078977108,
    0.011648331768810749,
    0.026598142459988594,
    0.01843036524951458,
    -0.2089730203151703,
    1.0
  ],
  "action_token_ids": [
    31865,
    31849,
    31921,
    31798,
    31884,
    31872,
    31872
  ],
  "mse_per_dim": [
    0.0001497256447588987,
    0.002322494045120033,
    0.0003008804679124182,
    0.0004476416636935349,
    0.0011524657977750165,
    0.04297101424967411,
    1.0
  ],
  "mse_mean": 0.14962060312413342,
  "mse_spatial": 0.007890703644822335,
  "mse_gripper": 1.0,
  "mse_per_dim_names": [
    "x",
    "y",
    "z",
    "roll",
    "pitch",
    "yaw",
    "gripper"
  ]
}