{
  "episode_id": 17,
  "step_id": 32,
  "instruction": "",
  "condition": "var_decay",
  "condition_desc": "VAR(p=0.6,rho=0.5) + decay",
  "predicted_action": [
    0.0044883717438753655,
    -0.020820991205818536,
    0.0366539453999961,
    0.020296134515135733,
    0.009937237467835897,
    0.02894565398669699,
    0.0
  ],
  "ground_truth_action": [
    0.00039922833093442023,
    -0.00014950741024222225,
    -0.0031414637342095375,
    0.0023840765934437513,
    0.0076963468454778194,
    -0.007872804068028927,
    0.0
  ],
  "action_token_ids": [
    31851,
    31935,
    31758,
    31841,
    31846,
    31853,
    31872
  ],
  "mse_per_dim": [
    1.6721093851598322e-05,
    0.0004273102423107741,
    0.0015836745881588174,
    0.00032084181899004845,
    5.02159078137237e-06,
    0.0013555988535276118,
    0.0
  ],
  "mse_mean": 0.0005298811696600317,
  "mse_spatial": 0.0006181946979367037,
  "mse_gripper": 0.0,
  "mse_per_dim_names": [
    "x",
    "y",
    "z",
    "roll",
    "pitch",
    "yaw",
    "gripper"
  ]
}