{
  "episode_id": 12,
  "step_id": 32,
  "instruction": "",
  "condition": "var_decay",
  "condition_desc": "VAR(p=0.6,rho=0.5) + decay",
  "predicted_action": [
    0.003370000537704001,
    -0.021144751026349932,
    0.02002512772951055,
    0.003054090336257184,
    -0.032264239081565095,
    -0.06453863428971351,
    0.0
  ],
  "ground_truth_action": [
    0.0028582876548171043,
    -0.0017039095982909203,
    -0.0017667628126218915,
    0.0018875360256060958,
    0.007100486662238836,
    0.021084796637296677,
    -0.002127415966242552
  ],
  "action_token_ids": [
    31856,
    31936,
    31822,
    31868,
    31909,
    31911,
    31872
  ],
  "mse_per_dim": [
    2.6185007451241865e-07,
    0.0003779463154309356,
    0.00047488649340028135,
    1.360848959698636e-06,
    0.0015495816328849,
    0.0073313719237124856,
    4.52589869342373e-06
  ],
  "mse_mean": 0.001391419280450891,
  "mse_spatial": 0.001622568177410469,
  "mse_gripper": 4.52589869342373e-06,
  "mse_per_dim_names": [
    "x",
    "y",
    "z",
    "roll",
    "pitch",
    "yaw",
    "gripper"
  ]
}