{
  "episode_id": 16,
  "step_id": 12,
  "instruction": "move the pan to the left side of the stove",
  "condition": "var_decay",
  "condition_desc": "VAR(p=0.6,rho=0.5) + decay",
  "predicted_action": [
    0.0015806066078298056,
    0.030333060438142025,
    0.04003167398931348,
    0.04583990366902986,
    -0.08518355094509966,
    0.030557452060428203,
    0.0
  ],
  "ground_truth_action": [
    0.018860574811697006,
    0.0482177808880806,
    0.030964436009526253,
    -0.007869879715144634,
    -0.03535355627536774,
    0.052484627813100815,
    0.0
  ],
  "action_token_ids": [
    31864,
    31777,
    31744,
    31801,
    31988,
    31852,
    31872
  ],
  "mse_per_dim": [
    0.0002985973011266614,
    0.00031986322557245095,
    8.2214804582096e-05,
    0.002884740831174947,
    0.002483028368785512,
    0.0004808010364885937,
    0.0
  ],
  "mse_mean": 0.0009356065096757516,
  "mse_spatial": 0.0010915409279550435,
  "mse_gripper": 0.0,
  "mse_per_dim_names": [
    "x",
    "y",
    "z",
    "roll",
    "pitch",
    "yaw",
    "gripper"
  ]
}