{
  "episode_id": 19,
  "step_id": 44,
  "instruction": "",
  "condition": "var_decay",
  "condition_desc": "VAR(p=0.6,rho=0.5) + decay",
  "predicted_action": [
    0.008514508086092307,
    -0.010784436769345263,
    0.009372291409355745,
    0.023489105659372483,
    -0.010828568453297924,
    -0.038749865110014076,
    -0.0862745098039216
  ],
  "ground_truth_action": [
    0.002804610412567854,
    -0.005390495527535677,
    -0.006583506241440773,
    0.0060293241403996944,
    0.015238912776112556,
    0.12953145802021027,
    0.998428225517273
  ],
  "action_token_ids": [
    31833,
    31904,
    31863,
    31836,
    31877,
    31895,
    31883
  ],
  "mse_per_dim": [
    3.2602931442119964e-05,
    2.9094602120094333e-05,
    0.0002545874786731637,
    0.00030484397069026375,
    0.0006795135776456677,
    0.02831860371445898,
    1.1765800240132818
  ],
  "mse_mean": 0.17231418146975885,
  "mse_spatial": 0.004936541045838382,
  "mse_gripper": 1.1765800240132818,
  "mse_per_dim_names": [
    "x",
    "y",
    "z",
    "roll",
    "pitch",
    "yaw",
    "gripper"
  ]
}