{
  "episode_id": 11,
  "step_id": 6,
  "instruction": "bmbfbbfgjjg",
  "condition": "var_decay",
  "condition_desc": "VAR(p=0.6,rho=0.5) + decay",
  "predicted_action": [
    0.0018042808490640778,
    -0.0078705983845627,
    0.008592815581051735,
    -0.002693257723368994,
    0.00591804922503579,
    -0.006513903635389756,
    0.015686274509803866
  ],
  "ground_truth_action": [
    -0.005899892654269934,
    0.015456593595445156,
    -0.009250625036656857,
    -0.004365366883575916,
    -0.04112926125526428,
    0.0590774342417717,
    1.0
  ],
  "action_token_ids": [
    31863,
    31895,
    31866,
    31877,
    31852,
    31875,
    31870
  ],
  "mse_per_dim": [
    5.935428936947386e-05,
    0.0005441578856721429,
    0.0003183883730776928,
    2.7959490436478984e-06,
    0.002213449423429753,
    0.004302223604515955,
    0.9688735101883892
  ],
  "mse_mean": 0.13947341138764255,
  "mse_spatial": 0.001240061587518111,
  "mse_gripper": 0.9688735101883892,
  "mse_per_dim_names": [
    "x",
    "y",
    "z",
    "roll",
    "pitch",
    "yaw",
    "gripper"
  ]
}