{
  "episode_id": 13,
  "step_id": 29,
  "instruction": "",
  "condition": "var_decay",
  "condition_desc": "VAR(p=0.6,rho=0.5) + decay",
  "predicted_action": [
    0.0015806066078298056,
    0.03518945774611296,
    -0.016610236200777926,
    -0.004609040409911044,
    0.01864547866056944,
    0.014439471323116071,
    0.996078431372549
  ],
  "ground_truth_action": [
    -0.0005698640597984195,
    0.0041513750329613686,
    -0.03074318915605545,
    -0.010379099287092686,
    -0.008766374550759792,
    -0.06409566104412079,
    5.986315954942256e-05
  ],
  "action_token_ids": [
    31864,
    31762,
    31963,
    31880,
    31833,
    31862,
    31744
  ],
  "mse_per_dim": [
    4.624524092329384e-06,
    0.0009633625785084399,
    0.00019974035923608772,
    3.329357944614267e-05,
    0.0007514096964794607,
    0.006167767015939415,
    0.9920529882250737
  ],
  "mse_mean": 0.14288188371125368,
  "mse_spatial": 0.0013533662922836458,
  "mse_gripper": 0.9920529882250737,
  "mse_per_dim_names": [
    "x",
    "y",
    "z",
    "roll",
    "pitch",
    "yaw",
    "gripper"
  ]
}