{
  "episode_id": 25,
  "step_id": 17,
  "instruction": "",
  "condition": "var_decay",
  "condition_desc": "VAR(p=0.6,rho=0.5) + decay",
  "predicted_action": [
    -0.0008798100457472133,
    -0.002690441256060362,
    0.008332990304950393,
    -0.011633576927231923,
    -0.020876539060298155,
    -0.004902105561658515,
    -0.1333333333333333
  ],
  "ground_truth_action": [
    -0.003974699415266514,
    0.0007797846919856966,
    0.04888300970196724,
    0.00841607991605997,
    0.009914213791489601,
    0.07226165384054184,
    -0.014885619282722473
  ],
  "action_token_ids": [
    31875,
    31879,
    31867,
    31891,
    31892,
    31874,
    31889
  ],
  "mse_per_dim": [
    9.578340209563573e-06,
    1.2042468130492167e-05,
    0.001644304073098442,
    0.0004019887395337615,
    0.0009480704611798758,
    0.005954245765080663,
    0.01402986096381527
  ],
  "mse_mean": 0.003285727258721153,
  "mse_spatial": 0.001495038307872133,
  "mse_gripper": 0.01402986096381527,
  "mse_per_dim_names": [
    "x",
    "y",
    "z",
    "roll",
    "pitch",
    "yaw",
    "gripper"
  ]
}