{
  "episode_id": 27,
  "step_id": 37,
  "instruction": "sweep into pile",
  "condition": "var_decay",
  "condition_desc": "VAR(p=0.6,rho=0.5) + decay",
  "predicted_action": [
    -0.0011034842869814855,
    -0.014022034974659217,
    -0.0020600207391030696,
    0.006885655709341312,
    -0.002790191967697725,
    -0.050032451626132596,
    -0.12549019607843137
  ],
  "ground_truth_action": [
    -0.0025428852532058954,
    -0.026505379006266594,
    0.0019764909520745277,
    0.010265637189149857,
    -0.007447388488799334,
    -0.0843549594283104,
    0.0
  ],
  "action_token_ids": [
    31876,
    31914,
    31907,
    31862,
    31865,
    31902,
    31888
  ],
  "mse_per_dim": [
    2.071875141567765e-06,
    0.00015583387821146752,
    1.6293426633013427e-05,
    1.1424274803848757e-05,
    2.1689479436160926e-05,
    0.0011780345418305558,
    0.01574778931180315
  ],
  "mse_mean": 0.002447590969694252,
  "mse_spatial": 0.0002308912460094357,
  "mse_gripper": 0.01574778931180315,
  "mse_per_dim_names": [
    "x",
    "y",
    "z",
    "roll",
    "pitch",
    "yaw",
    "gripper"
  ]
}