{
  "episode_id": 20,
  "step_id": 32,
  "instruction": "",
  "condition": "var_decay",
  "condition_desc": "VAR(p=0.6,rho=0.5) + decay",
  "predicted_action": [
    -0.0017745070106843092,
    -0.00010036269180919988,
    0.000798057298011634,
    0.01391019222666219,
    0.0126166962963693,
    -0.004902105561658515,
    0.0
  ],
  "ground_truth_action": [
    -0.0023865459952503443,
    0.0024200642947107553,
    0.010055502876639366,
    -0.055504363030195236,
    -0.03168420493602753,
    0.008025877177715302,
    1.0
  ],
  "action_token_ids": [
    31879,
    31871,
    31896,
    31851,
    31842,
    31874,
    31872
  ],
  "mse_per_dim": [
    3.745917186286234e-07,
    6.352552194378063e-06,
    8.570029864125415e-05,
    0.004818380481507313,
    0.0019625698500025787,
    0.00016713273770954732,
    1.0
  ],
  "mse_mean": 0.14386293007311052,
  "mse_spatial": 0.00117341841862895,
  "mse_gripper": 1.0,
  "mse_per_dim_names": [
    "x",
    "y",
    "z",
    "roll",
    "pitch",
    "yaw",
    "gripper"
  ]
}