{
  "episode_id": 25,
  "step_id": 16,
  "instruction": "",
  "condition": "var_decay",
  "condition_desc": "VAR(p=0.6,rho=0.5) + decay",
  "predicted_action": [
    -0.0008798100457472133,
    0.004432274795630346,
    0.0002784067458089616,
    -0.002693257723368994,
    0.0032385903965024138,
    0.011215875175653645,
    0.0
  ],
  "ground_truth_action": [
    0.006734955590218306,
    -0.01217942126095295,
    0.04302368685603142,
    0.0009066808270290494,
    0.002969712018966675,
    0.143432155251503,
    0.004508305806666613
  ],
  "action_token_ids": [
    31875,
    31857,
    31898,
    31877,
    31856,
    31864,
    31872
  ],
  "mse_per_dim": [
    5.7984655690681356e-05,
    0.00027594844587630504,
    0.0018271589717013792,
    1.2959557566641968e-05,
    7.229558190625137e-08,
    0.017481144717095436,
    2.0324821246423897e-05
  ],
  "mse_mean": 0.002810799066394111,
  "mse_spatial": 0.0032758781072520587,
  "mse_gripper": 2.0324821246423897e-05,
  "mse_per_dim_names": [
    "x",
    "y",
    "z",
    "roll",
    "pitch",
    "yaw",
    "gripper"
  ]
}