{
  "episode_id": 21,
  "step_id": 9,
  "instruction": "moved the green object and put it on the table",
  "condition": "var_decay",
  "condition_desc": "VAR(p=0.6,rho=0.5) + decay",
  "predicted_action": [
    -0.0013271585282157647,
    -0.005280519820311531,
    0.0002784067458089616,
    -0.03717734608112604,
    -0.014847756696098016,
    0.016051269396847284,
    -0.03921568627450983
  ],
  "ground_truth_action": [
    -0.0014816524926573038,
    -0.008493678644299507,
    -0.0001352019316982478,
    -0.018917664885520935,
    -0.006017821840941906,
    -0.027706533670425415,
    0.0
  ],
  "action_token_ids": [
    31877,
    31887,
    31898,
    31931,
    31883,
    31861,
    31877
  ],
  "mse_per_dim": [
    2.3868385048863553e-08,
    1.032438962817179e-05,
    1.7107213810926273e-07,
    0.0003334159573651348,
    7.796774954630075e-05,
    0.0019147453292742201,
    0.0015378700499807788
  ],
  "mse_mean": 0.0005535026309025378,
  "mse_spatial": 0.0003894413943894976,
  "mse_gripper": 0.0015378700499807788,
  "mse_per_dim_names": [
    "x",
    "y",
    "z",
    "roll",
    "pitch",
    "yaw",
    "gripper"
  ]
}