{
  "episode_id": 29,
  "step_id": 28,
  "instruction": "",
  "condition": "var_decay",
  "condition_desc": "VAR(p=0.6,rho=0.5) + decay",
  "predicted_action": [
    0.004041023261406821,
    -0.014022034974659217,
    0.0002784067458089616,
    -0.0007774750368269162,
    0.02869344926756967,
    0.10631196152579539,
    0.27450980392156854
  ],
  "ground_truth_action": [
    -0.007493667770177126,
    -0.04385548084974289,
    -0.007017306983470917,
    -0.010371795855462551,
    0.018852921202778816,
    -0.08376827836036682,
    1.0
  ],
  "action_token_ids": [
    31853,
    31914,
    31898,
    31874,
    31818,
    31805,
    31837
  ],
  "mse_per_dim": [
    0.00013304909719410313,
    0.000890034492781547,
    5.322743881960291e-05,
    9.205099197090516e-05,
    9.683599259393644e-05,
    0.03613049759518097,
    0.5263360246059209
  ],
  "mse_mean": 0.08053310288778028,
  "mse_spatial": 0.006232615934756844,
  "mse_gripper": 0.5263360246059209,
  "mse_per_dim_names": [
    "x",
    "y",
    "z",
    "roll",
    "pitch",
    "yaw",
    "gripper"
  ]
}