{
  "episode_id": 29,
  "step_id": 20,
  "instruction": "",
  "condition": "var_decay",
  "condition_desc": "VAR(p=0.6,rho=0.5) + decay",
  "predicted_action": [
    0.0038173490201725453,
    0.02871426133548504,
    0.021064428833915894,
    0.0816011804844816,
    -0.034943697910098485,
    0.18367826906489373,
    0.25098039215686274
  ],
  "ground_truth_action": [
    0.0022280896082520485,
    -0.0019035808509215713,
    -0.007278339471668005,
    -0.0022379669826477766,
    0.013471676968038082,
    -0.000522156129591167,
    0.0
  ],
  "action_token_ids": [
    31854,
    31782,
    31818,
    31744,
    31913,
    31757,
    31840
  ],
  "mse_per_dim": [
    2.5257454783778832e-06,
    0.0009374522601517004,
    0.0008033125152240112,
    0.007029002648015066,
    0.0023440485245904974,
    0.033929796641829026,
    0.0629911572472126
  ],
  "mse_mean": 0.015433899368928753,
  "mse_spatial": 0.007507689722548113,
  "mse_gripper": 0.0629911572472126,
  "mse_per_dim_names": [
    "x",
    "y",
    "z",
    "roll",
    "pitch",
    "yaw",
    "gripper"
  ]
}