{
  "episode_id": 22,
  "step_id": 17,
  "instruction": "",
  "condition": "var_decay",
  "condition_desc": "VAR(p=0.6,rho=0.5) + decay",
  "predicted_action": [
    0.005159394467578193,
    -0.0010716421534033849,
    -0.005697574604521784,
    0.016464569142051605,
    -0.006139515503364487,
    0.0353928462816219,
    0.0235294117647058
  ],
  "ground_truth_action": [
    0.0005682448972947896,
    0.0008698595338501036,
    0.0006259144865907729,
    -0.0017014179611578584,
    -0.016087302938103676,
    0.0028856301214545965,
    0.0
  ],
  "action_token_ids": [
    31848,
    31874,
    31921,
    31847,
    31870,
    31849,
    31869
  ],
  "mse_per_dim": [
    2.1078654376713478e-05,
    3.7694288016081426e-06,
    3.998651428541951e-05,
    0.00033000308743397254,
    9.895847484675489e-05,
    0.0010567191024838422,
    0.0005536332179930756
  ],
  "mse_mean": 0.0003005926400316266,
  "mse_spatial": 0.00025841921037138515,
  "mse_gripper": 0.0005536332179930756,
  "mse_per_dim_names": [
    "x",
    "y",
    "z",
    "roll",
    "pitch",
    "yaw",
    "gripper"
  ]
}