{
  "episode_id": 26,
  "step_id": 4,
  "instruction": "take out the object from the silver pot and put it on the orange cloth",
  "condition": "var_decay",
  "condition_desc": "VAR(p=0.6,rho=0.5) + decay",
  "predicted_action": [
    0.011869621704606429,
    0.032599379181861794,
    0.010151767237659755,
    0.017741757599746305,
    -0.019536809646031453,
    0.04184003857654672,
    0.996078431372549
  ],
  "ground_truth_action": [
    0.0065503534860908985,
    0.031821511685848236,
    0.003774794051423669,
    0.016606202349066734,
    -0.013276048004627228,
    0.04835493490099907,
    1.0
  ],
  "action_token_ids": [
    31818,
    31770,
    31860,
    31845,
    31890,
    31845,
    31744
  ],
  "mse_per_dim": [
    2.8294614380509385e-05,
    6.050778413544029e-07,
    4.066578701797403e-05,
    1.2894857273459428e-06,
    3.919713633047853e-05,
    4.244387411836269e-05,
    1.5378700499807656e-05
  ],
  "mse_mean": 2.398209655940466e-05,
  "mse_spatial": 2.5415995902670826e-05,
  "mse_gripper": 1.5378700499807656e-05,
  "mse_per_dim_names": [
    "x",
    "y",
    "z",
    "roll",
    "pitch",
    "yaw",
    "gripper"
  ]
}