{
  "episode_id": 29,
  "step_id": 4,
  "instruction": "",
  "condition": "var_decay",
  "condition_desc": "VAR(p=0.6,rho=0.5) + decay",
  "predicted_action": [
    -0.004682272146729876,
    0.034218178284518765,
    -0.012712857059257874,
    -0.002693257723368994,
    0.04878939048157012,
    0.09664117308340811,
    0.07058823529411762
  ],
  "ground_truth_action": [
    0.005060914903879166,
    0.012101306580007076,
    -0.011635692790150642,
    0.017700979486107826,
    0.008238417096436024,
    -0.0011419540969654918,
    1.0
  ],
  "action_token_ids": [
    31892,
    31765,
    31948,
    31877,
    31788,
    31811,
    31863
  ],
  "mse_per_dim": [
    9.492969390315572e-05,
    0.0004891560139938298,
    1.1602828626413164e-06,
    0.0004159249113564089,
    0.0016443814424818538,
    0.00956153996117312,
    0.8638062283737025
  ],
  "mse_mean": 0.12514476009706763,
  "mse_spatial": 0.002034515384295168,
  "mse_gripper": 0.8638062283737025,
  "mse_per_dim_names": [
    "x",
    "y",
    "z",
    "roll",
    "pitch",
    "yaw",
    "gripper"
  ]
}