{
  "episode_id": 28,
  "step_id": 8,
  "instruction": "Move the bowl closer to the bottom right of the table.",
  "condition": "var_decay",
  "condition_desc": "VAR(p=0.6,rho=0.5) + decay",
  "predicted_action": [
    0.003146326296469725,
    0.001842196231379177,
    -0.025963946140426047,
    -0.0078020115541478086,
    0.07759357288830414,
    0.01927486554430974,
    0.0
  ],
  "ground_truth_action": [
    -0.0014905219431966543,
    0.0019660289399325848,
    -0.020097773522138596,
    -0.021838758140802383,
    0.03646109625697136,
    0.006290040444582701,
    0.34969499707221985
  ],
  "action_token_ids": [
    31857,
    31865,
    31999,
    31885,
    31744,
    31859,
    31872
  ],
  "mse_per_dim": [
    2.1500361597697203e-05,
    1.5334539707673217e-08,
    3.441198118754546e-05,
    0.00019703025473795887,
    0.0016918806338271372,
    0.00016860568287050128,
    0.12228659097733985
  ],
  "mse_mean": 0.01777143360372863,
  "mse_spatial": 0.00035224070812675794,
  "mse_gripper": 0.12228659097733985,
  "mse_per_dim_names": [
    "x",
    "y",
    "z",
    "roll",
    "pitch",
    "yaw",
    "gripper"
  ]
}