{
  "episode_id": 23,
  "step_id": 29,
  "instruction": "",
  "condition": "var_decay",
  "condition_desc": "VAR(p=0.6,rho=0.5) + decay",
  "predicted_action": [
    -0.0013271585282157647,
    -0.025029868872726683,
    -0.004918098776217777,
    0.019657540286288383,
    -0.004799786089097785,
    0.02894565398669699,
    -0.2196078431372549
  ],
  "ground_truth_action": [
    -0.0003488368820399046,
    0.0013586812419816852,
    -0.009844834916293621,
    0.028671273961663246,
    -0.0034065397921949625,
    0.12896589934825897,
    0.00235722865909338
  ],
  "action_token_ids": [
    31877,
    31948,
    31918,
    31842,
    31868,
    31853,
    31900
  ],
  "mse_per_dim": [
    9.571132433762448e-07,
    0.000696355577156475,
    2.4272728993929428e-05,
    8.124739477058684e-05,
    1.941135243833428e-06,
    0.010004049482187062,
    0.04926849309755805
  ],
  "mse_mean": 0.008582473789879044,
  "mse_spatial": 0.001801470571932544,
  "mse_gripper": 0.04926849309755805,
  "mse_per_dim_names": [
    "x",
    "y",
    "z",
    "roll",
    "pitch",
    "yaw",
    "gripper"
  ]
}