{
  "episode_id": 29,
  "step_id": 8,
  "instruction": "",
  "condition": "var_decay",
  "condition_desc": "VAR(p=0.6,rho=0.5) + decay",
  "predicted_action": [
    0.02819784131470845,
    0.01835394707848037,
    -0.003099321843508418,
    0.020934728743983083,
    -0.03963275086003193,
    0.0982529711571393,
    0.996078431372549
  ],
  "ground_truth_action": [
    0.005011464469134808,
    0.00093683140585199,
    -0.008527369238436222,
    -0.022059999406337738,
    0.007915090769529343,
    -0.00032148731406778097,
    1.0
  ],
  "action_token_ids": [
    31744,
    31814,
    31911,
    31840,
    31920,
    31810,
    31744
  ],
  "mse_per_dim": [
    0.0005376080712249536,
    0.0003033559183537172,
    2.946369852158252e-05,
    0.0018485466487199896,
    0.00226079724362984,
    0.009716923862891729,
    1.5378700499807656e-05
  ],
  "mse_mean": 0.00210172487769166,
  "mse_spatial": 0.0024494492405569687,
  "mse_gripper": 1.5378700499807656e-05,
  "mse_per_dim_names": [
    "x",
    "y",
    "z",
    "roll",
    "pitch",
    "yaw",
    "gripper"
  ]
}