{
  "episode_id": 29,
  "step_id": 17,
  "instruction": "",
  "condition": "var_decay",
  "condition_desc": "VAR(p=0.6,rho=0.5) + decay",
  "predicted_action": [
    0.014777386840651986,
    0.004432274795630346,
    0.011450893618166435,
    0.018380351828593683,
    -0.026905321424498307,
    0.017663067470578525,
    0.996078431372549
  ],
  "ground_truth_action": [
    0.018028168007731438,
    -0.0008779611089266837,
    -0.019756240770220757,
    -0.028650879859924316,
    0.029352976009249687,
    -0.012508555315434933,
    0.0
  ],
  "action_token_ids": [
    31805,
    31857,
    31855,
    31844,
    31901,
    31860,
    31744
  ],
  "mse_per_dim": [
    1.0567578196238445e-05,
    2.8198605362046617e-05,
    0.0009738852367348584,
    0.0022119367541390596,
    0.0031649960301440563,
    0.0009103268215414865,
    0.9921722414455979
  ],
  "mse_mean": 0.14278173606738795,
  "mse_spatial": 0.0012166518376862908,
  "mse_gripper": 0.9921722414455979,
  "mse_per_dim_names": [
    "x",
    "y",
    "z",
    "roll",
    "pitch",
    "yaw",
    "gripper"
  ]
}