{
  "episode_id": 26,
  "step_id": 19,
  "instruction": "take out the object from the silver pot and put it on the orange cloth",
  "condition": "var_decay",
  "condition_desc": "VAR(p=0.6,rho=0.5) + decay",
  "predicted_action": [
    0.0011332581253612577,
    -0.031181305462823206,
    0.002097183678518317,
    -0.009717794240689859,
    0.009267372760702552,
    -0.027467278593895555,
    -0.18823529411764706
  ],
  "ground_truth_action": [
    0.000633970252238214,
    -0.03194814920425415,
    -0.015856342390179634,
    -0.05239177867770195,
    0.03935083746910095,
    -0.03241425007581711,
    0.0
  ],
  "action_token_ids": [
    31866,
    31967,
    31891,
    31888,
    31847,
    31888,
    31896
  ],
  "mse_per_dim": [
    2.4928838024773255e-07,
    5.880493237718087e-07,
    0.0003223290982994169,
    0.0018210689477303503,
    0.000905014848861452,
    2.4472526842945123e-05,
    0.03543252595155709
  ],
  "mse_mean": 0.005500892672999324,
  "mse_spatial": 0.0005122871265730305,
  "mse_gripper": 0.03543252595155709,
  "mse_per_dim_names": [
    "x",
    "y",
    "z",
    "roll",
    "pitch",
    "yaw",
    "gripper"
  ]
}