{
  "episode_id": 4,
  "step_id": 39,
  "instruction": "",
  "condition": "var_object",
  "condition_desc": "VAR(p=0.6,rho=0.5) + obj_redirect",
  "predicted_action": [
    -0.00378757518179278,
    0.006698593539350123,
    -0.0015403701869003972,
    0.04520130944018251,
    0.017975613953436095,
    -0.011349297856583396,
    0.996078431372549
  ],
  "ground_truth_action": [
    0.007865957915782928,
    -0.0076386090368032455,
    0.003375195199623704,
    -0.005051135551184416,
    0.006731885951012373,
    -0.009957309812307358,
    1.0
  ],
  "action_token_ids": [
    31888,
    31850,
    31905,
    31802,
    31834,
    31878,
    31744
  ],
  "mse_per_dim": [
    0.0001358048336562925,
    0.00020555537770965878,
    2.4162783069193835e-05,
    0.002525308227610359,
    0.00012642141939248736,
    1.937630715407429e-06,
    1.5378700499807656e-05
  ],
  "mse_mean": 0.0004335098532361723,
  "mse_spatial": 0.0005031983786922331,
  "mse_gripper": 1.5378700499807656e-05,
  "mse_per_dim_names": [
    "x",
    "y",
    "z",
    "roll",
    "pitch",
    "yaw",
    "gripper"
  ],
  "grounding": {
    "nouns": [],
    "num_boxes": 0,
    "num_patches": 0,
    "patch_coverage": 0.0
  }
}