{
  "episode_id": 4,
  "step_id": 0,
  "instruction": "",
  "condition": "var_object",
  "condition_desc": "VAR(p=0.6,rho=0.5) + obj_redirect",
  "predicted_action": [
    -0.0026692039756214085,
    -0.002042921614997577,
    -0.014531633991967233,
    -0.014826548071468687,
    0.039411284581703274,
    -0.003290307487927302,
    0.09411764705882353
  ],
  "ground_truth_action": [
    -0.012017562985420227,
    -0.0022746052127331495,
    -0.0302061066031456,
    0.007452413439750671,
    -0.029963158071041107,
    -0.4970557689666748,
    0.9997679591178894
  ],
  "action_token_ids": [
    31883,
    31877,
    31955,
    31896,
    31802,
    31873,
    31860
  ],
  "mse_per_dim": [
    8.739181617608675e-05,
    5.3677289459698685e-08,
    0.0002456890916385808,
    0.0004963521260183936,
    0.004812813293378919,
    0.2438043309493205,
    0.8202024877326834
  ],
  "mse_mean": 0.15280701695521506,
  "mse_spatial": 0.041574438492303654,
  "mse_gripper": 0.8202024877326834,
  "mse_per_dim_names": [
    "x",
    "y",
    "z",
    "roll",
    "pitch",
    "yaw",
    "gripper"
  ],
  "grounding": {
    "nouns": [],
    "num_boxes": 0,
    "num_patches": 0,
    "patch_coverage": 0.0
  }
}