{
  "episode_id": 2,
  "step_id": 2,
  "instruction": "put the red object into the pot",
  "condition": "var_object",
  "condition_desc": "VAR(p=0.6,rho=0.5) + obj_redirect",
  "predicted_action": [
    0.010303902015966506,
    -0.00010036269180919988,
    -0.023105868103311344,
    -0.05761236140424134,
    0.019315343367702784,
    0.0063804809544599494,
    0.996078431372549
  ],
  "ground_truth_action": [
    0.027035042643547058,
    -0.004495319444686174,
    -0.0178152397274971,
    0.032021187245845795,
    0.00339176831766963,
    0.03747934475541115,
    1.0
  ],
  "action_token_ids": [
    31825,
    31871,
    31988,
    31963,
    31832,
    31867,
    31744
  ],
  "mse_per_dim": [
    0.00027993106669987655,
    1.931564485965892e-05,
    2.7990748610970853e-05,
    0.008034173043607536,
    0.0002535602423740383,
    0.0009671393297101128,
    1.5378700499807656e-05
  ],
  "mse_mean": 0.0013710698251945717,
  "mse_spatial": 0.0015970183459770324,
  "mse_gripper": 1.5378700499807656e-05,
  "mse_per_dim_names": [
    "x",
    "y",
    "z",
    "roll",
    "pitch",
    "yaw",
    "gripper"
  ],
  "grounding": {
    "nouns": [
      "object",
      "pot"
    ],
    "num_boxes": 3,
    "num_patches": 65,
    "patch_coverage": 0.25390625
  }
}