{
  "episode_id": 4,
  "step_id": 29,
  "instruction": "",
  "condition": "var_object",
  "condition_desc": "VAR(p=0.6,rho=0.5) + obj_redirect",
  "predicted_action": [
    0.004712045985109648,
    0.008317392642007093,
    0.015348272759686487,
    0.010717221082425427,
    0.013286561003502645,
    -0.011349297856583396,
    -0.04705882352941182
  ],
  "ground_truth_action": [
    0.00431818887591362,
    -0.0038276512641459703,
    -0.00994422659277916,
    -0.015657920390367508,
    0.005807843524962664,
    -0.1271352767944336,
    0.003918109927326441
  ],
  "action_token_ids": [
    31850,
    31845,
    31840,
    31856,
    31841,
    31878,
    31878
  ],
  "mse_per_dim": [
    1.5512342246425204e-07,
    0.00014750209148238567,
    0.0006397105234944751,
    0.0006956480877098419,
    5.593121512381942e-05,
    0.013406392918596289,
    0.0025986477446527205
  ],
  "mse_mean": 0.0025062839577831425,
  "mse_spatial": 0.0024908899933048794,
  "mse_gripper": 0.0025986477446527205,
  "mse_per_dim_names": [
    "x",
    "y",
    "z",
    "roll",
    "pitch",
    "yaw",
    "gripper"
  ],
  "grounding": {
    "nouns": [],
    "num_boxes": 0,
    "num_patches": 0,
    "patch_coverage": 0.0
  }
}