{
  "episode_id": 5,
  "step_id": 21,
  "instruction": "take broccoli out of pan",
  "condition": "full_wr",
  "condition_desc": "wr(\u03bb=1.1) + gripex + L[12, 14, 16, 18, 20] + resid(\u03b1=1.5)",
  "predicted_action": [
    0.002475303572766905,
    0.005727314077755924,
    -0.00024124380639371432,
    0.001138307649715134,
    -0.00011073313916434846,
    0.003156884806997551,
    -0.04705882352941182
  ],
  "ground_truth_action": [
    -0.005879540462046862,
    0.0014935544459149241,
    -0.022402869537472725,
    -0.0296296589076519,
    -0.0024550016969442368,
    0.004829951096326113,
    0.0
  ],
  "action_token_ids": [
    31860,
    31853,
    31900,
    31871,
    31861,
    31869,
    31878
  ],
  "mse_per_dim": [
    6.980341884606317e-05,
    1.7924720620206438e-05,
    0.0004911376550444233,
    0.0009466677660752563,
    5.495595070995397e-06,
    2.7991508084876433e-06,
    0.0022145328719723233
  ],
  "mse_mean": 0.0005354801683482508,
  "mse_spatial": 0.000255638051077572,
  "mse_gripper": 0.0022145328719723233,
  "mse_per_dim_names": [
    "x",
    "y",
    "z",
    "roll",
    "pitch",
    "yaw",
    "gripper"
  ],
  "grounding": {
    "nouns": [
      "broccoli",
      "pan"
    ],
    "num_boxes": 3,
    "num_patches": 37,
    "patch_coverage": 0.14453125
  }
}