{
  "episode_id": 8,
  "step_id": 9,
  "instruction": "open the drawer",
  "condition": "full_wr",
  "condition_desc": "wr(\u03bb=1.1) + gripex + L[12, 14, 16, 18, 20] + resid(\u03b1=1.5)",
  "predicted_action": [
    0.002251629331532626,
    0.0021659560519105767,
    -0.004658273500116439,
    0.006247061480493962,
    0.00792764334643585,
    0.004768682880728764,
    0.0
  ],
  "ground_truth_action": [
    -0.001466285320930183,
    -0.001000152318738401,
    -0.00460427301004529,
    0.0016315433895215392,
    0.003056269371882081,
    0.0003372659848537296,
    0.0
  ],
  "action_token_ids": [
    31861,
    31864,
    31917,
    31863,
    31849,
    31868,
    31872
  ],
  "mse_per_dim": [
    1.3822889362997648e-05,
    1.0024242214693524e-05,
    2.9160529279242425e-09,
    2.130300724809372e-05,
    2.3730284399959788e-05,
    1.9637455705046725e-05,
    0.0
  ],
  "mse_mean": 1.2645827854817047e-05,
  "mse_spatial": 1.4753465830619888e-05,
  "mse_gripper": 0.0,
  "mse_per_dim_names": [
    "x",
    "y",
    "z",
    "roll",
    "pitch",
    "yaw",
    "gripper"
  ],
  "grounding": {
    "nouns": [
      "drawer"
    ],
    "num_boxes": 0,
    "num_patches": 0,
    "patch_coverage": 0.0
  }
}