{
  "episode_id": 1,
  "step_id": 25,
  "instruction": "put the blue cube on the right side of the table on top of the rectangular block",
  "condition": "full_wr",
  "condition_desc": "wr(\u03bb=1.1) + gripex + L[12, 14, 16, 18, 20] + resid(\u03b1=1.5)",
  "predicted_action": [
    -0.0013271585282157647,
    0.0015184364108477844,
    -0.005957399880623118,
    -0.018019519215705465,
    0.017305749246302723,
    0.011215875175653645,
    -0.007843137254901933
  ],
  "ground_truth_action": [
    0.0005910115432925522,
    -0.002429336542263627,
    -0.0034050936810672283,
    0.0019242517882958055,
    -0.004918920341879129,
    0.0017254267586395144,
    0.0
  ],
  "action_token_ids": [
    31877,
    31866,
    31922,
    31901,
    31835,
    31864,
    31873
  ],
  "mse_per_dim": [
    3.6793764232302214e-06,
    1.5584911289317995e-05,
    6.51426693629143e-06,
    0.00039775400186004185,
    0.0004939359383038553,
    9.0068611156006e-05,
    6.151480199923062e-05
  ],
  "mse_mean": 0.00015272170113828193,
  "mse_spatial": 0.0001679228509947905,
  "mse_gripper": 6.151480199923062e-05,
  "mse_per_dim_names": [
    "x",
    "y",
    "z",
    "roll",
    "pitch",
    "yaw",
    "gripper"
  ],
  "grounding": {
    "nouns": [
      "cube",
      "side",
      "table",
      "top",
      "block"
    ],
    "num_boxes": 3,
    "num_patches": 256,
    "patch_coverage": 1.0
  }
}