{
  "episode_id": 8,
  "step_id": 33,
  "instruction": "open the drawer",
  "condition": "full_wr",
  "condition_desc": "wr(\u03bb=1.1) + gripex + L[12, 14, 16, 18, 20] + resid(\u03b1=1.5)",
  "predicted_action": [
    0.009409205051029403,
    0.024829143489108287,
    0.00417578588732901,
    0.0036926845651045342,
    0.02333453161050289,
    -0.003290307487927302,
    0.996078431372549
  ],
  "ground_truth_action": [
    0.0,
    0.0,
    0.0,
    0.0,
    0.0,
    0.0,
    1.0
  ],
  "action_token_ids": [
    31829,
    31794,
    31883,
    31867,
    31826,
    31873,
    31744
  ],
  "mse_per_dim": [
    8.853313969231723e-05,
    0.0006164863664027284,
    1.743718777681613e-05,
    1.3635919297361263e-05,
    0.0005445003654815586,
    1.0826123365110473e-05,
    1.5378700499807656e-05
  ],
  "mse_mean": 0.00018668540035938566,
  "mse_spatial": 0.00021523651700264867,
  "mse_gripper": 1.5378700499807656e-05,
  "mse_per_dim_names": [
    "x",
    "y",
    "z",
    "roll",
    "pitch",
    "yaw",
    "gripper"
  ],
  "grounding": {
    "nouns": [
      "drawer"
    ],
    "num_boxes": 1,
    "num_patches": 35,
    "patch_coverage": 0.13671875
  }
}