{
  "episode_id": 0,
  "step_id": 22,
  "instruction": "put small spoon from basket to tray",
  "condition": "full_wr",
  "condition_desc": "wr(\u03bb=1.1) + gripex + L[12, 14, 16, 18, 20] + resid(\u03b1=1.5)",
  "predicted_action": [
    -0.0013271585282157647,
    0.011554990847321048,
    -0.018948663685689954,
    -0.03270718647919457,
    -0.004129921381964441,
    0.03700464435535311,
    0.04705882352941182
  ],
  "ground_truth_action": [
    0.0006721857935190201,
    -0.0042092385701835155,
    -0.01540945190936327,
    -0.09378491342067719,
    -0.026464104652404785,
    0.015103685669600964,
    0.0
  ],
  "action_token_ids": [
    31877,
    31835,
    31972,
    31924,
    31867,
    31848,
    31866
  ],
  "mse_per_dim": [
    3.997377716853127e-06,
    0.00024851092912771624,
    1.2526019997689482e-05,
    0.0037304887283383112,
    0.0004988157423576173,
    0.0004796519913550224,
    0.0022145328719723233
  ],
  "mse_mean": 0.001026931951552219,
  "mse_spatial": 0.000828998464815535,
  "mse_gripper": 0.0022145328719723233,
  "mse_per_dim_names": [
    "x",
    "y",
    "z",
    "roll",
    "pitch",
    "yaw",
    "gripper"
  ],
  "grounding": {
    "nouns": [
      "spoon",
      "basket"
    ],
    "num_boxes": 5,
    "num_patches": 111,
    "patch_coverage": 0.43359375
  }
}