{
  "episode_id": 5,
  "step_id": 13,
  "instruction": "take broccoli out of pan",
  "condition": "full_wr",
  "condition_desc": "wr(\u03bb=1.1) + gripex + L[12, 14, 16, 18, 20] + resid(\u03b1=1.5)",
  "predicted_action": [
    -0.0006561358045129376,
    0.004108514975098954,
    0.006514213372241045,
    0.003054090336257184,
    0.015966019832036035,
    0.014439471323116071,
    0.0
  ],
  "ground_truth_action": [
    -0.002200501272454858,
    -0.003980997484177351,
    -0.010857606306672096,
    -0.003156921360641718,
    -0.020301010459661484,
    0.015655269846320152,
    1.0
  ],
  "action_token_ids": [
    31874,
    31858,
    31874,
    31868,
    31837,
    31862,
    31872
  ],
  "mse_per_dim": [
    2.3850646985714663e-06,
    6.544021182878656e-05,
    0.00030178011895667386,
    3.8576666299014977e-05,
    0.0013152974861789055,
    1.4781660490252251e-06,
    1.0
  ],
  "mse_mean": 0.14310356538771588,
  "mse_spatial": 0.0002874929523351629,
  "mse_gripper": 1.0,
  "mse_per_dim_names": [
    "x",
    "y",
    "z",
    "roll",
    "pitch",
    "yaw",
    "gripper"
  ],
  "grounding": {
    "nouns": [
      "broccoli",
      "pan"
    ],
    "num_boxes": 2,
    "num_patches": 18,
    "patch_coverage": 0.0703125
  }
}