{
  "episode_id": 6,
  "step_id": 19,
  "instruction": "Picked the piece of chocolate and put it into the drawer",
  "condition": "full_wr",
  "condition_desc": "wr(\u03bb=1.1) + gripex + L[12, 14, 16, 18, 20] + resid(\u03b1=1.5)",
  "predicted_action": [
    0.009409205051029403,
    -0.0010716421534033849,
    0.0033963100590249998,
    0.0036926845651045342,
    -0.014177891988964658,
    0.004768682880728764,
    0.0235294117647058
  ],
  "ground_truth_action": [
    -0.0013387725921347737,
    -0.0013279753038659692,
    -0.0032946786377578974,
    0.0250176303088665,
    0.005280167795717716,
    0.024562973529100418,
    0.0
  ],
  "action_token_ids": [
    31829,
    31874,
    31886,
    31867,
    31882,
    31868,
    31869
  ],
  "mse_per_dim": [
    0.00011551902341795698,
    6.570668402607388e-08,
    4.476932974047649e-05,
    0.0004547533109743916,
    0.0003786160905842735,
    0.0003918139422722135,
    0.0005536332179930756
  ],
  "mse_mean": 0.0002770243745237734,
  "mse_spatial": 0.000230922900612223,
  "mse_gripper": 0.0005536332179930756,
  "mse_per_dim_names": [
    "x",
    "y",
    "z",
    "roll",
    "pitch",
    "yaw",
    "gripper"
  ],
  "grounding": {
    "nouns": [
      "piece",
      "chocolate",
      "it",
      "drawer"
    ],
    "num_boxes": 1,
    "num_patches": 9,
    "patch_coverage": 0.03515625
  }
}