{
  "episode_id": 5,
  "step_id": 8,
  "instruction": "take broccoli out of pan",
  "condition": "full_wr",
  "condition_desc": "wr(\u03bb=1.1) + gripex + L[12, 14, 16, 18, 20] + resid(\u03b1=1.5)",
  "predicted_action": [
    0.005606742950046744,
    -0.0023666814355289695,
    -0.014271808715865893,
    0.004331278793951912,
    0.004578319810769102,
    0.15627770181146308,
    0.1098039215686275
  ],
  "ground_truth_action": [
    -0.002797386609017849,
    0.0024437843821942806,
    -0.017779016867280006,
    -0.0009471712983213365,
    0.0011555129894986749,
    0.050805527716875076,
    1.0
  ],
  "action_token_ids": [
    31846,
    31878,
    31954,
    31866,
    31854,
    31774,
    31858
  ],
  "mse_per_dim": [
    7.062939364554324e-05,
    2.3140581383483818e-05,
    1.2300509017345603e-05,
    2.7862035376619465e-05,
    1.1715606535735366e-05,
    0.011124379508239081,
    0.7924490580545943
  ],
  "mse_mean": 0.11481701224125603,
  "mse_spatial": 0.0018783379390329682,
  "mse_gripper": 0.7924490580545943,
  "mse_per_dim_names": [
    "x",
    "y",
    "z",
    "roll",
    "pitch",
    "yaw",
    "gripper"
  ],
  "grounding": {
    "nouns": [
      "broccoli",
      "pan"
    ],
    "num_boxes": 3,
    "num_patches": 34,
    "patch_coverage": 0.1328125
  }
}