{
  "episode_id": 8,
  "step_id": 14,
  "instruction": "open the drawer",
  "condition": "full_wr",
  "condition_desc": "wr(\u03bb=1.1) + gripex + L[12, 14, 16, 18, 20] + resid(\u03b1=1.5)",
  "predicted_action": [
    -0.0053532948704327,
    -0.005928039461374324,
    -0.0010207196346977247,
    -0.016103736529163387,
    -0.002120327260564381,
    -0.003290307487927302,
    0.0
  ],
  "ground_truth_action": [
    -0.008568452671170235,
    -0.011860363185405731,
    -0.0012622065842151642,
    -0.011073720641434193,
    0.013037020340561867,
    -0.018340222537517548,
    0.0
  ],
  "action_token_ids": [
    31895,
    31889,
    31903,
    31898,
    31864,
    31873,
    31872
  ],
  "mse_per_dim": [
    1.0337239683643422e-05,
    3.5192464766705866e-05,
    5.831594678723835e-08,
    2.5301059830808118e-05,
    0.00022974518630136762,
    0.00022649994299988297,
    0.0
  ],
  "mse_mean": 7.530488707559932e-05,
  "mse_spatial": 8.785570158819922e-05,
  "mse_gripper": 0.0,
  "mse_per_dim_names": [
    "x",
    "y",
    "z",
    "roll",
    "pitch",
    "yaw",
    "gripper"
  ],
  "grounding": {
    "nouns": [
      "drawer"
    ],
    "num_boxes": 0,
    "num_patches": 0,
    "patch_coverage": 0.0
  }
}