{
  "episode_id": 2,
  "step_id": 30,
  "instruction": "put the red object into the pot",
  "condition": "full_wr",
  "condition_desc": "wr(\u03bb=1.1) + gripex + L[12, 14, 16, 18, 20] + resid(\u03b1=1.5)",
  "predicted_action": [
    0.002475303572766905,
    -0.006899318922968509,
    -0.0025796712913057455,
    0.001776901878562484,
    0.005248184517902446,
    -0.016184692077777035,
    0.0
  ],
  "ground_truth_action": [
    0.009489279240369797,
    -0.007048522122204304,
    -0.01013991516083479,
    -0.005299037788063288,
    0.002987165004014969,
    -0.014210551977157593,
    0.0
  ],
  "action_token_ids": [
    31860,
    31892,
    31909,
    31870,
    31853,
    31881,
    31872
  ],
  "mse_per_dim": [
    4.919585466572543e-05,
    2.2261594662196356e-08,
    5.715728736675149e-05,
    5.006892216572804e-05,
    5.112209242179964e-06,
    3.897229136873743e-06,
    0.0
  ],
  "mse_mean": 2.3636252024560125e-05,
  "mse_spatial": 2.7575627361986812e-05,
  "mse_gripper": 0.0,
  "mse_per_dim_names": [
    "x",
    "y",
    "z",
    "roll",
    "pitch",
    "yaw",
    "gripper"
  ],
  "grounding": {
    "nouns": [
      "object",
      "pot"
    ],
    "num_boxes": 3,
    "num_patches": 99,
    "patch_coverage": 0.38671875
  }
}