{
  "episode_id": 2,
  "step_id": 36,
  "instruction": "put the red object into the pot",
  "condition": "ind4_midlay",
  "condition_desc": "wr(\u03bb=2.0) + L[12, 14, 16, 18, 20]",
  "predicted_action": [
    0.0011332581253612577,
    0.0005471569492535924,
    -0.0036189723957110904,
    0.001776901878562484,
    0.0126166962963693,
    -0.008125701709120942,
    -0.196078431372549
  ],
  "ground_truth_action": [
    0.002612098352983594,
    -0.002767560537904501,
    0.010061245411634445,
    -0.018884360790252686,
    -0.01816675439476967,
    -0.0031159166246652603,
    1.0
  ],
  "action_token_ids": [
    31866,
    31869,
    31913,
    31870,
    31842,
    31876,
    31897
  ],
  "mse_per_dim": [
    2.1869684188340835e-06,
    1.0987352019671666e-05,
    0.0001871483592564139,
    0.0004268877750697753,
    0.0009476208364537843,
    2.5097946592434618e-05,
    1.4306036139946174
  ],
  "mse_mean": 0.20460050617606118,
  "mse_spatial": 0.00026665487296848565,
  "mse_gripper": 1.4306036139946174,
  "mse_per_dim_names": [
    "x",
    "y",
    "z",
    "roll",
    "pitch",
    "yaw",
    "gripper"
  ],
  "grounding": {
    "nouns": [
      "object",
      "pot"
    ],
    "num_boxes": 1,
    "num_patches": 24,
    "patch_coverage": 0.09375
  }
}