{
  "episode_id": 0,
  "step_id": 1,
  "instruction": "put small spoon from basket to tray",
  "condition": "ind4_midlay",
  "condition_desc": "wr(\u03bb=2.0) + L[12, 14, 16, 18, 20]",
  "predicted_action": [
    -0.002221855493152857,
    -0.003014201076591762,
    -0.01063425485044718,
    0.07010648436522927,
    -0.002790191967697725,
    -0.19831787440940443,
    0.4784313725490197
  ],
  "ground_truth_action": [
    0.00815527979284525,
    0.002605537883937359,
    -0.00971079058945179,
    -0.04788215458393097,
    -0.02560991607606411,
    0.13556690514087677,
    1.0
  ],
  "action_token_ids": [
    31881,
    31880,
    31940,
    31763,
    31865,
    31994,
    31811
  ],
  "mse_per_dim": [
    0.00010768493674390699,
    3.158146598448892e-05,
    8.527862413357633e-07,
    0.013921318921075294,
    0.000520739808381958,
    0.11147904601533985,
    0.2720338331410995
  ],
  "mse_mean": 0.05687072243926662,
  "mse_spatial": 0.02101020398896114,
  "mse_gripper": 0.2720338331410995,
  "mse_per_dim_names": [
    "x",
    "y",
    "z",
    "roll",
    "pitch",
    "yaw",
    "gripper"
  ],
  "grounding": {
    "nouns": [
      "spoon",
      "basket"
    ],
    "num_boxes": 4,
    "num_patches": 111,
    "patch_coverage": 0.43359375
  }
}