{
  "episode_id": 1,
  "step_id": 18,
  "instruction": "put the blue cube on the right side of the table on top of the rectangular block",
  "condition": "ind4_midlay",
  "condition_desc": "wr(\u03bb=2.0) + L[12, 14, 16, 18, 20]",
  "predicted_action": [
    0.008514508086092307,
    0.00022339712872219974,
    -0.009075303193839163,
    0.011994409540120127,
    0.013956425710635989,
    -0.030690874741357954,
    -0.36078431372549025
  ],
  "ground_truth_action": [
    0.008785953745245934,
    0.00389061844907701,
    -0.005501886829733849,
    0.03367513418197632,
    0.005380427930504084,
    -0.05726734921336174,
    0.0
  ],
  "action_token_ids": [
    31833,
    31870,
    31934,
    31854,
    31840,
    31890,
    31918
  ],
  "mse_per_dim": [
    7.368274587334658e-08,
    1.3448512212464879e-05,
    1.2769304511255647e-05,
    0.0004700538209959903,
    7.354773792482737e-05,
    0.000706308995361069,
    0.13016532103037298
  ],
  "mse_mean": 0.018777360440589207,
  "mse_spatial": 0.0002127003422919134,
  "mse_gripper": 0.13016532103037298,
  "mse_per_dim_names": [
    "x",
    "y",
    "z",
    "roll",
    "pitch",
    "yaw",
    "gripper"
  ],
  "grounding": {
    "nouns": [
      "cube",
      "side",
      "table",
      "top",
      "block"
    ],
    "num_boxes": 3,
    "num_patches": 256,
    "patch_coverage": 1.0
  }
}