{
  "episode_id": 7,
  "step_id": 14,
  "instruction": "Move the blue fork to the lower right burner",
  "condition": "ind4_midlay",
  "condition_desc": "wr(\u03bb=2.0) + L[12, 14, 16, 18, 20]",
  "predicted_action": [
    0.00023856116042415831,
    0.0008709167697849851,
    -0.0010207196346977247,
    0.006885655709341312,
    -0.007479244917631175,
    -0.003290307487927302,
    -0.007843137254901933
  ],
  "ground_truth_action": [
    -0.0006196541944518685,
    -0.0018132273107767105,
    0.0047150664031505585,
    0.0042867581360042095,
    -0.012026662938296795,
    -0.014568034559488297,
    0.0
  ],
  "action_token_ids": [
    31870,
    31868,
    31903,
    31862,
    31872,
    31873,
    31873
  ],
  "mse_per_dim": [
    7.365335953449847e-07,
    7.20462944521439e-06,
    3.289924147197531e-05,
    6.7542685966974815e-06,
    2.067901065467442e-05,
    0.00012718712790061972,
    6.151480199923062e-05
  ],
  "mse_mean": 3.671080195196527e-05,
  "mse_spatial": 3.2576801944087716e-05,
  "mse_gripper": 6.151480199923062e-05,
  "mse_per_dim_names": [
    "x",
    "y",
    "z",
    "roll",
    "pitch",
    "yaw",
    "gripper"
  ],
  "grounding": {
    "nouns": [
      "fork",
      "burner"
    ],
    "num_boxes": 3,
    "num_patches": 180,
    "patch_coverage": 0.703125
  }
}