{
  "episode_id": 3,
  "step_id": 16,
  "instruction": "put the rectangle block on top of the red arch and yellow block",
  "condition": "var_gripex",
  "condition_desc": "VAR(p=0.6,rho=0.5) + gripex",
  "predicted_action": [
    0.0006859096428927063,
    -0.00010036269180919988,
    0.000798057298011634,
    -0.0007774750368269162,
    -0.004129921381964441,
    0.0063804809544599494,
    0.039215686274509776
  ],
  "ground_truth_action": [
    0.0004146891296841204,
    -0.0009732447797432542,
    0.0006953816046006978,
    0.0011417107889428735,
    -0.011180860921740532,
    -0.00030633871210739017,
    0.0
  ],
  "action_token_ids": [
    31868,
    31871,
    31896,
    31874,
    31867,
    31867,
    31867
  ],
  "mse_per_dim": [
    7.356056678512869e-08,
    7.619231394361141e-07,
    1.0542298017416587e-08,
    3.6832742338356696e-06,
    4.971574839357787e-05,
    4.471355725319175e-05,
    0.0015378700499807745
  ],
  "mse_mean": 0.00023383266512365977,
  "mse_spatial": 1.6493100980807323e-05,
  "mse_gripper": 0.0015378700499807745,
  "mse_per_dim_names": [
    "x",
    "y",
    "z",
    "roll",
    "pitch",
    "yaw",
    "gripper"
  ],
  "grounding": {
    "nouns": [
      "block",
      "top"
    ],
    "num_boxes": 3,
    "num_patches": 22,
    "patch_coverage": 0.0859375
  }
}