{
  "episode_id": 5,
  "step_id": 21,
  "instruction": "take broccoli out of pan",
  "condition": "var_gripex",
  "condition_desc": "VAR(p=0.6,rho=0.5) + gripex",
  "predicted_action": [
    0.0006859096428927063,
    -0.0023666814355289695,
    -0.003878797671812425,
    -0.011633576927231923,
    -0.028245050838764996,
    -0.006513903635389756,
    0.007843137254901933
  ],
  "ground_truth_action": [
    -0.005879540462046862,
    0.0014935544459149241,
    -0.022402869537472725,
    -0.0296296589076519,
    -0.0024550016969442368,
    0.004829951096326113,
    0.0
  ],
  "action_token_ids": [
    31868,
    31878,
    31914,
    31891,
    31903,
    31875,
    31871
  ],
  "mse_per_dim": [
    4.3105135080450983e-05,
    1.4901421060386914e-05,
    0.00034314123848414746,
    0.00032385896664599665,
    0.0006651266347375296,
    0.0001286830401742725,
    6.151480199923062e-05
  ],
  "mse_mean": 0.00022576160545457352,
  "mse_spatial": 0.00025313607269713065,
  "mse_gripper": 6.151480199923062e-05,
  "mse_per_dim_names": [
    "x",
    "y",
    "z",
    "roll",
    "pitch",
    "yaw",
    "gripper"
  ],
  "grounding": {
    "nouns": [
      "broccoli",
      "pan"
    ],
    "num_boxes": 3,
    "num_patches": 37,
    "patch_coverage": 0.14453125
  }
}