{
  "episode_id": 4,
  "step_id": 31,
  "instruction": "",
  "condition": "var_gripex",
  "condition_desc": "VAR(p=0.6,rho=0.5) + gripex",
  "predicted_action": [
    -0.0011034842869814855,
    0.0005471569492535924,
    0.003915960611227672,
    -0.0014160692656742802,
    -0.01886694493889811,
    -0.009737499782852183,
    0.0
  ],
  "ground_truth_action": [
    -0.0017902199178934097,
    -0.11723514646291733,
    0.08513911813497543,
    0.006220163777470589,
    0.005989651661366224,
    0.016957001760601997,
    1.0
  ],
  "action_token_ids": [
    31876,
    31869,
    31884,
    31875,
    31889,
    31877,
    31872
  ],
  "mse_per_dim": [
    4.716058267639986e-07,
    0.013872670997076689,
    0.006597201318127542,
    5.8312055089217544e-05,
    0.0006178503945482724,
    0.0007125964126534776,
    1.0
  ],
  "mse_mean": 0.14597987182618885,
  "mse_spatial": 0.0036431837972203274,
  "mse_gripper": 1.0,
  "mse_per_dim_names": [
    "x",
    "y",
    "z",
    "roll",
    "pitch",
    "yaw",
    "gripper"
  ],
  "grounding": {
    "nouns": [],
    "num_boxes": 0,
    "num_patches": 0,
    "patch_coverage": 0.0
  }
}