{
  "episode_id": 17,
  "step_id": 12,
  "instruction": "",
  "condition": "var_gripex",
  "condition_desc": "VAR(p=0.6,rho=0.5) + gripex",
  "predicted_action": [
    0.0035936747789382766,
    -0.005928039461374324,
    0.0002784067458089616,
    0.001776901878562484,
    -0.003460056674831083,
    -0.030690874741357954,
    0.996078431372549
  ],
  "ground_truth_action": [
    0.012967757880687714,
    -0.011269733309745789,
    -0.010912605561316013,
    0.0030979544389992952,
    0.026012275367975235,
    -0.026254940778017044,
    1.0
  ],
  "action_token_ids": [
    31855,
    31889,
    31898,
    31870,
    31866,
    31890,
    31744
  ],
  "mse_per_dim": [
    8.787343399850435e-05,
    2.853369316972955e-05,
    0.00012523875645822265,
    1.7451798674366548e-06,
    0.000868618356041428,
    1.9677510127121393e-05,
    1.5378700499807656e-05
  ],
  "mse_mean": 0.00016386651859460715,
  "mse_spatial": 0.00018861448827707376,
  "mse_gripper": 1.5378700499807656e-05,
  "mse_per_dim_names": [
    "x",
    "y",
    "z",
    "roll",
    "pitch",
    "yaw",
    "gripper"
  ]
}