{
  "episode_id": 14,
  "step_id": 34,
  "instruction": "move the silver pot to the lower right burner",
  "condition": "var_gripex",
  "condition_desc": "VAR(p=0.6,rho=0.5) + gripex",
  "predicted_action": [
    -0.004458597905495604,
    0.001842196231379177,
    -0.0028394965674070835,
    -0.021212490359942215,
    -0.029584780253031684,
    0.061181615461321365,
    0.12549019607843137
  ],
  "ground_truth_action": [
    -0.0049643125385046005,
    5.8188510593026876e-05,
    -0.003026560414582491,
    -0.01851549930870533,
    0.011100203730165958,
    0.02062665857374668,
    0.0
  ],
  "action_token_ids": [
    31891,
    31865,
    31910,
    31906,
    31905,
    31833,
    31856
  ],
  "mse_per_dim": [
    2.5574729003942426e-07,
    3.1826835478245944e-06,
    3.4992882920064184e-08,
    7.273760730451841e-06,
    0.0016552679217130487,
    0.0016447045281530414,
    0.01574778931180315
  ],
  "mse_mean": 0.002722644135160068,
  "mse_spatial": 0.0005517866057195543,
  "mse_gripper": 0.01574778931180315,
  "mse_per_dim_names": [
    "x",
    "y",
    "z",
    "roll",
    "pitch",
    "yaw",
    "gripper"
  ]
}