{
  "episode_id": 14,
  "step_id": 43,
  "instruction": "move the silver pot to the lower right burner",
  "condition": "var_gripex",
  "condition_desc": "VAR(p=0.6,rho=0.5) + gripex",
  "predicted_action": [
    0.0015806066078298056,
    -0.003014201076591762,
    0.01171071889426777,
    -0.021851084588789572,
    0.003908455103635758,
    0.06279341353505255,
    0.996078431372549
  ],
  "ground_truth_action": [
    0.004279002081602812,
    0.007821624167263508,
    0.017293894663453102,
    -0.038788292557001114,
    0.022462943568825722,
    0.038254767656326294,
    1.0
  ],
  "action_token_ids": [
    31864,
    31880,
    31854,
    31907,
    31855,
    31832,
    31744
  ],
  "mse_per_dim": [
    7.281338132878647e-06,
    0.00011741510871537111,
    3.117185166961823e-05,
    0.0002868690137584485,
    0.00034426904220486744,
    0.0006021451415615291,
    1.5378700499807656e-05
  ],
  "mse_mean": 0.0002006471709346458,
  "mse_spatial": 0.00023152524934045218,
  "mse_gripper": 1.5378700499807656e-05,
  "mse_per_dim_names": [
    "x",
    "y",
    "z",
    "roll",
    "pitch",
    "yaw",
    "gripper"
  ]
}