{
  "episode_id": 16,
  "step_id": 18,
  "instruction": "move the pan to the left side of the stove",
  "condition": "var_gripex",
  "condition_desc": "VAR(p=0.6,rho=0.5) + gripex",
  "predicted_action": [
    -0.01832640086202061,
    0.014792589052635016,
    -0.014011983439764557,
    -0.04484047682729428,
    0.022664666903369532,
    0.08697038464102078,
    -0.06274509803921569
  ],
  "ground_truth_action": [
    -0.005687636323273182,
    0.0021747734863311052,
    0.01282163243740797,
    0.0036428950261324644,
    -0.01829872652888298,
    0.006284410133957863,
    0.9514039754867554
  ],
  "action_token_ids": [
    31953,
    31825,
    31953,
    31943,
    31827,
    31817,
    31880
  ],
  "mse_per_dim": [
    0.0001597383690658995,
    0.00015920926966526129,
    0.0007200429410436455,
    0.0023506373462776524,
    0.0016779996014855082,
    0.006510226482154407,
    1.0284983433335855
  ],
  "mse_mean": 0.14858231390618257,
  "mse_spatial": 0.001929642334948729,
  "mse_gripper": 1.0284983433335855,
  "mse_per_dim_names": [
    "x",
    "y",
    "z",
    "roll",
    "pitch",
    "yaw",
    "gripper"
  ]
}