{
  "episode_id": 12,
  "step_id": 42,
  "instruction": "",
  "condition": "var_gripex",
  "condition_desc": "VAR(p=0.6,rho=0.5) + gripex",
  "predicted_action": [
    -0.0013271585282157647,
    0.025476663130171086,
    -0.012972682335359214,
    0.019657540286288383,
    -0.004799786089097785,
    0.054734423166396456,
    0.18823529411764706
  ],
  "ground_truth_action": [
    0.009689579717814922,
    -0.007871591486036777,
    -0.008969826623797417,
    0.0024105373304337263,
    0.009545420296490192,
    -0.023490751162171364,
    0.9940774440765381
  ],
  "action_token_ids": [
    31877,
    31792,
    31949,
    31842,
    31868,
    31837,
    31848
  ],
  "mse_per_dim": [
    0.0001213685215815553,
    0.0011121060859474292,
    1.60228538475829e-05,
    0.0002974591109592593,
    0.0002057849462451141,
    0.006119177898734826,
    0.6493815706503678
  ],
  "mse_mean": 0.09389335572395481,
  "mse_spatial": 0.0013119865695526277,
  "mse_gripper": 0.6493815706503678,
  "mse_per_dim_names": [
    "x",
    "y",
    "z",
    "roll",
    "pitch",
    "yaw",
    "gripper"
  ]
}