{
  "episode_id": 13,
  "step_id": 36,
  "instruction": "",
  "condition": "var_gripex",
  "condition_desc": "VAR(p=0.6,rho=0.5) + gripex",
  "predicted_action": [
    0.003146326296469725,
    0.0011946765903163847,
    0.004695436439531686,
    0.002415496107409834,
    -0.006809380210497831,
    0.004768682880728764,
    -0.03921568627450983
  ],
  "ground_truth_action": [
    0.005501575767993927,
    -0.0018921250011771917,
    -0.008851755410432816,
    -0.01287259440869093,
    -0.011167896911501884,
    -0.10420726984739304,
    0.9990261793136597
  ],
  "action_token_ids": [
    31857,
    31867,
    31881,
    31869,
    31871,
    31868,
    31877
  ],
  "mse_per_dim": [
    5.547200073115032e-06,
    9.528344065247277e-06,
    0.0001835264070197446,
    0.0002337257116284901,
    1.8996667832931255e-05,
    0.011875758273001837,
    1.0779461714600027
  ],
  "mse_mean": 0.15575332200908917,
  "mse_spatial": 0.0020545137672702274,
  "mse_gripper": 1.0779461714600027,
  "mse_per_dim_names": [
    "x",
    "y",
    "z",
    "roll",
    "pitch",
    "yaw",
    "gripper"
  ]
}