{
  "episode_id": 18,
  "step_id": 19,
  "instruction": "Pick up the blue fork and place it on the left of the pot",
  "condition": "var_gripex",
  "condition_desc": "VAR(p=0.6,rho=0.5) + gripex",
  "predicted_action": [
    0.003146326296469725,
    0.00022339712872219974,
    -0.003878797671812425,
    0.004969873022799262,
    0.015296155124902691,
    -0.0016785094141960888,
    0.0
  ],
  "ground_truth_action": [
    0.00038366226362995803,
    0.0010722586885094643,
    -0.003423259360715747,
    0.009437685832381248,
    0.009507806971669197,
    0.010629669763147831,
    0.6087909936904907
  ],
  "action_token_ids": [
    31857,
    31870,
    31914,
    31865,
    31838,
    31872,
    31872
  ],
  "mse_per_dim": [
    7.632312558346486e-06,
    7.205659476844677e-07,
    2.0751515287681384e-07,
    1.996135130146488e-05,
    3.35049743430416e-05,
    0.00015149127466160245,
    0.3706264739986551
  ],
  "mse_mean": 0.052977141713231445,
  "mse_spatial": 3.5586332327502785e-05,
  "mse_gripper": 0.3706264739986551,
  "mse_per_dim_names": [
    "x",
    "y",
    "z",
    "roll",
    "pitch",
    "yaw",
    "gripper"
  ]
}