{
  "episode_id": 15,
  "step_id": 15,
  "instruction": "sweep into pile",
  "condition": "var_gripex",
  "condition_desc": "VAR(p=0.6,rho=0.5) + gripex",
  "predicted_action": [
    0.002475303572766905,
    -0.04154161971982787,
    0.006774038648342379,
    -0.07230002866773046,
    -0.0925520627235665,
    -0.20637686477806055,
    -0.7215686274509804
  ],
  "ground_truth_action": [
    -0.002668195404112339,
    -0.04765786603093147,
    -0.005931044928729534,
    -0.06424695998430252,
    0.012309004552662373,
    0.051677051931619644,
    0.0
  ],
  "action_token_ids": [
    31860,
    31999,
    31873,
    31986,
    31999,
    31999,
    31964
  ],
  "mse_per_dim": [
    2.645558172515783e-05,
    3.74084689380884e-05,
    0.00016141914870038246,
    6.485191522000775e-05,
    0.010995843430309798,
    0.06659182392920657,
    0.5206612841214917
  ],
  "mse_mean": 0.08550558379937025,
  "mse_spatial": 0.012979633745683334,
  "mse_gripper": 0.5206612841214917,
  "mse_per_dim_names": [
    "x",
    "y",
    "z",
    "roll",
    "pitch",
    "yaw",
    "gripper"
  ]
}