{
  "episode_id": 18,
  "step_id": 14,
  "instruction": "Pick up the blue fork and place it on the left of the pot",
  "condition": "var_gripex",
  "condition_desc": "VAR(p=0.6,rho=0.5) + gripex",
  "predicted_action": [
    -0.001550832769450037,
    0.0015184364108477844,
    -0.0075163515372311425,
    0.008162844167036026,
    0.013956425710635989,
    0.007992279028191218,
    0.996078431372549
  ],
  "ground_truth_action": [
    -0.0013838886516168714,
    0.0007264952873811126,
    -0.0043880268931388855,
    0.009530034847557545,
    0.009266046807169914,
    0.0033399772364646196,
    0.9645910263061523
  ],
  "action_token_ids": [
    31878,
    31866,
    31928,
    31860,
    31840,
    31866,
    31744
  ],
  "mse_per_dim": [
    2.7870338479093868e-08,
    6.271707430376543e-07,
    9.786415078834947e-06,
    1.8692103569048926e-06,
    2.199965425807962e-05,
    2.1643911961302518e-05,
    0.000991456677815344
  ],
  "mse_mean": 0.00014963013007885466,
  "mse_spatial": 9.325705456106454e-06,
  "mse_gripper": 0.000991456677815344,
  "mse_per_dim_names": [
    "x",
    "y",
    "z",
    "roll",
    "pitch",
    "yaw",
    "gripper"
  ]
}