{
  "episode_id": 15,
  "step_id": 62,
  "instruction": "sweep into pile",
  "condition": "var_gripex",
  "condition_desc": "VAR(p=0.6,rho=0.5) + gripex",
  "predicted_action": [
    -0.007590037282775443,
    0.04069337469514669,
    -0.0020600207391030696,
    -0.018019519215705465,
    0.02132493748910283,
    0.06924060582997746,
    0.21176470588235285
  ],
  "ground_truth_action": [
    0.008614663034677505,
    -0.001700682332739234,
    -0.005998739041388035,
    0.008732027374207973,
    -0.002207205630838871,
    0.0006669196882285178,
    0.0
  ],
  "action_token_ids": [
    31905,
    31744,
    31907,
    31901,
    31829,
    31828,
    31845
  ],
  "mse_per_dim": [
    0.0002625923123784597,
    0.0017972560712836436,
    1.551350186475456e-05,
    0.0007156452449523093,
    0.0005537617598174195,
    0.004702350431067091,
    0.04484429065743941
  ],
  "mse_mean": 0.007555915711257584,
  "mse_spatial": 0.0013411865535606128,
  "mse_gripper": 0.04484429065743941,
  "mse_per_dim_names": [
    "x",
    "y",
    "z",
    "roll",
    "pitch",
    "yaw",
    "gripper"
  ]
}