{
  "episode_id": 17,
  "step_id": 36,
  "instruction": "",
  "condition": "var_gripex",
  "condition_desc": "VAR(p=0.6,rho=0.5) + gripex",
  "predicted_action": [
    0.004041023261406821,
    -0.007223078743499908,
    1.8581469707623643e-05,
    -0.005247634638758394,
    -0.034273833202965134,
    -0.025855480520164342,
    0.996078431372549
  ],
  "ground_truth_action": [
    0.0009861045982688665,
    -0.0040261708199977875,
    0.004251051228493452,
    -0.004661396611481905,
    -0.01163279265165329,
    -0.005584255326539278,
    1.0
  ],
  "action_token_ids": [
    31853,
    31893,
    31899,
    31881,
    31912,
    31887,
    31744
  ],
  "mse_per_dim": [
    9.332528038388588e-06,
    1.0220220271350642e-05,
    1.7913800259036568e-05,
    3.4367502462502997e-07,
    0.0005126167172461474,
    0.00041092257085065953,
    1.5378700499807656e-05
  ],
  "mse_mean": 0.00013953260174143076,
  "mse_spatial": 0.00016022491861503464,
  "mse_gripper": 1.5378700499807656e-05,
  "mse_per_dim_names": [
    "x",
    "y",
    "z",
    "roll",
    "pitch",
    "yaw",
    "gripper"
  ]
}