{
  "episode_id": 12,
  "step_id": 34,
  "instruction": "",
  "condition": "var_gripex",
  "condition_desc": "VAR(p=0.6,rho=0.5) + gripex",
  "predicted_action": [
    -0.0008798100457472133,
    -0.007223078743499908,
    0.008332990304950393,
    -0.016103736529163387,
    -0.013508027281831314,
    -0.014572894004045822,
    0.0
  ],
  "ground_truth_action": [
    -0.00865147914737463,
    -0.004376366268843412,
    0.04476437345147133,
    -0.0005995251121930778,
    0.0038912442978471518,
    -0.03352279216051102,
    0.9944671392440796
  ],
  "action_token_ids": [
    31875,
    31893,
    31867,
    31898,
    31881,
    31880,
    31872
  ],
  "mse_per_dim": [
    6.03988406251903e-05,
    8.103771913364911e-06,
    0.0013272456779686093,
    0.00024038057166211248,
    0.00030273465150340676,
    0.000359098640140403,
    0.9889648910363036
  ],
  "mse_mean": 0.14160897902715952,
  "mse_spatial": 0.00038299369230218117,
  "mse_gripper": 0.9889648910363036,
  "mse_per_dim_names": [
    "x",
    "y",
    "z",
    "roll",
    "pitch",
    "yaw",
    "gripper"
  ]
}