{
  "episode_id": 15,
  "step_id": 18,
  "instruction": "sweep into pile",
  "condition": "var_gripex",
  "condition_desc": "VAR(p=0.6,rho=0.5) + gripex",
  "predicted_action": [
    0.00023856116042415831,
    -0.01013691712828247,
    -0.014791459268068569,
    -0.04420188259844693,
    0.024674261024769578,
    0.02894565398669699,
    -0.10196078431372552
  ],
  "ground_truth_action": [
    0.006609028205275536,
    -0.018977876752614975,
    -0.006729507353156805,
    -0.05558573827147484,
    0.009011853486299515,
    -0.011617853306233883,
    0.0
  ],
  "action_token_ids": [
    31870,
    31902,
    31956,
    31942,
    31824,
    31853,
    31885
  ],
  "mse_per_dim": [
    4.058285036953744e-05,
    7.816256707907754e-05,
    6.499506867834946e-05,
    0.00012959216998432971,
    0.0002453110099011239,
    0.0016453981239036562,
    0.010396001537870056
  ],
  "mse_mean": 0.0018000061896837327,
  "mse_spatial": 0.0003673402983193457,
  "mse_gripper": 0.010396001537870056,
  "mse_per_dim_names": [
    "x",
    "y",
    "z",
    "roll",
    "pitch",
    "yaw",
    "gripper"
  ]
}