{
  "episode_id": 18,
  "step_id": 27,
  "instruction": "Pick up the blue fork and place it on the left of the pot",
  "condition": "var_gripex",
  "condition_desc": "VAR(p=0.6,rho=0.5) + gripex",
  "predicted_action": [
    0.004712045985109648,
    0.02612418277123387,
    0.0033963100590249998,
    -0.03270718647919457,
    0.043430472824503366,
    0.033781048207890685,
    -0.07058823529411762
  ],
  "ground_truth_action": [
    -0.004215567838400602,
    0.025469278916716576,
    0.005789660383015871,
    -0.02277049608528614,
    0.008560583926737309,
    0.06370241194963455,
    0.0
  ],
  "action_token_ids": [
    31850,
    31790,
    31886,
    31924,
    31796,
    31850,
    31881
  ],
  "mse_per_dim": [
    7.970228858173131e-05,
    4.2889905866161104e-07,
    5.728125773347209e-06,
    9.87378159843921e-05,
    0.0012159091517425485,
    0.0008952880081657446,
    0.0049826989619377125
  ],
  "mse_mean": 0.001039784750177734,
  "mse_spatial": 0.0003826323815510709,
  "mse_gripper": 0.0049826989619377125,
  "mse_per_dim_names": [
    "x",
    "y",
    "z",
    "roll",
    "pitch",
    "yaw",
    "gripper"
  ]
}