{
  "episode_id": 19,
  "step_id": 8,
  "instruction": "",
  "condition": "var_gripex",
  "condition_desc": "VAR(p=0.6,rho=0.5) + gripex",
  "predicted_action": [
    -0.002445529734387133,
    -0.011108196589876655,
    -0.004138622947913766,
    0.015187380684356905,
    -0.009488839039031222,
    -0.008125701709120942,
    -0.38431372549019605
  ],
  "ground_truth_action": [
    -0.0002812689053826034,
    -0.00394414970651269,
    -0.0071333241648972034,
    -0.016601353883743286,
    0.004917697049677372,
    0.06950859725475311,
    1.0
  ],
  "action_token_ids": [
    31882,
    31905,
    31915,
    31849,
    31875,
    31876,
    31921
  ],
  "mse_per_dim": [
    4.684024935963373e-06,
    5.132356774703695e-05,
    8.968235379002079e-06,
    0.001010523645441128,
    0.0002075482820752631,
    0.006027084375612176,
    1.9163244905805459
  ],
  "mse_mean": 0.27480494610167666,
  "mse_spatial": 0.0012183553551984281,
  "mse_gripper": 1.9163244905805459,
  "mse_per_dim_names": [
    "x",
    "y",
    "z",
    "roll",
    "pitch",
    "yaw",
    "gripper"
  ]
}