{
  "episode_id": 12,
  "step_id": 20,
  "instruction": "",
  "condition": "var_gripex",
  "condition_desc": "VAR(p=0.6,rho=0.5) + gripex",
  "predicted_action": [
    -0.0011034842869814855,
    -0.009165637666688285,
    0.013009845274774456,
    -0.010994982698384559,
    -0.010158703746164566,
    0.024110259765503378,
    -0.3137254901960784
  ],
  "ground_truth_action": [
    0.0003527002118062228,
    0.007032455876469612,
    0.0376591794192791,
    0.0007876615854911506,
    -0.004868073854595423,
    0.005509607028216124,
    -0.0012259100330993533
  ],
  "action_token_ids": [
    31876,
    31899,
    31849,
    31890,
    31876,
    31856,
    31912
  ],
  "mse_per_dim": [
    2.120473294509609e-06,
    0.0002623782344328936,
    0.0006075896737674424,
    0.00013883070632034894,
    2.7990764649564923e-05,
    0.0003459842822531518,
    0.09765598760203818
  ],
  "mse_mean": 0.014148697390965156,
  "mse_spatial": 0.00023081568911965188,
  "mse_gripper": 0.09765598760203818,
  "mse_per_dim_names": [
    "x",
    "y",
    "z",
    "roll",
    "pitch",
    "yaw",
    "gripper"
  ]
}