{
  "episode_id": 13,
  "step_id": 26,
  "instruction": "",
  "condition": "var_gripex",
  "condition_desc": "VAR(p=0.6,rho=0.5) + gripex",
  "predicted_action": [
    0.012987992910777794,
    -0.023734829590601098,
    -0.005437749328420446,
    -0.018019519215705465,
    -0.002790191967697725,
    -0.06615043236344473,
    0.12549019607843137
  ],
  "ground_truth_action": [
    -0.003002008656039834,
    0.010399054735898972,
    -0.004391626920551062,
    -0.030083805322647095,
    -0.004483785945922136,
    -0.10360395163297653,
    0.00938472431153059
  ],
  "action_token_ids": [
    31813,
    31944,
    31920,
    31901,
    31865,
    31912,
    31856
  ],
  "mse_per_dim": [
    0.00025568015010683017,
    0.0011651220592148869,
    1.0943720922464381e-06,
    0.00014554699927014483,
    2.868260563077988e-06,
    0.0014027661056731902,
    0.013480480574214594
  ],
  "mse_mean": 0.0023505083601621382,
  "mse_spatial": 0.000495512991153396,
  "mse_gripper": 0.013480480574214594,
  "mse_per_dim_names": [
    "x",
    "y",
    "z",
    "roll",
    "pitch",
    "yaw",
    "gripper"
  ]
}