{
  "episode_id": 28,
  "step_id": 28,
  "instruction": "Move the bowl closer to the bottom right of the table.",
  "condition": "var_gripex",
  "condition_desc": "VAR(p=0.6,rho=0.5) + gripex",
  "predicted_action": [
    0.008514508086092307,
    0.034541938105050164,
    0.003136484782923662,
    -0.021212490359942215,
    0.02333453161050289,
    0.16433669218011918,
    0.996078431372549
  ],
  "ground_truth_action": [
    0.006959295365959406,
    0.02266400307416916,
    -0.02479999139904976,
    0.01672578789293766,
    0.07340052723884583,
    0.04090137407183647,
    1.0
  ],
  "action_token_ids": [
    31833,
    31764,
    31887,
    31906,
    31826,
    31769,
    31744
  ],
  "mse_per_dim": [
    2.4186866048631786e-06,
    0.00014108534059783015,
    0.0007804467014659683,
    0.0014393129567929382,
    0.0025066039182572537,
    0.015236277756492944,
    1.5378700499807656e-05
  ],
  "mse_mean": 0.002874503437244515,
  "mse_spatial": 0.003351024226701966,
  "mse_gripper": 1.5378700499807656e-05,
  "mse_per_dim_names": [
    "x",
    "y",
    "z",
    "roll",
    "pitch",
    "yaw",
    "gripper"
  ]
}