{
  "episode_id": 29,
  "step_id": 19,
  "instruction": "",
  "condition": "var_gripex",
  "condition_desc": "VAR(p=0.6,rho=0.5) + gripex",
  "predicted_action": [
    0.0038173490201725453,
    -0.0017191617944661772,
    -0.0020600207391030696,
    -0.008440605782995159,
    -0.02020667435316481,
    0.017663067470578525,
    0.0
  ],
  "ground_truth_action": [
    0.006011044140905142,
    -0.0020495920907706022,
    -0.0050186943262815475,
    -0.0041869031265378,
    -0.003131288569420576,
    -0.008853379637002945,
    0.0
  ],
  "action_token_ids": [
    31854,
    31876,
    31907,
    31886,
    31891,
    31860,
    31872
  ],
  "mse_per_dim": [
    4.812298282726001e-06,
    1.0918418071583014e-07,
    8.753749395467562e-06,
    1.809398628955239e-05,
    0.0002915687996636947,
    0.0007031219672091658,
    0.0
  ],
  "mse_mean": 0.00014663714071733175,
  "mse_spatial": 0.00017107666417022038,
  "mse_gripper": 0.0,
  "mse_per_dim_names": [
    "x",
    "y",
    "z",
    "roll",
    "pitch",
    "yaw",
    "gripper"
  ]
}