{
  "episode_id": 20,
  "step_id": 19,
  "instruction": "",
  "condition": "var_gripex",
  "condition_desc": "VAR(p=0.6,rho=0.5) + gripex",
  "predicted_action": [
    -0.004458597905495604,
    -0.008518118025625486,
    -0.010374429574345846,
    -0.04420188259844693,
    -0.01551762140323136,
    -0.012961095930314609,
    -0.3137254901960784
  ],
  "ground_truth_action": [
    0.02343396283686161,
    0.006783795543015003,
    -0.007705272641032934,
    0.027935851365327835,
    -0.06740940362215042,
    0.06232939288020134,
    0.0
  ],
  "action_token_ids": [
    31891,
    31897,
    31939,
    31942,
    31884,
    31879,
    31912
  ],
  "mse_per_dim": [
    0.0007779949447660868,
    0.00023414855886214392,
    7.124398734652389e-06,
    0.005203852661428343,
    0.0026927570618557246,
    0.005668657705326427,
    0.09842368319876971
  ],
  "mse_mean": 0.016144031218534725,
  "mse_spatial": 0.002430755888495563,
  "mse_gripper": 0.09842368319876971,
  "mse_per_dim_names": [
    "x",
    "y",
    "z",
    "roll",
    "pitch",
    "yaw",
    "gripper"
  ]
}