{
  "episode_id": 20,
  "step_id": 7,
  "instruction": "",
  "condition": "var_gripex",
  "condition_desc": "VAR(p=0.6,rho=0.5) + gripex",
  "predicted_action": [
    -0.009379431212649638,
    0.00022339712872219974,
    0.003915960611227672,
    -0.0058862288676057445,
    0.0012289962751023675,
    -0.004902105561658515,
    -0.01568627450980392
  ],
  "ground_truth_action": [
    0.0013501595240086317,
    -0.004262569360435009,
    -0.012292136438190937,
    -0.007996060885488987,
    0.019225452095270157,
    -0.004938601050525904,
    1.0
  ],
  "action_token_ids": [
    31913,
    31870,
    31884,
    31882,
    31859,
    31874,
    31874
  ],
  "mse_per_dim": [
    0.00011512411737618296,
    2.0123895341841452e-05,
    0.00026270240996337224,
    4.451391143685275e-06,
    0.0003238724220872511,
    1.331920707669679e-09,
    1.0316186082276046
  ],
  "mse_mean": 0.1474778405422054,
  "mse_spatial": 0.00012104592797217346,
  "mse_gripper": 1.0316186082276046,
  "mse_per_dim_names": [
    "x",
    "y",
    "z",
    "roll",
    "pitch",
    "yaw",
    "gripper"
  ]
}