{
  "episode_id": 24,
  "step_id": 45,
  "instruction": "",
  "condition": "var_gripex",
  "condition_desc": "VAR(p=0.6,rho=0.5) + gripex",
  "predicted_action": [
    0.004712045985109648,
    0.0086411524625385,
    -0.0025796712913057455,
    0.014548786455509555,
    -0.01283816257469797,
    0.016051269396847284,
    0.996078431372549
  ],
  "ground_truth_action": [
    0.0012364669237285852,
    -0.0004071519651915878,
    -0.0007325242040678859,
    0.004071481991559267,
    0.012960842810571194,
    0.0032381899654865265,
    0.9987542629241943
  ],
  "action_token_ids": [
    31850,
    31844,
    31909,
    31850,
    31880,
    31861,
    31744
  ],
  "mse_per_dim": [
    1.207964981191047e-05,
    8.187181301687991e-05,
    3.411952361891309e-06,
    0.00010977390883031262,
    0.0006655886788691473,
    0.00016417500451436012,
    7.160074492780507e-06
  ],
  "mse_mean": 0.00014915158312818317,
  "mse_spatial": 0.00017281683456741694,
  "mse_gripper": 7.160074492780507e-06,
  "mse_per_dim_names": [
    "x",
    "y",
    "z",
    "roll",
    "pitch",
    "yaw",
    "gripper"
  ]
}