{
  "episode_id": 24,
  "step_id": 7,
  "instruction": "",
  "condition": "var_gripex",
  "condition_desc": "VAR(p=0.6,rho=0.5) + gripex",
  "predicted_action": [
    0.00135693236659553,
    -0.0017191617944661772,
    -0.016350410924676588,
    -0.009079200011842509,
    0.020655072781969472,
    -0.01940828822523946,
    0.0
  ],
  "ground_truth_action": [
    0.009161132387816906,
    -0.0023710238747298717,
    -0.019303355365991592,
    -0.03695244342088699,
    0.0036741772200912237,
    0.021320007741451263,
    1.0
  ],
  "action_token_ids": [
    31865,
    31876,
    31962,
    31887,
    31830,
    31883,
    31872
  ],
  "mse_per_dim": [
    6.0905537971231724e-05,
    4.249241716857114e-07,
    8.719880873493184e-06,
    0.0007769176981398419,
    0.0002883508140834164,
    0.001658794092350356,
    1.0
  ],
  "mse_mean": 0.14325630184965574,
  "mse_spatial": 0.0004656854912650041,
  "mse_gripper": 1.0,
  "mse_per_dim_names": [
    "x",
    "y",
    "z",
    "roll",
    "pitch",
    "yaw",
    "gripper"
  ]
}