{
  "episode_id": 25,
  "step_id": 19,
  "instruction": "",
  "condition": "var_gripex",
  "condition_desc": "VAR(p=0.6,rho=0.5) + gripex",
  "predicted_action": [
    -0.0013271585282157647,
    0.0005471569492535924,
    0.016127748587990497,
    0.003054090336257184,
    -0.034273833202965134,
    0.027333855912965777,
    0.06274509803921569
  ],
  "ground_truth_action": [
    0.002719529904425144,
    -0.000932477880269289,
    0.044760849326848984,
    -0.0021609493996948004,
    0.002565514063462615,
    -0.07485781610012054,
    -0.003040234325453639
  ],
  "action_token_ids": [
    31877,
    31869,
    31837,
    31868,
    31912,
    31854,
    31864
  ],
  "mse_per_dim": [
    1.6375687270869736e-05,
    2.1893192287372065e-06,
    0.0008198544579216184,
    2.7196639447558145e-05,
    0.0013571375070164577,
    0.01044313782883021,
    0.004327709954330009
  ],
  "mse_mean": 0.0024276573420064945,
  "mse_spatial": 0.0021109819066192415,
  "mse_gripper": 0.004327709954330009,
  "mse_per_dim_names": [
    "x",
    "y",
    "z",
    "roll",
    "pitch",
    "yaw",
    "gripper"
  ]
}