{
  "episode_id": 28,
  "step_id": 1,
  "instruction": "Move the bowl closer to the bottom right of the table.",
  "condition": "var_gripex",
  "condition_desc": "VAR(p=0.6,rho=0.5) + gripex",
  "predicted_action": [
    -0.00043246156327866186,
    -0.01952595192369295,
    0.0013177078502143065,
    -0.01929670767340016,
    -0.024225862595964903,
    -0.04036166318374529,
    -0.1333333333333333
  ],
  "ground_truth_action": [
    0.009589387103915215,
    -0.0008789603016339242,
    -0.0008327268296852708,
    0.006203824188560247,
    -0.006279377732425928,
    0.0031978213228285313,
    1.0
  ],
  "action_token_ids": [
    31873,
    31931,
    31894,
    31903,
    31897,
    31896,
    31889
  ],
  "mse_per_dim": [
    0.00010043745070813568,
    0.00034771029655313956,
    4.624369312514798e-06,
    0.0006502771252428579,
    0.00032207631895723353,
    0.0018974286904784447,
    1.2844444444444443
  ],
  "mse_mean": 0.18396671409938523,
  "mse_spatial": 0.0005537590418753877,
  "mse_gripper": 1.2844444444444443,
  "mse_per_dim_names": [
    "x",
    "y",
    "z",
    "roll",
    "pitch",
    "yaw",
    "gripper"
  ]
}