{
  "episode_id": 25,
  "step_id": 29,
  "instruction": "",
  "condition": "var_gripex",
  "condition_desc": "VAR(p=0.6,rho=0.5) + gripex",
  "predicted_action": [
    0.003146326296469725,
    -0.0156408340773162,
    0.011450893618166435,
    -0.008440605782995159,
    -0.020876539060298155,
    -0.021020086298970675,
    -0.0862745098039216
  ],
  "ground_truth_action": [
    -0.003873624140396714,
    -0.0045483787544071674,
    -0.02831234410405159,
    -0.001570694730617106,
    -0.0007528522983193398,
    -0.06024814769625664,
    -0.004063351545482874
  ],
  "action_token_ids": [
    31857,
    31919,
    31855,
    31886,
    31892,
    31884,
    31883
  ],
  "mse_per_dim": [
    4.9279704136061314e-05,
    0.00012304256509073296,
    0.0015811150741536228,
    4.7195677867586124e-05,
    0.0004049627688942414,
    0.001538840800989237,
    0.006758674542194057
  ],
  "mse_mean": 0.0015004444476179341,
  "mse_spatial": 0.0006240727651885803,
  "mse_gripper": 0.006758674542194057,
  "mse_per_dim_names": [
    "x",
    "y",
    "z",
    "roll",
    "pitch",
    "yaw",
    "gripper"
  ]
}