{
  "episode_id": 22,
  "step_id": 36,
  "instruction": "",
  "condition": "var_gripex",
  "condition_desc": "VAR(p=0.6,rho=0.5) + gripex",
  "predicted_action": [
    -0.0013271585282157647,
    -0.00010036269180919988,
    0.0010578825741129685,
    0.0004997134208677839,
    -0.00011073313916434846,
    -0.016184692077777035,
    -0.07058823529411762
  ],
  "ground_truth_action": [
    0.013556535355746746,
    -0.0006395364180207253,
    0.03172491490840912,
    -0.047544531524181366,
    -0.049699779599905014,
    0.023750927299261093,
    1.0
  ],
  "action_token_ids": [
    31877,
    31871,
    31895,
    31872,
    31861,
    31881,
    31881
  ],
  "mse_per_dim": [
    0.00022152434363150304,
    2.9070830703682093e-07,
    0.0009404668721927655,
    0.002308249472339881,
    0.002459073528885496,
    0.0015948536950276633,
    1.146159169550173
  ],
  "mse_mean": 0.1648119468815082,
  "mse_spatial": 0.0012540764367307243,
  "mse_gripper": 1.146159169550173,
  "mse_per_dim_names": [
    "x",
    "y",
    "z",
    "roll",
    "pitch",
    "yaw",
    "gripper"
  ]
}