{
  "episode_id": 27,
  "step_id": 20,
  "instruction": "sweep into pile",
  "condition": "var_gripex",
  "condition_desc": "VAR(p=0.6,rho=0.5) + gripex",
  "predicted_action": [
    -0.0008798100457472133,
    -0.018554672462098763,
    -0.0025796712913057455,
    0.005608467251646612,
    -0.00011073313916434846,
    -0.012961095930314609,
    0.007843137254901933
  ],
  "ground_truth_action": [
    -0.0027017444372177124,
    -0.036004625260829926,
    -0.00854750070720911,
    -0.012164504267275333,
    0.025722000747919083,
    0.0007240287377499044,
    0.0
  ],
  "action_token_ids": [
    31875,
    31928,
    31909,
    31864,
    31861,
    31879,
    31871
  ],
  "mse_per_dim": [
    3.319444926822978e-06,
    0.00030450085267794553,
    3.56149879373215e-05,
    0.00031587851661241063,
    0.0006673301400808686,
    0.00018728263718046785,
    6.151480199923062e-05
  ],
  "mse_mean": 0.00022506305448786684,
  "mse_spatial": 0.0002523210965693062,
  "mse_gripper": 6.151480199923062e-05,
  "mse_per_dim_names": [
    "x",
    "y",
    "z",
    "roll",
    "pitch",
    "yaw",
    "gripper"
  ]
}