{
  "episode_id": 20,
  "step_id": 27,
  "instruction": "",
  "condition": "var_gripex",
  "condition_desc": "VAR(p=0.6,rho=0.5) + gripex",
  "predicted_action": [
    -0.0013271585282157647,
    -0.0010716421534033849,
    -0.0007608943585963902,
    0.0004997134208677839,
    0.004578319810769102,
    -0.008125701709120942,
    0.0
  ],
  "ground_truth_action": [
    -0.004022194538265467,
    0.003701810259371996,
    0.001906583202071488,
    0.012969366274774075,
    -0.005619619507342577,
    0.02205508202314377,
    0.0
  ],
  "action_token_ids": [
    31877,
    31874,
    31902,
    31872,
    31854,
    31876,
    31872
  ],
  "mse_per_dim": [
    7.263219095464618e-06,
    2.2785847937031106e-05,
    7.115436536666653e-06,
    0.0001554922422969333,
    0.0001039979663358881,
    0.0009108797066937342,
    0.0
  ],
  "mse_mean": 0.00017250491698510257,
  "mse_spatial": 0.00020125573648261966,
  "mse_gripper": 0.0,
  "mse_per_dim_names": [
    "x",
    "y",
    "z",
    "roll",
    "pitch",
    "yaw",
    "gripper"
  ]
}