{
  "episode_id": 22,
  "step_id": 43,
  "instruction": "",
  "condition": "var_gripex",
  "condition_desc": "VAR(p=0.6,rho=0.5) + gripex",
  "predicted_action": [
    -0.0013271585282157647,
    0.0005471569492535924,
    -0.005697574604521784,
    -0.009079200011842509,
    0.02132493748910283,
    0.0015450867332663376,
    0.1568627450980391
  ],
  "ground_truth_action": [
    0.0,
    0.0,
    0.0,
    0.0,
    0.0,
    0.0,
    1.0
  ],
  "action_token_ids": [
    31877,
    31869,
    31921,
    31887,
    31829,
    31870,
    31852
  ],
  "mse_per_dim": [
    1.7613497590158346e-06,
    2.9938072711649833e-07,
    3.246235637409156e-05,
    8.243187285504101e-05,
    0.0004547529589141433,
    2.3872930133156425e-06,
    0.7108804306036142
  ],
  "mse_mean": 0.10163636083075099,
  "mse_spatial": 9.56825352737873e-05,
  "mse_gripper": 0.7108804306036142,
  "mse_per_dim_names": [
    "x",
    "y",
    "z",
    "roll",
    "pitch",
    "yaw",
    "gripper"
  ]
}