{
  "episode_id": 21,
  "step_id": 9,
  "instruction": "moved the green object and put it on the table",
  "condition": "var_gripex",
  "condition_desc": "VAR(p=0.6,rho=0.5) + gripex",
  "predicted_action": [
    -0.0013271585282157647,
    -0.008841877846156886,
    -0.0020600207391030696,
    -0.05761236140424134,
    -0.01618748611036472,
    -0.03552626896255165,
    0.05490196078431375
  ],
  "ground_truth_action": [
    -0.0014816524926573038,
    -0.008493678644299507,
    -0.0001352019316982478,
    -0.018917664885520935,
    -0.006017821840941906,
    -0.027706533670425415,
    0.0
  ],
  "action_token_ids": [
    31877,
    31898,
    31907,
    31963,
    31885,
    31893,
    31865
  ],
  "mse_per_dim": [
    2.3868385048863553e-08,
    1.212426841741154e-07,
    3.7049274413393208e-06,
    0.0014972795386758732,
    0.00010342207135277502,
    6.114826003892456e-05,
    0.003014225297962325
  ],
  "mse_mean": 0.0006685607437914942,
  "mse_spatial": 0.00027761665142968917,
  "mse_gripper": 0.003014225297962325,
  "mse_per_dim_names": [
    "x",
    "y",
    "z",
    "roll",
    "pitch",
    "yaw",
    "gripper"
  ]
}