{
  "episode_id": 8,
  "step_id": 11,
  "instruction": "open the drawer",
  "condition": "baseline",
  "condition_desc": "no enhancement",
  "predicted_action": [
    -0.004330596826039271,
    -0.00284283601533393,
    -0.0008598512508615451,
    -0.016356929162866546,
    -0.005811124797328399,
    0.008757253504590973,
    -0.00390625
  ],
  "ground_truth_action": [
    -0.0001433447323506698,
    -0.010153822600841522,
    0.004910645075142384,
    -0.0188693068921566,
    -0.005031859967857599,
    -0.012611577287316322,
    0.0
  ],
  "action_token_ids": [
    31890,
    31879,
    31902,
    31898,
    31869,
    31865,
    31872
  ],
  "mse_per_dim": [
    1.7533080096099573e-05,
    5.345052485347196e-05,
    3.329862784842484e-05,
    6.3120418546326534e-06,
    6.072536744501539e-07,
    0.00045662692941316537,
    1.52587890625e-05
  ],
  "mse_mean": 8.329817811467779e-05,
  "mse_spatial": 9.463807629004076e-05,
  "mse_gripper": 1.52587890625e-05,
  "mse_per_dim_names": [
    "x",
    "y",
    "z",
    "roll",
    "pitch",
    "yaw",
    "gripper"
  ]
}