{
  "episode_id": 9,
  "step_id": 17,
  "instruction": "Move the can in the middle bottom of the table",
  "condition": "baseline",
  "condition_desc": "no enhancement",
  "predicted_action": [
    0.003467421154491581,
    -0.0002628749454743687,
    0.0035399244206200733,
    -0.0029988350399072633,
    -0.012483605278539492,
    -0.008903268357971755,
    0.03515625
  ],
  "ground_truth_action": [
    0.010718102566897869,
    0.010033036582171917,
    0.012381268665194511,
    -0.014901277609169483,
    -0.03197876363992691,
    0.052756909281015396,
    1.0
  ],
  "action_token_ids": [
    31855,
    31871,
    31885,
    31877,
    31879,
    31876,
    31867
  ],
  "mse_per_dim": [
    5.2572380944214044e-05,
    0.00010600579418511967,
    7.816936805106954e-05,
    0.00014166813911458542,
    0.0003800611995355738,
    0.003801977506471451,
    0.9309234619140625
  ],
  "mse_mean": 0.13364055947176637,
  "mse_spatial": 0.0007600757313836688,
  "mse_gripper": 0.9309234619140625,
  "mse_per_dim_names": [
    "x",
    "y",
    "z",
    "roll",
    "pitch",
    "yaw",
    "gripper"
  ]
}