{
  "episode_id": 5,
  "step_id": 18,
  "instruction": "take broccoli out of pan",
  "condition": "baseline",
  "condition_desc": "no enhancement",
  "predicted_action": [
    0.0007938149897381494,
    0.01457190120621811,
    0.04003218146055586,
    0.02498955264629313,
    0.01687530883878932,
    0.010362755492096698,
    -0.00390625
  ],
  "ground_truth_action": [
    -0.01579596847295761,
    0.018799902871251106,
    0.017308320850133896,
    0.04298017546534538,
    0.053922537714242935,
    0.03284323960542679,
    0.0
  ],
  "action_token_ids": [
    31867,
    31825,
    31744,
    31833,
    31835,
    31864,
    31872
  ],
  "mse_per_dim": [
    0.0002752209153391337,
    1.7875998079521785e-05,
    0.0005163738410418867,
    0.00032366250941740367,
    0.001372497167350244,
    0.0005053721659696866,
    1.52587890625e-05
  ],
  "mse_mean": 0.0004323230551800538,
  "mse_spatial": 0.0005018337661996461,
  "mse_gripper": 1.52587890625e-05,
  "mse_per_dim_names": [
    "x",
    "y",
    "z",
    "roll",
    "pitch",
    "yaw",
    "gripper"
  ]
}