{
  "episode_id": 8,
  "step_id": 30,
  "instruction": "open the drawer",
  "condition": "baseline",
  "condition_desc": "no enhancement",
  "predicted_action": [
    0.0007938149897381494,
    0.016184376874880335,
    0.016221630767831802,
    0.007814860202488338,
    -0.027163062337203905,
    0.028023277354659426,
    0.23828125
  ],
  "ground_truth_action": [
    -0.005438646301627159,
    0.016970425844192505,
    0.021094894036650658,
    -0.0046928259544074535,
    0.009403903968632221,
    0.04392269626259804,
    1.0
  ],
  "action_token_ids": [
    31867,
    31820,
    31836,
    31860,
    31901,
    31853,
    31841
  ],
  "mse_per_dim": [
    3.884357374836693e-05,
    6.178729821567244e-07,
    2.3748694887219035e-05,
    0.00015644221299940264,
    0.0013371430248121546,
    0.0002527915216101158,
    0.5802154541015625
  ],
  "mse_mean": 0.08314643442894312,
  "mse_spatial": 0.00030159781683990265,
  "mse_gripper": 0.5802154541015625,
  "mse_per_dim_names": [
    "x",
    "y",
    "z",
    "roll",
    "pitch",
    "yaw",
    "gripper"
  ]
}