{
  "episode_id": 6,
  "step_id": 33,
  "instruction": "Picked the piece of chocolate and put it into the drawer",
  "condition": "baseline",
  "condition_desc": "no enhancement",
  "predicted_action": [
    0.01081983810756353,
    0.0039295617930474175,
    -0.001895092585327808,
    0.0014538630010791642,
    -0.0018076365086017454,
    0.01517926145461379,
    -0.01171875
  ],
  "ground_truth_action": [
    0.012283160351216793,
    0.0007886296370998025,
    -0.002019296633079648,
    0.0026805868837982416,
    0.0007962863310240209,
    0.01237625814974308,
    0.0
  ],
  "action_token_ids": [
    31822,
    31858,
    31906,
    31870,
    31863,
    31861,
    31873
  ],
  "mse_per_dim": [
    2.141311988770422e-06,
    9.865454808265733e-06,
    1.542664547794134e-08,
    1.5048514844333687e-06,
    6.780414154724714e-06,
    7.856827527116124e-06,
    0.0001373291015625
  ],
  "mse_mean": 2.3641912595898328e-05,
  "mse_spatial": 4.694047768131384e-06,
  "mse_gripper": 0.0001373291015625,
  "mse_per_dim_names": [
    "x",
    "y",
    "z",
    "roll",
    "pitch",
    "yaw",
    "gripper"
  ]
}