{
  "episode_id": 6,
  "step_id": 18,
  "instruction": "Picked the piece of chocolate and put it into the drawer",
  "condition": "baseline",
  "condition_desc": "no enhancement",
  "predicted_action": [
    0.003467421154491581,
    -0.0018753506141365936,
    -0.0034479545870272042,
    -0.006815433360752771,
    0.006199340068851561,
    0.007151751517085275,
    -0.04296875
  ],
  "ground_truth_action": [
    -0.0009691327577456832,
    0.005371931940317154,
    -0.0048593636602163315,
    0.012331807985901833,
    0.014128000475466251,
    0.046293094754219055,
    0.0
  ],
  "action_token_ids": [
    31855,
    31876,
    31912,
    31883,
    31851,
    31866,
    31877
  ],
  "mse_per_dim": [
    1.9683010616187773e-05,
    5.252310442408963e-05,
    1.992075571880591e-06,
    0.0003666168511870396,
    6.286365584341943e-05,
    0.0015320447504071184,
    0.0018463134765625
  ],
  "mse_mean": 0.0005545767035160336,
  "mse_spatial": 0.0003392872413416226,
  "mse_gripper": 0.0018463134765625,
  "mse_per_dim_names": [
    "x",
    "y",
    "z",
    "roll",
    "pitch",
    "yaw",
    "gripper"
  ]
}