{
  "episode_id": 6,
  "step_id": 7,
  "instruction": "Picked the piece of chocolate and put it into the drawer",
  "condition": "baseline",
  "condition_desc": "no enhancement",
  "predicted_action": [
    0.004581423723138852,
    -0.015742641364631736,
    -0.0006010409172449785,
    -0.020173527483712053,
    -0.021825077952235025,
    0.018390265429625213,
    0.09765625
  ],
  "ground_truth_action": [
    0.005110752768814564,
    -0.012433976866304874,
    -0.004406436812132597,
    -0.02048354223370552,
    -0.023338908329606056,
    0.02227863110601902,
    1.0
  ],
  "action_token_ids": [
    31850,
    31919,
    31901,
    31904,
    31893,
    31859,
    31859
  ],
  "mse_per_dim": [
    2.8018923859595974e-07,
    1.0947260762488544e-05,
    1.448103791682754e-05,
    9.610914521351212e-08,
    2.291682411451318e-06,
    1.5119387633357467e-05,
    0.8142242431640625
  ],
  "mse_mean": 0.11632392269016721,
  "mse_spatial": 7.202611184655724e-06,
  "mse_gripper": 0.8142242431640625,
  "mse_per_dim_names": [
    "x",
    "y",
    "z",
    "roll",
    "pitch",
    "yaw",
    "gripper"
  ]
}