{
  "episode_id": 9,
  "step_id": 19,
  "instruction": "Move the can in the middle bottom of the table",
  "condition": "baseline",
  "condition_desc": "no enhancement",
  "predicted_action": [
    0.0005710144760086959,
    0.018119347677275,
    0.019586165104847158,
    -0.03925651908793959,
    0.009535580309457115,
    0.044078297229716484,
    0.21484375
  ],
  "ground_truth_action": [
    0.00980442389845848,
    0.008692334406077862,
    0.026029322296380997,
    -0.03140782192349434,
    -0.06810685247182846,
    0.04893117770552635,
    1.0
  ],
  "action_token_ids": [
    31868,
    31814,
    31823,
    31934,
    31846,
    31843,
    31844
  ],
  "mse_per_dim": [
    8.525584956258448e-05,
    8.886857921532699e-05,
    4.151427459481423e-05,
    6.160204717917091e-05,
    0.006028347368196449,
    2.3550448912496606e-05,
    0.6164703369140625
  ],
  "mse_mean": 0.08897135364024619,
  "mse_spatial": 0.0010548564279434737,
  "mse_gripper": 0.6164703369140625,
  "mse_per_dim_names": [
    "x",
    "y",
    "z",
    "roll",
    "pitch",
    "yaw",
    "gripper"
  ]
}