{
  "episode_id": 6,
  "step_id": 11,
  "instruction": "Picked the piece of chocolate and put it into the drawer",
  "condition": "baseline",
  "condition_desc": "no enhancement",
  "predicted_action": [
    0.006586628346703923,
    -0.002520340881601489,
    -0.0062948682568094265,
    0.009723159362911099,
    -0.013150853326660605,
    0.005546249529579578,
    0.12109375
  ],
  "ground_truth_action": [
    0.006745748221874237,
    -0.0056123328395187855,
    -0.004974869545549154,
    -0.0025124347303062677,
    -0.015052709728479385,
    0.023785937577486038,
    1.0
  ],
  "action_token_ids": [
    31841,
    31878,
    31923,
    31857,
    31880,
    31867,
    31856
  ],
  "mse_per_dim": [
    2.5319134674216286e-08,
    9.560414267825236e-06,
    1.7423965977287794e-06,
    0.0001497097628139757,
    3.617057773139077e-06,
    0.0003326862200849418,
    0.7724761962890625
  ],
  "mse_mean": 0.11042479106567639,
  "mse_spatial": 8.289019511204746e-05,
  "mse_gripper": 0.7724761962890625,
  "mse_per_dim_names": [
    "x",
    "y",
    "z",
    "roll",
    "pitch",
    "yaw",
    "gripper"
  ]
}