{
  "episode_id": 18,
  "step_id": 16,
  "instruction": "Pick up the blue fork and place it on the left of the pot",
  "condition": "baseline",
  "condition_desc": "no enhancement",
  "predicted_action": [
    -0.0012113896338269287,
    0.001672095856920304,
    -0.00810654059212539,
    0.009723159362911099,
    0.018877052983152648,
    0.011968257479602395,
    -0.00390625
  ],
  "ground_truth_action": [
    0.0006328875897452235,
    0.0009018793934956193,
    -0.004527400713413954,
    0.01044662855565548,
    0.011634349822998047,
    0.005434093531221151,
    0.9750919938087463
  ],
  "action_token_ids": [
    31876,
    31865,
    31930,
    31857,
    31832,
    31863,
    31872
  ],
  "mse_per_dim": [
    3.401358477387006e-06,
    5.932334005304287e-07,
    1.2810242271382509e-05,
    5.234076728502054e-07,
    5.2456749066113445e-05,
    4.269529850432517e-05,
    0.9584375613806095
  ],
  "mse_mean": 0.13693572023857173,
  "mse_spatial": 1.8746714898764793e-05,
  "mse_gripper": 0.9584375613806095,
  "mse_per_dim_names": [
    "x",
    "y",
    "z",
    "roll",
    "pitch",
    "yaw",
    "gripper"
  ]
}