{
  "episode_id": 14,
  "step_id": 50,
  "instruction": "move the silver pot to the lower right burner",
  "condition": "baseline",
  "condition_desc": "no enhancement",
  "predicted_action": [
    -0.0014341901475563822,
    0.022634279549529242,
    -0.0008598512508615451,
    0.023081253485870368,
    -0.018488837711629486,
    -0.015325276307994573,
    0.01171875
  ],
  "ground_truth_action": [
    -0.005035257898271084,
    0.011208852753043175,
    -0.0012913241516798735,
    -0.0022776497062295675,
    0.013796908780932426,
    -0.0071787964552640915,
    1.0
  ],
  "action_token_ids": [
    31877,
    31800,
    31902,
    31836,
    31888,
    31880,
    31870
  ],
  "mse_per_dim": [
    1.296768894523744e-05,
    0.00013054037748186188,
    1.8616886414058303e-07,
    0.0006430739711062963,
    0.0010423694265819738,
    6.636513399094364e-05,
    0.9766998291015625
  ],
  "mse_mean": 0.13979933312407614,
  "mse_spatial": 0.0003159171278284089,
  "mse_gripper": 0.9766998291015625,
  "mse_per_dim_names": [
    "x",
    "y",
    "z",
    "roll",
    "pitch",
    "yaw",
    "gripper"
  ]
}