{
  "episode_id": 15,
  "step_id": 77,
  "instruction": "sweep into pile",
  "condition": "baseline",
  "condition_desc": "no enhancement",
  "predicted_action": [
    0.008814633483998458,
    -0.011227709492377506,
    0.009751372427417655,
    0.030714450127561396,
    -0.008480116989812839,
    -0.04582981407060294,
    -0.03515625
  ],
  "ground_truth_action": [
    -0.0028449771925807,
    -0.02005515806376934,
    -0.002817236352711916,
    0.01965758390724659,
    0.019000796601176262,
    -0.04402875155210495,
    0.0
  ],
  "action_token_ids": [
    31831,
    31905,
    31861,
    31824,
    31873,
    31899,
    31876
  ],
  "mse_per_dim": [
    0.00013594652112939868,
    7.792384828056774e-05,
    0.00015796992666795013,
    0.00012225429061393865,
    0.0007552006117954095,
    3.2438261955383106e-06,
    0.0012359619140625
  ],
  "mse_mean": 0.0003555001341064719,
  "mse_spatial": 0.00020875650411380053,
  "mse_gripper": 0.0012359619140625,
  "mse_per_dim_names": [
    "x",
    "y",
    "z",
    "roll",
    "pitch",
    "yaw",
    "gripper"
  ]
}