{
  "episode_id": 13,
  "step_id": 18,
  "instruction": "",
  "condition": "baseline",
  "condition_desc": "no enhancement",
  "predicted_action": [
    -0.005221798880957081,
    0.0013496007231878562,
    0.007680889758485129,
    -0.005543233920470944,
    -0.015819845519145045,
    -0.010508770345477453,
    -0.00390625
  ],
  "ground_truth_action": [
    -0.00451902998611331,
    -0.006247301120311022,
    0.04626357927918434,
    0.001364145427942276,
    -0.066476970911026,
    -0.6997315883636475,
    -0.00875244289636612
  ],
  "action_token_ids": [
    31894,
    31866,
    31869,
    31881,
    31884,
    31877,
    31872
  ],
  "mse_per_dim": [
    4.938841195599359e-07,
    5.7712917619756654e-05,
    0.0014886239306506725,
    4.771188946288544e-05,
    0.0025661443529687504,
    0.47502809287690745,
    2.3485585588789437e-05
  ],
  "mse_mean": 0.06845889506247398,
  "mse_spatial": 0.07986479664195485,
  "mse_gripper": 2.3485585588789437e-05,
  "mse_per_dim_names": [
    "x",
    "y",
    "z",
    "roll",
    "pitch",
    "yaw",
    "gripper"
  ]
}