{
  "episode_id": 19,
  "step_id": 4,
  "instruction": "",
  "condition": "baseline",
  "condition_desc": "no enhancement",
  "predicted_action": [
    -0.0014341901475563822,
    0.013926910938753215,
    -0.009918212927441349,
    0.05043354145192984,
    0.04223073466739148,
    0.16288544430513854,
    -0.00390625
  ],
  "ground_truth_action": [
    -0.0025350190699100494,
    -0.002763716969639063,
    -0.04831840097904205,
    -0.0018362640403211117,
    -0.0014859900111332536,
    0.00985531136393547,
    1.0
  ],
  "action_token_ids": [
    31877,
    31827,
    31937,
    31793,
    31797,
    31769,
    31872
  ],
  "mse_per_dim": [
    1.2118243162903365e-06,
    0.0002785770599764032,
    0.0014745744423982974,
    0.0027321325661977475,
    0.0019111520166179335,
    0.023418221588002285,
    1.0078277587890625
  ],
  "mse_mean": 0.14823480404093878,
  "mse_spatial": 0.00496931158291816,
  "mse_gripper": 1.0078277587890625,
  "mse_per_dim_names": [
    "x",
    "y",
    "z",
    "roll",
    "pitch",
    "yaw",
    "gripper"
  ]
}