{
  "episode_id": 10,
  "step_id": 2,
  "instruction": "end effector reaching pot or pan",
  "condition": "baseline",
  "condition_desc": "no enhancement",
  "predicted_action": [
    -0.004776197853498174,
    0.022311784415796794,
    -0.01690609193508863,
    -0.008723732521175531,
    -0.016487093567266145,
    -0.020141782270511693,
    0.99609375
  ],
  "ground_truth_action": [
    0.000393366877688095,
    -0.01726716011762619,
    0.00885069277137518,
    -0.0019639127422124147,
    0.009534700773656368,
    0.03326444327831268,
    1.0
  ],
  "action_token_ids": [
    31892,
    31801,
    31964,
    31886,
    31885,
    31883,
    31744
  ],
  "mse_per_dim": [
    2.6724399509924966e-05,
    0.0015664928503797732,
    0.000663411958415128,
    4.5695163444060954e-05,
    0.0006771337807212669,
    0.0028522249273719015,
    1.52587890625e-05
  ],
  "mse_mean": 0.0008352774098435079,
  "mse_spatial": 0.000971947179973676,
  "mse_gripper": 1.52587890625e-05,
  "mse_per_dim_names": [
    "x",
    "y",
    "z",
    "roll",
    "pitch",
    "yaw",
    "gripper"
  ]
}