{
  "episode_id": 13,
  "step_id": 28,
  "instruction": "",
  "condition": "baseline",
  "condition_desc": "no enhancement",
  "predicted_action": [
    -0.010123410183005048,
    5.962018825807214e-05,
    -0.012765126597223574,
    0.000817763280938244,
    -0.009814613086055052,
    0.0023352455545681827,
    -0.00390625
  ],
  "ground_truth_action": [
    0.002902570180594921,
    -0.0003255161573179066,
    -0.023377619683742523,
    -0.01943652145564556,
    -0.010139672085642815,
    -0.16821196675300598,
    0.0012777633965015411
  ],
  "action_token_ids": [
    31916,
    31870,
    31948,
    31871,
    31875,
    31869,
    31872
  ],
  "mse_per_dim": [
    0.00016967616443289198,
    1.4833000468361972e-07,
    0.00011262500951141249,
    0.0004102360501906117,
    1.0566335321299722e-07,
    0.029086351625884778,
    2.6873994895107445e-05
  ],
  "mse_mean": 0.004258002405467529,
  "mse_spatial": 0.004963190473896265,
  "mse_gripper": 2.6873994895107445e-05,
  "mse_per_dim_names": [
    "x",
    "y",
    "z",
    "roll",
    "pitch",
    "yaw",
    "gripper"
  ]
}