{
  "episode_id": 19,
  "step_id": 13,
  "instruction": "",
  "condition": "baseline",
  "condition_desc": "no enhancement",
  "predicted_action": [
    -0.0036621952848509103,
    -0.0002628749454743687,
    -0.0026715235861775044,
    -0.0010905358794845166,
    0.007533836165093788,
    0.03765628927969364,
    0.21484375
  ],
  "ground_truth_action": [
    -0.006988998036831617,
    0.012642075307667255,
    0.008119670674204826,
    -0.0048842113465070724,
    0.0056051346473395824,
    0.0389322005212307,
    -0.006331020966172218
  ],
  "action_token_ids": [
    31887,
    31871,
    31909,
    31874,
    31849,
    31847,
    31844
  ],
  "mse_per_dim": [
    1.1067616550586406e-05,
    0.00016653774103606006,
    0.00011644987356530856,
    1.4391973549088808e-05,
    3.7198895445873758e-06,
    1.6279494962806388e-06,
    0.048918279311938734
  ],
  "mse_mean": 0.0070331534793829495,
  "mse_spatial": 5.2299173956985307e-05,
  "mse_gripper": 0.048918279311938734,
  "mse_per_dim_names": [
    "x",
    "y",
    "z",
    "roll",
    "pitch",
    "yaw",
    "gripper"
  ]
}