{
  "episode_id": 15,
  "step_id": 47,
  "instruction": "sweep into pile",
  "condition": "baseline",
  "condition_desc": "no enhancement",
  "predicted_action": [
    -0.0027709932299330997,
    0.040694007038546164,
    -0.0011186615844781117,
    0.06888043333601647,
    0.008868332261336001,
    0.010362755492096698,
    0.16015625
  ],
  "ground_truth_action": [
    -0.009294409304857254,
    0.071942999958992,
    -0.00814192183315754,
    0.03390765190124512,
    0.013476329855620861,
    0.030047453939914703,
    0.0
  ],
  "action_token_ids": [
    31883,
    31744,
    31903,
    31764,
    31847,
    31864,
    31851
  ],
  "mse_per_dim": [
    4.255495728657886e-05,
    0.0009764995585420743,
    4.932618452068062e-05,
    0.0012230954412842878,
    2.1233641828935057e-05,
    0.0003874873529815286,
    0.0256500244140625
  ],
  "mse_mean": 0.004050031650072369,
  "mse_spatial": 0.00045003285607401414,
  "mse_gripper": 0.0256500244140625,
  "mse_per_dim_names": [
    "x",
    "y",
    "z",
    "roll",
    "pitch",
    "yaw",
    "gripper"
  ]
}