{
  "episode_id": 14,
  "step_id": 30,
  "instruction": "move the silver pot to the lower right burner",
  "condition": "baseline",
  "condition_desc": "no enhancement",
  "predicted_action": [
    -0.010791811724193405,
    -0.00510030195146105,
    0.009233751760184521,
    0.05297794033249352,
    0.01754255688691042,
    0.05210580716724497,
    0.26171875
  ],
  "ground_truth_action": [
    -0.01212357822805643,
    -0.008237327449023724,
    -0.002705750986933708,
    -0.01715257205069065,
    0.0031784591265022755,
    0.0620994009077549,
    0.0
  ],
  "action_token_ids": [
    31919,
    31886,
    31863,
    31789,
    31834,
    31838,
    31838
  ],
  "mse_per_dim": [
    1.7736020208115467e-06,
    9.840928972358337e-06,
    0.00014255172584844375,
    0.004918288767127949,
    0.0002063273044705623,
    9.987191585035918e-05,
    0.0684967041015625
  ],
  "mse_mean": 0.010553622620836142,
  "mse_spatial": 0.0008964423740484141,
  "mse_gripper": 0.0684967041015625,
  "mse_per_dim_names": [
    "x",
    "y",
    "z",
    "roll",
    "pitch",
    "yaw",
    "gripper"
  ]
}