{
  "episode_id": 12,
  "step_id": 43,
  "instruction": "",
  "condition": "baseline",
  "condition_desc": "no enhancement",
  "predicted_action": [
    -0.0014341901475563822,
    0.025214240619388796,
    -0.01354155759807327,
    0.06506383501517098,
    -0.030499302577809452,
    -0.02335278624552309,
    -0.12890625
  ],
  "ground_truth_action": [
    0.003691571531817317,
    -0.003546059364452958,
    0.0029409995768219233,
    -0.0007235481753014028,
    -0.0056394473649561405,
    -0.01182137057185173,
    1.0
  ],
  "action_token_ids": [
    31877,
    31792,
    31951,
    31770,
    31906,
    31885,
    31888
  ],
  "mse_per_dim": [
    2.6273432793735885e-05,
    0.000827154855160568,
    0.000271674691023689,
    0.0043279797870500476,
    0.00061801240120403,
    0.00013297354743899346,
    1.2744293212890625
  ],
  "mse_mean": 0.18294762714339052,
  "mse_spatial": 0.0010340114524451773,
  "mse_gripper": 1.2744293212890625,
  "mse_per_dim_names": [
    "x",
    "y",
    "z",
    "roll",
    "pitch",
    "yaw",
    "gripper"
  ]
}