{
  "episode_id": 15,
  "step_id": 59,
  "instruction": "sweep into pile",
  "condition": "baseline",
  "condition_desc": "no enhancement",
  "predicted_action": [
    0.005027024750597752,
    -0.010260224091180173,
    -0.0052596269223431635,
    -0.015084729722584705,
    0.018209804935031534,
    0.01999576741713091,
    -0.06640625
  ],
  "ground_truth_action": [
    0.0008641087915748358,
    -0.0028890627436339855,
    -0.00424434756860137,
    -0.01413252204656601,
    0.025003381073474884,
    0.015906304121017456,
    0.0
  ],
  "action_token_ids": [
    31848,
    31902,
    31919,
    31896,
    31833,
    31858,
    31880
  ],
  "mse_per_dim": [
    1.7329869281887686e-05,
    5.4334019611558923e-05,
    1.0307921661343541e-06,
    9.066994582689258e-07,
    4.6152676748826853e-05,
    1.672371005025912e-05,
    0.0044097900390625
  ],
  "mse_mean": 0.0006494668294827765,
  "mse_spatial": 2.2746294552822646e-05,
  "mse_gripper": 0.0044097900390625,
  "mse_per_dim_names": [
    "x",
    "y",
    "z",
    "roll",
    "pitch",
    "yaw",
    "gripper"
  ]
}