{
  "episode_id": 23,
  "step_id": 13,
  "instruction": "",
  "condition": "baseline",
  "condition_desc": "no enhancement",
  "predicted_action": [
    -0.007895405045710516,
    -0.0018753506141365936,
    -0.010177023261057915,
    0.003362162161501911,
    0.04289798271551258,
    -0.034591300158063,
    0.99609375
  ],
  "ground_truth_action": [
    0.0015837696846574545,
    0.00298241782002151,
    -0.010211731307208538,
    0.026319552212953568,
    0.0018315721536055207,
    -0.09045868366956711,
    0.9936407804489136
  ],
  "action_token_ids": [
    31906,
    31876,
    31938,
    31867,
    31796,
    31892,
    31744
  ],
  "mse_per_dim": [
    8.98547535688467e-05,
    2.3597914159902874e-05,
    1.204648467593767e-09,
    0.0005270417579744915,
    0.0016864500764391117,
    0.003121164540421481,
    6.017059618557141e-06
  ],
  "mse_mean": 0.0007791610438329799,
  "mse_spatial": 0.0009080183745353836,
  "mse_gripper": 6.017059618557141e-06,
  "mse_per_dim_names": [
    "x",
    "y",
    "z",
    "roll",
    "pitch",
    "yaw",
    "gripper"
  ]
}