{
  "episode_id": 26,
  "step_id": 17,
  "instruction": "take out the object from the silver pot and put it on the orange cloth",
  "condition": "baseline",
  "condition_desc": "no enhancement",
  "predicted_action": [
    -0.010569011210463952,
    -0.013485175428504623,
    0.03226787145205888,
    0.03389494872826598,
    -0.08721538666810374,
    -0.02816929220804021,
    0.13671875
  ],
  "ground_truth_action": [
    -0.0072138430550694466,
    -0.019633296877145767,
    0.009308664128184319,
    0.0095729511231184,
    -0.01985863409936428,
    -0.02807932160794735,
    0.0
  ],
  "action_token_ids": [
    31918,
    31912,
    31774,
    31819,
    31991,
    31888,
    31854
  ],
  "mse_per_dim": [
    1.1257153350973364e-05,
    3.7799397347241287e-05,
    0.0005271252009406553,
    0.0005915595675048047,
    0.004536932116606391,
    8.094708881069172e-09,
    0.0186920166015625
  ],
  "mse_mean": 0.0034852425902887783,
  "mse_spatial": 0.0009507802550764912,
  "mse_gripper": 0.0186920166015625,
  "mse_per_dim_names": [
    "x",
    "y",
    "z",
    "roll",
    "pitch",
    "yaw",
    "gripper"
  ]
}