{
  "episode_id": 28,
  "step_id": 26,
  "instruction": "Move the bowl closer to the bottom right of the table.",
  "condition": "baseline",
  "condition_desc": "no enhancement",
  "predicted_action": [
    0.003690221668221038,
    0.012959425537555878,
    0.04003218146055586,
    -0.020809627203852973,
    -0.09255337105307263,
    0.08742685089237048,
    0.62890625
  ],
  "ground_truth_action": [
    0.004345378838479519,
    0.024063842371106148,
    0.036266397684812546,
    -0.08815980702638626,
    -0.04795677587389946,
    0.12426077574491501,
    1.0
  ],
  "action_token_ids": [
    31854,
    31830,
    31744,
    31905,
    31999,
    31816,
    31791
  ],
  "mse_per_dim": [
    4.292309177411001e-07,
    0.00012330807321323458,
    1.4181127445651551e-05,
    0.00453604672212757,
    0.001988856301575051,
    0.0013567380200428972,
    0.1377105712890625
  ],
  "mse_mean": 0.02081859010919781,
  "mse_spatial": 0.0013365932458870241,
  "mse_gripper": 0.1377105712890625,
  "mse_per_dim_names": [
    "x",
    "y",
    "z",
    "roll",
    "pitch",
    "yaw",
    "gripper"
  ]
}