{
  "episode_id": 29,
  "step_id": 18,
  "instruction": "",
  "condition": "baseline",
  "condition_desc": "no enhancement",
  "predicted_action": [
    -0.0012113896338269287,
    -0.0015528554804041528,
    -0.005777247589576297,
    0.03198664956784322,
    -0.023826822096598352,
    -0.031380296183051604,
    0.99609375
  ],
  "ground_truth_action": [
    0.012735669501125813,
    -0.002535007195547223,
    -0.012100539170205593,
    -0.03654628247022629,
    -0.0019851906690746546,
    -0.007884228602051735,
    0.0
  ],
  "action_token_ids": [
    31876,
    31875,
    31921,
    31822,
    31896,
    31890,
    31744
  ],
  "mse_per_dim": [
    0.0001945204585138687,
    9.646219915584747e-07,
    3.998401641365735e-05,
    0.004696762773734655,
    0.00047705686341579086,
    0.000552065191770913,
    0.9922027587890625
  ],
  "mse_mean": 0.14259487324498613,
  "mse_spatial": 0.000993558987640074,
  "mse_gripper": 0.9922027587890625,
  "mse_per_dim_names": [
    "x",
    "y",
    "z",
    "roll",
    "pitch",
    "yaw",
    "gripper"
  ]
}