{
  "episode_id": 25,
  "step_id": 26,
  "instruction": "",
  "condition": "baseline",
  "condition_desc": "no enhancement",
  "predicted_action": [
    -0.012128614806570123,
    0.02489174548565635,
    -0.007588919924892256,
    0.023717353206011288,
    0.006199340068851561,
    0.028023277354659426,
    -0.00390625
  ],
  "ground_truth_action": [
    0.014201048761606216,
    -0.0052086906507611275,
    0.0096255699172616,
    0.006852140184491873,
    -0.001926215598359704,
    0.028259092941880226,
    3.607202597777359e-05
  ],
  "action_token_ids": [
    31925,
    31793,
    31928,
    31835,
    31851,
    31853,
    31872
  ],
  "mse_per_dim": [
    0.0006932511836133524,
    0.000906036255602547,
    0.0002963386605256183,
    0.000284435410261228,
    6.602465490094911e-05,
    5.5608991176290776e-08,
    1.5541902956509496e-05
  ],
  "mse_mean": 0.0003230976681216258,
  "mse_spatial": 0.00037435696231581184,
  "mse_gripper": 1.5541902956509496e-05,
  "mse_per_dim_names": [
    "x",
    "y",
    "z",
    "roll",
    "pitch",
    "yaw",
    "gripper"
  ]
}