{
  "episode_id": 23,
  "step_id": 29,
  "instruction": "",
  "condition": "baseline",
  "condition_desc": "no enhancement",
  "predicted_action": [
    -0.0014341901475563822,
    -0.02509500024287265,
    -0.005000816588726597,
    0.01926465516502486,
    -0.005143876749207299,
    0.028023277354659426,
    -0.22265625
  ],
  "ground_truth_action": [
    -0.0003488368820399046,
    0.0013586812419816852,
    -0.009844834916293621,
    0.028671273961663246,
    -0.0034065397921949625,
    0.12896589934825897,
    0.00235722865909338
  ],
  "action_token_ids": [
    31877,
    31948,
    31918,
    31842,
    31868,
    31853,
    31900
  ],
  "mse_per_dim": [
    1.1779917109672815e-06,
    0.000699797264102125,
    2.346451355780523e-05,
    8.848447718527059e-05,
    3.018339702200885e-06,
    0.010189412934942728,
    0.05063106557826627
  ],
  "mse_mean": 0.008805203014209624,
  "mse_spatial": 0.0018342259202001826,
  "mse_gripper": 0.05063106557826627,
  "mse_per_dim_names": [
    "x",
    "y",
    "z",
    "roll",
    "pitch",
    "yaw",
    "gripper"
  ]
}