{
  "episode_id": 20,
  "step_id": 34,
  "instruction": "",
  "condition": "baseline",
  "condition_desc": "no enhancement",
  "predicted_action": [
    0.003244620640762131,
    -0.0009078652129392573,
    -0.0034479545870272042,
    0.016084156564320273,
    -0.0031421326048439585,
    -0.010508770345477453,
    0.99609375
  ],
  "ground_truth_action": [
    -0.04221421852707863,
    -0.003031664527952671,
    0.015299869701266289,
    -0.018755408003926277,
    -0.01672462373971939,
    -0.03965132310986519,
    1.0
  ],
  "action_token_ids": [
    31856,
    31873,
    31912,
    31847,
    31865,
    31877,
    31744
  ],
  "mse_per_dim": [
    0.002066506058487613,
    4.5105235304514456e-06,
    0.0003514809155447274,
    0.0012137952593050205,
    0.0001844840654289697,
    0.0008492883816251232,
    1.52587890625e-05
  ],
  "mse_mean": 0.0006693319989977721,
  "mse_spatial": 0.0007783442006536507,
  "mse_gripper": 1.52587890625e-05,
  "mse_per_dim_names": [
    "x",
    "y",
    "z",
    "roll",
    "pitch",
    "yaw",
    "gripper"
  ]
}