{
  "episode_id": 22,
  "step_id": 42,
  "instruction": "",
  "condition": "baseline",
  "condition_desc": "no enhancement",
  "predicted_action": [
    -0.0014341901475563822,
    0.028116696822980798,
    -0.008882971592975086,
    -0.011268131401739198,
    0.02821852565684818,
    0.09384885884239327,
    0.99609375
  ],
  "ground_truth_action": [
    0.0,
    0.0,
    0.0,
    0.0,
    0.0,
    0.0,
    1.0
  ],
  "action_token_ids": [
    31877,
    31783,
    31933,
    31890,
    31818,
    31812,
    31744
  ],
  "mse_per_dim": [
    2.0569013793477974e-06,
    0.0007905486402354185,
    7.890718432160233e-05,
    0.000126970785286861,
    0.0007962851902461991,
    0.008807608306019458,
    1.52587890625e-05
  ],
  "mse_mean": 0.001516805113793055,
  "mse_spatial": 0.001767062834581481,
  "mse_gripper": 1.52587890625e-05,
  "mse_per_dim_names": [
    "x",
    "y",
    "z",
    "roll",
    "pitch",
    "yaw",
    "gripper"
  ]
}