{
  "episode_id": 21,
  "step_id": 8,
  "instruction": "moved the green object and put it on the table",
  "condition": "baseline",
  "condition_desc": "no enhancement",
  "predicted_action": [
    -0.0018797911750152857,
    -0.0005853700792068164,
    -0.002930333919794071,
    -0.005543233920470944,
    0.008201084213214901,
    0.0007297435670624575,
    -0.05078125
  ],
  "ground_truth_action": [
    -0.003910234663635492,
    -0.008886968716979027,
    -0.005216483026742935,
    -0.018943017348647118,
    0.006576490588486195,
    -0.03528149425983429,
    0.0
  ],
  "action_token_ids": [
    31879,
    31872,
    31910,
    31881,
    31848,
    31870,
    31878
  ],
  "mse_per_dim": [
    4.122700760480195e-06,
    6.891653994266143e-05,
    5.226477739203089e-06,
    0.00017955419592202482,
    2.6393044455091585e-06,
    0.0012968092498253192,
    0.0025787353515625
  ],
  "mse_mean": 0.0005908576885996712,
  "mse_spatial": 0.000259544744772533,
  "mse_gripper": 0.0025787353515625,
  "mse_per_dim_names": [
    "x",
    "y",
    "z",
    "roll",
    "pitch",
    "yaw",
    "gripper"
  ]
}