{
  "episode_id": 23,
  "step_id": 26,
  "instruction": "",
  "condition": "baseline",
  "condition_desc": "no enhancement",
  "predicted_action": [
    -0.0014341901475563822,
    -0.017355117033293965,
    -0.024411591609969037,
    0.024353452926152208,
    0.05691019172605587,
    -0.09881137965829115,
    0.07421875
  ],
  "ground_truth_action": [
    -0.0009671430452726781,
    0.022969849407672882,
    0.0004372130206320435,
    0.005941588897258043,
    0.014840560033917427,
    -0.29126325249671936,
    0.002126597333699465
  ],
  "action_token_ids": [
    31877,
    31924,
    31993,
    31834,
    31775,
    31932,
    31862
  ],
  "mse_per_dim": [
    2.181329957516047e-07,
    0.0016261029184651027,
    0.0006174630915697817,
    0.00033899673701848687,
    0.0017698539107121791,
    0.037037723359018546,
    0.005197278476061183
  ],
  "mse_mean": 0.006655376660834433,
  "mse_spatial": 0.006898393024963308,
  "mse_gripper": 0.005197278476061183,
  "mse_per_dim_names": [
    "x",
    "y",
    "z",
    "roll",
    "pitch",
    "yaw",
    "gripper"
  ]
}