{
  "episode_id": 28,
  "step_id": 3,
  "instruction": "Move the bowl closer to the bottom right of the table.",
  "condition": "baseline",
  "condition_desc": "no enhancement",
  "predicted_action": [
    0.002799019613303224,
    -0.005745292218925939,
    0.005351596755936033,
    -0.006815433360752771,
    -0.0044766287010861855,
    0.010362755492096698,
    0.26171875
  ],
  "ground_truth_action": [
    0.041141871362924576,
    -0.01108528207987547,
    0.025431646034121513,
    -0.017989736050367355,
    -0.08430113643407822,
    -0.013019325211644173,
    1.0
  ],
  "action_token_ids": [
    31858,
    31888,
    31878,
    31883,
    31867,
    31864,
    31838
  ],
  "mse_per_dim": [
    0.0014701742802934409,
    2.8515491715043785e-05,
    0.00040320837901435723,
    0.00012486504059912773,
    0.006371952034814505,
    0.0005467216980362512,
    0.5450592041015625
  ],
  "mse_mean": 0.07914352014657645,
  "mse_spatial": 0.0014909061540787874,
  "mse_gripper": 0.5450592041015625,
  "mse_per_dim_names": [
    "x",
    "y",
    "z",
    "roll",
    "pitch",
    "yaw",
    "gripper"
  ]
}