{
  "episode_id": 28,
  "step_id": 16,
  "instruction": "Move the bowl closer to the bottom right of the table.",
  "condition": "baseline",
  "condition_desc": "no enhancement",
  "predicted_action": [
    -0.028615852822549644,
    -0.04154225206322735,
    -0.01664728160147206,
    -0.004271034480189104,
    0.02821852565684818,
    0.06494982306729061,
    -0.71484375
  ],
  "ground_truth_action": [
    -0.023073621094226837,
    -0.03529852628707886,
    -0.02438897266983986,
    0.04961074888706207,
    0.042262740433216095,
    -0.1339331418275833,
    0.0
  ],
  "action_token_ids": [
    31999,
    31999,
    31963,
    31879,
    31818,
    31830,
    31963
  ],
  "mse_per_dim": [
    3.0716332530428e-05,
    3.898411156774108e-05,
    5.993378059804576e-05,
    0.0029032465788353854,
    0.00019723996868475086,
    0.039554433725375655,
    0.5110015869140625
  ],
  "mse_mean": 0.07911230591595064,
  "mse_spatial": 0.007130759082932001,
  "mse_gripper": 0.5110015869140625,
  "mse_per_dim_names": [
    "x",
    "y",
    "z",
    "roll",
    "pitch",
    "yaw",
    "gripper"
  ]
}