{
  "episode_id": 26,
  "step_id": 21,
  "instruction": "take out the object from the silver pot and put it on the orange cloth",
  "condition": "baseline",
  "condition_desc": "no enhancement",
  "predicted_action": [
    -0.0009885891200974752,
    -0.018645097568223745,
    -0.021823488273803378,
    -0.05579511181160346,
    0.04289798271551258,
    0.0697663290298077,
    -0.21484375
  ],
  "ground_truth_action": [
    -0.006703972816467285,
    -0.008687106892466545,
    -0.017372876405715942,
    -0.047655243426561356,
    0.06214316189289093,
    0.013838715851306915,
    0.0
  ],
  "action_token_ids": [
    31875,
    31928,
    31983,
    31960,
    31796,
    31827,
    31899
  ],
  "mse_per_dim": [
    3.266561079672983e-05,
    9.916157829846734e-05,
    1.980794600036073e-05,
    6.625745732580795e-05,
    0.0003703769215693972,
    0.0031278979158440145,
    0.0461578369140625
  ],
  "mse_mean": 0.007124857763413897,
  "mse_spatial": 0.0006193612383057962,
  "mse_gripper": 0.0461578369140625,
  "mse_per_dim_names": [
    "x",
    "y",
    "z",
    "roll",
    "pitch",
    "yaw",
    "gripper"
  ]
}