{
  "episode_id": 28,
  "step_id": 12,
  "instruction": "Move the bowl closer to the bottom right of the table.",
  "condition": "baseline",
  "condition_desc": "no enhancement",
  "predicted_action": [
    -0.0014341901475563822,
    -0.0009078652129392573,
    0.005869217423169166,
    -0.008723732521175531,
    0.0015286037320037943,
    -0.02335278624552309,
    -0.07421875
  ],
  "ground_truth_action": [
    -0.0014988515758886933,
    0.0013329364592209458,
    0.03043047897517681,
    -0.006752307061105967,
    -0.07291509211063385,
    -0.03096308559179306,
    0.0
  ],
  "action_token_ids": [
    31877,
    31873,
    31876,
    31886,
    31858,
    31885,
    31881
  ],
  "mse_per_dim": [
    4.1811003139746135e-09,
    5.021192133955963e-06,
    0.000603255569026129,
    3.886518344610494e-06,
    0.005541863850711145,
    5.7916656139837164e-05,
    0.0055084228515625
  ],
  "mse_mean": 0.001674338688431213,
  "mse_spatial": 0.0010353246612426652,
  "mse_gripper": 0.0055084228515625,
  "mse_per_dim_names": [
    "x",
    "y",
    "z",
    "roll",
    "pitch",
    "yaw",
    "gripper"
  ]
}