{
  "episode_id": 28,
  "step_id": 17,
  "instruction": "Move the bowl closer to the bottom right of the table.",
  "condition": "baseline",
  "condition_desc": "no enhancement",
  "predicted_action": [
    -0.010123410183005048,
    -0.018645097568223745,
    -0.012765126597223574,
    0.02626175208657497,
    0.02021154907939486,
    -0.10362788562080827,
    -0.61328125
  ],
  "ground_truth_action": [
    -0.010826113633811474,
    -0.01631776988506317,
    -0.02266583777964115,
    0.042915523052215576,
    0.037949491292238235,
    -0.06176770105957985,
    0.0
  ],
  "action_token_ids": [
    31916,
    31928,
    31948,
    31831,
    31830,
    31935,
    31950
  ],
  "mse_per_dim": [
    4.93792139775259e-07,
    5.416454144805564e-06,
    9.802408191764845e-05,
    0.0002773480873760141,
    0.0003146345939461709,
    0.0017522750515001062,
    0.3761138916015625
  ],
  "mse_mean": 0.05408029766608386,
  "mse_spatial": 0.0004080320101707534,
  "mse_gripper": 0.3761138916015625,
  "mse_per_dim_names": [
    "x",
    "y",
    "z",
    "roll",
    "pitch",
    "yaw",
    "gripper"
  ]
}