{
  "episode_id": 23,
  "step_id": 22,
  "instruction": "",
  "condition": "baseline",
  "condition_desc": "no enhancement",
  "predicted_action": [
    -0.006558601963333799,
    0.001994590990652745,
    -0.0003422305836284119,
    -0.07106150509498549,
    -0.037171783059020545,
    -0.01211427233298315,
    0.99609375
  ],
  "ground_truth_action": [
    -0.003667808836326003,
    -0.006605229340493679,
    0.024483056738972664,
    -0.042960718274116516,
    -0.003661761526018381,
    0.4202288091182709,
    -0.0017458314541727304
  ],
  "action_token_ids": [
    31900,
    31864,
    31900,
    31984,
    31916,
    31878,
    31744
  ],
  "mse_per_dim": [
    8.356684903155511e-06,
    7.395690972799939e-05,
    0.0006162948906496976,
    0.0007896542199519233,
    0.0011229215431422686,
    0.18692054007876566,
    0.9956838303166387
  ],
  "mse_mean": 0.16931650780625418,
  "mse_spatial": 0.03158862072119011,
  "mse_gripper": 0.9956838303166387,
  "mse_per_dim_names": [
    "x",
    "y",
    "z",
    "roll",
    "pitch",
    "yaw",
    "gripper"
  ]
}