{
  "episode_id": 27,
  "step_id": 25,
  "instruction": "sweep into pile",
  "condition": "baseline",
  "condition_desc": "no enhancement",
  "predicted_action": [
    -0.004776197853498174,
    -0.023160029440477976,
    -0.0003422305836284119,
    -0.004907134200330024,
    -0.0031421326048439585,
    -0.010508770345477453,
    0.35546875
  ],
  "ground_truth_action": [
    -0.0033090049400925636,
    -0.017161143943667412,
    0.003057901980355382,
    -0.01433308981359005,
    0.00525051262229681,
    -0.014537711627781391,
    0.0
  ],
  "action_token_ids": [
    31892,
    31942,
    31900,
    31880,
    31865,
    31877,
    31826
  ],
  "mse_per_dim": [
    2.152655045147644e-06,
    3.598662720384412e-05,
    1.1560901452663009e-05,
    8.88486392231482e-05,
    7.043649390864872e-05,
    1.62323678562529e-05,
    0.1263580322265625
  ],
  "mse_mean": 0.01808332141589317,
  "mse_spatial": 3.753628078161743e-05,
  "mse_gripper": 0.1263580322265625,
  "mse_per_dim_names": [
    "x",
    "y",
    "z",
    "roll",
    "pitch",
    "yaw",
    "gripper"
  ]
}