{
  "episode_id": 27,
  "step_id": 35,
  "instruction": "sweep into pile",
  "condition": "baseline",
  "condition_desc": "no enhancement",
  "predicted_action": [
    0.023965068417601255,
    0.010056969333963876,
    -0.023117539941886207,
    0.02244515376572946,
    0.04423247881175481,
    -0.036196802145568724,
    -0.00390625
  ],
  "ground_truth_action": [
    0.013324994593858719,
    -0.0020894010085612535,
    -0.009522286243736744,
    0.039268191903829575,
    0.00202166591770947,
    -0.021235745400190353,
    0.0
  ],
  "action_token_ids": [
    31763,
    31839,
    31988,
    31837,
    31794,
    31893,
    31872
  ],
  "mse_per_dim": [
    0.00011321117097469111,
    0.00014753431249777405,
    0.00018483092311704667,
    0.00028301461219597094,
    0.0017817527251761042,
    0.00022383321893843164,
    1.52587890625e-05
  ],
  "mse_mean": 0.0003927765359946455,
  "mse_spatial": 0.00045569616048333643,
  "mse_gripper": 1.52587890625e-05,
  "mse_per_dim_names": [
    "x",
    "y",
    "z",
    "roll",
    "pitch",
    "yaw",
    "gripper"
  ]
}