{
  "episode_id": 29,
  "step_id": 14,
  "instruction": "",
  "condition": "baseline",
  "condition_desc": "no enhancement",
  "predicted_action": [
    -0.0012113896338269287,
    0.006509522862906979,
    0.008974941426567958,
    0.0027260624413609907,
    -0.0625272088876227,
    0.007151751517085275,
    -0.08984375
  ],
  "ground_truth_action": [
    0.021037569269537926,
    0.009120441973209381,
    0.033448826521635056,
    0.004995555151253939,
    -0.08456026017665863,
    0.04083671048283577,
    0.0
  ],
  "action_token_ids": [
    31876,
    31850,
    31864,
    31868,
    31954,
    31866,
    31883
  ],
  "mse_per_dim": [
    0.0004950161722836182,
    6.816898600542288e-06,
    0.0005989710516465474,
    5.1505971602572364e-06,
    0.00048545534910528795,
    0.0011346764605242945,
    0.0080718994140625
  ],
  "mse_mean": 0.0015425694204832926,
  "mse_spatial": 0.0004543477548867579,
  "mse_gripper": 0.0080718994140625,
  "mse_per_dim_names": [
    "x",
    "y",
    "z",
    "roll",
    "pitch",
    "yaw",
    "gripper"
  ]
}