{
  "episode_id": 27,
  "step_id": 53,
  "instruction": "sweep into pile",
  "condition": "baseline",
  "condition_desc": "no enhancement",
  "predicted_action": [
    -0.002993793743662553,
    -0.0005853700792068164,
    0.027091664779727565,
    -0.02335402608441664,
    -0.020490581855992812,
    -0.08436186177073983,
    0.99609375
  ],
  "ground_truth_action": [
    0.00048471198533661664,
    0.004218896385282278,
    0.014244956895709038,
    -0.005876998882740736,
    -0.011221325024962425,
    -0.009029564447700977,
    1.0
  ],
  "action_token_ids": [
    31884,
    31872,
    31794,
    31909,
    31891,
    31923,
    31744
  ],
  "mse_per_dim": [
    1.2100002106680045e-05,
    2.3080976261814542e-05,
    0.0001650379034573038,
    0.00030544647980811947,
    8.591912219960349e-05,
    0.005674955019966727,
    1.52587890625e-05
  ],
  "mse_mean": 0.0008973997561232497,
  "mse_spatial": 0.0010444232506333746,
  "mse_gripper": 1.52587890625e-05,
  "mse_per_dim_names": [
    "x",
    "y",
    "z",
    "roll",
    "pitch",
    "yaw",
    "gripper"
  ]
}