{
  "episode_id": 1,
  "step_id": 37,
  "instruction": "put the blue cube on the right side of the table on top of the rectangular block",
  "condition": "sam_var_obj_laysel",
  "condition_desc": "VAR(p=0.6,rho=0.5) + obj_redirect + L8-24 + SAM2",
  "predicted_action": [
    -0.0013271585282157647,
    0.0015184364108477844,
    -0.0015403701869003972,
    0.015825974913204255,
    0.0018988609822357116,
    -0.009737499782852183,
    0.0
  ],
  "ground_truth_action": [
    -0.0027677109465003014,
    0.0021453797817230225,
    -0.0008008196600712836,
    -0.005414335057139397,
    -0.000532986072357744,
    0.01841532066464424,
    0.0
  ],
  "action_token_ids": [
    31877,
    31866,
    31905,
    31848,
    31858,
    31877,
    31872
  ],
  "mse_per_dim": [
    2.075191269825427e-06,
    3.9305799028440636e-07,
    5.469349817332195e-07,
    0.00045115076763627994,
    5.913880096934865e-06,
    0.0007925812991489727,
    0.0
  ],
  "mse_mean": 0.00017895159016057582,
  "mse_spatial": 0.00020877685518733843,
  "mse_gripper": 0.0,
  "mse_per_dim_names": [
    "x",
    "y",
    "z",
    "roll",
    "pitch",
    "yaw",
    "gripper"
  ],
  "grounding": {
    "nouns": [
      "cube",
      "table",
      "block"
    ],
    "num_boxes": 1,
    "num_patches": 5,
    "patch_coverage": 0.01953125,
    "segmentation": "sam2"
  }
}