{
  "episode_id": 4,
  "step_id": 35,
  "instruction": "",
  "condition": "sam_var_obj_laysel",
  "condition_desc": "VAR(p=0.6,rho=0.5) + obj_redirect + L8-24 + SAM2",
  "predicted_action": [
    -0.001550832769450037,
    0.003784755154567561,
    -0.011153905402649857,
    0.002415496107409834,
    0.0025687256893690558,
    -0.016184692077777035,
    0.0
  ],
  "ground_truth_action": [
    0.0048956177197396755,
    -0.0015029747737571597,
    0.0037031183019280434,
    0.0020135738886892796,
    -0.005788850598037243,
    -3.4778640838339925e-05,
    0.9994755983352661
  ],
  "action_token_ids": [
    31878,
    31859,
    31942,
    31869,
    31857,
    31881,
    31872
  ],
  "mse_per_dim": [
    4.155672390957428e-05,
    2.7960087794900954e-05,
    0.00022073115335838962,
    1.6154146990125328e-07,
    6.984908139981605e-05,
    0.00026081970402061304,
    0.9989514716676382
  ],
  "mse_mean": 0.14279607856565593,
  "mse_spatial": 0.00010351304865886586,
  "mse_gripper": 0.9989514716676382,
  "mse_per_dim_names": [
    "x",
    "y",
    "z",
    "roll",
    "pitch",
    "yaw",
    "gripper"
  ],
  "grounding": {
    "nouns": [],
    "num_boxes": 0,
    "num_patches": 0,
    "patch_coverage": 0.0,
    "segmentation": "sam2"
  }
}