{
  "episode_id": 0,
  "step_id": 19,
  "instruction": "put small spoon from basket to tray",
  "condition": "sam_var_obj_laysel",
  "condition_desc": "VAR(p=0.6,rho=0.5) + obj_redirect + L8-24 + SAM2",
  "predicted_action": [
    0.0011332581253612577,
    -0.014022034974659217,
    -0.004918098776217777,
    -0.0020546634945216302,
    0.0032385903965024138,
    0.022498461691772165,
    0.23529411764705888
  ],
  "ground_truth_action": [
    -0.0008452400215901434,
    -0.003685969626531005,
    -0.004811923485249281,
    -0.04872654378414154,
    0.016635794192552567,
    0.02268185280263424,
    0.0
  ],
  "action_token_ids": [
    31866,
    31914,
    31918,
    31876,
    31856,
    31857,
    31842
  ],
  "mse_per_dim": [
    3.914454917490128e-06,
    0.00010683424688077678,
    1.1273192412244756e-08,
    0.0021782644097686115,
    0.00017948506955290064,
    3.3632299543225694e-08,
    0.05536332179930798
  ],
  "mse_mean": 0.008261694983702817,
  "mse_spatial": 0.00041142384776862245,
  "mse_gripper": 0.05536332179930798,
  "mse_per_dim_names": [
    "x",
    "y",
    "z",
    "roll",
    "pitch",
    "yaw",
    "gripper"
  ],
  "grounding": {
    "nouns": [
      "spoon",
      "basket"
    ],
    "num_boxes": 2,
    "num_patches": 78,
    "patch_coverage": 0.3046875,
    "segmentation": "sam2"
  }
}