{
  "episode_id": 1,
  "step_id": 32,
  "instruction": "put the blue cube on the right side of the table on top of the rectangular block",
  "condition": "sam_var_obj_laysel",
  "condition_desc": "VAR(p=0.6,rho=0.5) + obj_redirect + L8-24 + SAM2",
  "predicted_action": [
    1.4886919189882608e-05,
    -0.002690441256060362,
    1.8581469707623643e-05,
    -0.03270718647919457,
    0.003908455103635758,
    0.030557452060428203,
    0.0
  ],
  "ground_truth_action": [
    -0.0005847314023412764,
    0.0030859445687383413,
    -0.001350217848084867,
    0.02654542215168476,
    -0.0038527543656527996,
    -0.00959162786602974,
    0.0
  ],
  "action_token_ids": [
    31871,
    31879,
    31899,
    31924,
    31855,
    31852,
    31872
  ],
  "mse_per_dim": [
    3.595421315158444e-07,
    3.33666331969354e-05,
    1.8736115723891877e-06,
    0.003510871629564156,
    6.023637242617437e-05,
    0.001611948618941108,
    0.0
  ],
  "mse_mean": 0.0007455223439760398,
  "mse_spatial": 0.0008697760679720465,
  "mse_gripper": 0.0,
  "mse_per_dim_names": [
    "x",
    "y",
    "z",
    "roll",
    "pitch",
    "yaw",
    "gripper"
  ],
  "grounding": {
    "nouns": [
      "cube",
      "table",
      "block"
    ],
    "num_boxes": 1,
    "num_patches": 5,
    "patch_coverage": 0.01953125,
    "segmentation": "sam2"
  }
}