{
  "episode_id": 0,
  "step_id": 25,
  "instruction": "put small spoon from basket to tray",
  "condition": "sam_var_obj_laysel",
  "condition_desc": "VAR(p=0.6,rho=0.5) + obj_redirect + L8-24 + SAM2",
  "predicted_action": [
    1.4886919189882608e-05,
    0.001842196231379177,
    0.04003167398931348,
    0.0816011804844816,
    -0.0007805978462976926,
    -0.07582122080583203,
    0.07058823529411762
  ],
  "ground_truth_action": [
    -0.0017985160229727626,
    -0.006922869943082333,
    -0.010699459351599216,
    -0.009521132335066795,
    -0.000637910095974803,
    0.10381712764501572,
    0.7601950168609619
  ],
  "action_token_ids": [
    31871,
    31865,
    31744,
    31744,
    31862,
    31918,
    31863
  ],
  "mse_per_dim": [
    3.288430230644138e-06,
    7.682638504268933e-05,
    0.002573647890053464,
    0.008303275893583635,
    2.0359794092207284e-08,
    0.03226993623414819,
    0.4755575131829813
  ],
  "mse_mean": 0.07411207262511914,
  "mse_spatial": 0.007204499198808786,
  "mse_gripper": 0.4755575131829813,
  "mse_per_dim_names": [
    "x",
    "y",
    "z",
    "roll",
    "pitch",
    "yaw",
    "gripper"
  ],
  "grounding": {
    "nouns": [
      "spoon",
      "basket"
    ],
    "num_boxes": 2,
    "num_patches": 76,
    "patch_coverage": 0.296875,
    "segmentation": "sam2"
  }
}