{
  "episode_id": 4,
  "step_id": 2,
  "instruction": "",
  "condition": "sam_var_obj_laysel",
  "condition_desc": "VAR(p=0.6,rho=0.5) + obj_redirect + L8-24 + SAM2",
  "predicted_action": [
    -0.0008798100457472133,
    -0.030533785821760417,
    -0.006736875708927132,
    0.05478022287289279,
    -0.01618748611036472,
    0.03700464435535311,
    0.996078431372549
  ],
  "ground_truth_action": [
    -0.0009135314030572772,
    0.008294888772070408,
    -0.022448280826210976,
    0.015776176005601883,
    -0.038110505789518356,
    -0.3073672354221344,
    1.0
  ],
  "action_token_ids": [
    31875,
    31965,
    31925,
    31787,
    31885,
    31848,
    31744
  ],
  "mse_per_dim": [
    1.1371299388330017e-09,
    0.0015076659707136035,
    0.00024684825075941294,
    0.0015213156720258255,
    0.0004806187918525577,
    0.11859199158148032,
    1.5378700499807656e-05
  ],
  "mse_mean": 0.01748054572920878,
  "mse_spatial": 0.020391406900660276,
  "mse_gripper": 1.5378700499807656e-05,
  "mse_per_dim_names": [
    "x",
    "y",
    "z",
    "roll",
    "pitch",
    "yaw",
    "gripper"
  ],
  "grounding": {
    "nouns": [],
    "num_boxes": 0,
    "num_patches": 0,
    "patch_coverage": 0.0,
    "segmentation": "sam2"
  }
}