{
  "episode_id": 6,
  "step_id": 29,
  "instruction": "Picked the piece of chocolate and put it into the drawer",
  "condition": "sam_var_obj_laysel",
  "condition_desc": "VAR(p=0.6,rho=0.5) + obj_redirect + L8-24 + SAM2",
  "predicted_action": [
    0.017461477735463287,
    0.01835394707848037,
    -0.0033591471196097525,
    -0.0058862288676057445,
    0.017305749246302723,
    0.06762880775624616,
    0.1333333333333333
  ],
  "ground_truth_action": [
    0.011906645260751247,
    0.022952871397137642,
    -0.009911574423313141,
    0.008548486046493053,
    0.018149780109524727,
    0.05193522199988365,
    0.0
  ],
  "action_token_ids": [
    31793,
    31814,
    31912,
    31882,
    31835,
    31829,
    31855
  ],
  "mse_per_dim": [
    3.0856163822115484e-05,
    2.1150104888737248e-05,
    4.293430357031766e-05,
    0.00020836099465130627,
    7.123880980712802e-07,
    0.00024628863389230426,
    0.01777777777777777
  ],
  "mse_mean": 0.0026182971952429463,
  "mse_spatial": 9.17170981538087e-05,
  "mse_gripper": 0.01777777777777777,
  "mse_per_dim_names": [
    "x",
    "y",
    "z",
    "roll",
    "pitch",
    "yaw",
    "gripper"
  ],
  "grounding": {
    "nouns": [
      "chocolate",
      "drawer"
    ],
    "num_boxes": 0,
    "num_patches": 0,
    "patch_coverage": 0.0,
    "segmentation": "sam2"
  }
}