{
  "episode_id": 3,
  "step_id": 24,
  "instruction": "put the rectangle block on top of the red arch and yellow block",
  "condition": "sam_var_obj_laysel",
  "condition_desc": "VAR(p=0.6,rho=0.5) + obj_redirect + L8-24 + SAM2",
  "predicted_action": [
    0.00023856116042415831,
    0.0024897158724419693,
    -0.012712857059257874,
    0.003054090336257184,
    -0.002120327260564381,
    0.04667543279774042,
    0.1098039215686275
  ],
  "ground_truth_action": [
    0.003910035360604525,
    -0.00047788716619834304,
    -0.013420630246400833,
    -0.00302040739916265,
    0.010779231786727905,
    0.0400439091026783,
    0.0
  ],
  "action_token_ids": [
    31870,
    31863,
    31948,
    31868,
    31864,
    31842,
    31858
  ],
  "mse_per_dim": [
    1.3479722802590061e-05,
    8.806667794947216e-06,
    5.009428844385024e-07,
    3.689952273762069e-05,
    0.00016639862361458028,
    4.3977106518170345e-05,
    0.0120569011918493
  ],
  "mse_mean": 0.0017609948254573781,
  "mse_spatial": 4.5010431058724506e-05,
  "mse_gripper": 0.0120569011918493,
  "mse_per_dim_names": [
    "x",
    "y",
    "z",
    "roll",
    "pitch",
    "yaw",
    "gripper"
  ],
  "grounding": {
    "nouns": [
      "block"
    ],
    "num_boxes": 1,
    "num_patches": 24,
    "patch_coverage": 0.09375,
    "segmentation": "sam2"
  }
}