{
  "episode_id": 2,
  "step_id": 44,
  "instruction": "put the red object into the pot",
  "condition": "sam_var_obj_laysel",
  "condition_desc": "VAR(p=0.6,rho=0.5) + obj_redirect + L8-24 + SAM2",
  "predicted_action": [
    -0.00043246156327866186,
    -0.0007478823328719852,
    0.0005382320219102961,
    -0.00013888080797956615,
    -0.010828568453297924,
    -0.0016785094141960888,
    -0.03921568627450983
  ],
  "ground_truth_action": [
    -0.0037224956322461367,
    0.0026167051400989294,
    -0.0028246764559298754,
    0.013759090565145016,
    -0.019967319443821907,
    -0.0008034525089897215,
    1.0
  ],
  "action_token_ids": [
    31873,
    31873,
    31897,
    31873,
    31877,
    31872,
    31877
  ],
  "mse_per_dim": [
    1.082432417496668e-05,
    1.1320448863272806e-05,
    1.1309153430329298e-05,
    0.00019315360828819038,
    8.351676966680309e-05,
    7.657245873493452e-07,
    1.0799692425990006
  ],
  "mse_mean": 0.1543257332325731,
  "mse_spatial": 5.181500483515193e-05,
  "mse_gripper": 1.0799692425990006,
  "mse_per_dim_names": [
    "x",
    "y",
    "z",
    "roll",
    "pitch",
    "yaw",
    "gripper"
  ],
  "grounding": {
    "nouns": [
      "object",
      "pot"
    ],
    "num_boxes": 2,
    "num_patches": 26,
    "patch_coverage": 0.1015625,
    "segmentation": "sam2"
  }
}