{
  "episode_id": 9,
  "step_id": 23,
  "instruction": "Move the can in the middle bottom of the table",
  "condition": "sam_var_obj_laysel",
  "condition_desc": "VAR(p=0.6,rho=0.5) + obj_redirect + L8-24 + SAM2",
  "predicted_action": [
    0.005830417191281013,
    0.005403554257224531,
    0.000798057298011634,
    0.01391019222666219,
    0.05146884931010352,
    -0.16447011486104893,
    0.996078431372549
  ],
  "ground_truth_action": [
    0.0,
    0.0,
    0.0,
    0.0,
    0.0,
    0.0,
    1.0
  ],
  "action_token_ids": [
    31845,
    31854,
    31896,
    31851,
    31784,
    31973,
    31744
  ],
  "mse_per_dim": [
    3.3993764624385175e-05,
    2.9198398610769355e-05,
    6.368954509096301e-07,
    0.00019349344778269323,
    0.002649042449306144,
    0.027050418682406627,
    1.5378700499807656e-05
  ],
  "mse_mean": 0.004281737476954477,
  "mse_spatial": 0.004992797273030255,
  "mse_gripper": 1.5378700499807656e-05,
  "mse_per_dim_names": [
    "x",
    "y",
    "z",
    "roll",
    "pitch",
    "yaw",
    "gripper"
  ],
  "grounding": {
    "nouns": [
      "can",
      "table"
    ],
    "num_boxes": 0,
    "num_patches": 0,
    "patch_coverage": 0.0,
    "segmentation": "sam2"
  }
}