{
  "episode_id": 2,
  "step_id": 40,
  "instruction": "put the red object into the pot",
  "condition": "sam_var_obj_laysel",
  "condition_desc": "VAR(p=0.6,rho=0.5) + obj_redirect + L8-24 + SAM2",
  "predicted_action": [
    -0.002221855493152857,
    0.011231231026789655,
    0.004435611163430348,
    -0.021212490359942215,
    -0.034943697910098485,
    0.017663067470578525,
    -0.0862745098039216
  ],
  "ground_truth_action": [
    0.006960882805287838,
    0.013661373406648636,
    7.90840495028533e-05,
    -0.0339917354285717,
    -0.006997985765337944,
    -0.013851064257323742,
    1.0
  ],
  "action_token_ids": [
    31881,
    31836,
    31882,
    31906,
    31913,
    31860,
    31883
  ],
  "mse_per_dim": [
    8.432268265764951e-05,
    5.905591986386671e-06,
    1.8979328494385426e-05,
    0.00016330910452409103,
    0.0007809628272778168,
    0.0009931404985635763,
    1.1799923106497503
  ],
  "mse_mean": 0.16886270438332202,
  "mse_spatial": 0.0003411033389173176,
  "mse_gripper": 1.1799923106497503,
  "mse_per_dim_names": [
    "x",
    "y",
    "z",
    "roll",
    "pitch",
    "yaw",
    "gripper"
  ],
  "grounding": {
    "nouns": [
      "object",
      "pot"
    ],
    "num_boxes": 2,
    "num_patches": 26,
    "patch_coverage": 0.1015625,
    "segmentation": "sam2"
  }
}