{
  "episode_id": 3,
  "step_id": 43,
  "instruction": "put the rectangle block on top of the red arch and yellow block",
  "condition": "sam_var_obj_laysel",
  "condition_desc": "VAR(p=0.6,rho=0.5) + obj_redirect + L8-24 + SAM2",
  "predicted_action": [
    -0.025036628099048844,
    -0.024706109052195287,
    0.007033863924443714,
    -0.029514215334957808,
    -0.038293021445765234,
    -0.027467278593895555,
    -0.9490196078431372
  ],
  "ground_truth_action": [
    -0.01331916730850935,
    -0.0007567557622678578,
    0.0030564062763005495,
    0.0643618181347847,
    0.041680656373500824,
    -0.018088946118950844,
    1.0
  ],
  "action_token_ids": [
    31983,
    31947,
    31872,
    31919,
    31918,
    31888,
    31993
  ],
  "mse_per_dim": [
    0.00013729888737783042,
    0.0005735715230057578,
    1.5820169342772553e-05,
    0.008812709660012215,
    0.006395789143939769,
    8.79531200106026e-05,
    3.7986774317570164
  ],
  "mse_mean": 0.5449572248943865,
  "mse_spatial": 0.002670523750614825,
  "mse_gripper": 3.7986774317570164,
  "mse_per_dim_names": [
    "x",
    "y",
    "z",
    "roll",
    "pitch",
    "yaw",
    "gripper"
  ],
  "grounding": {
    "nouns": [
      "block"
    ],
    "num_boxes": 1,
    "num_patches": 23,
    "patch_coverage": 0.08984375,
    "segmentation": "sam2"
  }
}