{
  "episode_id": 2,
  "step_id": 13,
  "instruction": "put the red object into the pot",
  "condition": "sam_var_obj_laysel",
  "condition_desc": "VAR(p=0.6,rho=0.5) + obj_redirect + L8-24 + SAM2",
  "predicted_action": [
    1.4886919189882608e-05,
    -0.0023666814355289695,
    -0.0005010690824950523,
    0.0036926845651045342,
    0.004578319810769102,
    -6.671134046487559e-05,
    0.015686274509803866
  ],
  "ground_truth_action": [
    -0.00066737289307639,
    -0.0016495123272761703,
    -0.0047786422073841095,
    -0.02053970843553543,
    0.00851176306605339,
    0.013687916100025177,
    1.0
  ],
  "action_token_ids": [
    31871,
    31878,
    31901,
    31867,
    31854,
    31871,
    31870
  ],
  "mse_per_dim": [
    4.6547845143360956e-07,
    5.143315298321152e-07,
    1.8297631838773133e-05,
    0.0005872088705374648,
    1.5471975842541462e-05,
    0.00018918977602668194,
    0.9688735101883892
  ],
  "mse_mean": 0.1385263797503737,
  "mse_spatial": 0.00013519134403778784,
  "mse_gripper": 0.9688735101883892,
  "mse_per_dim_names": [
    "x",
    "y",
    "z",
    "roll",
    "pitch",
    "yaw",
    "gripper"
  ],
  "grounding": {
    "nouns": [
      "object",
      "pot"
    ],
    "num_boxes": 2,
    "num_patches": 25,
    "patch_coverage": 0.09765625,
    "segmentation": "sam2"
  }
}