{
  "episode_id": 8,
  "step_id": 24,
  "instruction": "open the drawer",
  "condition": "sam_var_obj_laysel",
  "condition_desc": "VAR(p=0.6,rho=0.5) + obj_redirect + L8-24 + SAM2",
  "predicted_action": [
    -0.0013271585282157647,
    -0.0023666814355289695,
    1.8581469707623643e-05,
    -0.0065248230964530946,
    0.00792764334643585,
    0.003156884806997551,
    0.09411764705882353
  ],
  "ground_truth_action": [
    -0.007507004775106907,
    -0.0011427501449361444,
    0.0010605218121781945,
    -0.005479006562381983,
    0.00574647169560194,
    -0.012572616338729858,
    0.0
  ],
  "action_token_ids": [
    31877,
    31878,
    31899,
    31883,
    31849,
    31869,
    31860
  ],
  "mse_per_dim": [
    3.8190499635214534e-05,
    1.4980078040922186e-06,
    1.0856396772676904e-06,
    1.0937322229365129e-06,
    4.757509770401525e-06,
    0.0002474172062934399,
    0.008858131487889272
  ],
  "mse_mean": 0.001307453440470375,
  "mse_spatial": 4.9007099233892066e-05,
  "mse_gripper": 0.008858131487889272,
  "mse_per_dim_names": [
    "x",
    "y",
    "z",
    "roll",
    "pitch",
    "yaw",
    "gripper"
  ],
  "grounding": {
    "nouns": [
      "drawer"
    ],
    "num_boxes": 0,
    "num_patches": 0,
    "patch_coverage": 0.0,
    "segmentation": "sam2"
  }
}