{
  "episode_id": 4,
  "step_id": 13,
  "instruction": "",
  "condition": "sam_var_obj_laysel",
  "condition_desc": "VAR(p=0.6,rho=0.5) + obj_redirect + L8-24 + SAM2",
  "predicted_action": [
    -0.0013271585282157647,
    0.00022339712872219974,
    0.022363555214422574,
    0.020296134515135733,
    0.013956425710635989,
    0.04184003857654672,
    0.996078431372549
  ],
  "ground_truth_action": [
    0.0026366757228970528,
    -0.013169503770768642,
    0.004448670893907547,
    0.014962839893996716,
    -0.003596783149987459,
    0.06845731288194656,
    0.0015056452248245478
  ],
  "action_token_ids": [
    31877,
    31870,
    31813,
    31841,
    31840,
    31845,
    31744
  ],
  "mse_per_dim": [
    1.571198197029511e-05,
    0.0001793697945035826,
    0.00032094308021743515,
    2.8444031515870375e-05,
    0.00030811514130466954,
    0.0007084792914488986,
    0.9891750269456473
  ],
  "mse_mean": 0.141533727180944,
  "mse_spatial": 0.0002601772201601252,
  "mse_gripper": 0.9891750269456473,
  "mse_per_dim_names": [
    "x",
    "y",
    "z",
    "roll",
    "pitch",
    "yaw",
    "gripper"
  ],
  "grounding": {
    "nouns": [],
    "num_boxes": 0,
    "num_patches": 0,
    "patch_coverage": 0.0,
    "segmentation": "sam2"
  }
}