{
  "episode_id": 5,
  "step_id": 21,
  "instruction": "take broccoli out of pan",
  "condition": "sam_var_obj_laysel",
  "condition_desc": "VAR(p=0.6,rho=0.5) + obj_redirect + L8-24 + SAM2",
  "predicted_action": [
    -0.0011034842869814855,
    0.005403554257224531,
    -0.0028394965674070835,
    -0.0078020115541478086,
    -0.02020667435316481,
    0.004768682880728764,
    0.07843137254901955
  ],
  "ground_truth_action": [
    -0.005879540462046862,
    0.0014935544459149241,
    -0.022402869537472725,
    -0.0296296589076519,
    -0.0024550016969442368,
    0.004829951096326113,
    0.0
  ],
  "action_token_ids": [
    31876,
    31854,
    31910,
    31885,
    31891,
    31868,
    31862
  ],
  "mse_per_dim": [
    2.281071258738011e-05,
    1.5288098524441162e-05,
    0.000382725561965895,
    0.0004764461889889342,
    0.0003151218820936092,
    3.753794242483208e-09,
    0.006151480199923098
  ],
  "mse_mean": 0.001051982342553943,
  "mse_spatial": 0.00020206603299241705,
  "mse_gripper": 0.006151480199923098,
  "mse_per_dim_names": [
    "x",
    "y",
    "z",
    "roll",
    "pitch",
    "yaw",
    "gripper"
  ],
  "grounding": {
    "nouns": [
      "broccoli",
      "pan"
    ],
    "num_boxes": 2,
    "num_patches": 24,
    "patch_coverage": 0.09375,
    "segmentation": "sam2"
  }
}