{
  "episode_id": 5,
  "step_id": 8,
  "instruction": "take broccoli out of pan",
  "condition": "sam_var_obj_laysel",
  "condition_desc": "VAR(p=0.6,rho=0.5) + obj_redirect + L8-24 + SAM2",
  "predicted_action": [
    0.005606742950046744,
    -0.006575559102437116,
    -0.01375215816366322,
    -0.008440605782995159,
    -0.011498433160431268,
    0.004768682880728764,
    0.996078431372549
  ],
  "ground_truth_action": [
    -0.002797386609017849,
    0.0024437843821942806,
    -0.017779016867280006,
    -0.0009471712983213365,
    0.0011555129894986749,
    0.050805527716875076,
    1.0
  ],
  "action_token_ids": [
    31846,
    31891,
    31952,
    31886,
    31878,
    31868,
    31744
  ],
  "mse_per_dim": [
    7.062939364554324e-05,
    8.134855689376283e-05,
    1.6215591018894262e-05,
    5.615156037609883e-05,
    0.00016012235316532683,
    0.0021193910824674114,
    1.5378700499807656e-05
  ],
  "mse_mean": 0.0003598910340095493,
  "mse_spatial": 0.00041730975626117287,
  "mse_gripper": 1.5378700499807656e-05,
  "mse_per_dim_names": [
    "x",
    "y",
    "z",
    "roll",
    "pitch",
    "yaw",
    "gripper"
  ],
  "grounding": {
    "nouns": [
      "broccoli",
      "pan"
    ],
    "num_boxes": 2,
    "num_patches": 24,
    "patch_coverage": 0.09375,
    "segmentation": "sam2"
  }
}