{
  "episode_id": 7,
  "step_id": 1,
  "instruction": "Move the blue fork to the lower right burner",
  "condition": "sam_var_obj_laysel",
  "condition_desc": "VAR(p=0.6,rho=0.5) + obj_redirect + L8-24 + SAM2",
  "predicted_action": [
    -0.006695340317838347,
    0.00022339712872219974,
    -0.014271808715865893,
    0.0004997134208677839,
    0.0387414198745699,
    0.0015450867332663376,
    0.18039215686274512
  ],
  "ground_truth_action": [
    -0.01785966195166111,
    0.03271820768713951,
    0.0013679038966074586,
    -0.055737465620040894,
    0.003575652139261365,
    0.08146891742944717,
    1.0
  ],
  "action_token_ids": [
    31901,
    31870,
    31954,
    31872,
    31803,
    31870,
    31849
  ],
  "mse_per_dim": [
    0.00012464207754344297,
    0.0010559127132274292,
    0.000244600610600758,
    0.0031626203064792184,
    0.0012366312204136669,
    0.006387818713151778,
    0.671757016532103
  ],
  "mse_mean": 0.09770989173907418,
  "mse_spatial": 0.0020353709402360486,
  "mse_gripper": 0.671757016532103,
  "mse_per_dim_names": [
    "x",
    "y",
    "z",
    "roll",
    "pitch",
    "yaw",
    "gripper"
  ],
  "grounding": {
    "nouns": [
      "fork",
      "burner"
    ],
    "num_boxes": 1,
    "num_patches": 16,
    "patch_coverage": 0.0625,
    "segmentation": "sam2"
  }
}