{
  "episode_id": 14,
  "step_id": 46,
  "instruction": "move the silver pot to the lower right burner",
  "condition": "sam_var_obj_laysel",
  "condition_desc": "VAR(p=0.6,rho=0.5) + obj_redirect + L8-24 + SAM2",
  "predicted_action": [
    0.00650143991498384,
    0.02936178097654784,
    0.0013177078502143065,
    0.01263300376896749,
    -0.003460056674831083,
    -0.01940828822523946,
    -0.12549019607843137
  ],
  "ground_truth_action": [
    0.0015060465084388852,
    0.02394222281873226,
    0.0012141509214416146,
    0.011911837384104729,
    0.0002673630660865456,
    -0.030804727226495743,
    1.0
  ],
  "action_token_ids": [
    31842,
    31780,
    31894,
    31853,
    31866,
    31883,
    31888
  ],
  "mse_per_dim": [
    2.4953955286152807e-05,
    2.937161062594538e-05,
    1.0724037496832379e-08,
    5.200809546560253e-07,
    1.3893657924982441e-05,
    0.00012987882190935526,
    1.266728181468666
  ],
  "mse_mean": 0.18098954433134348,
  "mse_spatial": 3.310480845643146e-05,
  "mse_gripper": 1.266728181468666,
  "mse_per_dim_names": [
    "x",
    "y",
    "z",
    "roll",
    "pitch",
    "yaw",
    "gripper"
  ],
  "grounding": {
    "nouns": [
      "pot",
      "burner"
    ],
    "num_boxes": 2,
    "num_patches": 35,
    "patch_coverage": 0.13671875,
    "segmentation": "sam2"
  }
}