{
  "episode_id": 13,
  "step_id": 23,
  "instruction": "",
  "condition": "sam_var_obj_laysel",
  "condition_desc": "VAR(p=0.6,rho=0.5) + obj_redirect + L8-24 + SAM2",
  "predicted_action": [
    -0.0013271585282157647,
    -0.0007478823328719852,
    -0.008555652641636487,
    -0.07485440558311987,
    0.007257778639302506,
    -0.10966898035418757,
    0.0
  ],
  "ground_truth_action": [
    -0.02718469128012657,
    0.006021352484822273,
    -0.0012611907441169024,
    0.020636823028326035,
    0.014622709713876247,
    0.2529352307319641,
    -0.012140677310526371
  ],
  "action_token_ids": [
    31877,
    31873,
    31932,
    31990,
    31850,
    31939,
    31872
  ],
  "mse_per_dim": [
    0.00066861200001614,
    4.582254001708422e-05,
    5.320917437436502e-05,
    0.009118574741723425,
    5.424220973322192e-05,
    0.13148181389741045,
    0.00014739604555832984
  ],
  "mse_mean": 0.020224238658404718,
  "mse_spatial": 0.023570379093879115,
  "mse_gripper": 0.00014739604555832984,
  "mse_per_dim_names": [
    "x",
    "y",
    "z",
    "roll",
    "pitch",
    "yaw",
    "gripper"
  ],
  "grounding": {
    "nouns": [],
    "num_boxes": 0,
    "num_patches": 0,
    "patch_coverage": 0.0,
    "segmentation": "sam2"
  }
}