{
  "episode_id": 15,
  "step_id": 64,
  "instruction": "sweep into pile",
  "condition": "sam_var_obj_laysel",
  "condition_desc": "VAR(p=0.6,rho=0.5) + obj_redirect + L8-24 + SAM2",
  "predicted_action": [
    0.0026989778140011807,
    -0.00010036269180919988,
    0.000798057298011634,
    0.001138307649715134,
    0.00591804922503579,
    0.014439471323116071,
    -0.01568627450980392
  ],
  "ground_truth_action": [
    -0.005170290824025869,
    0.030516082420945168,
    -0.0019451138796284795,
    0.0516437329351902,
    0.006051540374755859,
    0.060885991901159286,
    0.0
  ],
  "action_token_ids": [
    31859,
    31871,
    31896,
    31871,
    31852,
    31862,
    31874
  ],
  "mse_per_dim": [
    6.19253888974361e-05,
    0.0009373667113423008,
    7.524988109835447e-06,
    0.002550797983266704,
    1.781988705358592e-08,
    0.0021572792738065918,
    0.00024605920799692423
  ],
  "mse_mean": 0.000851567339043835,
  "mse_spatial": 0.0009524853608849868,
  "mse_gripper": 0.00024605920799692423,
  "mse_per_dim_names": [
    "x",
    "y",
    "z",
    "roll",
    "pitch",
    "yaw",
    "gripper"
  ],
  "grounding": {
    "nouns": [
      "pile"
    ],
    "num_boxes": 1,
    "num_patches": 6,
    "patch_coverage": 0.0234375,
    "segmentation": "sam2"
  }
}