{
  "episode_id": 19,
  "step_id": 13,
  "instruction": "",
  "condition": "sam_var_obj_laysel",
  "condition_desc": "VAR(p=0.6,rho=0.5) + obj_redirect + L8-24 + SAM2",
  "predicted_action": [
    -0.002445529734387133,
    0.001842196231379177,
    0.001577533126315641,
    -0.005247634638758394,
    0.00792764334643585,
    0.012827673249384858,
    0.996078431372549
  ],
  "ground_truth_action": [
    -0.006988998036831617,
    0.012642075307667255,
    0.008119670674204826,
    -0.0048842113465070724,
    0.0056051346473395824,
    0.0389322005212307,
    -0.006331020966172218
  ],
  "action_token_ids": [
    31882,
    31865,
    31893,
    31881,
    31849,
    31863,
    31744
  ],
  "mse_per_dim": [
    2.0643104215317767e-05,
    0.00011663738806244504,
    4.2799563695501526e-05,
    1.3207648935078977e-07,
    5.394046657377839e-06,
    0.0006814463440865432,
    1.004824710138015
  ],
  "mse_mean": 0.14367025180874596,
  "mse_spatial": 0.00014450875386775601,
  "mse_gripper": 1.004824710138015,
  "mse_per_dim_names": [
    "x",
    "y",
    "z",
    "roll",
    "pitch",
    "yaw",
    "gripper"
  ],
  "grounding": {
    "nouns": [],
    "num_boxes": 0,
    "num_patches": 0,
    "patch_coverage": 0.0,
    "segmentation": "sam2"
  }
}