{
  "episode_id": 12,
  "step_id": 43,
  "instruction": "",
  "condition": "sam_var_obj_laysel",
  "condition_desc": "VAR(p=0.6,rho=0.5) + obj_redirect + L8-24 + SAM2",
  "predicted_action": [
    -0.008484734247712542,
    -0.00010036269180919988,
    -0.0023198460152044076,
    0.04073114983825102,
    -0.057049233245498994,
    0.004768682880728764,
    0.996078431372549
  ],
  "ground_truth_action": [
    0.003691571531817317,
    -0.003546059364452958,
    0.0029409995768219233,
    -0.0007235481753014028,
    -0.0056394473649561405,
    -0.01182137057185173,
    1.0
  ],
  "action_token_ids": [
    31909,
    31871,
    31908,
    31809,
    31946,
    31868,
    31744
  ],
  "mse_per_dim": [
    0.00014826242243661225,
    1.1872825559868267e-05,
    2.7676496343142877e-05,
    0.001718491987394827,
    0.002642966084283263,
    0.000275229873559478,
    1.5378700499807656e-05
  ],
  "mse_mean": 0.0006914111985824285,
  "mse_spatial": 0.0008040832815961986,
  "mse_gripper": 1.5378700499807656e-05,
  "mse_per_dim_names": [
    "x",
    "y",
    "z",
    "roll",
    "pitch",
    "yaw",
    "gripper"
  ],
  "grounding": {
    "nouns": [],
    "num_boxes": 0,
    "num_patches": 0,
    "patch_coverage": 0.0,
    "segmentation": "sam2"
  }
}