{
  "episode_id": 17,
  "step_id": 32,
  "instruction": "",
  "condition": "sam_var_obj_laysel",
  "condition_desc": "VAR(p=0.6,rho=0.5) + obj_redirect + L8-24 + SAM2",
  "predicted_action": [
    0.0044883717438753655,
    -0.020820991205818536,
    -0.0033591471196097525,
    -0.0014160692656742802,
    -0.003460056674831083,
    0.003156884806997551,
    -0.34509803921568627
  ],
  "ground_truth_action": [
    0.00039922833093442023,
    -0.00014950741024222225,
    -0.0031414637342095375,
    0.0023840765934437513,
    0.0076963468454778194,
    -0.007872804068028927,
    0.0
  ],
  "action_token_ids": [
    31851,
    31935,
    31912,
    31875,
    31866,
    31869,
    31916
  ],
  "mse_per_dim": [
    1.6721093851598322e-05,
    0.0004273102423107741,
    4.738605627929853e-08,
    1.4441108550571922e-05,
    0.00012446533950796087,
    0.00012165403667988284,
    0.11909265667051133
  ],
  "mse_mean": 0.017113899411066915,
  "mse_spatial": 0.0001174398678261779,
  "mse_gripper": 0.11909265667051133,
  "mse_per_dim_names": [
    "x",
    "y",
    "z",
    "roll",
    "pitch",
    "yaw",
    "gripper"
  ],
  "grounding": {
    "nouns": [],
    "num_boxes": 0,
    "num_patches": 0,
    "patch_coverage": 0.0,
    "segmentation": "sam2"
  }
}