{
  "episode_id": 12,
  "step_id": 7,
  "instruction": "",
  "condition": "sam_var_obj_laysel",
  "condition_desc": "VAR(p=0.6,rho=0.5) + obj_redirect + L8-24 + SAM2",
  "predicted_action": [
    -0.0013271585282157647,
    0.0034609953340361613,
    -0.0025796712913057455,
    0.008162844167036026,
    -0.003460056674831083,
    0.007992279028191218,
    0.996078431372549
  ],
  "ground_truth_action": [
    5.3541563829639927e-05,
    -0.0038711195811629295,
    -0.03227188438177109,
    -0.005990209989249706,
    0.0011985240271314979,
    0.003165092319250107,
    0.9968034029006958
  ],
  "action_token_ids": [
    31877,
    31860,
    31909,
    31860,
    31866,
    31866,
    31744
  ],
  "mse_per_dim": [
    1.9063327441741888e-06,
    5.375990912968497e-05,
    0.0008816275182096014,
    0.00020030894195075685,
    2.170237415669817e-05,
    2.3301731522977717e-05,
    5.255837166234589e-07
  ],
  "mse_mean": 0.0001690189130615024,
  "mse_spatial": 0.0001971011346189822,
  "mse_gripper": 5.255837166234589e-07,
  "mse_per_dim_names": [
    "x",
    "y",
    "z",
    "roll",
    "pitch",
    "yaw",
    "gripper"
  ],
  "grounding": {
    "nouns": [],
    "num_boxes": 0,
    "num_patches": 0,
    "patch_coverage": 0.0,
    "segmentation": "sam2"
  }
}