{
  "episode_id": 15,
  "step_id": 21,
  "instruction": "sweep into pile",
  "condition": "sam_var_obj_laysel",
  "condition_desc": "VAR(p=0.6,rho=0.5) + obj_redirect + L8-24 + SAM2",
  "predicted_action": [
    0.003370000537704001,
    -0.0023666814355289695,
    -0.0036189723957110904,
    -0.0078020115541478086,
    0.005248184517902446,
    0.0015450867332663376,
    0.039215686274509776
  ],
  "ground_truth_action": [
    0.002429777989163995,
    -0.002915311139076948,
    -0.008952024392783642,
    0.013329066336154938,
    0.006711080204695463,
    -0.008326319977641106,
    0.0
  ],
  "action_token_ids": [
    31856,
    31878,
    31913,
    31885,
    31853,
    31870,
    31867
  ],
  "mse_per_dim": [
    8.840184407830641e-07,
    3.00994551615143e-07,
    2.844144360347953e-05,
    0.00044652245280604155,
    2.140063790437613e-06,
    9.744467045214851e-05,
    0.0015378700499807745
  ],
  "mse_mean": 0.00030194338480361144,
  "mse_spatial": 9.595560727408422e-05,
  "mse_gripper": 0.0015378700499807745,
  "mse_per_dim_names": [
    "x",
    "y",
    "z",
    "roll",
    "pitch",
    "yaw",
    "gripper"
  ],
  "grounding": {
    "nouns": [
      "pile"
    ],
    "num_boxes": 0,
    "num_patches": 0,
    "patch_coverage": 0.0,
    "segmentation": "sam2"
  }
}