{
  "episode_id": 17,
  "step_id": 37,
  "instruction": "",
  "condition": "sam_var_obj_laysel",
  "condition_desc": "VAR(p=0.6,rho=0.5) + obj_redirect + L8-24 + SAM2",
  "predicted_action": [
    0.004041023261406821,
    -0.002042921614997577,
    0.0062543880961397035,
    -0.0065248230964530946,
    -0.021546403767431513,
    0.0015450867332663376,
    -0.007843137254901933
  ],
  "ground_truth_action": [
    0.0010716411052271724,
    -0.013715031556785107,
    0.029892344027757645,
    0.022834882140159607,
    -0.030118295922875404,
    -0.03424007073044777,
    1.0
  ],
  "action_token_ids": [
    31853,
    31877,
    31875,
    31883,
    31893,
    31870,
    31873
  ],
  "mse_per_dim": [
    8.8172303894381e-06,
    0.0001362381504931753,
    0.0005587529606251118,
    0.0008619922915807833,
    7.347733512456052e-05,
    0.0012805774947028134,
    1.0157477893118032
  ],
  "mse_mean": 0.14552394925353132,
  "mse_spatial": 0.0004866425771526471,
  "mse_gripper": 1.0157477893118032,
  "mse_per_dim_names": [
    "x",
    "y",
    "z",
    "roll",
    "pitch",
    "yaw",
    "gripper"
  ],
  "grounding": {
    "nouns": [],
    "num_boxes": 0,
    "num_patches": 0,
    "patch_coverage": 0.0,
    "segmentation": "sam2"
  }
}