{
  "episode_id": 18,
  "step_id": 29,
  "instruction": "Pick up the blue fork and place it on the left of the pot",
  "condition": "sam_var_obj_laysel",
  "condition_desc": "VAR(p=0.6,rho=0.5) + obj_redirect + L8-24 + SAM2",
  "predicted_action": [
    -0.0008798100457472133,
    0.016735147975823386,
    -0.0005010690824950523,
    0.0816011804844816,
    -0.00011073313916434846,
    -0.01940828822523946,
    -0.0862745098039216
  ],
  "ground_truth_action": [
    0.0006813722429797053,
    0.018784429877996445,
    -0.00464223138988018,
    0.07752211391925812,
    0.017466681078076363,
    -0.0193549282848835,
    0.0
  ],
  "action_token_ids": [
    31875,
    31819,
    31901,
    31744,
    31861,
    31883,
    31883
  ],
  "mse_per_dim": [
    2.43729013863462e-06,
    4.199556314574029e-06,
    1.7149225256107317e-05,
    1.663878404352412e-05,
    0.0003089654905644559,
    2.847283234791885e-09,
    0.0074432910419069635
  ],
  "mse_mean": 0.0011132406050724992,
  "mse_spatial": 5.823219893342179e-05,
  "mse_gripper": 0.0074432910419069635,
  "mse_per_dim_names": [
    "x",
    "y",
    "z",
    "roll",
    "pitch",
    "yaw",
    "gripper"
  ],
  "grounding": {
    "nouns": [
      "fork",
      "pot"
    ],
    "num_boxes": 2,
    "num_patches": 27,
    "patch_coverage": 0.10546875,
    "segmentation": "sam2"
  }
}