{
  "episode_id": 13,
  "step_id": 38,
  "instruction": "",
  "condition": "sam_var_obj_laysel",
  "condition_desc": "VAR(p=0.6,rho=0.5) + obj_redirect + L8-24 + SAM2",
  "predicted_action": [
    -0.02324723416917465,
    0.01025995156519547,
    -0.01323250761146055,
    0.029236453718998676,
    0.02668385514616961,
    0.04667543279774042,
    0.996078431372549
  ],
  "ground_truth_action": [
    -0.0029592677019536495,
    -0.008869840763509274,
    0.0035705766640603542,
    -0.0010228939354419708,
    -0.02100670337677002,
    0.0018315722700208426,
    0.9918397068977356
  ],
  "action_token_ids": [
    31975,
    31839,
    31950,
    31827,
    31821,
    31842,
    31744
  ],
  "mse_per_dim": [
    0.0004116015833750837,
    0.00036594895453937083,
    0.00028234364117025784,
    0.0009156281204723026,
    0.00227438937222993,
    0.0020109718270295658,
    1.7966785173382455e-05
  ],
  "mse_mean": 0.0008969786119985562,
  "mse_spatial": 0.001043480583136085,
  "mse_gripper": 1.7966785173382455e-05,
  "mse_per_dim_names": [
    "x",
    "y",
    "z",
    "roll",
    "pitch",
    "yaw",
    "gripper"
  ],
  "grounding": {
    "nouns": [],
    "num_boxes": 0,
    "num_patches": 0,
    "patch_coverage": 0.0,
    "segmentation": "sam2"
  }
}