{
  "episode_id": 15,
  "step_id": 58,
  "instruction": "sweep into pile",
  "condition": "sam_var_obj_laysel",
  "condition_desc": "VAR(p=0.6,rho=0.5) + obj_redirect + L8-24 + SAM2",
  "predicted_action": [
    -0.0008798100457472133,
    -0.04154161971982787,
    -0.010374429574345846,
    -0.003970446181063694,
    0.024674261024769578,
    -0.08710380732195055,
    -0.2274509803921569
  ],
  "ground_truth_action": [
    0.0017715140711516142,
    -0.03129454329609871,
    -0.0018475664546713233,
    0.020246999338269234,
    0.009952359832823277,
    -0.0386316254734993,
    0.0
  ],
  "action_token_ids": [
    31875,
    31999,
    31939,
    31879,
    31824,
    31925,
    31901
  ],
  "mse_per_dim": [
    7.0295195728493475e-06,
    0.00010500257523374606,
    7.270739466166554e-05,
    0.0005864846674818585,
    0.00021673437470542993,
    0.0023495524131493277,
    0.051733948481353334
  ],
  "mse_mean": 0.00786735134659403,
  "mse_spatial": 0.0005562518241341461,
  "mse_gripper": 0.051733948481353334,
  "mse_per_dim_names": [
    "x",
    "y",
    "z",
    "roll",
    "pitch",
    "yaw",
    "gripper"
  ],
  "grounding": {
    "nouns": [
      "pile"
    ],
    "num_boxes": 1,
    "num_patches": 5,
    "patch_coverage": 0.01953125,
    "segmentation": "sam2"
  }
}