{
  "episode_id": 12,
  "step_id": 39,
  "instruction": "",
  "condition": "sam_var_obj_laysel",
  "condition_desc": "VAR(p=0.6,rho=0.5) + obj_redirect + L8-24 + SAM2",
  "predicted_action": [
    -0.0013271585282157647,
    -0.014345794795190617,
    -0.007776176813332477,
    -0.009717794240689859,
    0.009937237467835897,
    -0.04036166318374529,
    0.039215686274509776
  ],
  "ground_truth_action": [
    0.014116670936346054,
    -0.008364983834326267,
    -0.012093358673155308,
    1.5554285710095428e-05,
    6.2728790908295196e-06,
    0.027470389381051064,
    0.9962995052337646
  ],
  "action_token_ids": [
    31877,
    31915,
    31929,
    31888,
    31846,
    31896,
    31867
  ],
  "mse_per_dim": [
    0.0002385118685304678,
    3.5770099749595145e-05,
    1.8638059210783317e-05,
    9.473807353637215e-05,
    9.862405766290847e-05,
    0.004601187355153295,
    0.9160094365136318
  ],
  "mse_mean": 0.13158527228963932,
  "mse_spatial": 0.0008479115856405705,
  "mse_gripper": 0.9160094365136318,
  "mse_per_dim_names": [
    "x",
    "y",
    "z",
    "roll",
    "pitch",
    "yaw",
    "gripper"
  ],
  "grounding": {
    "nouns": [],
    "num_boxes": 0,
    "num_patches": 0,
    "patch_coverage": 0.0,
    "segmentation": "sam2"
  }
}