{
  "episode_id": 13,
  "step_id": 33,
  "instruction": "",
  "condition": "sam_var_obj_laysel",
  "condition_desc": "VAR(p=0.6,rho=0.5) + obj_redirect + L8-24 + SAM2",
  "predicted_action": [
    0.004264697502641097,
    -0.006575559102437116,
    0.021843904662219905,
    -0.011633576927231923,
    -0.024895727303098247,
    -0.022631884372701916,
    0.0
  ],
  "ground_truth_action": [
    -0.005711337085813284,
    -0.011831352487206459,
    -0.01042946521192789,
    0.013525551185011864,
    0.0025381206069141626,
    0.06494254618883133,
    -0.002102007856592536
  ],
  "action_token_ids": [
    31852,
    31891,
    31815,
    31891,
    31898,
    31885,
    31872
  ],
  "mse_per_dim": [
    9.952126611003816e-05,
    2.7623364103385188e-05,
    0.0010415704030335502,
    0.0006329817273682956,
    0.0007526160111496923,
    0.007669280888176808,
    4.418437029176747e-06
  ],
  "mse_mean": 0.0014611445852815638,
  "mse_spatial": 0.0017039322766569615,
  "mse_gripper": 4.418437029176747e-06,
  "mse_per_dim_names": [
    "x",
    "y",
    "z",
    "roll",
    "pitch",
    "yaw",
    "gripper"
  ],
  "grounding": {
    "nouns": [],
    "num_boxes": 0,
    "num_patches": 0,
    "patch_coverage": 0.0,
    "segmentation": "sam2"
  }
}