{
  "episode_id": 13,
  "step_id": 13,
  "instruction": "",
  "condition": "sam_var_obj_laysel",
  "condition_desc": "VAR(p=0.6,rho=0.5) + obj_redirect + L8-24 + SAM2",
  "predicted_action": [
    0.003146326296469725,
    0.004756034616161739,
    0.012230369446470445,
    -0.016103736529163387,
    -0.024895727303098247,
    0.0015450867332663376,
    0.996078431372549
  ],
  "ground_truth_action": [
    0.0020676124840974808,
    0.004826064687222242,
    0.006115381605923176,
    -0.01740739308297634,
    -0.010373608209192753,
    0.0708746388554573,
    0.0060075377114117146
  ],
  "action_token_ids": [
    31857,
    31856,
    31852,
    31898,
    31898,
    31870,
    31744
  ],
  "mse_per_dim": [
    1.1636234890026615e-06,
    4.904210852739157e-09,
    3.739307629004096e-05,
    1.6995204102994676e-06,
    0.00021089194297757455,
    0.004806586797463594,
    0.980240374474963
  ],
  "mse_mean": 0.1407568734771149,
  "mse_spatial": 0.0008429566441402274,
  "mse_gripper": 0.980240374474963,
  "mse_per_dim_names": [
    "x",
    "y",
    "z",
    "roll",
    "pitch",
    "yaw",
    "gripper"
  ],
  "grounding": {
    "nouns": [],
    "num_boxes": 0,
    "num_patches": 0,
    "patch_coverage": 0.0,
    "segmentation": "sam2"
  }
}