{
  "episode_id": 14,
  "step_id": 20,
  "instruction": "move the silver pot to the lower right burner",
  "condition": "sam_var_obj_laysel",
  "condition_desc": "VAR(p=0.6,rho=0.5) + obj_redirect + L8-24 + SAM2",
  "predicted_action": [
    0.0015806066078298056,
    0.0021659560519105767,
    -0.00024124380639371432,
    0.004331278793951912,
    0.0005591315679690234,
    0.017663067470578525,
    0.0235294117647058
  ],
  "ground_truth_action": [
    -0.0001962304231710732,
    -0.00019490164413582534,
    -0.0005528440815396607,
    0.0007165028364397585,
    -0.0099348658695817,
    -0.0011487066512927413,
    0.0
  ],
  "action_token_ids": [
    31864,
    31864,
    31900,
    31866,
    31860,
    31860,
    31869
  ],
  "mse_per_dim": [
    3.157149834736018e-06,
    5.573649060981526e-06,
    9.709473147102949e-08,
    1.3066605223007907e-05,
    0.00011012398221932114,
    0.00035388284561230546,
    0.0005536332179930756
  ],
  "mse_mean": 0.00014850493495355694,
  "mse_spatial": 8.098355444697052e-05,
  "mse_gripper": 0.0005536332179930756,
  "mse_per_dim_names": [
    "x",
    "y",
    "z",
    "roll",
    "pitch",
    "yaw",
    "gripper"
  ],
  "grounding": {
    "nouns": [
      "pot",
      "burner"
    ],
    "num_boxes": 2,
    "num_patches": 61,
    "patch_coverage": 0.23828125,
    "segmentation": "sam2"
  }
}