{
  "episode_id": 14,
  "step_id": 19,
  "instruction": "move the silver pot to the lower right burner",
  "condition": "sam_var_obj_laysel",
  "condition_desc": "VAR(p=0.6,rho=0.5) + obj_redirect + L8-24 + SAM2",
  "predicted_action": [
    0.0015806066078298056,
    0.0008709167697849851,
    -0.0033591471196097525,
    -0.009717794240689859,
    -0.009488839039031222,
    0.014439471323116071,
    0.07843137254901955
  ],
  "ground_truth_action": [
    0.0006408544140867889,
    0.0011561069404706359,
    -0.0033134811092168093,
    -0.010803782381117344,
    -0.01108123455196619,
    0.008532695472240448,
    0.3076919913291931
  ],
  "action_token_ids": [
    31864,
    31868,
    31912,
    31888,
    31875,
    31862,
    31862
  ],
  "mse_per_dim": [
    8.831341856448124e-07,
    8.133343345571062e-08,
    2.0853845052083976e-09,
    1.1793702411491473e-06,
    2.535723469615422e-06,
    3.489000095248744e-05,
    0.05256043132346807
  ],
  "mse_mean": 0.007514286138733561,
  "mse_spatial": 6.595274611142956e-06,
  "mse_gripper": 0.05256043132346807,
  "mse_per_dim_names": [
    "x",
    "y",
    "z",
    "roll",
    "pitch",
    "yaw",
    "gripper"
  ],
  "grounding": {
    "nouns": [
      "pot",
      "burner"
    ],
    "num_boxes": 2,
    "num_patches": 55,
    "patch_coverage": 0.21484375,
    "segmentation": "sam2"
  }
}