{
  "episode_id": 17,
  "step_id": 8,
  "instruction": "",
  "condition": "sam_var_obj_laysel",
  "condition_desc": "VAR(p=0.6,rho=0.5) + obj_redirect + L8-24 + SAM2",
  "predicted_action": [
    0.008067159603623756,
    -0.009165637666688285,
    0.0002784067458089616,
    0.031152236405540726,
    -0.0014504625534310367,
    -0.03552626896255165,
    -0.0862745098039216
  ],
  "ground_truth_action": [
    0.014154363423585892,
    -0.00676572322845459,
    -0.008132677525281906,
    -0.017129015177488327,
    -0.02724919281899929,
    -0.01756734400987625,
    1.0
  ],
  "action_token_ids": [
    31835,
    31899,
    31898,
    31824,
    31863,
    31893,
    31883
  ],
  "mse_per_dim": [
    3.705405034576162e-05,
    5.759589310842553e-06,
    7.07463386153922e-05,
    0.0023310792544237453,
    0.0006655744833155475,
    0.000322522985455827,
    1.1799923106497503
  ],
  "mse_mean": 0.16906072105017392,
  "mse_spatial": 0.0005721227835778527,
  "mse_gripper": 1.1799923106497503,
  "mse_per_dim_names": [
    "x",
    "y",
    "z",
    "roll",
    "pitch",
    "yaw",
    "gripper"
  ],
  "grounding": {
    "nouns": [],
    "num_boxes": 0,
    "num_patches": 0,
    "patch_coverage": 0.0,
    "segmentation": "sam2"
  }
}