{
  "episode_id": 17,
  "step_id": 7,
  "instruction": "",
  "condition": "sam_var_obj_laysel",
  "condition_desc": "VAR(p=0.6,rho=0.5) + obj_redirect + L8-24 + SAM2",
  "predicted_action": [
    0.003370000537704001,
    -0.008841877846156886,
    -0.005697574604521784,
    0.011994409540120127,
    -0.01886694493889811,
    -0.032302672815089195,
    -0.14901960784313728
  ],
  "ground_truth_action": [
    0.02062925510108471,
    -0.017643237486481667,
    -0.017874378710985184,
    0.0012507657520473003,
    -0.028957990929484367,
    -0.03453782573342323,
    1.0
  ],
  "action_token_ids": [
    31856,
    31898,
    31921,
    31854,
    31889,
    31891,
    31891
  ],
  "mse_per_dim": [
    0.0002978818680835778,
    7.746393151833796e-05,
    0.0001482745582471839,
    0.00011542588184499583,
    0.000101829209184127,
    4.995908568337166e-06,
    1.3202460592079968
  ],
  "mse_mean": 0.1887131329379205,
  "mse_spatial": 0.00012431189290775996,
  "mse_gripper": 1.3202460592079968,
  "mse_per_dim_names": [
    "x",
    "y",
    "z",
    "roll",
    "pitch",
    "yaw",
    "gripper"
  ],
  "grounding": {
    "nouns": [],
    "num_boxes": 0,
    "num_patches": 0,
    "patch_coverage": 0.0,
    "segmentation": "sam2"
  }
}