{
  "episode_id": 29,
  "step_id": 26,
  "instruction": "",
  "condition": "sam_var_obj_laysel",
  "condition_desc": "VAR(p=0.6,rho=0.5) + obj_redirect + L8-24 + SAM2",
  "predicted_action": [
    -0.0013271585282157647,
    -0.0017191617944661772,
    -0.010114604298244505,
    -0.005247634638758394,
    -0.007479244917631175,
    0.02572205783923459,
    0.07058823529411762
  ],
  "ground_truth_action": [
    -0.02837418019771576,
    -0.021241988986730576,
    0.018963376060128212,
    -0.020754342898726463,
    -0.05875025689601898,
    -0.013869823887944221,
    1.0
  ],
  "action_token_ids": [
    31877,
    31876,
    31938,
    31881,
    31872,
    31855,
    31863
  ],
  "mse_per_dim": [
    0.0007315413811904023,
    0.0003811407815790182,
    0.0008455289417219096,
    0.00024045800105976193,
    0.002628716669287986,
    0.0015675170986989156,
    0.8638062283737025
  ],
  "mse_mean": 0.12431444732103435,
  "mse_spatial": 0.0010658171455896657,
  "mse_gripper": 0.8638062283737025,
  "mse_per_dim_names": [
    "x",
    "y",
    "z",
    "roll",
    "pitch",
    "yaw",
    "gripper"
  ],
  "grounding": {
    "nouns": [],
    "num_boxes": 0,
    "num_patches": 0,
    "patch_coverage": 0.0,
    "segmentation": "sam2"
  }
}