{
  "episode_id": 20,
  "step_id": 4,
  "instruction": "",
  "condition": "sam_var_obj_laysel",
  "condition_desc": "VAR(p=0.6,rho=0.5) + obj_redirect + L8-24 + SAM2",
  "predicted_action": [
    0.003146326296469725,
    -0.01725963317997318,
    -0.00985477902214317,
    -0.00013888080797956615,
    -0.005469650796231129,
    -0.022631884372701916,
    -0.32156862745098036
  ],
  "ground_truth_action": [
    -0.004043895285576582,
    -0.0195598267018795,
    -0.0009186062379740179,
    -0.014452775940299034,
    0.0069640264846384525,
    -0.02967887371778488,
    1.0
  ],
  "action_token_ids": [
    31857,
    31924,
    31937,
    31873,
    31869,
    31885,
    31913
  ],
  "mse_per_dim": [
    5.16992863989245e-05,
    5.290890238219813e-06,
    7.985518402852546e-05,
    0.00020488759385903896,
    0.0001545963307248124,
    4.9660058829712846e-05,
    1.7465436370626681
  ],
  "mse_mean": 0.24958423234382104,
  "mse_spatial": 9.099822401320566e-05,
  "mse_gripper": 1.7465436370626681,
  "mse_per_dim_names": [
    "x",
    "y",
    "z",
    "roll",
    "pitch",
    "yaw",
    "gripper"
  ],
  "grounding": {
    "nouns": [],
    "num_boxes": 0,
    "num_patches": 0,
    "patch_coverage": 0.0,
    "segmentation": "sam2"
  }
}