{
  "episode_id": 27,
  "step_id": 35,
  "instruction": "sweep into pile",
  "condition": "sam_var_obj_laysel",
  "condition_desc": "VAR(p=0.6,rho=0.5) + obj_redirect + L8-24 + SAM2",
  "predicted_action": [
    0.024171704972491517,
    0.01025995156519547,
    -0.023105868103311344,
    0.022850511430525133,
    0.043430472824503366,
    -0.041973461257476474,
    0.0
  ],
  "ground_truth_action": [
    0.013324994593858719,
    -0.0020894010085612535,
    -0.009522286243736744,
    0.039268191903829575,
    0.00202166591770947,
    -0.021235745400190353,
    0.0
  ],
  "action_token_ids": [
    31763,
    31839,
    31988,
    31837,
    31796,
    31897,
    31872
  ],
  "mse_per_dim": [
    0.00011765112603794045,
    0.00015250650899095182,
    0.00018451369613576413,
    0.0002695402321235219,
    0.001714689289444142,
    0.00043005285897753623,
    0.0
  ],
  "mse_mean": 0.00040985053024426523,
  "mse_spatial": 0.00047815895195164274,
  "mse_gripper": 0.0,
  "mse_per_dim_names": [
    "x",
    "y",
    "z",
    "roll",
    "pitch",
    "yaw",
    "gripper"
  ],
  "grounding": {
    "nouns": [
      "pile"
    ],
    "num_boxes": 1,
    "num_patches": 21,
    "patch_coverage": 0.08203125,
    "segmentation": "sam2"
  }
}