{
  "episode_id": 27,
  "step_id": 44,
  "instruction": "sweep into pile",
  "condition": "sam_var_obj_laysel",
  "condition_desc": "VAR(p=0.6,rho=0.5) + obj_redirect + L8-24 + SAM2",
  "predicted_action": [
    -0.001998181251918585,
    -0.009165637666688285,
    0.0002784067458089616,
    -0.00013888080797956615,
    0.0005591315679690234,
    -0.02424368244643313,
    -0.03921568627450983
  ],
  "ground_truth_action": [
    0.006077555939555168,
    0.018232854083180428,
    0.023625852540135384,
    -0.03431745618581772,
    -0.031286999583244324,
    0.056796323508024216,
    0.0
  ],
  "action_token_ids": [
    31880,
    31899,
    31898,
    31873,
    31860,
    31886,
    31877
  ],
  "mse_per_dim": [
    6.521753118575238e-05,
    0.0007506773501676239,
    0.0005451032251190106,
    0.0011681750148585645,
    0.001014176069300281,
    0.006567482565098482,
    0.0015378700499807788
  ],
  "mse_mean": 0.001664100257958642,
  "mse_spatial": 0.0016851386259549527,
  "mse_gripper": 0.0015378700499807788,
  "mse_per_dim_names": [
    "x",
    "y",
    "z",
    "roll",
    "pitch",
    "yaw",
    "gripper"
  ],
  "grounding": {
    "nouns": [
      "pile"
    ],
    "num_boxes": 1,
    "num_patches": 14,
    "patch_coverage": 0.0546875,
    "segmentation": "sam2"
  }
}