{
  "episode_id": 29,
  "step_id": 3,
  "instruction": "",
  "condition": "sam_var_obj_laysel",
  "condition_desc": "VAR(p=0.6,rho=0.5) + obj_redirect + L8-24 + SAM2",
  "predicted_action": [
    -0.0011034842869814855,
    0.0070223533598815155,
    -0.006736875708927132,
    0.008162844167036026,
    0.011276966882102613,
    0.04184003857654672,
    0.996078431372549
  ],
  "ground_truth_action": [
    -0.005618040915578604,
    0.022868679836392403,
    -0.00278054503723979,
    0.010578359477221966,
    -0.003715394763275981,
    0.005254659336060286,
    1.0
  ],
  "action_token_ids": [
    31876,
    31849,
    31925,
    31860,
    31844,
    31845,
    31744
  ],
  "mse_per_dim": [
    2.038122155281018e-05,
    0.0002511060628001699,
    1.5652552383734015e-05,
    5.834714213742675e-06,
    0.00022477090770581912,
    0.001338489974170216,
    1.5378700499807656e-05
  ],
  "mse_mean": 0.0002673734476180428,
  "mse_spatial": 0.00030937257213774867,
  "mse_gripper": 1.5378700499807656e-05,
  "mse_per_dim_names": [
    "x",
    "y",
    "z",
    "roll",
    "pitch",
    "yaw",
    "gripper"
  ],
  "grounding": {
    "nouns": [],
    "num_boxes": 0,
    "num_patches": 0,
    "patch_coverage": 0.0,
    "segmentation": "sam2"
  }
}