{
  "episode_id": 25,
  "step_id": 0,
  "instruction": "",
  "condition": "sam_var_obj_laysel",
  "condition_desc": "VAR(p=0.6,rho=0.5) + obj_redirect + L8-24 + SAM2",
  "predicted_action": [
    -0.001550832769450037,
    0.001842196231379177,
    0.018985826625105204,
    0.006247061480493962,
    -0.05637936853836565,
    -0.030690874741357954,
    0.0
  ],
  "ground_truth_action": [
    0.009501650929450989,
    0.034246936440467834,
    -0.002709978958591819,
    0.0006102481856942177,
    0.0023897350765764713,
    -0.16402271389961243,
    0.9936293363571167
  ],
  "action_token_ids": [
    31878,
    31865,
    31826,
    31863,
    31945,
    31890,
    31872
  ],
  "mse_per_dim": [
    0.0001221573959144729,
    0.0010500671880185272,
    0.00047070797992557895,
    3.177366412043115e-05,
    0.003453807539703803,
    0.01777737933332264,
    0.9872992580694842
  ],
  "mse_mean": 0.14431502159578424,
  "mse_spatial": 0.0038176488501675755,
  "mse_gripper": 0.9872992580694842,
  "mse_per_dim_names": [
    "x",
    "y",
    "z",
    "roll",
    "pitch",
    "yaw",
    "gripper"
  ],
  "grounding": {
    "nouns": [],
    "num_boxes": 0,
    "num_patches": 0,
    "patch_coverage": 0.0,
    "segmentation": "sam2"
  }
}