{
  "episode_id": 24,
  "step_id": 4,
  "instruction": "",
  "condition": "sam_var_obj_laysel",
  "condition_desc": "VAR(p=0.6,rho=0.5) + obj_redirect + L8-24 + SAM2",
  "predicted_action": [
    -0.01631333269091214,
    0.04069337469514669,
    0.0057347375439370275,
    0.003054090336257184,
    0.017305749246302723,
    0.08213499041982711,
    0.16470588235294115
  ],
  "ground_truth_action": [
    0.006888692732900381,
    -0.00954742543399334,
    0.0059481095522642136,
    0.0006443512975238264,
    -0.011302820406854153,
    0.16064096987247467,
    0.0720718502998352
  ],
  "action_token_ids": [
    31944,
    31744,
    31877,
    31868,
    31835,
    31820,
    31851
  ],
  "mse_per_dim": [
    0.0005383339837672426,
    0.0025241379976161968,
    4.552761393757675e-08,
    5.806842234795568e-06,
    0.0008184502575995286,
    0.006163188809819521,
    0.008581063894415859
  ],
  "mse_mean": 0.0026615753304381545,
  "mse_spatial": 0.0016749939031085372,
  "mse_gripper": 0.008581063894415859,
  "mse_per_dim_names": [
    "x",
    "y",
    "z",
    "roll",
    "pitch",
    "yaw",
    "gripper"
  ],
  "grounding": {
    "nouns": [],
    "num_boxes": 0,
    "num_patches": 0,
    "patch_coverage": 0.0,
    "segmentation": "sam2"
  }
}