{
  "episode_id": 25,
  "step_id": 14,
  "instruction": "",
  "condition": "sam_var_obj_laysel",
  "condition_desc": "VAR(p=0.6,rho=0.5) + obj_redirect + L8-24 + SAM2",
  "predicted_action": [
    -0.0008798100457472133,
    0.0079936328214757,
    -0.0005010690824950523,
    0.011355815311272777,
    -0.006809380210497831,
    0.017663067470578525,
    0.0
  ],
  "ground_truth_action": [
    0.00138605828396976,
    -0.002300921129062772,
    0.0008829325088299811,
    -0.005618500057607889,
    -0.005550998728722334,
    0.06746256351470947,
    0.005506373941898346
  ],
  "action_token_ids": [
    31875,
    31846,
    31901,
    31855,
    31871,
    31860,
    31872
  ],
  "mse_per_dim": [
    5.134159287614386e-06,
    0.00010597784104054727,
    1.9154604047902246e-06,
    0.0002881273822422184,
    1.5835239536754964e-06,
    0.0024799898062494137,
    3.032015398801713e-05
  ],
  "mse_mean": 0.0004161497610237538,
  "mse_spatial": 0.00048045469552970995,
  "mse_gripper": 3.032015398801713e-05,
  "mse_per_dim_names": [
    "x",
    "y",
    "z",
    "roll",
    "pitch",
    "yaw",
    "gripper"
  ],
  "grounding": {
    "nouns": [],
    "num_boxes": 0,
    "num_patches": 0,
    "patch_coverage": 0.0,
    "segmentation": "sam2"
  }
}