{
  "episode_id": 21,
  "step_id": 22,
  "instruction": "moved the green object and put it on the table",
  "condition": "sam_var_obj_laysel",
  "condition_desc": "VAR(p=0.6,rho=0.5) + obj_redirect + L8-24 + SAM2",
  "predicted_action": [
    0.0026989778140011807,
    -0.007546838564031308,
    -0.0005010690824950523,
    -0.012910765384926637,
    -0.010828568453297924,
    0.01927486554430974,
    -0.06274509803921569
  ],
  "ground_truth_action": [
    -0.011120015755295753,
    -0.009598126634955406,
    0.031534429639577866,
    0.010555791668593884,
    -0.040920499712228775,
    0.01899631880223751,
    0.0
  ],
  "action_token_ids": [
    31859,
    31894,
    31901,
    31893,
    31877,
    31859,
    31880
  ],
  "mse_per_dim": [
    0.00019096458326827,
    4.2077827499155085e-06,
    0.0010262731783719356,
    0.0005506792999461337,
    0.0009055243268922197,
    7.75882875190521e-08,
    0.003936947327950788
  ],
  "mse_mean": 0.0009449534410666831,
  "mse_spatial": 0.00044628779325266567,
  "mse_gripper": 0.003936947327950788,
  "mse_per_dim_names": [
    "x",
    "y",
    "z",
    "roll",
    "pitch",
    "yaw",
    "gripper"
  ],
  "grounding": {
    "nouns": [
      "object",
      "table"
    ],
    "num_boxes": 1,
    "num_patches": 72,
    "patch_coverage": 0.28125,
    "segmentation": "sam2"
  }
}