{
  "episode_id": 22,
  "step_id": 15,
  "instruction": "",
  "condition": "sam_var_obj_laysel",
  "condition_desc": "VAR(p=0.6,rho=0.5) + obj_redirect + L8-24 + SAM2",
  "predicted_action": [
    0.005159394467578193,
    -0.002042921614997577,
    -0.0007608943585963902,
    0.018380351828593683,
    -0.021546403767431513,
    0.02894565398669699,
    -0.03137254901960784
  ],
  "ground_truth_action": [
    0.001835122355259955,
    0.008790571242570877,
    -0.0041068000718951225,
    0.013415963388979435,
    0.009790121577680111,
    0.038320235908031464,
    0.9123319983482361
  ],
  "action_token_ids": [
    31848,
    31877,
    31902,
    31844,
    31893,
    31853,
    31876
  ],
  "mse_per_dim": [
    1.1050785076736758e-05,
    0.00011736456749498671,
    1.1195085042285099e-05,
    2.464515257937559e-05,
    0.000981977820704823,
    8.788278619981116e-05,
    0.8905782727227471
  ],
  "mse_mean": 0.12740176984569215,
  "mse_spatial": 0.00020568603284966974,
  "mse_gripper": 0.8905782727227471,
  "mse_per_dim_names": [
    "x",
    "y",
    "z",
    "roll",
    "pitch",
    "yaw",
    "gripper"
  ],
  "grounding": {
    "nouns": [],
    "num_boxes": 0,
    "num_patches": 0,
    "patch_coverage": 0.0,
    "segmentation": "sam2"
  }
}