{
  "episode_id": 24,
  "step_id": 11,
  "instruction": "",
  "condition": "sam_var_obj_laysel",
  "condition_desc": "VAR(p=0.6,rho=0.5) + obj_redirect + L8-24 + SAM2",
  "predicted_action": [
    -0.0013271585282157647,
    0.004108514975098954,
    -0.0025796712913057455,
    -0.01929670767340016,
    -0.005469650796231129,
    -0.006513903635389756,
    0.996078431372549
  ],
  "ground_truth_action": [
    -0.0001032792788464576,
    -0.002572382800281048,
    0.00860215350985527,
    0.021459544077515602,
    0.010075001046061516,
    -0.014680414460599422,
    0.005224931053817272
  ],
  "action_token_ids": [
    31877,
    31858,
    31909,
    31903,
    31869,
    31875,
    31744
  ],
  "mse_per_dim": [
    1.4978804170367785e-06,
    4.463439508507745e-05,
    0.00012503320588385958,
    0.001661072056784024,
    0.00024163620089809212,
    6.669189905826667e-05,
    0.981790659093883
  ],
  "mse_mean": 0.1405616035331442,
  "mse_spatial": 0.00035676093968772614,
  "mse_gripper": 0.981790659093883,
  "mse_per_dim_names": [
    "x",
    "y",
    "z",
    "roll",
    "pitch",
    "yaw",
    "gripper"
  ],
  "grounding": {
    "nouns": [],
    "num_boxes": 0,
    "num_patches": 0,
    "patch_coverage": 0.0,
    "segmentation": "sam2"
  }
}