{
  "episode_id": 29,
  "step_id": 15,
  "instruction": "",
  "condition": "sam_var_obj_laysel",
  "condition_desc": "VAR(p=0.6,rho=0.5) + obj_redirect + L8-24 + SAM2",
  "predicted_action": [
    0.0038173490201725453,
    0.0024897158724419693,
    1.8581469707623643e-05,
    0.011994409540120127,
    -0.020876539060298155,
    0.024110259765503378,
    0.0
  ],
  "ground_truth_action": [
    0.02245168574154377,
    0.010241457261145115,
    0.010095307603478432,
    0.017821092158555984,
    -0.021849442273378372,
    0.01761740632355213,
    0.0
  ],
  "action_token_ids": [
    31854,
    31863,
    31899,
    31854,
    31892,
    31856,
    31872
  ],
  "mse_per_dim": [
    0.0003472385050454441,
    6.008949455733337e-05,
    0.00010154040957501958,
    3.3950230335982545e-05,
    9.465406620218108e-07,
    4.215714581865814e-05,
    0.0
  ],
  "mse_mean": 8.370318942777995e-05,
  "mse_spatial": 9.76537209990766e-05,
  "mse_gripper": 0.0,
  "mse_per_dim_names": [
    "x",
    "y",
    "z",
    "roll",
    "pitch",
    "yaw",
    "gripper"
  ],
  "grounding": {
    "nouns": [],
    "num_boxes": 0,
    "num_patches": 0,
    "patch_coverage": 0.0,
    "segmentation": "sam2"
  }
}