{
  "episode_id": 24,
  "step_id": 20,
  "instruction": "",
  "condition": "sam_var_obj_laysel",
  "condition_desc": "VAR(p=0.6,rho=0.5) + obj_redirect + L8-24 + SAM2",
  "predicted_action": [
    0.0020279550902983536,
    0.006374833718818716,
    -0.00699670098502847,
    0.04647849789787721,
    -0.002120327260564381,
    0.08374678849355835,
    0.0
  ],
  "ground_truth_action": [
    -0.00462134275585413,
    0.042558372020721436,
    -0.008242852985858917,
    0.00013789029617328197,
    0.009234470315277576,
    -0.185506209731102,
    -0.005247221793979406
  ],
  "action_token_ids": [
    31862,
    31851,
    31926,
    31800,
    31864,
    31819,
    31872
  ],
  "mse_per_dim": [
    4.4213161846848056e-05,
    0.0013092484440452611,
    1.5528948091737268e-06,
    0.0021474519128951,
    0.00012893142798834639,
    0.07249717705296893,
    2.753333655521246e-05
  ],
  "mse_mean": 0.010879444033015552,
  "mse_spatial": 0.012688095815758943,
  "mse_gripper": 2.753333655521246e-05,
  "mse_per_dim_names": [
    "x",
    "y",
    "z",
    "roll",
    "pitch",
    "yaw",
    "gripper"
  ],
  "grounding": {
    "nouns": [],
    "num_boxes": 0,
    "num_patches": 0,
    "patch_coverage": 0.0,
    "segmentation": "sam2"
  }
}