{
  "episode_id": 22,
  "step_id": 42,
  "instruction": "",
  "condition": "sam_var_obj_laysel",
  "condition_desc": "VAR(p=0.6,rho=0.5) + obj_redirect + L8-24 + SAM2",
  "predicted_action": [
    -0.0013271585282157647,
    0.02839050151495364,
    -0.008815477917737825,
    -0.010994982698384559,
    0.02869344926756967,
    0.027333855912965777,
    0.22745098039215694
  ],
  "ground_truth_action": [
    0.0,
    0.0,
    0.0,
    0.0,
    0.0,
    0.0,
    1.0
  ],
  "action_token_ids": [
    31877,
    31783,
    31933,
    31890,
    31818,
    31854,
    31843
  ],
  "mse_per_dim": [
    1.7613497590158346e-06,
    0.0008060205762705849,
    7.771265091812323e-05,
    0.0001208896445377758,
    0.0008233140308705945,
    0.0007471396790707742,
    0.5968319876970395
  ],
  "mse_mean": 0.08562983223263805,
  "mse_spatial": 0.0004294729885711447,
  "mse_gripper": 0.5968319876970395,
  "mse_per_dim_names": [
    "x",
    "y",
    "z",
    "roll",
    "pitch",
    "yaw",
    "gripper"
  ],
  "grounding": {
    "nouns": [],
    "num_boxes": 0,
    "num_patches": 0,
    "patch_coverage": 0.0,
    "segmentation": "sam2"
  }
}