{
  "episode_id": 25,
  "step_id": 38,
  "instruction": "",
  "condition": "sam_var_obj_laysel",
  "condition_desc": "VAR(p=0.6,rho=0.5) + obj_redirect + L8-24 + SAM2",
  "predicted_action": [
    0.0020279550902983536,
    0.0008709167697849851,
    -0.0023198460152044076,
    -0.009079200011842509,
    -0.01886694493889811,
    -0.022631884372701916,
    0.996078431372549
  ],
  "ground_truth_action": [
    0.010785352438688278,
    -0.05456624552607536,
    0.005902691278606653,
    -0.0006559151224792004,
    -0.0012396458769217134,
    -0.00706776836887002,
    1.0
  ],
  "action_token_ids": [
    31862,
    31868,
    31908,
    31887,
    31889,
    31885,
    31744
  ],
  "mse_per_dim": [
    7.669200831758688e-05,
    0.00307327896341756,
    6.761011954811373e-05,
    7.095172832737624e-05,
    0.0003107216722203539,
    0.00024224170698073613,
    1.5378700499807656e-05
  ],
  "mse_mean": 0.0005509821284730765,
  "mse_spatial": 0.0006402493664686213,
  "mse_gripper": 1.5378700499807656e-05,
  "mse_per_dim_names": [
    "x",
    "y",
    "z",
    "roll",
    "pitch",
    "yaw",
    "gripper"
  ],
  "grounding": {
    "nouns": [],
    "num_boxes": 0,
    "num_patches": 0,
    "patch_coverage": 0.0,
    "segmentation": "sam2"
  }
}