{
  "episode_id": 22,
  "step_id": 39,
  "instruction": "",
  "condition": "sam_var_obj_laysel",
  "condition_desc": "VAR(p=0.6,rho=0.5) + obj_redirect + L8-24 + SAM2",
  "predicted_action": [
    0.004041023261406821,
    -0.01272699569253364,
    -0.014011983439764557,
    0.009440032624730726,
    0.011946831589235957,
    -0.02424368244643313,
    -0.21176470588235297
  ],
  "ground_truth_action": [
    -0.03908567503094673,
    0.028658343479037285,
    0.0015014890814200044,
    0.006075473967939615,
    0.0063574961386621,
    0.03863871842622757,
    1.0
  ],
  "action_token_ids": [
    31853,
    31910,
    31953,
    31858,
    31843,
    31886,
    31899
  ],
  "mse_per_dim": [
    0.0018599121055996905,
    0.0017127462983459628,
    0.00024066782966554847,
    1.1320254954988006e-05,
    3.124067077904166e-05,
    0.003954196339509999,
    1.4683737024221457
  ],
  "mse_mean": 0.21088339798871442,
  "mse_spatial": 0.0013016805831425383,
  "mse_gripper": 1.4683737024221457,
  "mse_per_dim_names": [
    "x",
    "y",
    "z",
    "roll",
    "pitch",
    "yaw",
    "gripper"
  ],
  "grounding": {
    "nouns": [],
    "num_boxes": 0,
    "num_patches": 0,
    "patch_coverage": 0.0,
    "segmentation": "sam2"
  }
}