{
  "episode_id": 27,
  "step_id": 50,
  "instruction": "sweep into pile",
  "condition": "sam_var_obj_laysel",
  "condition_desc": "VAR(p=0.6,rho=0.5) + obj_redirect + L8-24 + SAM2",
  "predicted_action": [
    0.0020279550902983536,
    0.01803018725794897,
    -0.011673555954852527,
    -0.01674233075801075,
    0.0005591315679690234,
    0.0982529711571393,
    0.996078431372549
  ],
  "ground_truth_action": [
    -0.0008757425821386278,
    0.0057349237613379955,
    -0.006114506162703037,
    -0.009629447013139725,
    0.01591677777469158,
    0.01563584804534912,
    0.0
  ],
  "action_token_ids": [
    31862,
    31815,
    31944,
    31899,
    31860,
    31810,
    31744
  ],
  "mse_per_dim": [
    8.431460172915943e-06,
    0.00015117350445109434,
    3.0903034591597285e-05,
    5.059311516805048e-05,
    0.0002358572970108598,
    0.006825589031268694,
    0.9921722414455979
  ],
  "mse_mean": 0.14278211269832303,
  "mse_spatial": 0.0012170912404438686,
  "mse_gripper": 0.9921722414455979,
  "mse_per_dim_names": [
    "x",
    "y",
    "z",
    "roll",
    "pitch",
    "yaw",
    "gripper"
  ],
  "grounding": {
    "nouns": [
      "pile"
    ],
    "num_boxes": 1,
    "num_patches": 18,
    "patch_coverage": 0.0703125,
    "segmentation": "sam2"
  }
}