{
  "episode_id": 24,
  "step_id": 9,
  "instruction": "",
  "condition": "sam_var_obj_laysel",
  "condition_desc": "VAR(p=0.6,rho=0.5) + obj_redirect + L8-24 + SAM2",
  "predicted_action": [
    -0.004905946387964152,
    0.0021659560519105767,
    0.0057347375439370275,
    0.001776901878562484,
    -0.003460056674831083,
    0.004768682880728764,
    -0.01568627450980392
  ],
  "ground_truth_action": [
    -0.0005843077087774873,
    0.0012827154714614153,
    -0.01470248680561781,
    -0.017768261954188347,
    0.01301499642431736,
    -0.16147440671920776,
    0.9979670643806458
  ],
  "action_token_ids": [
    31893,
    31864,
    31877,
    31870,
    31866,
    31868,
    31874
  ],
  "mse_per_dim": [
    1.8676560873442256e-05,
    7.801139229521715e-07,
    0.0004176801391140371,
    0.00038201342924907113,
    0.0002714273746197607,
    0.027636764839732524,
    1.0274930914437568
  ],
  "mse_mean": 0.15088863341446695,
  "mse_spatial": 0.004787890409585298,
  "mse_gripper": 1.0274930914437568,
  "mse_per_dim_names": [
    "x",
    "y",
    "z",
    "roll",
    "pitch",
    "yaw",
    "gripper"
  ],
  "grounding": {
    "nouns": [],
    "num_boxes": 0,
    "num_patches": 0,
    "patch_coverage": 0.0,
    "segmentation": "sam2"
  }
}