{
  "episode_id": 29,
  "step_id": 4,
  "instruction": "",
  "condition": "sam_var_obj_laysel",
  "condition_desc": "VAR(p=0.6,rho=0.5) + obj_redirect + L8-24 + SAM2",
  "predicted_action": [
    -0.004682272146729876,
    0.034865697925581564,
    -0.014011983439764557,
    0.05541881710174014,
    0.021994802196236188,
    0.09502937500967693,
    0.40784313725490184
  ],
  "ground_truth_action": [
    0.005060914903879166,
    0.012101306580007076,
    -0.011635692790150642,
    0.017700979486107826,
    0.008238417096436024,
    -0.0011419540969654918,
    1.0
  ],
  "action_token_ids": [
    31892,
    31763,
    31953,
    31786,
    31828,
    31812,
    31820
  ],
  "mse_per_dim": [
    9.492969390315572e-05,
    0.0005182175133344666,
    5.6467572514425196e-06,
    0.0014226352743992078,
    0.00018923813101400397,
    0.009248924542138126,
    0.35064975009611704
  ],
  "mse_mean": 0.05173276314402249,
  "mse_spatial": 0.0019132653186734003,
  "mse_gripper": 0.35064975009611704,
  "mse_per_dim_names": [
    "x",
    "y",
    "z",
    "roll",
    "pitch",
    "yaw",
    "gripper"
  ],
  "grounding": {
    "nouns": [],
    "num_boxes": 0,
    "num_patches": 0,
    "patch_coverage": 0.0,
    "segmentation": "sam2"
  }
}