{
  "episode_id": 28,
  "step_id": 32,
  "instruction": "Move the bowl closer to the bottom right of the table.",
  "condition": "sam_var_obj_laysel",
  "condition_desc": "VAR(p=0.6,rho=0.5) + obj_redirect + L8-24 + SAM2",
  "predicted_action": [
    0.008290833844858039,
    -0.00010036269180919988,
    0.002097183678518317,
    0.04136974406709838,
    -0.0014504625534310367,
    0.02894565398669699,
    0.996078431372549
  ],
  "ground_truth_action": [
    0.0,
    0.0,
    0.0,
    0.0,
    0.0,
    0.0,
    1.0
  ],
  "action_token_ids": [
    31834,
    31871,
    31891,
    31808,
    31863,
    31853,
    31744
  ],
  "mse_per_dim": [
    6.873792584304352e-05,
    1.0072669907188437e-08,
    4.398179381443619e-06,
    0.0017114557241772218,
    2.103841618905683e-06,
    0.0008378508847175873,
    1.5378700499807656e-05
  ],
  "mse_mean": 0.0003771336184154167,
  "mse_spatial": 0.00043742610473468483,
  "mse_gripper": 1.5378700499807656e-05,
  "mse_per_dim_names": [
    "x",
    "y",
    "z",
    "roll",
    "pitch",
    "yaw",
    "gripper"
  ],
  "grounding": {
    "nouns": [
      "bowl",
      "table"
    ],
    "num_boxes": 1,
    "num_patches": 24,
    "patch_coverage": 0.09375,
    "segmentation": "sam2"
  }
}