{
  "episode_id": 28,
  "step_id": 11,
  "instruction": "Move the bowl closer to the bottom right of the table.",
  "condition": "sam_var_obj_laysel",
  "condition_desc": "VAR(p=0.6,rho=0.5) + obj_redirect + L8-24 + SAM2",
  "predicted_action": [
    -0.0013271585282157647,
    -0.0007478823328719852,
    0.005474912267835693,
    -0.00013888080797956615,
    -0.01551762140323136,
    0.0015450867332663376,
    -0.0784313725490196
  ],
  "ground_truth_action": [
    -0.003748521441593766,
    -0.002152869710698724,
    0.013159077614545822,
    -0.015704965218901634,
    -0.027011621743440628,
    -0.016058282926678658,
    0.0
  ],
  "action_token_ids": [
    31877,
    31873,
    31878,
    31873,
    31884,
    31870,
    31882
  ],
  "mse_per_dim": [
    5.862998358282403e-06,
    1.9739895318524547e-06,
    5.90463970755808e-05,
    0.00024230298388795102,
    0.00013211204382073077,
    0.000309878623384672,
    0.006151480199923107
  ],
  "mse_mean": 0.0009860938908545966,
  "mse_spatial": 0.00012519617267651157,
  "mse_gripper": 0.006151480199923107,
  "mse_per_dim_names": [
    "x",
    "y",
    "z",
    "roll",
    "pitch",
    "yaw",
    "gripper"
  ],
  "grounding": {
    "nouns": [
      "bowl",
      "table"
    ],
    "num_boxes": 1,
    "num_patches": 11,
    "patch_coverage": 0.04296875,
    "segmentation": "sam2"
  }
}