{
  "episode_id": 2,
  "step_id": 32,
  "instruction": "put the red object into the pot",
  "condition": "baseline",
  "condition_desc": "no enhancement",
  "predicted_action": [
    0.002130618072114867,
    -0.015097651097166848,
    -0.0026715235861775044,
    0.009723159362911099,
    -0.012483605278539492,
    -0.047435316058108634,
    -0.20703125
  ],
  "ground_truth_action": [
    -0.006036115810275078,
    -0.009887522086501122,
    -0.009642031975090504,
    0.006193024106323719,
    0.023466456681489944,
    -0.03267395496368408,
    0.0
  ],
  "action_token_ids": [
    31861,
    31917,
    31909,
    31857,
    31879,
    31900,
    31898
  ],
  "gt_is_zero_spatial": false,
  "mse_per_dim": [
    6.669554230577594e-05,
    2.714544430778062e-05,
    4.85879871999065e-05,
    1.2461854929801247e-05,
    0.0012924069549299555,
    0.0002178977813599908,
    0.0428619384765625
  ],
  "mse_mean": 0.006361019148799387,
  "mse_spatial": 0.00027753259417220177,
  "mse_gripper": 0.0428619384765625,
  "mse_per_dim_names": [
    "x",
    "y",
    "z",
    "roll",
    "pitch",
    "yaw",
    "gripper"
  ]
}