{
  "episode_id": 4,
  "step_id": 42,
  "instruction": "",
  "condition": "baseline",
  "condition_desc": "no enhancement",
  "predicted_action": [
    -0.0016569906612858322,
    -0.012195194893574842,
    0.0019870624189206806,
    0.004634361601783751,
    0.026884029560605954,
    -0.020141782270511693,
    0.99609375
  ],
  "ground_truth_action": [
    -0.0019126413390040398,
    -3.6040688428329304e-05,
    0.00020570431661326438,
    -0.006443488877266645,
    0.005890730768442154,
    0.03319069743156433,
    1.0
  ],
  "action_token_ids": [
    31878,
    31908,
    31891,
    31865,
    31820,
    31883,
    31744
  ],
  "gt_is_zero_spatial": false,
  "mse_per_dim": [
    6.535726901777883e-08,
    0.00014784503098453212,
    3.1732366886562795e-06,
    0.0001227187712361971,
    0.0004407185941770661,
    0.002844353391172351,
    1.52587890625e-05
  ],
  "mse_mean": 0.0005105904529414744,
  "mse_spatial": 0.0005931457302546368,
  "mse_gripper": 1.52587890625e-05,
  "mse_per_dim_names": [
    "x",
    "y",
    "z",
    "roll",
    "pitch",
    "yaw",
    "gripper"
  ]
}