{
  "episode_id": 1,
  "step_id": 38,
  "instruction": "put the blue cube on the right side of the table on top of the rectangular block",
  "condition": "baseline",
  "condition_desc": "no enhancement",
  "predicted_action": [
    -0.004553397339768721,
    0.00908948393276654,
    -0.0031891442534106376,
    -0.042437017688644184,
    0.03222201394557482,
    0.06494982306729061,
    -0.00390625
  ],
  "ground_truth_action": [
    -0.0012575843138620257,
    0.0010222310665994883,
    -0.002314105862751603,
    0.004507186356931925,
    0.011850869283080101,
    0.0069056106731295586,
    1.0
  ],
  "action_token_ids": [
    31891,
    31842,
    31911,
    31939,
    31812,
    31830,
    31872
  ],
  "gt_is_zero_spatial": false,
  "mse_per_dim": [
    1.0862383501736246e-05,
    6.508056880668052e-05,
    7.65692185127153e-07,
    0.002203758293472684,
    0.0004149835348602871,
    0.003369130592458479,
    1.0078277587890625
  ],
  "mse_mean": 0.14484176283633537,
  "mse_spatial": 0.0010107635108808322,
  "mse_gripper": 1.0078277587890625,
  "mse_per_dim_names": [
    "x",
    "y",
    "z",
    "roll",
    "pitch",
    "yaw",
    "gripper"
  ]
}