{
  "episode_id": 6,
  "step_id": 24,
  "instruction": "Picked the piece of chocolate and put it into the drawer",
  "condition": "baseline",
  "condition_desc": "no enhancement",
  "predicted_action": [
    -0.007449804018251609,
    -0.005745292218925939,
    0.02398594077632878,
    -0.05515901209146254,
    0.05357395148545034,
    0.023206771392142306,
    -0.74609375
  ],
  "ground_truth_action": [
    -0.0030166804790496826,
    0.005107253789901733,
    0.026172185316681862,
    -0.0381409153342247,
    -0.026436321437358856,
    0.010622579604387283,
    0.0
  ],
  "action_token_ids": [
    31904,
    31888,
    31806,
    31959,
    31780,
    31856,
    31967
  ],
  "gt_is_zero_spatial": false,
  "mse_per_dim": [
    1.9652584313826217e-05,
    0.00011777775487372144,
    4.779665190223659e-06,
    0.00028961561723870905,
    0.006401643773182415,
    0.00015836188295100095,
    0.5566558837890625
  ],
  "mse_mean": 0.08052110215240178,
  "mse_spatial": 0.0011653052129583159,
  "mse_gripper": 0.5566558837890625,
  "mse_per_dim_names": [
    "x",
    "y",
    "z",
    "roll",
    "pitch",
    "yaw",
    "gripper"
  ]
}