{
  "episode_id": 6,
  "step_id": 43,
  "instruction": "Picked the piece of chocolate and put it into the drawer",
  "condition": "baseline",
  "condition_desc": "no enhancement",
  "predicted_action": [
    -0.009232208128087234,
    -0.007680263021320612,
    0.03071500945035949,
    0.013539757683756606,
    -0.034502790866536105,
    -0.018536280283005968,
    0.99609375
  ],
  "ground_truth_action": [
    -0.015636702999472618,
    -0.003547392087057233,
    0.026345130056142807,
    0.03099253959953785,
    -0.020422080531716347,
    -0.030761364847421646,
    1.0
  ],
  "action_token_ids": [
    31912,
    31894,
    31780,
    31851,
    31912,
    31882,
    31744
  ],
  "gt_is_zero_spatial": false,
  "mse_per_dim": [
    4.101755455760169e-05,
    1.7080622159279054e-05,
    1.909584591999957e-05,
    0.0003045995965998208,
    0.00019826640353309995,
    0.00014945269260711446,
    1.52587890625e-05
  ],
  "mse_mean": 0.00010639592920563079,
  "mse_spatial": 0.00012158545256281926,
  "mse_gripper": 1.52587890625e-05,
  "mse_per_dim_names": [
    "x",
    "y",
    "z",
    "roll",
    "pitch",
    "yaw",
    "gripper"
  ]
}