{
  "episode_id": 2,
  "step_id": 40,
  "instruction": "put the red object into the pot",
  "condition": "baseline",
  "condition_desc": "no enhancement",
  "predicted_action": [
    -0.004998998367227628,
    0.022956774683261676,
    0.04003218146055586,
    -0.04498141656920786,
    -0.0625272088876227,
    0.07779383896733624,
    0.99609375
  ],
  "ground_truth_action": [
    0.006960882805287838,
    0.013661373406648636,
    7.90840495028533e-05,
    -0.0339917354285717,
    -0.006997985765337944,
    -0.013851064257323742,
    1.0
  ],
  "action_token_ids": [
    31893,
    31799,
    31744,
    31943,
    31954,
    31822,
    31744
  ],
  "gt_is_zero_spatial": false,
  "mse_per_dim": [
    0.00014303875766068992,
    8.640448489325933e-05,
    0.0015962499927370903,
    0.00012077309157285401,
    0.003083494620564484,
    0.008398788287057294,
    1.52587890625e-05
  ],
  "mse_mean": 0.0019205725747925958,
  "mse_spatial": 0.0022381248724142786,
  "mse_gripper": 1.52587890625e-05,
  "mse_per_dim_names": [
    "x",
    "y",
    "z",
    "roll",
    "pitch",
    "yaw",
    "gripper"
  ]
}