{
  "episode_id": 3,
  "step_id": 2,
  "instruction": "put the rectangle block on top of the red arch and yellow block",
  "condition": "baseline",
  "condition_desc": "no enhancement",
  "predicted_action": [
    0.004358623209409395,
    -0.00510030195146105,
    0.0025046830861538104,
    0.013539757683756606,
    -0.001140388460480632,
    -0.013719774320488876,
    -0.01953125
  ],
  "ground_truth_action": [
    0.002516337903216481,
    -0.0010572649771347642,
    0.007234157994389534,
    -0.028577717021107674,
    -0.04717095196247101,
    0.01636134274303913,
    1.0
  ],
  "action_token_ids": [
    31851,
    31886,
    31889,
    31851,
    31862,
    31879,
    31874
  ],
  "gt_is_zero_spatial": false,
  "mse_per_dim": [
    3.3940151494143184e-06,
    1.634614797576945e-05,
    2.2367932907631308e-05,
    0.0017738816755148825,
    0.0021188127763107686,
    0.0009048736037896759,
    1.0394439697265625
  ],
  "mse_mean": 0.1491833779826015,
  "mse_spatial": 0.000806612691941357,
  "mse_gripper": 1.0394439697265625,
  "mse_per_dim_names": [
    "x",
    "y",
    "z",
    "roll",
    "pitch",
    "yaw",
    "gripper"
  ]
}