{
  "episode_id": 4,
  "step_id": 18,
  "instruction": "",
  "condition": "baseline",
  "condition_desc": "no enhancement",
  "predicted_action": [
    -0.0014341901475563822,
    -0.01284018516103973,
    0.01570401010059867,
    0.007814860202488338,
    0.004864843972609348,
    0.05210580716724497,
    0.19140625
  ],
  "ground_truth_action": [
    -0.005580915603786707,
    -0.0031092511489987373,
    0.016839303076267242,
    -0.017103539779782295,
    -0.04275134578347206,
    0.016516592353582382,
    -0.00044936189078725874
  ],
  "action_token_ids": [
    31877,
    31910,
    31838,
    31860,
    31853,
    31838,
    31847
  ],
  "gt_is_zero_spatial": false,
  "mse_per_dim": [
    1.7195332009348596e-05,
    9.469107674669622e-05,
    1.2888901406024038e-06,
    0.0006209266576764251,
    0.002267301526887152,
    0.0012665922110530207,
    0.03680857581398839
  ],
  "mse_mean": 0.005868081644071662,
  "mse_spatial": 0.0007113326157522076,
  "mse_gripper": 0.03680857581398839,
  "mse_per_dim_names": [
    "x",
    "y",
    "z",
    "roll",
    "pitch",
    "yaw",
    "gripper"
  ]
}