{
  "episode_id": 1,
  "step_id": 18,
  "instruction": "put the blue cube on the right side of the table on top of the rectangular block",
  "condition": "baseline",
  "condition_desc": "no enhancement",
  "predicted_action": [
    0.008369032456539551,
    5.962018825807214e-05,
    -0.009141781926591652,
    0.015448056844179353,
    0.024215037368121514,
    -0.031380296183051604,
    -0.37890625
  ],
  "ground_truth_action": [
    0.008785953745245934,
    0.00389061844907701,
    -0.005501886829733849,
    0.03367513418197632,
    0.005380427930504084,
    -0.05726734921336174,
    0.0
  ],
  "action_token_ids": [
    31833,
    31870,
    31934,
    31848,
    31824,
    31890,
    31920
  ],
  "gt_is_zero_spatial": false,
  "mse_per_dim": [
    1.7382336097659065e-07,
    1.4676547674397728e-05,
    1.324883631612948e-05,
    0.0003322263482780317,
    0.0003547425126675876,
    0.0006701395145940892,
    0.1435699462890625
  ],
  "mse_mean": 0.020707879124564815,
  "mse_spatial": 0.0002308679304818687,
  "mse_gripper": 0.1435699462890625,
  "mse_per_dim_names": [
    "x",
    "y",
    "z",
    "roll",
    "pitch",
    "yaw",
    "gripper"
  ]
}