{
  "episode_id": 0,
  "step_id": 19,
  "instruction": "put small spoon from basket to tray",
  "condition": "baseline",
  "condition_desc": "no enhancement",
  "predicted_action": [
    0.001016615503467603,
    -0.010582719224912614,
    -0.0006010409172449785,
    -0.007451533080893691,
    0.026884029560605954,
    0.05531681114225637,
    0.13671875
  ],
  "ground_truth_action": [
    -0.0008452400215901434,
    -0.003685969626531005,
    -0.004811923485249281,
    -0.04872654378414154,
    0.016635794192552567,
    0.02268185280263424,
    0.0
  ],
  "action_token_ids": [
    31866,
    31903,
    31901,
    31884,
    31820,
    31836,
    31854
  ],
  "gt_is_zero_spatial": false,
  "mse_per_dim": [
    3.4665059961880565e-06,
    4.756515502277688e-05,
    1.773153200152251e-05,
    0.0017036265085532245,
    0.00010502632815902035,
    0.0010650405058288718,
    0.0186920166015625
  ],
  "mse_mean": 0.003090639019589158,
  "mse_spatial": 0.0004904094225936007,
  "mse_gripper": 0.0186920166015625,
  "mse_per_dim_names": [
    "x",
    "y",
    "z",
    "roll",
    "pitch",
    "yaw",
    "gripper"
  ]
}