{
  "episode_id": 0,
  "step_id": 14,
  "instruction": "put small spoon from basket to tray",
  "condition": "baseline",
  "condition_desc": "no enhancement",
  "predicted_action": [
    -0.01346541788894684,
    -0.0063902824863908275,
    0.02631523377887787,
    0.03834764676925241,
    -0.030499302577809452,
    0.03605078729218794,
    -0.00390625
  ],
  "ground_truth_action": [
    0.005237899720668793,
    -0.017237773165106773,
    0.027585333213210106,
    -0.01224739570170641,
    -0.024635188281536102,
    -0.04077330604195595,
    0.0
  ],
  "action_token_ids": [
    31931,
    31890,
    31797,
    31812,
    31906,
    31848,
    31872
  ],
  "gt_is_zero_spatial": false,
  "mse_per_dim": [
    0.0003498140896061582,
    0.00011766805402482933,
    1.6131525730910686e-06,
    0.0025598583226381266,
    3.4387836479757484e-05,
    0.005901941316613251,
    1.52587890625e-05
  ],
  "mse_mean": 0.001282934508713959,
  "mse_spatial": 0.0014942137953225356,
  "mse_gripper": 1.52587890625e-05,
  "mse_per_dim_names": [
    "x",
    "y",
    "z",
    "roll",
    "pitch",
    "yaw",
    "gripper"
  ]
}