{
  "episode_id": 3,
  "step_id": 20,
  "instruction": "put the rectangle block on top of the red arch and yellow block",
  "condition": "baseline",
  "condition_desc": "no enhancement",
  "predicted_action": [
    0.002576219099573774,
    0.034244104363897264,
    0.023209509775479076,
    -0.05070631405047612,
    -0.061859960839501585,
    0.2030229939927811,
    0.99609375
  ],
  "ground_truth_action": [
    -0.0024651463609188795,
    0.022803451865911484,
    0.0012437391560524702,
    -0.0689576119184494,
    -0.03347072750329971,
    0.16811296343803406,
    0.0
  ],
  "action_token_ids": [
    31859,
    31764,
    31809,
    31952,
    31953,
    31744,
    31744
  ],
  "gt_is_zero_spatial": false,
  "mse_per_dim": [
    2.5415365706248304e-05,
    0.00013088852957966827,
    0.00048249507890526513,
    0.0003331098738654861,
    0.0008059485694173156,
    0.0012187102333333715,
    0.9922027587890625
  ],
  "mse_mean": 0.14217133234855284,
  "mse_spatial": 0.0004994279418012259,
  "mse_gripper": 0.9922027587890625,
  "mse_per_dim_names": [
    "x",
    "y",
    "z",
    "roll",
    "pitch",
    "yaw",
    "gripper"
  ]
}