{
  "episode_id": 1,
  "step_id": 42,
  "instruction": "put the blue cube on the right side of the table on top of the rectangular block",
  "condition": "baseline",
  "condition_desc": "no enhancement",
  "predicted_action": [
    0.0007938149897381494,
    -0.00284283601533393,
    0.004833976088702903,
    0.009087059642770179,
    0.0001941076357615812,
    -0.05867382997064857,
    -0.39453125
  ],
  "ground_truth_action": [
    -0.008818346075713634,
    0.016225092113018036,
    0.043353985995054245,
    -0.039675068110227585,
    -0.04370688647031784,
    -0.002430369844660163,
    1.0
  ],
  "action_token_ids": [
    31867,
    31879,
    31880,
    31858,
    31860,
    31907,
    31922
  ],
  "gt_is_zero_spatial": false,
  "mse_per_dim": [
    9.239364034818718e-05,
    0.0003635858831079961,
    0.0014837911631854054,
    0.002377745102999675,
    0.0019272972835020202,
    0.0031633268069436483,
    1.9447174072265625
  ],
  "mse_mean": 0.27916079244380704,
  "mse_spatial": 0.0015680233133478219,
  "mse_gripper": 1.9447174072265625,
  "mse_per_dim_names": [
    "x",
    "y",
    "z",
    "roll",
    "pitch",
    "yaw",
    "gripper"
  ]
}