{
  "episode_id": 5,
  "step_id": 16,
  "instruction": "take broccoli out of pan",
  "condition": "baseline",
  "condition_desc": "no enhancement",
  "predicted_action": [
    -0.0014341901475563822,
    0.0023170861243851926,
    0.006386838090402299,
    0.03516714816854781,
    0.018209804935031534,
    0.02481227337964803,
    -0.07421875
  ],
  "ground_truth_action": [
    -0.00036782422102987766,
    0.003283013356849551,
    0.026963694021105766,
    0.028095927089452744,
    0.02386953867971897,
    -0.01625766232609749,
    0.0
  ],
  "action_token_ids": [
    31877,
    31863,
    31874,
    31817,
    31833,
    31855,
    31881
  ],
  "gt_is_zero_spatial": false,
  "mse_per_dim": [
    1.1371362892567303e-06,
    9.330154184162551e-07,
    0.00042340699999292644,
    5.0002167549438394e-05,
    3.203258606075368e-05,
    0.0016867396188740707,
    0.0055084228515625
  ],
  "mse_mean": 0.0011003820536781945,
  "mse_spatial": 0.00036570858736414367,
  "mse_gripper": 0.0055084228515625,
  "mse_per_dim_names": [
    "x",
    "y",
    "z",
    "roll",
    "pitch",
    "yaw",
    "gripper"
  ]
}