{
  "episode_id": 5,
  "step_id": 22,
  "instruction": "take broccoli out of pan",
  "condition": "baseline",
  "condition_desc": "no enhancement",
  "predicted_action": [
    0.0005710144760086959,
    -0.002520340881601489,
    -0.003965575254260334,
    -0.012540330842021039,
    -0.027830310385325005,
    -0.007297766370466058,
    -0.10546875
  ],
  "ground_truth_action": [
    -0.008532773703336716,
    -0.00648594181984663,
    -0.017421850934624672,
    -0.04061184450984001,
    -0.021109510213136673,
    0.003727517556399107,
    0.0
  ],
  "action_token_ids": [
    31868,
    31878,
    31914,
    31892,
    31902,
    31875,
    31885
  ],
  "gt_is_zero_spatial": false,
  "mse_per_dim": [
    8.287895921438925e-05,
    1.5725990801410744e-05,
    0.00018107135518596472,
    0.0007880098796025474,
    4.5169154954486715e-05,
    0.00012155688566799135,
    0.0111236572265625
  ],
  "mse_mean": 0.0017654384931413273,
  "mse_spatial": 0.000205735370904465,
  "mse_gripper": 0.0111236572265625,
  "mse_per_dim_names": [
    "x",
    "y",
    "z",
    "roll",
    "pitch",
    "yaw",
    "gripper"
  ]
}