{
  "episode_id": 3,
  "step_id": 43,
  "instruction": "put the rectangle block on top of the red arch and yellow block",
  "condition": "baseline",
  "condition_desc": "no enhancement",
  "predicted_action": [
    -0.025051044602878395,
    -0.0247725051091402,
    0.009751372427417655,
    0.02498955264629313,
    0.010870076405699328,
    -0.2063800128211733,
    -0.99609375
  ],
  "ground_truth_action": [
    -0.01331916730850935,
    -0.0007567557622678578,
    0.0030564062763005495,
    0.0643618181347847,
    0.041680656373500824,
    -0.018088946118950844,
    1.0
  ],
  "action_token_ids": [
    31983,
    31947,
    31861,
    31833,
    31844,
    31999,
    31999
  ],
  "gt_is_zero_spatial": false,
  "mse_per_dim": [
    0.00013763694485013193,
    0.0005767562166917994,
    4.482257176460378e-05,
    0.0015501752896962644,
    0.0009492918379522909,
    0.03545352579986079,
    3.9843902587890625
  ],
  "mse_mean": 0.5747289239214112,
  "mse_spatial": 0.006452034776802646,
  "mse_gripper": 3.9843902587890625,
  "mse_per_dim_names": [
    "x",
    "y",
    "z",
    "roll",
    "pitch",
    "yaw",
    "gripper"
  ]
}