{
  "episode_id": 4,
  "step_id": 21,
  "instruction": "",
  "condition": "baseline",
  "condition_desc": "no enhancement",
  "predicted_action": [
    0.007923431429080644,
    0.0068320179966394265,
    -0.011471074929140745,
    -0.042437017688644184,
    0.07692763316968916,
    -0.024958288233028786,
    -0.54296875
  ],
  "ground_truth_action": [
    -0.012109857983887196,
    -0.010657655075192451,
    0.0006333351484499872,
    -0.009528773836791515,
    0.018628690391778946,
    -0.2182658165693283,
    0.005099327769130468
  ],
  "action_token_ids": [
    31835,
    31849,
    31943,
    31939,
    31745,
    31886,
    31941
  ],
  "gt_is_zero_spatial": false,
  "mse_per_dim": [
    0.00040133268470372933,
    0.0003058886641595611,
    0.00014651674332648006,
    0.001082952513412999,
    0.0033987667290220494,
    0.03736780051148924,
    0.30037861786954967
  ],
  "mse_mean": 0.049011696530809105,
  "mse_spatial": 0.007117209641019011,
  "mse_gripper": 0.30037861786954967,
  "mse_per_dim_names": [
    "x",
    "y",
    "z",
    "roll",
    "pitch",
    "yaw",
    "gripper"
  ]
}