{
  "episode_id": 2,
  "step_id": 5,
  "instruction": "put the red object into the pot",
  "condition": "baseline",
  "condition_desc": "no enhancement",
  "predicted_action": [
    0.0195090581430122,
    -0.0031653311490663777,
    -0.023376350275502774,
    -0.0010905358794845166,
    0.007533836165093788,
    0.034445285304682244,
    0.01953125
  ],
  "ground_truth_action": [
    0.017831331118941307,
    -0.001489453250542283,
    -0.015286223031580448,
    -0.006628741044551134,
    0.0366252176463604,
    0.00099947617854923,
    1.0
  ],
  "action_token_ids": [
    31783,
    31880,
    31989,
    31874,
    31849,
    31849,
    31869
  ],
  "gt_is_zero_spatial": false,
  "mse_per_dim": [
    2.81476796729777e-06,
    2.8085667307615355e-06,
    6.545015882285425e-05,
    3.067171645037056e-05,
    0.0008463084764885818,
    0.0011186221481017224,
    0.9613189697265625
  ],
  "mse_mean": 0.1376265207944463,
  "mse_spatial": 0.0003444459724269314,
  "mse_gripper": 0.9613189697265625,
  "mse_per_dim_names": [
    "x",
    "y",
    "z",
    "roll",
    "pitch",
    "yaw",
    "gripper"
  ]
}