{
  "episode_id": 4,
  "step_id": 34,
  "instruction": "",
  "condition": "baseline",
  "condition_desc": "no enhancement",
  "predicted_action": [
    -9.738706517966461e-05,
    0.002962076391850081,
    0.0035399244206200733,
    0.013539757683756606,
    0.010202828357578228,
    -0.008903268357971755,
    0.99609375
  ],
  "ground_truth_action": [
    0.005232552997767925,
    -2.8025729989167303e-05,
    -0.009467260912060738,
    0.00678265281021595,
    -0.016559233888983727,
    0.057998549193143845,
    0.9957976937294006
  ],
  "action_token_ids": [
    31871,
    31861,
    31885,
    31851,
    31845,
    31876,
    31744
  ],
  "gt_is_zero_spatial": false,
  "mse_per_dim": [
    2.8408261074613757e-05,
    8.940710699027577e-06,
    0.0001691868702787068,
    4.565846627202689e-05,
    0.0007162079756888567,
    0.004475853191642759,
    8.764931536120457e-08
  ],
  "mse_mean": 0.000777763303567336,
  "mse_spatial": 0.0009073759126093317,
  "mse_gripper": 8.764931536120457e-08,
  "mse_per_dim_names": [
    "x",
    "y",
    "z",
    "roll",
    "pitch",
    "yaw",
    "gripper"
  ]
}