{
  "episode_id": 5,
  "step_id": 17,
  "instruction": "take broccoli out of pan",
  "condition": "baseline",
  "condition_desc": "no enhancement",
  "predicted_action": [
    -0.006558601963333799,
    0.00586453259544209,
    0.012857096430816447,
    0.060611136974184535,
    0.04556697490799701,
    -0.0024812604079489375,
    -0.01171875
  ],
  "ground_truth_action": [
    -0.00947148073464632,
    0.008250604383647442,
    0.03745398297905922,
    0.042930375784635544,
    0.0077589163556694984,
    0.0031705352012068033,
    0.0
  ],
  "action_token_ids": [
    31900,
    31852,
    31849,
    31777,
    31792,
    31872,
    31873
  ],
  "gt_is_zero_spatial": false,
  "mse_per_dim": [
    8.484862736363144e-06,
    5.693338578469485e-06,
    0.0006050068278671263,
    0.00031260931624186184,
    0.0014294492914962253,
    3.194279360767211e-05,
    0.0001373291015625
  ],
  "mse_mean": 0.0003615022188700312,
  "mse_spatial": 0.00039886440508795306,
  "mse_gripper": 0.0001373291015625,
  "mse_per_dim_names": [
    "x",
    "y",
    "z",
    "roll",
    "pitch",
    "yaw",
    "gripper"
  ]
}