{
  "episode_id": 3,
  "step_id": 1,
  "instruction": "put the rectangle block on top of the red arch and yellow block",
  "condition": "baseline",
  "condition_desc": "no enhancement",
  "predicted_action": [
    -0.0012113896338269287,
    0.001994590990652745,
    -0.010435833594674482,
    -0.08060300089709926,
    0.03422375808993815,
    0.1532524323801043,
    0.39453125
  ],
  "ground_truth_action": [
    0.0014051926555112004,
    -0.007810140959918499,
    0.001065085525624454,
    -0.04221481829881668,
    -0.04347159340977669,
    0.0025596916675567627,
    1.0
  ],
  "action_token_ids": [
    31876,
    31864,
    31939,
    31999,
    31809,
    31775,
    31821
  ],
  "gt_is_zero_spatial": false,
  "mse_per_dim": [
    6.846502876877964e-06,
    9.613276862255259e-05,
    0.00013227114061165765,
    0.0014736525631990857,
    0.00603656764466424,
    0.022708302103459085,
    0.3665924072265625
  ],
  "mse_mean": 0.05672088284999943,
  "mse_spatial": 0.005075628787238916,
  "mse_gripper": 0.3665924072265625,
  "mse_per_dim_names": [
    "x",
    "y",
    "z",
    "roll",
    "pitch",
    "yaw",
    "gripper"
  ]
}