{
  "episode_id": 7,
  "step_id": 17,
  "instruction": "Move the blue fork to the lower right burner",
  "condition": "baseline",
  "condition_desc": "no enhancement",
  "predicted_action": [
    -0.0007657886063680217,
    -0.007035272753855716,
    0.01466876876613241,
    -0.013812530282302865,
    -0.012483605278539492,
    0.00394074754207388,
    0.15234375
  ],
  "ground_truth_action": [
    0.0012697288766503334,
    -0.0414973720908165,
    0.019397323951125145,
    -0.01605857163667679,
    -0.025400158017873764,
    -0.11050760746002197,
    0.0
  ],
  "action_token_ids": [
    31874,
    31892,
    31842,
    31894,
    31879,
    31868,
    31852
  ],
  "gt_is_zero_spatial": false,
  "mse_per_dim": [
    4.143331423673379e-06,
    0.0011876362907105528,
    2.235923413752168e-05,
    5.044701765557848e-06,
    0.00016683733466800368,
    0.01309842596268576,
    0.0232086181640625
  ],
  "mse_mean": 0.005384723574207653,
  "mse_spatial": 0.0024140744758985116,
  "mse_gripper": 0.0232086181640625,
  "mse_per_dim_names": [
    "x",
    "y",
    "z",
    "roll",
    "pitch",
    "yaw",
    "gripper"
  ]
}