{
  "episode_id": 6,
  "step_id": 38,
  "instruction": "Picked the piece of chocolate and put it into the drawer",
  "condition": "baseline",
  "condition_desc": "no enhancement",
  "predicted_action": [
    0.004358623209409395,
    0.004574552060512306,
    -0.0073301095912756895,
    0.013539757683756606,
    0.0015286037320037943,
    -0.031380296183051604,
    -0.00390625
  ],
  "ground_truth_action": [
    -0.0025900586042553186,
    -0.002805190160870552,
    -0.0008934944635257125,
    0.0052380734123289585,
    0.006974669173359871,
    -0.011226337403059006,
    0.0
  ],
  "action_token_ids": [
    31851,
    31856,
    31927,
    31851,
    31858,
    31890,
    31872
  ],
  "gt_is_zero_spatial": false,
  "mse_per_dim": [
    4.828417894755473e-05,
    5.44605952540608e-05,
    4.1430014302779855e-05,
    6.89179617424692e-05,
    2.9659628791532956e-05,
    0.0004061820545056407,
    1.52587890625e-05
  ],
  "mse_mean": 9.488474608664832e-05,
  "mse_spatial": 0.00010815573892400637,
  "mse_gripper": 1.52587890625e-05,
  "mse_per_dim_names": [
    "x",
    "y",
    "z",
    "roll",
    "pitch",
    "yaw",
    "gripper"
  ]
}