{
  "episode_id": 3,
  "step_id": 30,
  "instruction": "put the rectangle block on top of the red arch and yellow block",
  "condition": "baseline",
  "condition_desc": "no enhancement",
  "predicted_action": [
    -0.0032165942573920032,
    0.006187027729174531,
    -0.0013774719180946748,
    0.000817763280938244,
    0.007533836165093788,
    0.01999576741713091,
    0.06640625
  ],
  "ground_truth_action": [
    0.0030635055154561996,
    0.0039046453312039375,
    -0.0002303415967617184,
    0.007928206585347652,
    0.0032491469755768776,
    0.007374392356723547,
    0.0
  ],
  "action_token_ids": [
    31885,
    31851,
    31904,
    31871,
    31849,
    31858,
    31863
  ],
  "gt_is_zero_spatial": false,
  "mse_per_dim": [
    3.943965315692805e-05,
    5.209269410565997e-06,
    1.315907974121452e-06,
    5.055840398522059e-05,
    1.8358561450763078e-05,
    0.00015929910841547298,
    0.0044097900390625
  ],
  "mse_mean": 0.0006691387062079389,
  "mse_spatial": 4.569681739884536e-05,
  "mse_gripper": 0.0044097900390625,
  "mse_per_dim_names": [
    "x",
    "y",
    "z",
    "roll",
    "pitch",
    "yaw",
    "gripper"
  ]
}