{
  "episode_id": 3,
  "step_id": 3,
  "instruction": "put the rectangle block on top of the red arch and yellow block",
  "condition": "baseline",
  "condition_desc": "no enhancement",
  "predicted_action": [
    0.002576219099573774,
    -0.0031653311490663777,
    0.02631523377887787,
    0.023081253485870368,
    -0.08721538666810374,
    -0.00087575842044324,
    0.27734375
  ],
  "ground_truth_action": [
    0.001317416550591588,
    -0.004244520794600248,
    0.010183299891650677,
    -0.01863430254161358,
    -0.048384979367256165,
    0.03482652083039284,
    1.0
  ],
  "action_token_ids": [
    31859,
    31880,
    31797,
    31836,
    31991,
    31871,
    31836
  ],
  "gt_is_zero_spatial": false,
  "mse_per_dim": [
    1.5845838573240486e-06,
    1.1646502910275214e-06,
    0.000260239290941869,
    0.0017401876146821522,
    0.001507800531149717,
    0.0012746527437046803,
    0.5222320556640625
  ],
  "mse_mean": 0.07528824072552705,
  "mse_spatial": 0.000797604902437795,
  "mse_gripper": 0.5222320556640625,
  "mse_per_dim_names": [
    "x",
    "y",
    "z",
    "roll",
    "pitch",
    "yaw",
    "gripper"
  ]
}