{
  "episode_id": 0,
  "step_id": 21,
  "instruction": "put small spoon from basket to tray",
  "condition": "baseline",
  "condition_desc": "no enhancement",
  "predicted_action": [
    -0.0036621952848509103,
    0.00586453259544209,
    -0.01871776427040459,
    -0.06724490677413998,
    0.02821852565684818,
    0.005546249529579578,
    -0.00390625
  ],
  "ground_truth_action": [
    -0.004440227057784796,
    0.011660752817988396,
    -0.037411436438560486,
    -0.1109292283654213,
    -0.055526722222566605,
    -0.0025793190579861403,
    0.0
  ],
  "action_token_ids": [
    31887,
    31852,
    31971,
    31978,
    31818,
    31867,
    31872
  ],
  "gt_is_zero_spatial": false,
  "mse_per_dim": [
    6.053334396946452e-07,
    3.359616886825474e-05,
    0.0003494533791304864,
    0.0019083199528904867,
    0.0070132665423846266,
    6.602486487123473e-05,
    1.52587890625e-05
  ],
  "mse_mean": 0.0013409321472353261,
  "mse_spatial": 0.0015618777069307972,
  "mse_gripper": 1.52587890625e-05,
  "mse_per_dim_names": [
    "x",
    "y",
    "z",
    "roll",
    "pitch",
    "yaw",
    "gripper"
  ]
}