{
  "episode_id": 3,
  "step_id": 39,
  "instruction": "put the rectangle block on top of the red arch and yellow block",
  "condition": "baseline",
  "condition_desc": "no enhancement",
  "predicted_action": [
    -0.002548192716203646,
    0.006187027729174531,
    0.026832854446111002,
    -0.018265228323289293,
    -0.06119271279138048,
    0.011968257479602395,
    0.08984375
  ],
  "ground_truth_action": [
    0.0002016317448578775,
    -0.002765592886134982,
    0.0257063340395689,
    0.05915624275803566,
    -0.022121714428067207,
    -0.10375279933214188,
    1.0
  ],
  "action_token_ids": [
    31882,
    31851,
    31795,
    31901,
    31952,
    31863,
    31860
  ],
  "gt_is_zero_spatial": false,
  "mse_per_dim": [
    7.561534566652299e-06,
    8.014941588166489e-05,
    1.2690482263557804e-06,
    0.005994084184396436,
    0.0015265429131060284,
    0.013391362989626945,
    0.8283843994140625
  ],
  "mse_mean": 0.1213407670714095,
  "mse_spatial": 0.0035001616809673466,
  "mse_gripper": 0.8283843994140625,
  "mse_per_dim_names": [
    "x",
    "y",
    "z",
    "roll",
    "pitch",
    "yaw",
    "gripper"
  ]
}