{
  "episode_id": 4,
  "step_id": 30,
  "instruction": "",
  "condition": "baseline",
  "condition_desc": "no enhancement",
  "predicted_action": [
    -0.0036621952848509103,
    -0.0005853700792068164,
    0.00328111408700351,
    0.0014538630010791642,
    0.02821852565684818,
    0.028023277354659426,
    0.99609375
  ],
  "ground_truth_action": [
    -0.0031314122024923563,
    0.0009129783138632774,
    0.008132300339639187,
    -0.013583487831056118,
    0.007465541362762451,
    -0.07652739435434341,
    0.9954814314842224
  ],
  "action_token_ids": [
    31887,
    31872,
    31886,
    31870,
    31818,
    31853,
    31744
  ],
  "gt_is_zero_spatial": false,
  "mse_per_dim": [
    2.8173068051804747e-07,
    2.2450479070157327e-06,
    2.353400805776138e-05,
    0.00022612192004871966,
    0.000430686357110569,
    0.010930842954803687,
    3.7493396476406815e-07
  ],
  "mse_mean": 0.001659155278939005,
  "mse_spatial": 0.0019356186697680451,
  "mse_gripper": 3.7493396476406815e-07,
  "mse_per_dim_names": [
    "x",
    "y",
    "z",
    "roll",
    "pitch",
    "yaw",
    "gripper"
  ]
}