{
  "episode_id": 1,
  "step_id": 30,
  "instruction": "put the blue cube on the right side of the table on top of the rectangular block",
  "condition": "baseline",
  "condition_desc": "no enhancement",
  "predicted_action": [
    0.0007938149897381494,
    0.0003821153219905199,
    0.0035399244206200733,
    -0.0036349347600481835,
    0.0035303478763671348,
    0.01517926145461379,
    -0.00390625
  ],
  "ground_truth_action": [
    -0.0007623435813002288,
    -0.0021528250072151423,
    0.005565296392887831,
    -0.006945889443159103,
    -0.012239995412528515,
    -0.016443412750959396,
    1.0
  ],
  "action_token_ids": [
    31867,
    31869,
    31885,
    31878,
    31855,
    31861,
    31872
  ],
  "gt_is_zero_spatial": false,
  "mse_per_dim": [
    2.421629498216207e-06,
    6.42592247263331e-06,
    4.102131626047786e-06,
    1.0962420913614131e-05,
    0.0002487037274496161,
    0.0009999935239118239,
    1.0078277587890625
  ],
  "mse_mean": 0.14415719544927635,
  "mse_spatial": 0.0002121015593119919,
  "mse_gripper": 1.0078277587890625,
  "mse_per_dim_names": [
    "x",
    "y",
    "z",
    "roll",
    "pitch",
    "yaw",
    "gripper"
  ]
}