{
  "episode_id": 3,
  "step_id": 34,
  "instruction": "put the rectangle block on top of the red arch and yellow block",
  "condition": "baseline",
  "condition_desc": "no enhancement",
  "predicted_action": [
    -0.0036621952848509103,
    -0.001230360346671705,
    -0.002930333919794071,
    0.006542660762206512,
    0.007533836165093788,
    0.0007297435670624575,
    -0.00390625
  ],
  "ground_truth_action": [
    -0.0031033975537866354,
    -0.00010460095654707402,
    -0.0008165617473423481,
    -0.010020914487540722,
    0.006363769993185997,
    0.001979508902877569,
    0.0
  ],
  "action_token_ids": [
    31887,
    31874,
    31910,
    31862,
    31849,
    31870,
    31872
  ],
  "gt_is_zero_spatial": false,
  "mse_per_dim": [
    3.1225490424258167e-07,
    1.267334204453781e-06,
    4.468032797031276e-06,
    0.00027435202505403914,
    1.3690548466429523e-06,
    1.561913394605059e-06,
    1.52587890625e-05
  ],
  "mse_mean": 4.26556291805021e-05,
  "mse_spatial": 4.722176920016912e-05,
  "mse_gripper": 1.52587890625e-05,
  "mse_per_dim_names": [
    "x",
    "y",
    "z",
    "roll",
    "pitch",
    "yaw",
    "gripper"
  ]
}