{
  "episode_id": 9,
  "step_id": 23,
  "instruction": "Move the can in the middle bottom of the table",
  "condition": "baseline",
  "condition_desc": "no enhancement",
  "predicted_action": [
    0.005695426291786116,
    0.005219542327977195,
    0.0006930107508378511,
    -0.005543233920470944,
    0.0028630998282460213,
    0.010362755492096698,
    0.00390625
  ],
  "ground_truth_action": [
    0.0,
    0.0,
    0.0,
    0.0,
    0.0,
    0.0,
    1.0
  ],
  "action_token_ids": [
    31845,
    31854,
    31896,
    31881,
    31856,
    31864,
    31871
  ],
  "gt_is_zero_spatial": true,
  "mse_per_dim": [
    3.243788064516855e-05,
    2.724362211354559e-05,
    4.802639007768421e-07,
    3.0727442297059674e-05,
    8.197340626502396e-06,
    0.00010738670138898028,
    0.9922027587890625
  ],
  "mse_mean": 0.14177274743429064,
  "mse_spatial": 3.441220849533889e-05,
  "mse_gripper": 0.9922027587890625,
  "mse_per_dim_names": [
    "x",
    "y",
    "z",
    "roll",
    "pitch",
    "yaw",
    "gripper"
  ]
}