{
  "episode_id": 2,
  "step_id": 38,
  "instruction": "put the red object into the pot",
  "condition": "baseline",
  "condition_desc": "no enhancement",
  "predicted_action": [
    -9.738706517966461e-05,
    0.02489174548565635,
    0.019586165104847158,
    -0.04370921712892602,
    -0.04984949597332162,
    0.08261034492985334,
    0.99609375
  ],
  "ground_truth_action": [
    0.01146026886999607,
    0.025844303891062737,
    0.054335638880729675,
    -0.021120771765708923,
    -0.09169220924377441,
    0.07778025418519974,
    1.0
  ],
  "action_token_ids": [
    31871,
    31793,
    31823,
    31941,
    31935,
    31819,
    31744
  ],
  "gt_is_zero_spatial": false,
  "mse_per_dim": [
    0.0001335794107159029,
    9.07367515710361e-07,
    0.0012075259277007466,
    0.0005102378639270438,
    0.0017508126538333265,
    2.3329776601588348e-05,
    1.52587890625e-05
  ],
  "mse_mean": 0.000520235969908117,
  "mse_spatial": 0.0006043988333823865,
  "mse_gripper": 1.52587890625e-05,
  "mse_per_dim_names": [
    "x",
    "y",
    "z",
    "roll",
    "pitch",
    "yaw",
    "gripper"
  ]
}