{
  "episode_id": 4,
  "step_id": 12,
  "instruction": "",
  "condition": "baseline",
  "condition_desc": "no enhancement",
  "predicted_action": [
    0.002576219099573774,
    -0.0063902824863908275,
    0.00017539008360471786,
    0.00018166356079732382,
    -0.0004731404123595323,
    -0.029774794195545906,
    0.01953125
  ],
  "ground_truth_action": [
    0.002874197671189904,
    0.012935979291796684,
    0.008685648441314697,
    0.01086369063705206,
    -0.0032179623376578093,
    -0.02850891649723053,
    0.0038351346738636494
  ],
  "action_token_ids": [
    31859,
    31890,
    31898,
    31872,
    31861,
    31889,
    31869
  ],
  "gt_is_zero_spatial": false,
  "mse_per_dim": [
    8.879122914238927e-08,
    0.0003735043943190315,
    7.242449731497255e-05,
    0.00011410570245783929,
    7.53404740159814e-06,
    1.6024463470922349e-06,
    0.00024636803633137244
  ],
  "mse_mean": 0.00011651827362872124,
  "mse_spatial": 9.487664651161271e-05,
  "mse_gripper": 0.00024636803633137244,
  "mse_per_dim_names": [
    "x",
    "y",
    "z",
    "roll",
    "pitch",
    "yaw",
    "gripper"
  ]
}