{
  "episode_id": 1,
  "step_id": 16,
  "instruction": "put the blue cube on the right side of the table on top of the rectangular block",
  "condition": "baseline",
  "condition_desc": "no enhancement",
  "predicted_action": [
    -0.002548192716203646,
    -0.0038103214165312663,
    0.03252668178567544,
    -0.06152000929287173,
    0.013539068598183768,
    0.06173881909227921,
    0.30859375
  ],
  "ground_truth_action": [
    0.020053133368492126,
    0.007325427606701851,
    0.0023329949472099543,
    0.020424317568540573,
    -0.006007517222315073,
    -0.01802169904112816,
    0.0
  ],
  "action_token_ids": [
    31882,
    31882,
    31773,
    31969,
    31840,
    31832,
    31832
  ],
  "gt_is_zero_spatial": false,
  "mse_per_dim": [
    0.0005108199407867495,
    0.00012400490630843733,
    0.0009116587248993241,
    0.006714872704769978,
    0.00038206901723812636,
    0.006361740252909606,
    0.0952301025390625
  ],
  "mse_mean": 0.015747895440853532,
  "mse_spatial": 0.0025008609244853704,
  "mse_gripper": 0.0952301025390625,
  "mse_per_dim_names": [
    "x",
    "y",
    "z",
    "roll",
    "pitch",
    "yaw",
    "gripper"
  ]
}