{
  "episode_id": 1,
  "step_id": 37,
  "instruction": "put the blue cube on the right side of the table on top of the rectangular block",
  "condition": "baseline",
  "condition_desc": "no enhancement",
  "predicted_action": [
    -0.0014341901475563822,
    0.0013496007231878562,
    -0.0008598512508615451,
    0.015448056844179353,
    0.0015286037320037943,
    -0.010508770345477453,
    -0.00390625
  ],
  "ground_truth_action": [
    -0.0027677109465003014,
    0.0021453797817230225,
    -0.0008008196600712836,
    -0.005414335057139397,
    -0.000532986072357744,
    0.01841532066464424,
    0.0
  ],
  "action_token_ids": [
    31877,
    31866,
    31902,
    31848,
    31858,
    31877,
    31872
  ],
  "gt_is_zero_spatial": false,
  "mse_per_dim": [
    1.7782777212160285e-06,
    6.332643100031156e-07,
    3.4847287112288885e-09,
    0.00043523939584421014,
    4.250152521447446e-06,
    0.0008366030407618026,
    1.52587890625e-05
  ],
  "mse_mean": 0.00018482377213569864,
  "mse_spatial": 0.0002130846026478984,
  "mse_gripper": 1.52587890625e-05,
  "mse_per_dim_names": [
    "x",
    "y",
    "z",
    "roll",
    "pitch",
    "yaw",
    "gripper"
  ]
}