{
  "episode_id": 3,
  "step_id": 45,
  "instruction": "put the rectangle block on top of the red arch and yellow block",
  "condition": "baseline",
  "condition_desc": "no enhancement",
  "predicted_action": [
    0.001016615503467603,
    0.001994590990652745,
    -0.0003422305836284119,
    0.0313505498477023,
    0.008868332261336001,
    -0.00087575842044324,
    0.04296875
  ],
  "ground_truth_action": [
    0.00723238755017519,
    0.0038806309457868338,
    0.0008845853735692799,
    0.04041624814271927,
    0.02512200176715851,
    0.012422102503478527,
    1.0
  ],
  "action_token_ids": [
    31866,
    31864,
    31900,
    31823,
    31847,
    31871,
    31866
  ],
  "gt_is_zero_spatial": false,
  "mse_per_dim": [
    3.863582213663143e-05,
    3.557146712362196e-06,
    1.5050773928348888e-06,
    8.218688557627353e-05,
    0.00026418177240450445,
    0.00017683310515196547,
    0.9159088134765625
  ],
  "mse_mean": 0.130925101897991,
  "mse_spatial": 9.448330156242866e-05,
  "mse_gripper": 0.9159088134765625,
  "mse_per_dim_names": [
    "x",
    "y",
    "z",
    "roll",
    "pitch",
    "yaw",
    "gripper"
  ]
}