{
  "episode_id": 13,
  "step_id": 30,
  "instruction": "",
  "condition": "baseline",
  "condition_desc": "no enhancement",
  "predicted_action": [
    -0.014133819430135199,
    -0.015097651097166848,
    0.0014694417516875474,
    -0.016356929162866546,
    -0.012483605278539492,
    -0.020141782270511693,
    -0.06640625
  ],
  "ground_truth_action": [
    -0.004110109526664019,
    -0.003169248579069972,
    -0.03001849539577961,
    0.007823152467608452,
    0.012324471957981586,
    0.0501016266644001,
    0.0036388682201504707
  ],
  "action_token_ids": [
    31934,
    31917,
    31893,
    31898,
    31879,
    31883,
    31880
  ],
  "gt_is_zero_spatial": false,
  "mse_per_dim": [
    0.00010047476022894622,
    0.00014228678663373988,
    0.0009914901858028421,
    0.0005846763476564345,
    0.0006154406961731953,
    0.004934136498797246,
    0.0049063185864748554
  ],
  "mse_mean": 0.0017535462659667514,
  "mse_spatial": 0.001228084212548734,
  "mse_gripper": 0.0049063185864748554,
  "mse_per_dim_names": [
    "x",
    "y",
    "z",
    "roll",
    "pitch",
    "yaw",
    "gripper"
  ]
}