{
  "episode_id": 18,
  "step_id": 10,
  "instruction": "Pick up the blue fork and place it on the left of the pot",
  "condition": "baseline",
  "condition_desc": "no enhancement",
  "predicted_action": [
    -0.002102591688744739,
    -0.004132816550263714,
    -0.0034479545870272042,
    -0.020173527483712053,
    -0.003809380652965072,
    0.016784763442119516,
    -0.25390625
  ],
  "ground_truth_action": [
    -0.003880532458424568,
    -0.00605499604716897,
    -0.00736067071557045,
    -0.001409712596796453,
    0.018525851890444756,
    -0.01262575201690197,
    0.9235649704933167
  ],
  "action_token_ids": [
    31880,
    31883,
    31912,
    31904,
    31866,
    31860,
    31904
  ],
  "gt_is_zero_spatial": false,
  "mse_per_dim": [
    3.1610733804897025e-06,
    3.6947740183229433e-06,
    1.5309347502562443e-05,
    0.00035208074911043547,
    0.0004988626127681935,
    0.0008649784195653418,
    1.3864384750900207
  ],
  "mse_mean": 0.19831093743805228,
  "mse_spatial": 0.0002896811627242243,
  "mse_gripper": 1.3864384750900207,
  "mse_per_dim_names": [
    "x",
    "y",
    "z",
    "roll",
    "pitch",
    "yaw",
    "gripper"
  ]
}