{
  "episode_id": 10,
  "step_id": 6,
  "instruction": "end effector reaching pot or pan",
  "condition": "baseline",
  "condition_desc": "no enhancement",
  "predicted_action": [
    -0.0014341901475563822,
    -0.0034878262827988185,
    0.005610407089552603,
    -0.013812530282302865,
    0.005532092020730461,
    -0.00087575842044324,
    0.99609375
  ],
  "ground_truth_action": [
    0.006522532552480698,
    -0.009501723572611809,
    0.0028329025954008102,
    0.001264457474462688,
    -0.001489754649810493,
    0.01001728605479002,
    1.0
  ],
  "action_token_ids": [
    31877,
    31881,
    31877,
    31894,
    31852,
    31871,
    31744
  ],
  "gt_is_zero_spatial": false,
  "mse_per_dim": [
    6.330943612528535e-05,
    3.616696061242003e-05,
    7.714531215033405e-06,
    0.0002273155598176584,
    4.9306330664587086e-05,
    0.00011865841793940985,
    1.52587890625e-05
  ],
  "mse_mean": 7.396143220527059e-05,
  "mse_spatial": 8.374520606239902e-05,
  "mse_gripper": 1.52587890625e-05,
  "mse_per_dim_names": [
    "x",
    "y",
    "z",
    "roll",
    "pitch",
    "yaw",
    "gripper"
  ]
}