{
  "episode_id": 12,
  "step_id": 34,
  "instruction": "",
  "condition": "baseline",
  "condition_desc": "no enhancement",
  "predicted_action": [
    -0.0009885891200974752,
    -0.007357767887588164,
    0.008716131092951395,
    0.02180905404558854,
    0.004864843972609348,
    -0.010508770345477453,
    -0.01171875
  ],
  "ground_truth_action": [
    -0.00865147914737463,
    -0.004376366268843412,
    0.04476437345147133,
    -0.0005995251121930778,
    0.0038912442978471518,
    -0.03352279216051102,
    0.9944671392440796
  ],
  "action_token_ids": [
    31875,
    31893,
    31865,
    31838,
    31853,
    31877,
    31873
  ],
  "gt_is_zero_spatial": false,
  "mse_per_dim": [
    5.871988357014368e-05,
    8.888755612253824e-06,
    0.0012994757771385905,
    0.0005021444198705648,
    9.478963266970541e-07,
    0.0005296452001028408,
    1.0124100437138992
  ],
  "mse_mean": 0.14497283794950291,
  "mse_spatial": 0.00039997032210351506,
  "mse_gripper": 1.0124100437138992,
  "mse_per_dim_names": [
    "x",
    "y",
    "z",
    "roll",
    "pitch",
    "yaw",
    "gripper"
  ]
}