{
  "episode_id": 12,
  "step_id": 29,
  "instruction": "",
  "condition": "baseline",
  "condition_desc": "no enhancement",
  "predicted_action": [
    -0.010123410183005048,
    -0.027674961312732206,
    -0.0034479545870272042,
    -0.008723732521175531,
    -0.05251848816580606,
    0.14522492244257582,
    -0.33984375
  ],
  "ground_truth_action": [
    0.007983598858118057,
    0.0024397424422204494,
    -0.019722184166312218,
    -0.002690795576199889,
    0.004097088240087032,
    -0.004077187739312649,
    0.0021927226334810257
  ],
  "action_token_ids": [
    31916,
    31956,
    31912,
    31886,
    31939,
    31780,
    31915
  ],
  "gt_is_zero_spatial": false,
  "mse_per_dim": [
    0.0003278637764153139,
    0.0009068953822485595,
    0.0002648505483992753,
    3.639632818205203e-05,
    0.0032053234917715184,
    0.022291120104764764,
    0.11698894861155401
  ],
  "mse_mean": 0.020574485463333642,
  "mse_spatial": 0.00450540827196358,
  "mse_gripper": 0.11698894861155401,
  "mse_per_dim_names": [
    "x",
    "y",
    "z",
    "roll",
    "pitch",
    "yaw",
    "gripper"
  ]
}