{
  "episode_id": 15,
  "step_id": 81,
  "instruction": "sweep into pile",
  "condition": "baseline",
  "condition_desc": "no enhancement",
  "predicted_action": [
    0.008814633483998458,
    0.016829367142345224,
    -0.0008598512508615451,
    -0.0010905358794845166,
    0.005532092020730461,
    0.04086729325470506,
    0.99609375
  ],
  "ground_truth_action": [
    0.0017736245645210147,
    -0.006645769812166691,
    0.006664345972239971,
    -0.006174243520945311,
    -0.009527884423732758,
    -0.044787127524614334,
    1.0
  ],
  "action_token_ids": [
    31831,
    31818,
    31902,
    31874,
    31852,
    31845,
    31744
  ],
  "gt_is_zero_spatial": false,
  "mse_per_dim": [
    4.957580660416092e-05,
    0.000551082055033091,
    5.661354385212857e-05,
    2.584408338384687e-05,
    0.00022680289050778702,
    0.007336679799040702,
    1.52587890625e-05
  ],
  "mse_mean": 0.0011802652810691736,
  "mse_spatial": 0.0013744330297369527,
  "mse_gripper": 1.52587890625e-05,
  "mse_per_dim_names": [
    "x",
    "y",
    "z",
    "roll",
    "pitch",
    "yaw",
    "gripper"
  ]
}