{
  "episode_id": 15,
  "step_id": 6,
  "instruction": "sweep into pile",
  "condition": "baseline",
  "condition_desc": "no enhancement",
  "predicted_action": [
    -0.02594224665779621,
    -0.016387631632096628,
    0.016221630767831802,
    -0.05961171013244897,
    0.0021958517801249078,
    0.13880291449255297,
    -0.12890625
  ],
  "ground_truth_action": [
    0.006214720197021961,
    -0.008206325583159924,
    -0.011970932595431805,
    -0.027403121814131737,
    -0.036117710173130035,
    -0.0501839779317379,
    1.0
  ],
  "action_token_ids": [
    31987,
    31921,
    31836,
    31966,
    31857,
    31784,
    31888
  ],
  "gt_is_zero_spatial": false,
  "mse_per_dim": [
    0.0010340705173018743,
    6.693376866636831e-05,
    0.0007948206289916334,
    0.001037393161458841,
    0.0014679290295459048,
    0.03571604550819049,
    1.2744293212890625
  ],
  "mse_mean": 0.18779235912903108,
  "mse_spatial": 0.006686198769025852,
  "mse_gripper": 1.2744293212890625,
  "mse_per_dim_names": [
    "x",
    "y",
    "z",
    "roll",
    "pitch",
    "yaw",
    "gripper"
  ]
}