{
  "episode_id": 12,
  "step_id": 5,
  "instruction": "",
  "condition": "baseline",
  "condition_desc": "no enhancement",
  "predicted_action": [
    0.001239416017197053,
    0.02037681361340212,
    0.005610407089552603,
    0.004634361601783751,
    -0.03250104672217278,
    0.005546249529579578,
    0.06640625
  ],
  "ground_truth_action": [
    -0.009067747741937637,
    0.0006744409911334515,
    0.0018857228569686413,
    -0.004751032683998346,
    0.005215107928961515,
    -0.10759378969669342,
    0.9964120984077454
  ],
  "action_token_ids": [
    31865,
    31807,
    31877,
    31865,
    31909,
    31867,
    31863
  ],
  "gt_is_zero_spatial": false,
  "mse_per_dim": [
    0.00010623762475761956,
    0.00038818348694672205,
    1.3873272632459574e-05,
    8.808562589959125e-05,
    0.001422508321668279,
    0.012800668476122592,
    0.8649108780726102
  ],
  "mse_mean": 0.12567577641151964,
  "mse_spatial": 0.0024699261346712107,
  "mse_gripper": 0.8649108780726102,
  "mse_per_dim_names": [
    "x",
    "y",
    "z",
    "roll",
    "pitch",
    "yaw",
    "gripper"
  ]
}