{
  "episode_id": 19,
  "step_id": 1,
  "instruction": "",
  "condition": "baseline",
  "condition_desc": "no enhancement",
  "predicted_action": [
    0.0014622165309265064,
    0.001994590990652745,
    -0.006553678590425993,
    0.004634361601783751,
    0.018877052983152648,
    -0.013719774320488876,
    0.99609375
  ],
  "ground_truth_action": [
    0.0025243517011404037,
    0.020422879606485367,
    0.002042943611741066,
    0.01055098045617342,
    -0.04287238046526909,
    -0.5350461006164551,
    0.994089663028717
  ],
  "action_token_ids": [
    31864,
    31864,
    31924,
    31865,
    31832,
    31879,
    31744
  ],
  "gt_is_zero_spatial": false,
  "mse_per_dim": [
    1.1281311198053047e-06,
    0.0003396018213084262,
    7.390191328679162e-05,
    3.500637866811931e-05,
    0.003812992531201065,
    0.27178113848924823,
    4.016364588466104e-06
  ],
  "mse_mean": 0.03943539794706013,
  "mse_spatial": 0.04600729487747207,
  "mse_gripper": 4.016364588466104e-06,
  "mse_per_dim_names": [
    "x",
    "y",
    "z",
    "roll",
    "pitch",
    "yaw",
    "gripper"
  ]
}