{
  "episode_id": 19,
  "step_id": 20,
  "instruction": "",
  "condition": "baseline",
  "condition_desc": "no enhancement",
  "predicted_action": [
    0.006363827832974473,
    0.005219542327977195,
    0.011304234429117047,
    0.00018166356079732382,
    -0.005811124797328399,
    -0.04261881009559154,
    0.15234375
  ],
  "ground_truth_action": [
    0.006250352598726749,
    0.004840687848627567,
    0.045348308980464935,
    -0.011499688029289246,
    -0.036466918885707855,
    0.13638228178024292,
    -0.0009663833188824356
  ],
  "action_token_ids": [
    31842,
    31854,
    31855,
    31872,
    31869,
    31897,
    31852
  ],
  "gt_is_zero_spatial": false,
  "mse_per_dim": [
    1.2876628787575761e-08,
    1.4353071652327723e-07,
    0.001158999012057733,
    0.00013645397497121802,
    0.0009397777111891209,
    0.03204139089274093,
    0.023503996978253505
  ],
  "mse_mean": 0.008254396425222545,
  "mse_spatial": 0.005712796333050719,
  "mse_gripper": 0.023503996978253505,
  "mse_per_dim_names": [
    "x",
    "y",
    "z",
    "roll",
    "pitch",
    "yaw",
    "gripper"
  ]
}