{
  "episode_id": 14,
  "step_id": 1,
  "instruction": "move the silver pot to the lower right burner",
  "condition": "baseline",
  "condition_desc": "no enhancement",
  "predicted_action": [
    -0.0016569906612858322,
    -0.0005853700792068164,
    -0.010177023261057915,
    0.009087059642770179,
    0.02888577370496928,
    -0.010508770345477453,
    -0.02734375
  ],
  "ground_truth_action": [
    0.011107094585895538,
    -0.009286928921937943,
    -0.006322801113128662,
    -0.004729460459202528,
    0.018060266971588135,
    -0.13242670893669128,
    1.0
  ],
  "action_token_ids": [
    31878,
    31872,
    31938,
    31858,
    31817,
    31877,
    31875
  ],
  "gt_is_zero_spatial": false,
  "mse_per_dim": [
    0.0001629218721973131,
    7.571712629351225e-05,
    1.4855028365588386e-05,
    0.0001908962277282159,
    0.00011719159603448053,
    0.014863983750330987,
    1.0554351806640625
  ],
  "mse_mean": 0.15298010660928751,
  "mse_spatial": 0.0025709276001583494,
  "mse_gripper": 1.0554351806640625,
  "mse_per_dim_names": [
    "x",
    "y",
    "z",
    "roll",
    "pitch",
    "yaw",
    "gripper"
  ]
}