{
  "episode_id": 17,
  "step_id": 7,
  "instruction": "",
  "condition": "baseline",
  "condition_desc": "no enhancement",
  "predicted_action": [
    0.003244620640762131,
    -0.008970243556250389,
    -0.005777247589576297,
    0.011631458523333846,
    0.0068665881169726745,
    -0.0329857981705573,
    0.08984375
  ],
  "ground_truth_action": [
    0.02062925510108471,
    -0.017643237486481667,
    -0.017874378710985184,
    0.0012507657520473003,
    -0.028957990929484367,
    -0.03453782573342323,
    1.0
  ],
  "action_token_ids": [
    31856,
    31898,
    31921,
    31854,
    31850,
    31891,
    31860
  ],
  "gt_is_zero_spatial": false,
  "mse_per_dim": [
    0.0003022255153190353,
    7.522082371382859e-05,
    0.00014634058136855943,
    0.00010775878241184074,
    0.001283400463855849,
    2.408789555895564e-06,
    0.8283843994140625
  ],
  "mse_mean": 0.1186145363386125,
  "mse_spatial": 0.00031955915937083475,
  "mse_gripper": 0.8283843994140625,
  "mse_per_dim_names": [
    "x",
    "y",
    "z",
    "roll",
    "pitch",
    "yaw",
    "gripper"
  ]
}