{
  "episode_id": 17,
  "step_id": 35,
  "instruction": "",
  "condition": "baseline",
  "condition_desc": "no enhancement",
  "predicted_action": [
    0.004358623209409395,
    5.962018825807214e-05,
    -0.0008598512508615451,
    -0.009995931961457358,
    -0.003809380652965072,
    -0.00087575842044324,
    0.00390625
  ],
  "ground_truth_action": [
    0.0022043222561478615,
    -0.0023343379143625498,
    -0.0013673522043973207,
    -0.0035602778661996126,
    0.003760933643206954,
    -0.007270095869898796,
    1.0
  ],
  "action_token_ids": [
    31851,
    31870,
    31902,
    31888,
    31866,
    31871,
    31871
  ],
  "gt_is_zero_spatial": false,
  "mse_per_dim": [
    4.641012597223552e-06,
    5.731035397102928e-06,
    2.575572178397215e-07,
    4.1417643633807784e-05,
    5.7309658542826556e-05,
    4.088755141750979e-05,
    0.9922027587890625
  ],
  "mse_mean": 0.14176471474969554,
  "mse_spatial": 2.5040743134385057e-05,
  "mse_gripper": 0.9922027587890625,
  "mse_per_dim_names": [
    "x",
    "y",
    "z",
    "roll",
    "pitch",
    "yaw",
    "gripper"
  ]
}