{
  "episode_id": 15,
  "step_id": 68,
  "instruction": "sweep into pile",
  "condition": "baseline",
  "condition_desc": "no enhancement",
  "predicted_action": [
    0.011711040162481343,
    0.040694007038546164,
    -0.0021539029189443747,
    -0.014448630002443785,
    0.008201084213214901,
    0.07618833697983055,
    -0.00390625
  ],
  "ground_truth_action": [
    0.01382266916334629,
    0.06015419214963913,
    -0.0024177292361855507,
    0.008380044251680374,
    0.01551771815866232,
    0.021036215126514435,
    0.0
  ],
  "action_token_ids": [
    31818,
    31744,
    31907,
    31895,
    31848,
    31823,
    31872
  ],
  "gt_is_zero_spatial": false,
  "mse_per_dim": [
    4.4589770372938955e-06,
    0.0003786988045580044,
    6.960432566904166e-08,
    0.0005211483682009112,
    5.353313229167345e-05,
    0.0030417565449230286,
    1.52587890625e-05
  ],
  "mse_mean": 0.0005735606029141543,
  "mse_spatial": 0.0006666109052227634,
  "mse_gripper": 1.52587890625e-05,
  "mse_per_dim_names": [
    "x",
    "y",
    "z",
    "roll",
    "pitch",
    "yaw",
    "gripper"
  ]
}