{
  "episode_id": 17,
  "step_id": 32,
  "instruction": "",
  "condition": "baseline",
  "condition_desc": "no enhancement",
  "predicted_action": [
    0.004358623209409395,
    -0.02090256350435086,
    0.036408836789923946,
    0.01990075488516578,
    0.009535580309457115,
    0.028023277354659426,
    -0.00390625
  ],
  "ground_truth_action": [
    0.00039922833093442023,
    -0.00014950741024222225,
    -0.0031414637342095375,
    0.0023840765934437513,
    0.0076963468454778194,
    -0.007872804068028927,
    0.0
  ],
  "action_token_ids": [
    31851,
    31935,
    31758,
    31841,
    31846,
    31853,
    31872
  ],
  "gt_is_zero_spatial": false,
  "mse_per_dim": [
    1.567680780369386e-05,
    0.0004306893372452196,
    0.0015642262715492732,
    0.0003068340183756858,
    3.382779735021277e-06,
    0.0012885286615042719,
    1.52587890625e-05
  ],
  "mse_mean": 0.0005177995236108094,
  "mse_spatial": 0.0006015563127021944,
  "mse_gripper": 1.52587890625e-05,
  "mse_per_dim_names": [
    "x",
    "y",
    "z",
    "roll",
    "pitch",
    "yaw",
    "gripper"
  ]
}