{
  "episode_id": 18,
  "step_id": 44,
  "instruction": "Pick up the blue fork and place it on the left of the pot",
  "condition": "baseline",
  "condition_desc": "no enhancement",
  "predicted_action": [
    0.001239416017197053,
    0.0026395812581176334,
    0.0019870624189206806,
    0.0020899627212200844,
    -0.0004731404123595323,
    0.013573759467108093,
    0.08984375
  ],
  "ground_truth_action": [
    0.0001314355176873505,
    -0.0011245975038036704,
    0.008548295125365257,
    0.0047718980349600315,
    -0.017687253654003143,
    0.006274767220020294,
    1.0
  ],
  "action_token_ids": [
    31865,
    31862,
    31891,
    31869,
    31861,
    31862,
    31860
  ],
  "gt_is_zero_spatial": false,
  "mse_per_dim": [
    1.2276207872937697e-06,
    1.4169041751699399e-05,
    4.3049774628118025e-05,
    7.192777027085388e-06,
    0.0002963256946961299,
    5.327528782304779e-05,
    0.8283843994140625
  ],
  "mse_mean": 0.11839994851582512,
  "mse_spatial": 6.920669945222905e-05,
  "mse_gripper": 0.8283843994140625,
  "mse_per_dim_names": [
    "x",
    "y",
    "z",
    "roll",
    "pitch",
    "yaw",
    "gripper"
  ]
}