{
  "episode_id": 17,
  "step_id": 22,
  "instruction": "",
  "condition": "baseline",
  "condition_desc": "no enhancement",
  "predicted_action": [
    -0.004998998367227628,
    0.019731823345937233,
    -0.0073301095912756895,
    0.0205368546053067,
    0.02821852565684818,
    0.07297733300481915,
    -0.00390625
  ],
  "ground_truth_action": [
    -0.023946478962898254,
    0.02982824668288231,
    -0.012159198522567749,
    0.016585983335971832,
    0.01889687590301037,
    0.027195753529667854,
    0.0
  ],
  "action_token_ids": [
    31893,
    31809,
    31927,
    31840,
    31818,
    31825,
    31872
  ],
  "gt_is_zero_spatial": false,
  "mse_per_dim": [
    0.00035900702092331495,
    0.00010193776419880914,
    2.3320099906327488e-05,
    1.5609383786855715e-05,
    8.689315413322456e-05,
    0.0020959530192395945,
    1.52587890625e-05
  ],
  "mse_mean": 0.0003854256044643752,
  "mse_spatial": 0.00044712007369802106,
  "mse_gripper": 1.52587890625e-05,
  "mse_per_dim_names": [
    "x",
    "y",
    "z",
    "roll",
    "pitch",
    "yaw",
    "gripper"
  ]
}