{
  "episode_id": 13,
  "step_id": 43,
  "instruction": "",
  "condition": "baseline",
  "condition_desc": "no enhancement",
  "predicted_action": [
    0.0014622165309265064,
    -0.007035272753855716,
    0.012857096430816447,
    0.008450959922629259,
    -0.033168294770293885,
    -0.018536280283005968,
    0.99609375
  ],
  "ground_truth_action": [
    -0.0043617901392281055,
    -0.004786905832588673,
    0.00277471961453557,
    -0.011682272888720036,
    -0.002993291476741433,
    -0.04143277555704117,
    1.0
  ],
  "action_token_ids": [
    31864,
    31892,
    31849,
    31859,
    31910,
    31882,
    31744
  ],
  "gt_is_zero_spatial": false,
  "mse_per_dim": [
    3.391905369400541e-05,
    5.055153812647844e-06,
    0.00010165432226547811,
    0.00040534706343599183,
    0.0009105308237659013,
    0.0005242494958339162,
    1.52587890625e-05
  ],
  "mse_mean": 0.00028514495741006294,
  "mse_spatial": 0.0003301259854679901,
  "mse_gripper": 1.52587890625e-05,
  "mse_per_dim_names": [
    "x",
    "y",
    "z",
    "roll",
    "pitch",
    "yaw",
    "gripper"
  ]
}