{
  "episode_id": 19,
  "step_id": 36,
  "instruction": "",
  "condition": "baseline",
  "condition_desc": "no enhancement",
  "predicted_action": [
    0.002130618072114867,
    -0.0005853700792068164,
    0.007163269091251995,
    0.0014538630010791642,
    -0.020490581855992812,
    -0.008903268357971755,
    -0.00390625
  ],
  "ground_truth_action": [
    0.002109023742377758,
    -0.009302094578742981,
    -0.0001000037373160012,
    -0.004805662669241428,
    0.009894482791423798,
    0.17343460023403168,
    1.0
  ],
  "action_token_ids": [
    31861,
    31872,
    31871,
    31870,
    31891,
    31876,
    31872
  ],
  "gt_is_zero_spatial": false,
  "mse_per_dim": [
    4.663150767949868e-10,
    7.5981286000814e-05,
    5.275513218221415e-05,
    3.918166161740246e-05,
    0.0009232521536276867,
    0.03324709832267471,
    1.0078277587890625
  ],
  "mse_mean": 0.14888086111592577,
  "mse_spatial": 0.005723044837069651,
  "mse_gripper": 1.0078277587890625,
  "mse_per_dim_names": [
    "x",
    "y",
    "z",
    "roll",
    "pitch",
    "yaw",
    "gripper"
  ]
}