{
  "episode_id": 15,
  "step_id": 58,
  "instruction": "sweep into pile",
  "condition": "baseline",
  "condition_desc": "no enhancement",
  "predicted_action": [
    -0.0009885891200974752,
    -0.04154225206322735,
    -0.004224385587876901,
    -0.042437017688644184,
    -0.016487093567266145,
    0.008757253504590973,
    -0.10546875
  ],
  "ground_truth_action": [
    0.0017715140711516142,
    -0.03129454329609871,
    -0.0018475664546713233,
    0.020246999338269234,
    0.009952359832823277,
    -0.0386316254734993,
    0.0
  ],
  "action_token_ids": [
    31875,
    31999,
    31915,
    31939,
    31885,
    31865,
    31885
  ],
  "gt_is_zero_spatial": false,
  "mse_per_dim": [
    7.618169626343407e-06,
    0.00010501553497588519,
    5.649269191972112e-06,
    0.003929285990630372,
    0.0006990446960955,
    0.002245705850800086,
    0.0111236572265625
  ],
  "mse_mean": 0.0025879966768403797,
  "mse_spatial": 0.0011653865852200263,
  "mse_gripper": 0.0111236572265625,
  "mse_per_dim_names": [
    "x",
    "y",
    "z",
    "roll",
    "pitch",
    "yaw",
    "gripper"
  ]
}