{
  "episode_id": 14,
  "step_id": 7,
  "instruction": "move the silver pot to the lower right burner",
  "condition": "baseline",
  "condition_desc": "no enhancement",
  "predicted_action": [
    -0.002548192716203646,
    0.0007046104557229677,
    -0.0037067649206437674,
    -0.037348219927516836,
    -0.02516131819284058,
    0.1901789780927355,
    0.99609375
  ],
  "ground_truth_action": [
    0.008137921802699566,
    -0.0015589133836328983,
    -0.006497031543403864,
    -0.008106213994324207,
    0.0441843718290329,
    -0.08958621323108673,
    1.0
  ],
  "action_token_ids": [
    31882,
    31868,
    31913,
    31931,
    31898,
    31752,
    31744
  ],
  "gt_is_zero_spatial": false,
  "mse_per_dim": [
    0.00011419304351111403,
    5.12354017133232e-06,
    7.785587826089034e-06,
    0.0008550949109968729,
    0.0048088247246097626,
    0.07826856227645489,
    1.52587890625e-05
  ],
  "mse_mean": 0.012010691838947509,
  "mse_spatial": 0.01400993068059501,
  "mse_gripper": 1.52587890625e-05,
  "mse_per_dim_names": [
    "x",
    "y",
    "z",
    "roll",
    "pitch",
    "yaw",
    "gripper"
  ]
}