{
  "episode_id": 14,
  "step_id": 24,
  "instruction": "move the silver pot to the lower right burner",
  "condition": "baseline",
  "condition_desc": "no enhancement",
  "predicted_action": [
    -0.013019816861487937,
    -0.0018753506141365936,
    0.007939700092101692,
    -0.022717926364275727,
    0.0021958517801249078,
    0.07618833697983055,
    0.25390625
  ],
  "ground_truth_action": [
    -0.011695279739797115,
    -0.005572887137532234,
    0.0034100585617125034,
    -0.0187660101801157,
    0.01056547462940216,
    0.0616225004196167,
    0.0
  ],
  "action_token_ids": [
    31929,
    31876,
    31868,
    31908,
    31857,
    31823,
    31839
  ],
  "gt_is_zero_spatial": false,
  "mse_per_dim": [
    1.7543985867370053e-06,
    1.3671776341844721e-05,
    2.051765239382651e-05,
    1.561764152662595e-05,
    7.005058663914389e-05,
    0.00021216359469886233,
    0.0644683837890625
  ],
  "mse_mean": 0.00925745134846422,
  "mse_spatial": 5.56292750311734e-05,
  "mse_gripper": 0.0644683837890625,
  "mse_per_dim_names": [
    "x",
    "y",
    "z",
    "roll",
    "pitch",
    "yaw",
    "gripper"
  ]
}