{
  "episode_id": 14,
  "step_id": 32,
  "instruction": "move the silver pot to the lower right burner",
  "condition": "baseline",
  "condition_desc": "no enhancement",
  "predicted_action": [
    -0.009455008641816687,
    0.002962076391850081,
    -0.007588919924892256,
    0.0020899627212200844,
    -0.01715434161538726,
    0.068160827042302,
    0.30078125
  ],
  "ground_truth_action": [
    -0.006929501425474882,
    0.002888294169679284,
    -0.00729804253205657,
    -0.020852938294410706,
    -0.0009793461067602038,
    0.05483771488070488,
    0.0
  ],
  "action_token_ids": [
    31913,
    31861,
    31928,
    31869,
    31886,
    31828,
    31833
  ],
  "gt_is_zero_spatial": false,
  "mse_per_dim": [
    6.378186699794534e-06,
    5.443816308460856e-09,
    8.4609657662886e-08,
    0.0005263767070130324,
    0.0002616304797041054,
    0.00017750531767049714,
    0.0904693603515625
  ],
  "mse_mean": 0.013063048728017699,
  "mse_spatial": 0.00016199679076023347,
  "mse_gripper": 0.0904693603515625,
  "mse_per_dim_names": [
    "x",
    "y",
    "z",
    "roll",
    "pitch",
    "yaw",
    "gripper"
  ]
}