{
  "episode_id": 24,
  "step_id": 13,
  "instruction": "",
  "condition": "baseline",
  "condition_desc": "no enhancement",
  "predicted_action": [
    -0.0005429880926385681,
    0.0003821153219905199,
    0.0022458727525372472,
    -0.0010905358794845166,
    -0.005143876749207299,
    0.00394074754207388,
    -0.00390625
  ],
  "ground_truth_action": [
    -0.0008009289158508182,
    0.006114906631410122,
    0.006449874956160784,
    0.027858437970280647,
    -0.004179998300969601,
    0.09910350292921066,
    -0.004217278677970171
  ],
  "action_token_ids": [
    31873,
    31869,
    31890,
    31874,
    31868,
    31868,
    31872
  ],
  "gt_is_zero_spatial": false,
  "mse_per_dim": [
    6.653346827941321e-08,
    3.2864896197356915e-05,
    1.767363452807155e-05,
    0.0008380430869543873,
    9.290616629771133e-07,
    0.00905595001287203,
    9.673883851987232e-08
  ],
  "mse_mean": 0.0014208034235030887,
  "mse_spatial": 0.0016575878709471836,
  "mse_gripper": 9.673883851987232e-08,
  "mse_per_dim_names": [
    "x",
    "y",
    "z",
    "roll",
    "pitch",
    "yaw",
    "gripper"
  ]
}