{
  "episode_id": 20,
  "step_id": 32,
  "instruction": "",
  "condition": "baseline",
  "condition_desc": "no enhancement",
  "predicted_action": [
    -0.0018797911750152857,
    -0.0002628749454743687,
    0.0006930107508378511,
    0.01990075488516578,
    0.014206316646304881,
    -0.00087575842044324,
    -0.00390625
  ],
  "ground_truth_action": [
    -0.0023865459952503443,
    0.0024200642947107553,
    0.010055502876639366,
    -0.055504363030195236,
    -0.03168420493602753,
    0.008025877177715302,
    1.0
  ],
  "action_token_ids": [
    31879,
    31871,
    31896,
    31841,
    31839,
    31871,
    31872
  ],
  "gt_is_zero_spatial": false,
  "mse_per_dim": [
    2.5680044783146655e-07,
    7.1981629665251304e-06,
    8.765625880569537e-05,
    0.005685931807829499,
    0.0021059399710985165,
    7.923911632240337e-05,
    1.0078277587890625
  ],
  "mse_mean": 0.14511342584379044,
  "mse_spatial": 0.0013277036862450783,
  "mse_gripper": 1.0078277587890625,
  "mse_per_dim_names": [
    "x",
    "y",
    "z",
    "roll",
    "pitch",
    "yaw",
    "gripper"
  ]
}