{
  "episode_id": 22,
  "step_id": 34,
  "instruction": "",
  "condition": "baseline",
  "condition_desc": "no enhancement",
  "predicted_action": [
    -0.0018797911750152857,
    0.001672095856920304,
    -0.00551843725595973,
    0.0020899627212200844,
    0.023547789320000415,
    0.0023352455545681827,
    -0.00390625
  ],
  "ground_truth_action": [
    -0.0006987241213209927,
    0.003470252500846982,
    0.011859080754220486,
    -0.008457322604954243,
    -0.011443758383393288,
    0.014453722164034843,
    1.0
  ],
  "action_token_ids": [
    31879,
    31865,
    31920,
    31869,
    31825,
    31869,
    31872
  ],
  "gt_is_zero_spatial": false,
  "mse_per_dim": [
    1.394919385322118e-06,
    3.233367316097654e-06,
    0.00030197813219413774,
    0.00011124522775173228,
    0.0012244084106788772,
    0.00014685747533419057,
    1.0078277587890625
  ],
  "mse_mean": 0.1442309823316747,
  "mse_spatial": 0.0002981862554433929,
  "mse_gripper": 1.0078277587890625,
  "mse_per_dim_names": [
    "x",
    "y",
    "z",
    "roll",
    "pitch",
    "yaw",
    "gripper"
  ]
}