{
  "episode_id": 27,
  "step_id": 39,
  "instruction": "sweep into pile",
  "condition": "baseline",
  "condition_desc": "no enhancement",
  "predicted_action": [
    -0.010346210696734498,
    -0.029932427248859327,
    -8.342025001184528e-05,
    -0.012540330842021039,
    -0.001140388460480632,
    -0.0731233478581999,
    -0.24609375
  ],
  "ground_truth_action": [
    -0.015169447287917137,
    -0.02349921315908432,
    0.0041834269650280476,
    -0.005213909782469273,
    -0.01290842518210411,
    -0.060792092233896255,
    0.0
  ],
  "action_token_ids": [
    31917,
    31963,
    31899,
    31892,
    31862,
    31916,
    31903
  ],
  "gt_is_zero_spatial": false,
  "mse_per_dim": [
    2.3263611214523124e-05,
    4.1386243524879664e-05,
    1.8205985156493688e-05,
    5.367644554184362e-05,
    0.0001384866882814787,
    0.0001520598652719204,
    0.0605621337890625
  ],
  "mse_mean": 0.00871274466115052,
  "mse_spatial": 7.117980649852319e-05,
  "mse_gripper": 0.0605621337890625,
  "mse_per_dim_names": [
    "x",
    "y",
    "z",
    "roll",
    "pitch",
    "yaw",
    "gripper"
  ]
}