{
  "episode_id": 24,
  "step_id": 3,
  "instruction": "",
  "condition": "baseline",
  "condition_desc": "no enhancement",
  "predicted_action": [
    -0.019035430732183167,
    0.02392426008445902,
    0.0030223037533869436,
    -0.00617933364061185,
    -0.009814613086055052,
    0.09545436082989897,
    -0.00390625
  ],
  "ground_truth_action": [
    0.009257117286324501,
    -0.015157554298639297,
    -0.003945384174585342,
    0.013968350365757942,
    -0.03014279529452324,
    0.026325250044465065,
    0.06690704077482224
  ],
  "action_token_ids": [
    31956,
    31796,
    31887,
    31882,
    31875,
    31811,
    31872
  ],
  "gt_is_zero_spatial": false,
  "mse_per_dim": [
    0.0008004682733795622,
    0.0015273882154749503,
    4.854867506161073e-05,
    0.00040592917082052913,
    0.00041323499190068253,
    0.0047788339579847945,
    0.005014522150359524
  ],
  "mse_mean": 0.0018555607764259505,
  "mse_spatial": 0.0013290672141036883,
  "mse_gripper": 0.005014522150359524,
  "mse_per_dim_names": [
    "x",
    "y",
    "z",
    "roll",
    "pitch",
    "yaw",
    "gripper"
  ]
}