{
  "episode_id": 27,
  "step_id": 27,
  "instruction": "sweep into pile",
  "condition": "baseline",
  "condition_desc": "no enhancement",
  "predicted_action": [
    0.0001254134485497889,
    -0.0009078652129392573,
    0.021915458107396247,
    0.028806150967138636,
    -0.04784775182895829,
    -0.01693077829550027,
    -0.00390625
  ],
  "ground_truth_action": [
    0.003684061812236905,
    -0.00016668564057908952,
    0.0044453633017838,
    0.000323016254696995,
    -0.0016448750393465161,
    0.01577395759522915,
    0.0
  ],
  "action_token_ids": [
    31870,
    31873,
    31814,
    31827,
    31932,
    31881,
    31872
  ],
  "gt_is_zero_spatial": false,
  "mse_per_dim": [
    1.2663978176372989e-05,
    5.493471584840011e-07,
    0.000305204212517087,
    0.000811288963047098,
    0.0021347058236360467,
    0.001069599749682365,
    1.52587890625e-05
  ],
  "mse_mean": 0.0006213244090399933,
  "mse_spatial": 0.0007223353457029088,
  "mse_gripper": 1.52587890625e-05,
  "mse_per_dim_names": [
    "x",
    "y",
    "z",
    "roll",
    "pitch",
    "yaw",
    "gripper"
  ]
}