{
  "episode_id": 29,
  "step_id": 28,
  "instruction": "",
  "condition": "baseline",
  "condition_desc": "no enhancement",
  "predicted_action": [
    0.003913022181950488,
    -0.014130165695969511,
    0.00017539008360471786,
    -0.0010905358794845166,
    0.02821852565684818,
    0.10508737275493321,
    0.26953125
  ],
  "ground_truth_action": [
    -0.007493667770177126,
    -0.04385548084974289,
    -0.007017306983470917,
    -0.010371795855462551,
    0.018852921202778816,
    -0.08376827836036682,
    1.0
  ],
  "action_token_ids": [
    31853,
    31914,
    31898,
    31874,
    31818,
    31805,
    31837
  ],
  "gt_is_zero_spatial": false,
  "mse_per_dim": [
    0.00013011257566396907,
    0.0008835943609911492,
    5.173489109871844e-05,
    8.614178674169179e-05,
    8.771454679008393e-05,
    0.03566645695818393,
    0.5335845947265625
  ],
  "mse_mean": 0.08149862140657602,
  "mse_spatial": 0.006150959186578256,
  "mse_gripper": 0.5335845947265625,
  "mse_per_dim_names": [
    "x",
    "y",
    "z",
    "roll",
    "pitch",
    "yaw",
    "gripper"
  ]
}