{
  "episode_id": 26,
  "step_id": 28,
  "instruction": "take out the object from the silver pot and put it on the orange cloth",
  "condition": "baseline",
  "condition_desc": "no enhancement",
  "predicted_action": [
    -0.009232208128087234,
    -0.004132816550263714,
    0.017515682435914632,
    -0.007451533080893691,
    -0.037171783059020545,
    0.0007297435670624575,
    0.08984375
  ],
  "ground_truth_action": [
    -0.0037122059147804976,
    -0.0010329113574698567,
    0.00461783679202199,
    -0.010191312059760094,
    -0.0018736012279987335,
    0.009745615534484386,
    1.0
  ],
  "action_token_ids": [
    31912,
    31883,
    31831,
    31884,
    31916,
    31870,
    31860
  ],
  "gt_is_zero_spatial": false,
  "mse_per_dim": [
    3.047042443491127e-05,
    9.609412204310321e-06,
    0.0001663544222536804,
    7.506388853038229e-06,
    0.0012459616405758784,
    8.128594733294457e-05,
    0.8283843994140625
  ],
  "mse_mean": 0.11856079823567389,
  "mse_spatial": 0.00025686470594246056,
  "mse_gripper": 0.8283843994140625,
  "mse_per_dim_names": [
    "x",
    "y",
    "z",
    "roll",
    "pitch",
    "yaw",
    "gripper"
  ]
}