{
  "episode_id": 23,
  "step_id": 35,
  "instruction": "",
  "condition": "baseline",
  "condition_desc": "no enhancement",
  "predicted_action": [
    -0.0014341901475563822,
    -0.022515039173013087,
    0.012339475763583314,
    -0.020173527483712053,
    -0.016487093567266145,
    -0.026563790220534483,
    -0.50390625
  ],
  "ground_truth_action": [
    -0.005047880113124847,
    -0.009234808385372162,
    -0.017995310947299004,
    -0.002270924160256982,
    0.0057573807425796986,
    -0.14097538590431213,
    -0.011086994782090187
  ],
  "action_token_ids": [
    31877,
    31940,
    31851,
    31904,
    31885,
    31887,
    31936
  ],
  "gt_is_zero_spatial": false,
  "mse_per_dim": [
    1.3058755167250216e-05,
    0.0001763645297730059,
    0.0009201992847947224,
    0.00032050320575698456,
    0.0004948166373213918,
    0.013090013226908209,
    0.24287081831353532
  ],
  "mse_mean": 0.03684082485046527,
  "mse_spatial": 0.002502492606620261,
  "mse_gripper": 0.24287081831353532,
  "mse_per_dim_names": [
    "x",
    "y",
    "z",
    "roll",
    "pitch",
    "yaw",
    "gripper"
  ]
}