{
  "episode_id": 26,
  "step_id": 7,
  "instruction": "take out the object from the silver pot and put it on the orange cloth",
  "condition": "baseline",
  "condition_desc": "no enhancement",
  "predicted_action": [
    0.006363827832974473,
    0.017474357409810112,
    -0.002930333919794071,
    -0.00617933364061185,
    -0.0031421326048439585,
    0.018390265429625213,
    -0.00390625
  ],
  "ground_truth_action": [
    0.0023413493763655424,
    0.005242594052106142,
    -0.010305674746632576,
    -0.010393969714641571,
    0.025006545707583427,
    3.227452907594852e-05,
    1.0
  ],
  "action_token_ids": [
    31842,
    31816,
    31910,
    31882,
    31865,
    31859,
    31872
  ],
  "gt_is_zero_spatial": false,
  "mse_per_dim": [
    1.6180332933882965e-05,
    0.0001496160348388695,
    5.4395652312030885e-05,
    1.7763157236512658e-05,
    0.0007923480907365199,
    0.0003370158299046496,
    1.0078277587890625
  ],
  "mse_mean": 0.14417072541243212,
  "mse_spatial": 0.0002278865163270776,
  "mse_gripper": 1.0078277587890625,
  "mse_per_dim_names": [
    "x",
    "y",
    "z",
    "roll",
    "pitch",
    "yaw",
    "gripper"
  ]
}