{
  "episode_id": 22,
  "step_id": 1,
  "instruction": "",
  "condition": "baseline",
  "condition_desc": "no enhancement",
  "predicted_action": [
    -0.004107796312309817,
    0.015216891473682999,
    -0.006553678590425993,
    0.012903657963615686,
    0.005532092020730461,
    0.01517926145461379,
    0.99609375
  ],
  "ground_truth_action": [
    0.022486180067062378,
    0.027144942432641983,
    0.0010042620124295354,
    -0.006625891663134098,
    -0.04214832931756973,
    0.003764641936868429,
    1.0
  ],
  "action_token_ids": [
    31889,
    31823,
    31924,
    31852,
    31852,
    31861,
    31744
  ],
  "gt_is_zero_spatial": false,
  "mse_per_dim": [
    0.0007072395796666063,
    0.00014227839967952233,
    5.712246615629219e-05,
    0.00038140330862368265,
    0.0022734225789978325,
    0.00013029353873489333,
    1.52587890625e-05
  ],
  "mse_mean": 0.0005295740944173328,
  "mse_spatial": 0.0006152933119764715,
  "mse_gripper": 1.52587890625e-05,
  "mse_per_dim_names": [
    "x",
    "y",
    "z",
    "roll",
    "pitch",
    "yaw",
    "gripper"
  ]
}