{
  "episode_id": 24,
  "step_id": 21,
  "instruction": "",
  "condition": "baseline",
  "condition_desc": "no enhancement",
  "predicted_action": [
    0.003913022181950488,
    -0.0009078652129392573,
    -0.00681248892404256,
    -0.04052871852822143,
    0.015540812742547094,
    0.039261791267199364,
    -0.00390625
  ],
  "ground_truth_action": [
    -0.006713971495628357,
    0.04245486110448837,
    -0.0004041456268168986,
    0.008378362283110619,
    0.009367560967803001,
    -0.06977379322052002,
    0.0024518538266420364
  ],
  "action_token_ids": [
    31853,
    31873,
    31925,
    31936,
    31837,
    31846,
    31872
  ],
  "gt_is_zero_spatial": false,
  "mse_per_dim": [
    0.00011293299462330075,
    0.0018803260336801308,
    4.106686381509706e-05,
    0.0023919025534861636,
    3.810903747438109e-05,
    0.011888758684578593,
    4.042548427036011e-05
  ],
  "mse_mean": 0.002341931664561147,
  "mse_spatial": 0.0027255160279429443,
  "mse_gripper": 4.042548427036011e-05,
  "mse_per_dim_names": [
    "x",
    "y",
    "z",
    "roll",
    "pitch",
    "yaw",
    "gripper"
  ]
}