{
  "episode_id": 25,
  "step_id": 21,
  "instruction": "",
  "condition": "baseline",
  "condition_desc": "no enhancement",
  "predicted_action": [
    0.0005710144760086959,
    0.013281920671288326,
    0.022174268441012817,
    -0.04561751628934877,
    0.06691891244787253,
    0.2030229939927811,
    0.11328125
  ],
  "ground_truth_action": [
    0.013195616193115711,
    0.03473673760890961,
    -0.005544265732169151,
    -0.003957172855734825,
    0.0059858327731490135,
    -0.09587119519710541,
    -0.0005965848104096949
  ],
  "action_token_ids": [
    31868,
    31829,
    31813,
    31944,
    31760,
    31744,
    31857
  ],
  "gt_is_zero_spatial": false,
  "mse_per_dim": [
    0.0001593805685155814,
    0.000460309169826841,
    0.0007683171367098566,
    0.0017355842150066606,
    0.003712840198646204,
    0.08933773633147968,
    0.012968161261106958
  ],
  "mse_mean": 0.01559176126875597,
  "mse_spatial": 0.01602902793669747,
  "mse_gripper": 0.012968161261106958,
  "mse_per_dim_names": [
    "x",
    "y",
    "z",
    "roll",
    "pitch",
    "yaw",
    "gripper"
  ]
}