{
  "episode_id": 22,
  "step_id": 13,
  "instruction": "",
  "condition": "baseline",
  "condition_desc": "no enhancement",
  "predicted_action": [
    0.003913022181950488,
    -0.007680263021320612,
    -0.0024127132525609413,
    -0.008087632801034611,
    -0.013150853326660605,
    -0.041013308108085816,
    0.05078125
  ],
  "ground_truth_action": [
    0.00520162982866168,
    -0.00048070409684441984,
    -0.005397638771682978,
    -0.021687766537070274,
    -0.025208262726664543,
    -0.003566174767911434,
    1.0
  ],
  "action_token_ids": [
    31853,
    31894,
    31908,
    31885,
    31880,
    31896,
    31865
  ],
  "gt_is_zero_spatial": false,
  "mse_per_dim": [
    1.6605096671625567e-06,
    5.1833648707004777e-05,
    8.909780354705959e-06,
    0.00018496363763805538,
    0.0001453811214393033,
    0.0014022877953967997,
    0.9010162353515625
  ],
  "mse_mean": 0.1289730388349665,
  "mse_spatial": 0.00029917274886717194,
  "mse_gripper": 0.9010162353515625,
  "mse_per_dim_names": [
    "x",
    "y",
    "z",
    "roll",
    "pitch",
    "yaw",
    "gripper"
  ]
}