{
  "episode_id": 27,
  "step_id": 41,
  "instruction": "sweep into pile",
  "condition": "baseline",
  "condition_desc": "no enhancement",
  "predicted_action": [
    0.003021820127032681,
    -0.007680263021320612,
    -8.342025001184528e-05,
    -0.007451533080893691,
    0.0028630998282460213,
    -0.018536280283005968,
    -0.00390625
  ],
  "ground_truth_action": [
    -0.008631416596472263,
    -0.010329280979931355,
    0.0005458081723190844,
    0.0039498573169112206,
    -0.0015748225850984454,
    -0.03515726700425148,
    0.0
  ],
  "action_token_ids": [
    31857,
    31894,
    31899,
    31884,
    31856,
    31882,
    31872
  ],
  "gt_is_zero_spatial": false,
  "mse_per_dim": [
    0.00013579792613404424,
    7.017296145042228e-06,
    3.959284074690708e-07,
    0.00012999170300315803,
    1.9695155346865177e-05,
    0.00027625719958781965,
    1.52587890625e-05
  ],
  "mse_mean": 8.34877139552712e-05,
  "mse_spatial": 9.485920143739973e-05,
  "mse_gripper": 1.52587890625e-05,
  "mse_per_dim_names": [
    "x",
    "y",
    "z",
    "roll",
    "pitch",
    "yaw",
    "gripper"
  ]
}