{
  "episode_id": 23,
  "step_id": 47,
  "instruction": "",
  "condition": "baseline",
  "condition_desc": "no enhancement",
  "predicted_action": [
    0.003021820127032681,
    0.0003821153219905199,
    -0.006553678590425993,
    0.004634361601783751,
    -0.021825077952235025,
    -0.010508770345477453,
    0.99609375
  ],
  "ground_truth_action": [
    -0.0016610822640359402,
    -0.010493510402739048,
    -0.0003688835713546723,
    0.0032927540596574545,
    -0.010126006789505482,
    0.04958007112145424,
    1.0
  ],
  "action_token_ids": [
    31857,
    31869,
    31924,
    31865,
    31893,
    31877,
    31744
  ],
  "gt_is_zero_spatial": false,
  "mse_per_dim": [
    2.1929574804276208e-05,
    0.00011827923490439954,
    3.825168942792942e-05,
    1.7999107970901633e-06,
    0.00013686826607061,
    0.0036106688688380497,
    1.52587890625e-05
  ],
  "mse_mean": 0.000563293761986408,
  "mse_spatial": 0.0006546329241403926,
  "mse_gripper": 1.52587890625e-05,
  "mse_per_dim_names": [
    "x",
    "y",
    "z",
    "roll",
    "pitch",
    "yaw",
    "gripper"
  ]
}