{
  "episode_id": 4,
  "step_id": 9,
  "instruction": "",
  "condition": "var_strict",
  "condition_desc": "VAR(p=0.6,rho=0.8)",
  "predicted_action": [
    0.0026989778140011807,
    0.0005471569492535924,
    -0.0012805449107990592,
    0.011994409540120127,
    -0.002790191967697725,
    0.011215875175653645,
    0.0
  ],
  "ground_truth_action": [
    0.0006051000091247261,
    0.005082028917968273,
    0.0019462647615000606,
    -0.005013704765588045,
    0.01880308799445629,
    -0.12007778137922287,
    -0.0005698786117136478
  ],
  "action_token_ids": [
    31859,
    31869,
    31904,
    31854,
    31865,
    31864,
    31872
  ],
  "mse_per_dim": [
    4.38432426175424e-06,
    2.0565063772634164e-05,
    1.0412300661243154e-05,
    0.00028927595223603495,
    0.00046626973952396215,
    0.01723802425154987,
    3.247616320886746e-07
  ],
  "mse_mean": 0.002575608056233941,
  "mse_spatial": 0.003004821938667583,
  "mse_gripper": 3.247616320886746e-07,
  "mse_per_dim_names": [
    "x",
    "y",
    "z",
    "roll",
    "pitch",
    "yaw",
    "gripper"
  ],
  "grounding": {
    "nouns": [],
    "num_boxes": 0,
    "num_patches": 0,
    "patch_coverage": 0.0
  }
}