{
  "episode_id": 5,
  "step_id": 6,
  "instruction": "take broccoli out of pan",
  "condition": "var_strict",
  "condition_desc": "VAR(p=0.6,rho=0.8)",
  "predicted_action": [
    -0.0011034842869814855,
    -0.019849711744224348,
    -0.014271808715865893,
    0.0004997134208677839,
    0.024004396317636234,
    0.0772995961986335,
    0.25098039215686274
  ],
  "ground_truth_action": [
    0.0032962963450700045,
    -0.024984635412693024,
    -0.00098812289070338,
    0.03627309203147888,
    0.014254434034228325,
    -0.03456711024045944,
    1.0
  ],
  "action_token_ids": [
    31876,
    31932,
    31954,
    31872,
    31825,
    31823,
    31840
  ],
  "mse_per_dim": [
    1.935806961017541e-05,
    2.6367441080999802e-05,
    0.00017645630910162347,
    0.0012797346172181276,
    9.506176452787677e-05,
    0.012514160009530198,
    0.5610303729334871
  ],
  "mse_mean": 0.08216307302065087,
  "mse_spatial": 0.0023518563685115002,
  "mse_gripper": 0.5610303729334871,
  "mse_per_dim_names": [
    "x",
    "y",
    "z",
    "roll",
    "pitch",
    "yaw",
    "gripper"
  ],
  "grounding": {
    "nouns": [
      "broccoli",
      "pan"
    ],
    "num_boxes": 3,
    "num_patches": 29,
    "patch_coverage": 0.11328125
  }
}