{
  "episode_id": 6,
  "step_id": 20,
  "instruction": "Picked the piece of chocolate and put it into the drawer",
  "condition": "var_strict",
  "condition_desc": "VAR(p=0.6,rho=0.8)",
  "predicted_action": [
    -0.007366363041541167,
    -0.006575559102437116,
    0.007813339752747724,
    0.015825974913204255,
    -0.010828568453297924,
    -0.03391447088882041,
    0.04705882352941182
  ],
  "ground_truth_action": [
    -0.00034584649256430566,
    -0.0027606345247477293,
    0.004070924129337072,
    0.00229075294919312,
    -0.005368888843804598,
    -0.00237998366355896,
    0.0
  ],
  "action_token_ids": [
    31904,
    31891,
    31869,
    31848,
    31877,
    31892,
    31866
  ],
  "mse_per_dim": [
    4.928765261445798e-05,
    1.4553649533458546e-05,
    1.4005674698348139e-05,
    0.00018320223361504944,
    2.9808101438317195e-05,
    0.0009944238845601774,
    0.0022145328719723233
  ],
  "mse_mean": 0.0004999734383474474,
  "mse_spatial": 0.00021421353274330142,
  "mse_gripper": 0.0022145328719723233,
  "mse_per_dim_names": [
    "x",
    "y",
    "z",
    "roll",
    "pitch",
    "yaw",
    "gripper"
  ],
  "grounding": {
    "nouns": [
      "piece",
      "chocolate",
      "it",
      "drawer"
    ],
    "num_boxes": 1,
    "num_patches": 9,
    "patch_coverage": 0.03515625
  }
}