{
  "episode_id": 4,
  "step_id": 29,
  "instruction": "",
  "condition": "var_strict",
  "condition_desc": "VAR(p=0.6,rho=0.8)",
  "predicted_action": [
    0.004712045985109648,
    0.008317392642007093,
    -0.007776176813332477,
    0.004331278793951912,
    -0.024225862595964903,
    0.014439471323116071,
    0.0
  ],
  "ground_truth_action": [
    0.00431818887591362,
    -0.0038276512641459703,
    -0.00994422659277916,
    -0.015657920390367508,
    0.005807843524962664,
    -0.1271352767944336,
    0.003918109927326441
  ],
  "action_token_ids": [
    31850,
    31845,
    31929,
    31866,
    31897,
    31862,
    31872
  ],
  "mse_per_dim": [
    1.5512342246425204e-07,
    0.00014750209148238567,
    4.700439846158809e-06,
    0.0003995680840303962,
    0.000902023503358242,
    0.020043409304547632,
    1.5351585402614007e-05
  ],
  "mse_mean": 0.0030732443045842707,
  "mse_spatial": 0.0035828930911145467,
  "mse_gripper": 1.5351585402614007e-05,
  "mse_per_dim_names": [
    "x",
    "y",
    "z",
    "roll",
    "pitch",
    "yaw",
    "gripper"
  ],
  "grounding": {
    "nouns": [],
    "num_boxes": 0,
    "num_patches": 0,
    "patch_coverage": 0.0
  }
}