{
  "episode_id": 2,
  "step_id": 44,
  "instruction": "put the red object into the pot",
  "condition": "var_strict",
  "condition_desc": "VAR(p=0.6,rho=0.8)",
  "predicted_action": [
    -0.00043246156327866186,
    -0.0017191617944661772,
    -0.0018001954630017317,
    -0.01674233075801075,
    -0.002790191967697725,
    -0.009737499782852183,
    -0.02352941176470591
  ],
  "ground_truth_action": [
    -0.0037224956322461367,
    0.0026167051400989294,
    -0.0028246764559298754,
    0.013759090565145016,
    -0.019967319443821907,
    -0.0008034525089897215,
    1.0
  ],
  "action_token_ids": [
    31873,
    31876,
    31906,
    31899,
    31865,
    31877,
    31875
  ],
  "mse_per_dim": [
    1.082432417496668e-05,
    1.8799742074255015e-05,
    1.0495613048710352e-06,
    0.0009303367027326613,
    0.00029505370833102034,
    7.981720069160927e-05,
    1.0476124567474048
  ],
  "mse_mean": 0.1498497625695306,
  "mse_spatial": 0.00022264687321823056,
  "mse_gripper": 1.0476124567474048,
  "mse_per_dim_names": [
    "x",
    "y",
    "z",
    "roll",
    "pitch",
    "yaw",
    "gripper"
  ],
  "grounding": {
    "nouns": [
      "object",
      "pot"
    ],
    "num_boxes": 2,
    "num_patches": 56,
    "patch_coverage": 0.21875
  }
}