{
  "episode_id": 4,
  "step_id": 28,
  "instruction": "",
  "condition": "var_strict",
  "condition_desc": "VAR(p=0.6,rho=0.8)",
  "predicted_action": [
    0.004712045985109648,
    -0.0007478823328719852,
    0.022363555214422574,
    -0.0007774750368269162,
    -0.023555997888831545,
    0.08052319234609592,
    0.0
  ],
  "ground_truth_action": [
    0.006494918372482061,
    -0.006523780059069395,
    -0.012281986884772778,
    -0.015684448182582855,
    0.009896533563733101,
    -0.12269159406423569,
    0.00448363833129406
  ],
  "action_token_ids": [
    31850,
    31873,
    31813,
    31874,
    31896,
    31821,
    31872
  ],
  "mse_per_dim": [
    3.178633949655008e-06,
    3.336099454349241e-05,
    0.0012003135873471173,
    0.0002222178483682887,
    0.0011190718605848268,
    0.041296249415796696,
    2.010301268584938e-05
  ],
  "mse_mean": 0.006270642193325133,
  "mse_spatial": 0.0073123987234316795,
  "mse_gripper": 2.010301268584938e-05,
  "mse_per_dim_names": [
    "x",
    "y",
    "z",
    "roll",
    "pitch",
    "yaw",
    "gripper"
  ],
  "grounding": {
    "nouns": [],
    "num_boxes": 0,
    "num_patches": 0,
    "patch_coverage": 0.0
  }
}