{
  "episode_id": 7,
  "step_id": 16,
  "instruction": "Move the blue fork to the lower right burner",
  "condition": "var_strict",
  "condition_desc": "VAR(p=0.6,rho=0.8)",
  "predicted_action": [
    0.00023856116042415831,
    -0.002690441256060362,
    0.01716704969239585,
    -0.008440605782995159,
    -0.042312209688565326,
    -0.014572894004045822,
    0.05490196078431375
  ],
  "ground_truth_action": [
    0.003882074961438775,
    -0.021184701472520828,
    0.034246716648340225,
    0.04695611447095871,
    -0.06792967021465302,
    -0.08390496671199799,
    0.0
  ],
  "action_token_ids": [
    31870,
    31879,
    31833,
    31886,
    31924,
    31880,
    31865
  ],
  "mse_per_dim": [
    1.327519281818398e-05,
    0.0003420376609541523,
    0.0002917150233259782,
    0.003068796614894823,
    0.0006562542838056609,
    0.004806936305980765,
    0.003014225297962325
  ],
  "mse_mean": 0.00174189148282027,
  "mse_spatial": 0.0015298358469632608,
  "mse_gripper": 0.003014225297962325,
  "mse_per_dim_names": [
    "x",
    "y",
    "z",
    "roll",
    "pitch",
    "yaw",
    "gripper"
  ],
  "grounding": {
    "nouns": [
      "fork",
      "burner"
    ],
    "num_boxes": 2,
    "num_patches": 180,
    "patch_coverage": 0.703125
  }
}