{
  "episode_id": 4,
  "step_id": 5,
  "instruction": "",
  "condition": "var_strict",
  "condition_desc": "VAR(p=0.6,rho=0.8)",
  "predicted_action": [
    0.004712045985109648,
    -0.0017191617944661772,
    0.0026168342307209894,
    0.004969873022799262,
    -0.006809380210497831,
    -0.004902105561658515,
    0.996078431372549
  ],
  "ground_truth_action": [
    0.008104606531560421,
    0.0024220009800046682,
    -0.004313220269978046,
    -0.022784702479839325,
    0.02080824039876461,
    0.20786412060260773,
    0.9978461265563965
  ],
  "action_token_ids": [
    31850,
    31876,
    31889,
    31865,
    31871,
    31874,
    31744
  ],
  "mse_per_dim": [
    1.1509467061334366e-05,
    1.714922912466307e-05,
    4.8025655382658965e-05,
    0.000770316461331666,
    0.0007627329681171575,
    0.04526946699618369,
    3.124746262997473e-06
  ],
  "mse_mean": 0.006697475074780595,
  "mse_spatial": 0.007813200129533529,
  "mse_gripper": 3.124746262997473e-06,
  "mse_per_dim_names": [
    "x",
    "y",
    "z",
    "roll",
    "pitch",
    "yaw",
    "gripper"
  ],
  "grounding": {
    "nouns": [],
    "num_boxes": 0,
    "num_patches": 0,
    "patch_coverage": 0.0
  }
}