{
  "episode_id": 5,
  "step_id": 19,
  "instruction": "take broccoli out of pan",
  "condition": "var_strict",
  "condition_desc": "VAR(p=0.6,rho=0.8)",
  "predicted_action": [
    -0.010050453936352462,
    0.01803018725794897,
    -0.00024124380639371432,
    0.010717221082425427,
    0.03271263751036978,
    0.0015450867332663376,
    0.0
  ],
  "ground_truth_action": [
    -0.024086860939860344,
    0.028442783281207085,
    -0.01177246030420065,
    0.04940025135874748,
    0.032628946006298065,
    0.017396816983819008,
    0.0
  ],
  "action_token_ids": [
    31916,
    31815,
    31900,
    31856,
    31812,
    31870,
    31872
  ],
  "mse_per_dim": [
    0.00019702072156812514,
    0.00010842215594357069,
    0.00013296895391929484,
    0.0014963768313588487,
    7.0042678537853485e-09,
    0.00025127735193628665,
    0.0
  ],
  "mse_mean": 0.00031229614557056856,
  "mse_spatial": 0.0003643455031656633,
  "mse_gripper": 0.0,
  "mse_per_dim_names": [
    "x",
    "y",
    "z",
    "roll",
    "pitch",
    "yaw",
    "gripper"
  ],
  "grounding": {
    "nouns": [
      "broccoli",
      "pan"
    ],
    "num_boxes": 4,
    "num_patches": 35,
    "patch_coverage": 0.13671875
  }
}