{
  "episode_id": 1,
  "step_id": 2,
  "instruction": "put the blue cube on the right side of the table on top of the rectangular block",
  "condition": "var_strict",
  "condition_desc": "VAR(p=0.6,rho=0.8)",
  "predicted_action": [
    -0.00311655245808996,
    -0.007223078743499908,
    -0.003878797671812425,
    0.05861178824597689,
    0.04410033753163671,
    0.061181615461321365,
    0.36078431372549025
  ],
  "ground_truth_action": [
    -0.006694343872368336,
    -0.011381210759282112,
    -0.01398628018796444,
    -0.040579669177532196,
    0.06429138779640198,
    0.08027472347021103,
    1.0
  ],
  "action_token_ids": [
    31885,
    31893,
    31914,
    31781,
    31795,
    31833,
    31826
  ],
  "mse_per_dim": [
    1.280059140408406e-05,
    1.7290061860672975e-05,
    0.00010216120281431866,
    0.009838945225799816,
    0.00040767851079427756,
    0.00036454677343912664,
    0.4085966935793925
  ],
  "mse_mean": 0.05990573084935783,
  "mse_spatial": 0.0017905703943520495,
  "mse_gripper": 0.4085966935793925,
  "mse_per_dim_names": [
    "x",
    "y",
    "z",
    "roll",
    "pitch",
    "yaw",
    "gripper"
  ],
  "grounding": {
    "nouns": [
      "cube",
      "side",
      "table",
      "top",
      "block"
    ],
    "num_boxes": 5,
    "num_patches": 256,
    "patch_coverage": 1.0
  }
}