{
  "episode_id": 8,
  "step_id": 21,
  "instruction": "open the drawer",
  "condition": "var_strict",
  "condition_desc": "VAR(p=0.6,rho=0.8)",
  "predicted_action": [
    -0.002221855493152857,
    -0.0023666814355289695,
    0.0005382320219102961,
    -0.012910765384926637,
    -0.003460056674831083,
    0.017663067470578525,
    -0.05490196078431375
  ],
  "ground_truth_action": [
    -0.00547283049672842,
    -0.0010509059065952897,
    0.0014394497266039252,
    -0.005370530765503645,
    0.0009508657385595143,
    -0.003978815861046314,
    0.0
  ],
  "action_token_ids": [
    31881,
    31878,
    31897,
    31893,
    31866,
    31860,
    31879
  ],
  "mse_per_dim": [
    1.0568838473873133e-05,
    1.7312652425407047e-06,
    8.121933512532534e-07,
    5.685513811594499e-05,
    1.945623653695153e-05,
    0.0004683711141396611,
    0.003014225297962325
  ],
  "mse_mean": 0.0005102885834032215,
  "mse_spatial": 9.296579764337078e-05,
  "mse_gripper": 0.003014225297962325,
  "mse_per_dim_names": [
    "x",
    "y",
    "z",
    "roll",
    "pitch",
    "yaw",
    "gripper"
  ],
  "grounding": {
    "nouns": [
      "drawer"
    ],
    "num_boxes": 1,
    "num_patches": 256,
    "patch_coverage": 1.0
  }
}