{
  "episode_id": 8,
  "step_id": 1,
  "instruction": "open the drawer",
  "condition": "var_strict",
  "condition_desc": "VAR(p=0.6,rho=0.8)",
  "predicted_action": [
    0.004264697502641097,
    0.009612431924132685,
    -0.019208488961791295,
    -0.023128273046484286,
    -0.023555997888831545,
    -0.07904481695329446,
    -0.3764705882352941
  ],
  "ground_truth_action": [
    0.02028334140777588,
    0.004330817144364119,
    -0.008253386244177818,
    0.05244816839694977,
    -0.032859768718481064,
    -0.06375306099653244,
    1.0
  ],
  "action_token_ids": [
    31852,
    31841,
    31973,
    31909,
    31896,
    31920,
    31920
  ],
  "mse_per_dim": [
    0.0002565969525595117,
    2.789545468186976e-05,
    0.00012001427555346219,
    0.005711798501252818,
    8.656015165063729e-05,
    0.00023383780024116674,
    1.8946712802768166
  ],
  "mse_mean": 0.27158685477325084,
  "mse_spatial": 0.001072783855989911,
  "mse_gripper": 1.8946712802768166,
  "mse_per_dim_names": [
    "x",
    "y",
    "z",
    "roll",
    "pitch",
    "yaw",
    "gripper"
  ],
  "grounding": {
    "nouns": [
      "drawer"
    ],
    "num_boxes": 0,
    "num_patches": 0,
    "patch_coverage": 0.0
  }
}