{
  "episode_id": 5,
  "step_id": 16,
  "instruction": "take broccoli out of pan",
  "condition": "var_strict",
  "condition_desc": "VAR(p=0.6,rho=0.8)",
  "predicted_action": [
    -0.0008798100457472133,
    0.0024897158724419693,
    0.006514213372241045,
    0.035622396007472204,
    0.01864547866056944,
    0.04506363472400918,
    -0.1098039215686275
  ],
  "ground_truth_action": [
    -0.00036782422102987766,
    0.003283013356849551,
    0.026963694021105766,
    0.028095927089452744,
    0.02386953867971897,
    -0.01625766232609749,
    0.0
  ],
  "action_token_ids": [
    31875,
    31863,
    31874,
    31817,
    31833,
    31843,
    31886
  ],
  "mse_per_dim": [
    2.621294847114903e-07,
    6.293208987673976e-07,
    0.0004181812588082927,
    5.664773437391303e-05,
    2.7290803083676607e-05,
    0.0037603014719074204,
    0.0120569011918493
  ],
  "mse_mean": 0.002331459130058012,
  "mse_spatial": 0.0007105521197594637,
  "mse_gripper": 0.0120569011918493,
  "mse_per_dim_names": [
    "x",
    "y",
    "z",
    "roll",
    "pitch",
    "yaw",
    "gripper"
  ],
  "grounding": {
    "nouns": [
      "broccoli",
      "pan"
    ],
    "num_boxes": 2,
    "num_patches": 15,
    "patch_coverage": 0.05859375
  }
}