{
  "episode_id": 4,
  "step_id": 6,
  "instruction": "",
  "condition": "var_strict",
  "condition_desc": "VAR(p=0.6,rho=0.8)",
  "predicted_action": [
    -0.0013271585282157647,
    0.006698593539350123,
    -0.005437749328420446,
    -0.018658113444552808,
    -0.01886694493889811,
    0.012827673249384858,
    0.996078431372549
  ],
  "ground_truth_action": [
    -0.009265869855880737,
    8.57264458318241e-05,
    -0.013551696203649044,
    -0.025844724848866463,
    0.014817280694842339,
    0.2218286097049713,
    1.0
  ],
  "action_token_ids": [
    31877,
    31850,
    31920,
    31902,
    31889,
    31863,
    31744
  ],
  "mse_per_dim": [
    6.302313754399615e-05,
    4.373001119653715e-05,
    6.583613389403194e-05,
    5.164738347661108e-05,
    0.001134627056544737,
    0.04368139143931209,
    1.5378700499807656e-05
  ],
  "mse_mean": 0.006436519123209687,
  "mse_spatial": 0.007506709193661334,
  "mse_gripper": 1.5378700499807656e-05,
  "mse_per_dim_names": [
    "x",
    "y",
    "z",
    "roll",
    "pitch",
    "yaw",
    "gripper"
  ],
  "grounding": {
    "nouns": [],
    "num_boxes": 0,
    "num_patches": 0,
    "patch_coverage": 0.0
  }
}