{
  "model": "openvla-7b",
  "method": "v_zero",
  "candidates_abs_t": [
    0
  ],
  "target_layers": [
    22,
    23,
    24,
    25,
    26
  ],
  "sanity_check": {
    "hook_fired": true,
    "logits_changed": true,
    "kl_divergence": 4.282147407531738
  },
  "per_k": {
    "1": {
      "targets": [
        0
      ],
      "vzero_mean_kl": 0.29987057393213035,
      "vzero_std_kl": 0.3584980606098402,
      "vzero_mean_top1_change": 0.3
    },
    "3": {
      "targets": [
        0
      ],
      "vzero_mean_kl": 0.29987057393213035,
      "vzero_std_kl": 0.3584980606098402,
      "vzero_mean_top1_change": 0.3
    },
    "5": {
      "targets": [
        0
      ],
      "vzero_mean_kl": 0.29987057393213035,
      "vzero_std_kl": 0.3584980606098402,
      "vzero_mean_top1_change": 0.3
    }
  }
}