{
  "model": "tracevla-phi3v",
  "method": "v_zero",
  "candidates_abs_t": [
    3
  ],
  "target_layers": [
    22,
    23,
    24,
    25,
    26
  ],
  "sanity_check": {
    "hook_fired": true,
    "logits_changed": true,
    "kl_divergence": 14.583757400512695
  },
  "per_k": {
    "1": {
      "targets": [
        3
      ],
      "vzero_mean_kl": 13.020450169245402,
      "vzero_std_kl": 2.702543582683798,
      "vzero_mean_top1_change": 1.0
    },
    "3": {
      "targets": [
        3
      ],
      "vzero_mean_kl": 13.020450169245402,
      "vzero_std_kl": 2.702543582683798,
      "vzero_mean_top1_change": 1.0
    },
    "5": {
      "targets": [
        3
      ],
      "vzero_mean_kl": 13.020450169245402,
      "vzero_std_kl": 2.702543582683798,
      "vzero_mean_top1_change": 1.0
    }
  }
}