{
  "episode_id": 5,
  "step_id": 10,
  "instruction": "take broccoli out of pan",
  "condition": "ind2_gripex",
  "condition_desc": "wr(\u03bb=2.0) + gripex",
  "predicted_action": [
    0.002475303572766905,
    -0.004956759999780139,
    -0.005177924052319111,
    0.005608467251646612,
    -0.028245050838764996,
    0.004768682880728764,
    0.03137254901960773
  ],
  "ground_truth_action": [
    0.0018180431798100471,
    0.0002043356216745451,
    -0.009431569837033749,
    -0.020415639504790306,
    -0.01857747510075569,
    -0.011884105391800404,
    1.0
  ],
  "action_token_ids": [
    31860,
    31886,
    31919,
    31864,
    31903,
    31868,
    31868
  ],
  "mse_per_dim": [
    4.3199122414980316e-07,
    2.663690801379871e-05,
    1.8093502461820602e-05,
    0.0006772541324704257,
    9.346202065014614e-05,
    0.000277315357249685,
    0.9382391387927722
  ],
  "mse_mean": 0.1341903332435489,
  "mse_spatial": 0.00018219898534500433,
  "mse_gripper": 0.9382391387927722,
  "mse_per_dim_names": [
    "x",
    "y",
    "z",
    "roll",
    "pitch",
    "yaw",
    "gripper"
  ],
  "grounding": {
    "nouns": [
      "broccoli",
      "pan"
    ],
    "num_boxes": 3,
    "num_patches": 34,
    "patch_coverage": 0.1328125
  }
}