{
  "episode_id": 5,
  "step_id": 22,
  "instruction": "take broccoli out of pan",
  "condition": "ind2_gripex",
  "condition_desc": "wr(\u03bb=2.0) + gripex",
  "predicted_action": [
    0.0006859096428927063,
    -0.0023666814355289695,
    -0.003878797671812425,
    -0.022489678817636923,
    -0.01618748611036472,
    -0.006513903635389756,
    -0.01568627450980392
  ],
  "ground_truth_action": [
    -0.008532773703336716,
    -0.00648594181984663,
    -0.017421850934624672,
    -0.04061184450984001,
    -0.021109510213136673,
    0.003727517556399107,
    0.0
  ],
  "action_token_ids": [
    31868,
    31878,
    31914,
    31908,
    31885,
    31875,
    31874
  ],
  "mse_per_dim": [
    8.498412263804769e-05,
    1.696830611380888e-05,
    0.00018341429167936945,
    0.0003284128893756627,
    2.4226321268268067e-05,
    0.00010488670802762202,
    0.00024605920799692423
  ],
  "mse_mean": 0.00014127883529995756,
  "mse_spatial": 0.00012381543985046312,
  "mse_gripper": 0.00024605920799692423,
  "mse_per_dim_names": [
    "x",
    "y",
    "z",
    "roll",
    "pitch",
    "yaw",
    "gripper"
  ],
  "grounding": {
    "nouns": [
      "broccoli",
      "pan"
    ],
    "num_boxes": 1,
    "num_patches": 25,
    "patch_coverage": 0.09765625
  }
}