{
  "episode_id": 3,
  "step_id": 32,
  "instruction": "put the rectangle block on top of the red arch and yellow block",
  "condition": "ind2_gripex",
  "condition_desc": "wr(\u03bb=2.0) + gripex",
  "predicted_action": [
    -0.0035639009405585044,
    0.0031372355135047617,
    -0.0012805449107990592,
    0.04328552675364043,
    -0.026905321424498307,
    0.007992279028191218,
    0.0
  ],
  "ground_truth_action": [
    -0.005138207692652941,
    0.0007339056464843452,
    0.005194670520722866,
    0.03200884163379669,
    0.01599741168320179,
    -0.008892601355910301,
    0.0
  ],
  "action_token_ids": [
    31887,
    31861,
    31904,
    31805,
    31901,
    31866,
    31872
  ],
  "mse_per_dim": [
    2.4784417496901332e-06,
    5.775994449712372e-06,
    4.192841488461967e-05,
    0.00012716362729210524,
    0.001840644508110546,
    0.00028509918558541626,
    0.0
  ],
  "mse_mean": 0.0003290128817245843,
  "mse_spatial": 0.000383848362012015,
  "mse_gripper": 0.0,
  "mse_per_dim_names": [
    "x",
    "y",
    "z",
    "roll",
    "pitch",
    "yaw",
    "gripper"
  ],
  "grounding": {
    "nouns": [
      "block",
      "top"
    ],
    "num_boxes": 4,
    "num_patches": 210,
    "patch_coverage": 0.8203125
  }
}