{
  "episode_id": 6,
  "step_id": 8,
  "instruction": "Picked the piece of chocolate and put it into the drawer",
  "condition": "ind2_gripex",
  "condition_desc": "wr(\u03bb=2.0) + gripex",
  "predicted_action": [
    0.005383068708812468,
    -0.011108196589876655,
    -0.003878797671812425,
    -0.021212490359942215,
    -0.02623545671736495,
    0.02894565398669699,
    0.039215686274509776
  ],
  "ground_truth_action": [
    0.007693599443882704,
    -0.007522575091570616,
    -0.007861136458814144,
    0.00021770107559859753,
    -0.039835188537836075,
    0.0361514687538147,
    1.0
  ],
  "action_token_ids": [
    31847,
    31905,
    31914,
    31906,
    31900,
    31853,
    31867
  ],
  "mse_per_dim": [
    5.3385522777042025e-06,
    1.2856681529114446e-05,
    1.5859022214458326e-05,
    0.00045925310496392683,
    0.00018495270558873487,
    5.192376645801162e-05,
    0.9231064975009612
  ],
  "mse_mean": 0.131976668761999,
  "mse_spatial": 0.00012169730550532503,
  "mse_gripper": 0.9231064975009612,
  "mse_per_dim_names": [
    "x",
    "y",
    "z",
    "roll",
    "pitch",
    "yaw",
    "gripper"
  ],
  "grounding": {
    "nouns": [
      "piece",
      "chocolate",
      "it",
      "drawer"
    ],
    "num_boxes": 1,
    "num_patches": 9,
    "patch_coverage": 0.03515625
  }
}