{
  "episode_id": 1,
  "step_id": 46,
  "instruction": "put the blue cube on the right side of the table on top of the rectangular block",
  "condition": "ind2_gripex",
  "condition_desc": "wr(\u03bb=2.0) + gripex",
  "predicted_action": [
    -0.0008798100457472133,
    0.004756034616161739,
    -0.0072565262611298045,
    -0.03270718647919457,
    0.026013990439036266,
    -0.006513903635389756,
    0.0
  ],
  "ground_truth_action": [
    0.0,
    0.0,
    0.0,
    0.0,
    0.0,
    0.0,
    1.0
  ],
  "action_token_ids": [
    31875,
    31856,
    31927,
    31924,
    31822,
    31875,
    31872
  ],
  "mse_per_dim": [
    7.740657165977135e-07,
    2.261986527012874e-05,
    5.26571733784665e-05,
    0.0010697600473848082,
    0.0006767276985622703,
    4.2430940571143884e-05,
    1.0
  ],
  "mse_mean": 0.14312356711298335,
  "mse_spatial": 0.0003108282984805692,
  "mse_gripper": 1.0,
  "mse_per_dim_names": [
    "x",
    "y",
    "z",
    "roll",
    "pitch",
    "yaw",
    "gripper"
  ],
  "grounding": {
    "nouns": [
      "cube",
      "side",
      "table",
      "top",
      "block"
    ],
    "num_boxes": 3,
    "num_patches": 256,
    "patch_coverage": 1.0
  }
}