{
  "episode_id": 9,
  "step_id": 18,
  "instruction": "Move the can in the middle bottom of the table",
  "condition": "ind2_gripex",
  "condition_desc": "wr(\u03bb=2.0) + gripex",
  "predicted_action": [
    0.0035936747789382766,
    -0.00010036269180919988,
    0.0036561353351263343,
    -0.011633576927231923,
    -0.002790191967697725,
    -0.0016785094141960888,
    0.0
  ],
  "ground_truth_action": [
    0.015676844865083694,
    0.010597026906907558,
    0.023152334615588188,
    -0.03330299258232117,
    -0.06803379207849503,
    0.06727538257837296,
    1.0
  ],
  "action_token_ids": [
    31855,
    31871,
    31885,
    31891,
    31865,
    31872,
    31872
  ],
  "mse_per_dim": [
    0.00014600299933071947,
    0.00011443414422673348,
    0.0003801017863834813,
    0.0004695635748330268,
    0.0042567273554176294,
    0.004754639220922877,
    1.0
  ],
  "mse_mean": 0.14430306701158777,
  "mse_spatial": 0.0016869115135190779,
  "mse_gripper": 1.0,
  "mse_per_dim_names": [
    "x",
    "y",
    "z",
    "roll",
    "pitch",
    "yaw",
    "gripper"
  ],
  "grounding": {
    "nouns": [
      "can",
      "bottom",
      "table"
    ],
    "num_boxes": 1,
    "num_patches": 224,
    "patch_coverage": 0.875
  }
}