{
  "episode_id": 6,
  "step_id": 37,
  "instruction": "Picked the piece of chocolate and put it into the drawer",
  "condition": "ind2_gripex",
  "condition_desc": "wr(\u03bb=2.0) + gripex",
  "predicted_action": [
    0.0044883717438753655,
    -0.004633000179248746,
    -0.003878797671812425,
    0.01391019222666219,
    -0.010158703746164566,
    -0.021020086298970675,
    0.0
  ],
  "ground_truth_action": [
    -0.0027503983583301306,
    -0.0036295251920819283,
    -0.00588178401812911,
    0.003461227985098958,
    0.011520368047058582,
    -0.025915401056408882,
    0.0
  ],
  "action_token_ids": [
    31851,
    31885,
    31914,
    31851,
    31876,
    31884,
    31872
  ],
  "mse_per_dim": [
    5.2399792592584166e-05,
    1.0069620498694452e-06,
    4.011954303531065e-06,
    0.0001091808537214671,
    0.00046998215381572353,
    2.3964106574392292e-05,
    0.0
  ],
  "mse_mean": 9.436368900822395e-05,
  "mse_spatial": 0.0001100909705095946,
  "mse_gripper": 0.0,
  "mse_per_dim_names": [
    "x",
    "y",
    "z",
    "roll",
    "pitch",
    "yaw",
    "gripper"
  ],
  "grounding": {
    "nouns": [
      "piece",
      "chocolate",
      "it",
      "drawer"
    ],
    "num_boxes": 1,
    "num_patches": 25,
    "patch_coverage": 0.09765625
  }
}