{
  "episode_id": 0,
  "step_id": 27,
  "instruction": "put small spoon from basket to tray",
  "condition": "ind2_gripex",
  "condition_desc": "wr(\u03bb=2.0) + gripex",
  "predicted_action": [
    -0.00043246156327866186,
    0.001842196231379177,
    -0.0033591471196097525,
    -0.0033318519522163442,
    0.0018988609822357116,
    -0.02424368244643313,
    -0.03137254901960784
  ],
  "ground_truth_action": [
    0.0,
    0.0,
    0.0,
    0.0,
    0.0,
    0.0,
    1.0
  ],
  "action_token_ids": [
    31873,
    31865,
    31912,
    31878,
    31858,
    31886,
    31876
  ],
  "mse_per_dim": [
    1.8702300371342407e-07,
    3.3936869549076425e-06,
    1.1283869371182496e-05,
    1.1101237431487864e-05,
    3.6056730298571715e-06,
    0.0005877561385634898,
    1.0637293348712031
  ],
  "mse_mean": 0.15204952321422252,
  "mse_spatial": 0.00010288793805910639,
  "mse_gripper": 1.0637293348712031,
  "mse_per_dim_names": [
    "x",
    "y",
    "z",
    "roll",
    "pitch",
    "yaw",
    "gripper"
  ],
  "grounding": {
    "nouns": [
      "spoon",
      "basket"
    ],
    "num_boxes": 3,
    "num_patches": 111,
    "patch_coverage": 0.43359375
  }
}