{
  "episode_id": 7,
  "step_id": 30,
  "instruction": "Move the blue fork to the lower right burner",
  "condition": "ind2_gripex",
  "condition_desc": "wr(\u03bb=2.0) + gripex",
  "predicted_action": [
    -0.006695340317838347,
    0.008317392642007093,
    -0.00024124380639371432,
    0.028597859490151326,
    0.004578319810769102,
    0.032169250134159416,
    -0.0784313725490196
  ],
  "ground_truth_action": [
    0.0,
    0.0,
    0.0,
    0.0,
    0.0,
    0.0,
    1.0
  ],
  "action_token_ids": [
    31901,
    31845,
    31900,
    31828,
    31854,
    31851,
    31882
  ],
  "mse_per_dim": [
    4.4827581971671696e-05,
    6.917902036131373e-05,
    5.819857412332792e-08,
    0.0008178375674184383,
    2.0961012289680827e-05,
    0.0010348606541941156,
    1.1630142252979623
  ],
  "mse_mean": 0.16642884990468168,
  "mse_spatial": 0.00033128733913489057,
  "mse_gripper": 1.1630142252979623,
  "mse_per_dim_names": [
    "x",
    "y",
    "z",
    "roll",
    "pitch",
    "yaw",
    "gripper"
  ],
  "grounding": {
    "nouns": [
      "fork",
      "burner"
    ],
    "num_boxes": 3,
    "num_patches": 180,
    "patch_coverage": 0.703125
  }
}