{
  "episode_id": 2,
  "step_id": 3,
  "instruction": "put the red object into the pot",
  "condition": "ind2_gripex",
  "condition_desc": "wr(\u03bb=2.0) + gripex",
  "predicted_action": [
    0.02819784131470845,
    -0.005604279640842924,
    -0.01946831423789263,
    0.028597859490151326,
    -0.003460056674831083,
    0.02088666361804095,
    0.18823529411764706
  ],
  "ground_truth_action": [
    0.024575434625148773,
    -0.004300862550735474,
    -0.02074696123600006,
    -0.01738031767308712,
    -0.020681235939264297,
    0.0382569283246994,
    1.0
  ],
  "action_token_ids": [
    31744,
    31888,
    31974,
    31828,
    31866,
    31858,
    31848
  ],
  "mse_per_dim": [
    1.3121830224566707e-05,
    1.6988961107841736e-06,
    1.6349381457691457e-06,
    0.002113992775254141,
    0.0002965690152577445,
    0.00030172609597938415,
    0.658961937716263
  ],
  "mse_mean": 0.09452724018103363,
  "mse_spatial": 0.0004547905918287317,
  "mse_gripper": 0.658961937716263,
  "mse_per_dim_names": [
    "x",
    "y",
    "z",
    "roll",
    "pitch",
    "yaw",
    "gripper"
  ],
  "grounding": {
    "nouns": [
      "object",
      "pot"
    ],
    "num_boxes": 3,
    "num_patches": 65,
    "patch_coverage": 0.25390625
  }
}