{
  "episode_id": 3,
  "step_id": 25,
  "instruction": "put the rectangle block on top of the red arch and yellow block",
  "condition": "ind2_gripex",
  "condition_desc": "wr(\u03bb=2.0) + gripex",
  "predicted_action": [
    0.00023856116042415831,
    -0.0013954019739347845,
    -0.01842901313348728,
    -0.026959838419568394,
    0.0387414198745699,
    0.017663067470578525,
    -0.03921568627450983
  ],
  "ground_truth_action": [
    0.0035175683442503214,
    -0.0018071143422275782,
    -0.013462538830935955,
    -0.018365947529673576,
    0.03592997416853905,
    0.02248356118798256,
    0.0
  ],
  "action_token_ids": [
    31870,
    31875,
    31970,
    31915,
    31803,
    31860,
    31877
  ],
  "mse_per_dim": [
    1.0751888111583585e-05,
    1.6950707420526098e-07,
    2.4665866997902682e-05,
    7.385496062741713e-05,
    7.90422695795933e-06,
    2.3237159679531765e-05,
    0.0015378700499807788
  ],
  "mse_mean": 0.00023977909420419696,
  "mse_spatial": 2.3430601574766626e-05,
  "mse_gripper": 0.0015378700499807788,
  "mse_per_dim_names": [
    "x",
    "y",
    "z",
    "roll",
    "pitch",
    "yaw",
    "gripper"
  ],
  "grounding": {
    "nouns": [
      "block",
      "top"
    ],
    "num_boxes": 3,
    "num_patches": 22,
    "patch_coverage": 0.0859375
  }
}