{
  "episode_id": 1,
  "step_id": 9,
  "instruction": "put the blue cube on the right side of the table on top of the rectangular block",
  "condition": "ind2_gripex",
  "condition_desc": "wr(\u03bb=2.0) + gripex",
  "predicted_action": [
    0.0029226520552354494,
    -0.007546838564031308,
    -0.003099321843508418,
    0.003054090336257184,
    -0.010158703746164566,
    -6.671134046487559e-05,
    0.996078431372549
  ],
  "ground_truth_action": [
    0.008911383338272572,
    0.0001854420843301341,
    -0.01131149847060442,
    0.026320993900299072,
    -0.013223526068031788,
    -0.002081439131870866,
    1.0
  ],
  "action_token_ids": [
    31858,
    31894,
    31911,
    31868,
    31876,
    31871,
    31744
  ],
  "mse_per_dim": [
    3.5864902380427455e-05,
    5.978816402502484e-05,
    6.743984495462186e-05,
    0.0005413488014584251,
    9.39313586461559e-06,
    4.059128073463659e-06,
    1.5378700499807656e-05
  ],
  "mse_mean": 0.00010475323960805515,
  "mse_spatial": 0.00011964899612609641,
  "mse_gripper": 1.5378700499807656e-05,
  "mse_per_dim_names": [
    "x",
    "y",
    "z",
    "roll",
    "pitch",
    "yaw",
    "gripper"
  ],
  "grounding": {
    "nouns": [
      "cube",
      "side",
      "table",
      "top",
      "block"
    ],
    "num_boxes": 4,
    "num_patches": 256,
    "patch_coverage": 1.0
  }
}