{
  "episode_id": 2,
  "step_id": 21,
  "instruction": "put the red object into the pot",
  "condition": "ind2_gripex",
  "condition_desc": "wr(\u03bb=2.0) + gripex",
  "predicted_action": [
    -0.00043246156327866186,
    -0.0007478823328719852,
    -0.0025796712913057455,
    0.01327159799781484,
    -0.01886694493889811,
    -0.01940828822523946,
    -0.11764705882352944
  ],
  "ground_truth_action": [
    -0.002539969515055418,
    0.0001426042290404439,
    -0.0040586283430457115,
    0.023360377177596092,
    0.016315028071403503,
    0.004150554537773132,
    0.0
  ],
  "action_token_ids": [
    31873,
    31873,
    31909,
    31852,
    31889,
    31883,
    31887
  ],
  "mse_per_dim": [
    4.441589766802258e-06,
    7.929663169466185e-07,
    2.187313960891372e-06,
    0.00010178346533838767,
    0.0012377712248975911,
    0.0005550190723323508,
    0.013840830449826995
  ],
  "mse_mean": 0.002248975154634281,
  "mse_spatial": 0.00031699927210216165,
  "mse_gripper": 0.013840830449826995,
  "mse_per_dim_names": [
    "x",
    "y",
    "z",
    "roll",
    "pitch",
    "yaw",
    "gripper"
  ],
  "grounding": {
    "nouns": [
      "object",
      "pot"
    ],
    "num_boxes": 3,
    "num_patches": 84,
    "patch_coverage": 0.328125
  }
}