{
  "episode_id": 3,
  "step_id": 38,
  "instruction": "put the rectangle block on top of the red arch and yellow block",
  "condition": "ind2_gripex",
  "condition_desc": "wr(\u03bb=2.0) + gripex",
  "predicted_action": [
    -0.002445529734387133,
    -0.0010716421534033849,
    -0.00024124380639371432,
    0.004331278793951912,
    0.00792764334643585,
    0.0015450867332663376,
    0.0
  ],
  "ground_truth_action": [
    0.008186635561287403,
    0.00787352118641138,
    0.033614225685596466,
    0.06962081044912338,
    -0.055890731513500214,
    -0.04545938968658447,
    1.0
  ],
  "action_token_ids": [
    31882,
    31874,
    31900,
    31866,
    31849,
    31870,
    31872
  ],
  "mse_per_dim": [
    0.00011304293887454599,
    8.001594717596605e-05,
    0.001146192814523078,
    0.004262722943751638,
    0.004072784969763319,
    0.002209420803504311,
    1.0
  ],
  "mse_mean": 0.144554882916799,
  "mse_spatial": 0.001980696736265476,
  "mse_gripper": 1.0,
  "mse_per_dim_names": [
    "x",
    "y",
    "z",
    "roll",
    "pitch",
    "yaw",
    "gripper"
  ],
  "grounding": {
    "nouns": [
      "block",
      "top"
    ],
    "num_boxes": 4,
    "num_patches": 195,
    "patch_coverage": 0.76171875
  }
}