{
  "episode_id": 6,
  "step_id": 1,
  "instruction": "Picked the piece of chocolate and put it into the drawer",
  "condition": "sam_var_obj_vt",
  "condition_desc": "VAR(p=0.6,rho=0.5) + obj_redirect + VTR(f=0.3) + SAM2",
  "predicted_action": [
    -0.00378757518179278,
    -0.003014201076591762,
    -0.005957399880623118,
    -0.01929670767340016,
    0.013956425710635989,
    0.007992279028191218,
    0.21176470588235285
  ],
  "ground_truth_action": [
    -0.001830822555348277,
    -0.026851266622543335,
    -0.009170948527753353,
    -0.048580411821603775,
    0.022141829133033752,
    0.04358735680580139,
    1.0
  ],
  "action_token_ids": [
    31888,
    31880,
    31922,
    31903,
    31840,
    31866,
    31845
  ],
  "mse_per_dim": [
    3.828880841097461e-06,
    0.0005682056938419916,
    1.0326894907472563e-05,
    0.0008575353286395177,
    6.700082918740102e-05,
    0.0012670095619941176,
    0.6213148788927337
  ],
  "mse_mean": 0.0891555408688779,
  "mse_spatial": 0.00046231786490193296,
  "mse_gripper": 0.6213148788927337,
  "mse_per_dim_names": [
    "x",
    "y",
    "z",
    "roll",
    "pitch",
    "yaw",
    "gripper"
  ],
  "grounding": {
    "nouns": [
      "chocolate",
      "drawer"
    ],
    "num_boxes": 0,
    "num_patches": 0,
    "patch_coverage": 0.0,
    "segmentation": "sam2"
  }
}