{
  "episode_id": 0,
  "step_id": 16,
  "instruction": "put small spoon from basket to tray",
  "condition": "sam_var_obj_vt",
  "condition_desc": "VAR(p=0.6,rho=0.5) + obj_redirect + VTR(f=0.3) + SAM2",
  "predicted_action": [
    0.009409205051029403,
    -0.037332742052919726,
    0.024701982699334605,
    -0.08060175364274605,
    0.02735371985330297,
    0.003156884806997551,
    0.039215686274509776
  ],
  "ground_truth_action": [
    0.0260013397783041,
    -0.029228966683149338,
    -0.006652622949331999,
    -0.11084412038326263,
    -0.10654382407665253,
    -0.014437654055655003,
    0.0
  ],
  "action_token_ids": [
    31829,
    31986,
    31804,
    31999,
    31820,
    31869,
    31867
  ],
  "mse_per_dim": [
    0.00027529893480803495,
    6.56711752436972e-05,
    0.0009831112953833955,
    0.0009146007460679038,
    0.017928552270474366,
    0.000309567797789391,
    0.0015378700499807745
  ],
  "mse_mean": 0.0031449531813925085,
  "mse_spatial": 0.0034128003699611313,
  "mse_gripper": 0.0015378700499807745,
  "mse_per_dim_names": [
    "x",
    "y",
    "z",
    "roll",
    "pitch",
    "yaw",
    "gripper"
  ],
  "grounding": {
    "nouns": [
      "spoon",
      "basket"
    ],
    "num_boxes": 2,
    "num_patches": 44,
    "patch_coverage": 0.171875,
    "segmentation": "sam2"
  }
}