{
  "episode_id": 2,
  "step_id": 42,
  "instruction": "put the red object into the pot",
  "condition": "sam_var_obj_vt",
  "condition_desc": "VAR(p=0.6,rho=0.5) + obj_redirect + VTR(f=0.3) + SAM2",
  "predicted_action": [
    -0.004011249423027052,
    -0.002042921614997577,
    -0.02414516920771669,
    0.0777696151113975,
    0.017305749246302723,
    -0.04519705740493893,
    -0.34509803921568627
  ],
  "ground_truth_action": [
    0.003033985150977969,
    0.00030551294912584126,
    -0.014585327357053757,
    0.01973309926688671,
    0.019290419295430183,
    -0.05385097861289978,
    1.0
  ],
  "action_token_ids": [
    31889,
    31877,
    31992,
    31751,
    31835,
    31899,
    31916
  ],
  "mse_per_dim": [
    4.963533020275572e-05,
    5.515144901969549e-06,
    9.139057620968647e-05,
    0.003368237171370152,
    3.938915203903594e-06,
    7.489035227359461e-05,
    1.8092887351018843
  ],
  "mse_mean": 0.25898319179886375,
  "mse_spatial": 0.000598934581693677,
  "mse_gripper": 1.8092887351018843,
  "mse_per_dim_names": [
    "x",
    "y",
    "z",
    "roll",
    "pitch",
    "yaw",
    "gripper"
  ],
  "grounding": {
    "nouns": [
      "object",
      "pot"
    ],
    "num_boxes": 2,
    "num_patches": 26,
    "patch_coverage": 0.1015625,
    "segmentation": "sam2"
  }
}