{
  "episode_id": 3,
  "step_id": 2,
  "instruction": "put the rectangle block on top of the red arch and yellow block",
  "condition": "sam_var_obj_vt",
  "condition_desc": "VAR(p=0.6,rho=0.5) + obj_redirect + VTR(f=0.3) + SAM2",
  "predicted_action": [
    0.0044883717438753655,
    0.0060510738982873236,
    -0.003099321843508418,
    -0.0173809249868581,
    0.0018988609822357116,
    0.014439471323116071,
    0.007843137254901933
  ],
  "ground_truth_action": [
    0.002516337903216481,
    -0.0010572649771347642,
    0.007234157994389534,
    -0.028577717021107674,
    -0.04717095196247101,
    0.01636134274303913,
    1.0
  ],
  "action_token_ids": [
    31851,
    31852,
    31911,
    31900,
    31858,
    31862,
    31871
  ],
  "mse_per_dim": [
    3.88891746870383e-06,
    5.052848156783695e-05,
    0.00010678080556024349,
    0.00012536815185823467,
    0.002407846542428507,
    3.6935897547170794e-06,
    0.9843752402921954
  ],
  "mse_mean": 0.14101047811154765,
  "mse_spatial": 0.0004496844147730405,
  "mse_gripper": 0.9843752402921954,
  "mse_per_dim_names": [
    "x",
    "y",
    "z",
    "roll",
    "pitch",
    "yaw",
    "gripper"
  ],
  "grounding": {
    "nouns": [
      "block"
    ],
    "num_boxes": 1,
    "num_patches": 27,
    "patch_coverage": 0.10546875,
    "segmentation": "sam2"
  }
}