{
  "episode_id": 1,
  "step_id": 42,
  "instruction": "put the blue cube on the right side of the table on top of the rectangular block",
  "condition": "sam_var_obj_vt",
  "condition_desc": "VAR(p=0.6,rho=0.5) + obj_redirect + VTR(f=0.3) + SAM2",
  "predicted_action": [
    -0.0017745070106843092,
    -0.002690441256060362,
    0.011450893618166435,
    -0.021212490359942215,
    -0.024225862595964903,
    0.009604077101922431,
    0.07058823529411762
  ],
  "ground_truth_action": [
    -0.008818346075713634,
    0.016225092113018036,
    0.043353985995054245,
    -0.039675068110227585,
    -0.04370688647031784,
    -0.002430369844660163,
    1.0
  ],
  "action_token_ids": [
    31879,
    31879,
    31855,
    31906,
    31897,
    31865,
    31863
  ],
  "mse_per_dim": [
    4.96156687740332e-05,
    0.0003577974026367184,
    0.0010178073032082369,
    0.00034086677718533237,
    0.0003795102911931091,
    0.00014482791331011112,
    0.8638062283737025
  ],
  "mse_mean": 0.12372809339000143,
  "mse_spatial": 0.0003817375593845902,
  "mse_gripper": 0.8638062283737025,
  "mse_per_dim_names": [
    "x",
    "y",
    "z",
    "roll",
    "pitch",
    "yaw",
    "gripper"
  ],
  "grounding": {
    "nouns": [
      "cube",
      "table",
      "block"
    ],
    "num_boxes": 1,
    "num_patches": 5,
    "patch_coverage": 0.01953125,
    "segmentation": "sam2"
  }
}