{
  "episode_id": 7,
  "step_id": 13,
  "instruction": "Move the blue fork to the lower right burner",
  "condition": "sam_var_obj_vt",
  "condition_desc": "VAR(p=0.6,rho=0.5) + obj_redirect + VTR(f=0.3) + SAM2",
  "predicted_action": [
    0.0026989778140011807,
    0.001842196231379177,
    -0.0010207196346977247,
    0.014548786455509555,
    -0.003460056674831083,
    -0.016184692077777035,
    -0.007843137254901933
  ],
  "ground_truth_action": [
    -0.00026309152599424124,
    -0.002051333896815777,
    0.0034226446878165007,
    0.007478575687855482,
    -0.009928517043590546,
    -0.010426384396851063,
    0.0
  ],
  "action_token_ids": [
    31859,
    31865,
    31903,
    31850,
    31866,
    31881,
    31873
  ],
  "mse_per_dim": [
    8.773854774940914e-06,
    1.5159576859161814e-05,
    1.97434865025923e-05,
    4.998788029905159e-05,
    4.184097954221181e-05,
    3.315810734821105e-05,
    6.151480199923062e-05
  ],
  "mse_mean": 3.28826696179143e-05,
  "mse_spatial": 2.8110647554361583e-05,
  "mse_gripper": 6.151480199923062e-05,
  "mse_per_dim_names": [
    "x",
    "y",
    "z",
    "roll",
    "pitch",
    "yaw",
    "gripper"
  ],
  "grounding": {
    "nouns": [
      "fork",
      "burner"
    ],
    "num_boxes": 1,
    "num_patches": 16,
    "patch_coverage": 0.0625,
    "segmentation": "sam2"
  }
}