{
  "episode_id": 6,
  "step_id": 31,
  "instruction": "Picked the piece of chocolate and put it into the drawer",
  "condition": "sam_var_obj_vt",
  "condition_desc": "VAR(p=0.6,rho=0.5) + obj_redirect + VTR(f=0.3) + SAM2",
  "predicted_action": [
    0.010974924739669326,
    0.004108514975098954,
    -0.0018001954630017317,
    0.001776901878562484,
    0.0025687256893690558,
    0.014439471323116071,
    -0.26666666666666666
  ],
  "ground_truth_action": [
    0.011338593438267708,
    0.010239521972835064,
    -0.007627685088664293,
    0.007434518076479435,
    0.007668216247111559,
    0.028530312702059746,
    0.0
  ],
  "action_token_ids": [
    31822,
    31858,
    31906,
    31870,
    31857,
    31862,
    31906
  ],
  "mse_per_dim": [
    1.3225492234024048e-07,
    3.758924680628915e-05,
    3.395963533720478e-05,
    3.200862104293225e-05,
    2.6004803948504947e-05,
    0.00019855181076655127,
    0.07111111111111111
  ],
  "mse_mean": 0.01020562249770499,
  "mse_spatial": 5.470772880397044e-05,
  "mse_gripper": 0.07111111111111111,
  "mse_per_dim_names": [
    "x",
    "y",
    "z",
    "roll",
    "pitch",
    "yaw",
    "gripper"
  ],
  "grounding": {
    "nouns": [
      "chocolate",
      "drawer"
    ],
    "num_boxes": 0,
    "num_patches": 0,
    "patch_coverage": 0.0,
    "segmentation": "sam2"
  }
}