{
  "episode_id": 2,
  "step_id": 17,
  "instruction": "put the red object into the pot",
  "condition": "sam_var_obj_vt",
  "condition_desc": "VAR(p=0.6,rho=0.5) + obj_redirect + VTR(f=0.3) + SAM2",
  "predicted_action": [
    -0.0013271585282157647,
    -0.008841877846156886,
    -0.0033591471196097525,
    -0.002693257723368994,
    -0.003460056674831083,
    -0.008125701709120942,
    -0.1098039215686275
  ],
  "ground_truth_action": [
    0.0016861740732565522,
    -0.00430373614653945,
    0.0053376369178295135,
    -0.0029075262136757374,
    -0.016233021393418312,
    -0.003789709648117423,
    1.0
  ],
  "action_token_ids": [
    31877,
    31898,
    31912,
    31877,
    31866,
    31876,
    31886
  ],
  "mse_per_dim": [
    9.080173367095922e-06,
    2.059473008580663e-05,
    7.563405259385841e-05,
    4.5910985938330915e-08,
    0.00016314862770227414,
    1.880082715308554e-05,
    1.2316647443291042
  ],
  "mse_mean": 0.17599314980728462,
  "mse_spatial": 4.7884053648009826e-05,
  "mse_gripper": 1.2316647443291042,
  "mse_per_dim_names": [
    "x",
    "y",
    "z",
    "roll",
    "pitch",
    "yaw",
    "gripper"
  ],
  "grounding": {
    "nouns": [
      "object",
      "pot"
    ],
    "num_boxes": 2,
    "num_patches": 26,
    "patch_coverage": 0.1015625,
    "segmentation": "sam2"
  }
}