{
  "episode_id": 4,
  "step_id": 7,
  "instruction": "",
  "condition": "sam_var_obj_vt",
  "condition_desc": "VAR(p=0.6,rho=0.5) + obj_redirect + VTR(f=0.3) + SAM2",
  "predicted_action": [
    -0.0013271585282157647,
    0.0021659560519105767,
    -0.005177924052319111,
    -0.013549359613773987,
    -0.014847756696098016,
    0.033781048207890685,
    0.015686274509803866
  ],
  "ground_truth_action": [
    0.000407500599976629,
    -0.000383376725949347,
    -0.008535142056643963,
    -0.028216348960995674,
    0.020083140581846237,
    0.12663574516773224,
    1.0
  ],
  "action_token_ids": [
    31877,
    31864,
    31919,
    31894,
    31883,
    31850,
    31870
  ],
  "mse_per_dim": [
    3.0090422910211954e-06,
    6.499097612270995e-06,
    1.1270912728562938e-05,
    0.00021512057651151446,
    0.0012201675846422932,
    0.008621994747504007,
    0.9688735101883892
  ],
  "mse_mean": 0.13985022459281127,
  "mse_spatial": 0.0016796769935482783,
  "mse_gripper": 0.9688735101883892,
  "mse_per_dim_names": [
    "x",
    "y",
    "z",
    "roll",
    "pitch",
    "yaw",
    "gripper"
  ],
  "grounding": {
    "nouns": [],
    "num_boxes": 0,
    "num_patches": 0,
    "patch_coverage": 0.0,
    "segmentation": "sam2"
  }
}