{
  "episode_id": 4,
  "step_id": 8,
  "instruction": "",
  "condition": "sam_var_obj_vt",
  "condition_desc": "VAR(p=0.6,rho=0.5) + obj_redirect + VTR(f=0.3) + SAM2",
  "predicted_action": [
    -0.0013271585282157647,
    0.00022339712872219974,
    -0.01089408012654852,
    -0.013549359613773987,
    0.013286561003502645,
    -0.0016785094141960888,
    0.0
  ],
  "ground_truth_action": [
    -0.004521820228546858,
    0.003802045714110136,
    -0.008321110159158707,
    -0.016391832381486893,
    0.024294601753354073,
    -0.008752127178013325,
    0.9916377663612366
  ],
  "action_token_ids": [
    31877,
    31870,
    31941,
    31894,
    31841,
    31872,
    31872
  ],
  "mse_per_dim": [
    1.020586337956235e-05,
    1.2806725697699078e-05,
    6.620174453089939e-06,
    8.079651435189468e-06,
    0.00012117696115038958,
    5.003606826859075e-05,
    0.9833454596739024
  ],
  "mse_mean": 0.1405077693026124,
  "mse_spatial": 3.482090739742019e-05,
  "mse_gripper": 0.9833454596739024,
  "mse_per_dim_names": [
    "x",
    "y",
    "z",
    "roll",
    "pitch",
    "yaw",
    "gripper"
  ],
  "grounding": {
    "nouns": [],
    "num_boxes": 0,
    "num_patches": 0,
    "patch_coverage": 0.0,
    "segmentation": "sam2"
  }
}