{
  "episode_id": 6,
  "step_id": 29,
  "instruction": "Picked the piece of chocolate and put it into the drawer",
  "condition": "sam_var_obj_vt",
  "condition_desc": "VAR(p=0.6,rho=0.5) + obj_redirect + VTR(f=0.3) + SAM2",
  "predicted_action": [
    0.017461477735463287,
    0.01835394707848037,
    -0.006477050432825794,
    -0.018019519215705465,
    0.017305749246302723,
    0.024110259765503378,
    0.14901960784313717
  ],
  "ground_truth_action": [
    0.011906645260751247,
    0.022952871397137642,
    -0.009911574423313141,
    0.008548486046493053,
    0.018149780109524727,
    0.05193522199988365,
    0.0
  ],
  "action_token_ids": [
    31793,
    31814,
    31924,
    31901,
    31835,
    31856,
    31853
  ],
  "mse_per_dim": [
    3.0856163822115484e-05,
    2.1150104888737248e-05,
    1.1795955041233129e-05,
    0.0007058589036122081,
    7.123880980712802e-07,
    0.0007742285233446885,
    0.022206843521722388
  ],
  "mse_mean": 0.003393063651504206,
  "mse_spatial": 0.00025743367313450896,
  "mse_gripper": 0.022206843521722388,
  "mse_per_dim_names": [
    "x",
    "y",
    "z",
    "roll",
    "pitch",
    "yaw",
    "gripper"
  ],
  "grounding": {
    "nouns": [
      "chocolate",
      "drawer"
    ],
    "num_boxes": 0,
    "num_patches": 0,
    "patch_coverage": 0.0,
    "segmentation": "sam2"
  }
}