{
  "episode_id": 0,
  "step_id": 12,
  "instruction": "put small spoon from basket to tray",
  "condition": "sam_var_obj_vt",
  "condition_desc": "VAR(p=0.6,rho=0.5) + obj_redirect + VTR(f=0.3) + SAM2",
  "predicted_action": [
    -0.00602431759413552,
    -0.009813157307751078,
    0.015608098035787821,
    0.003054090336257184,
    -0.004799786089097785,
    0.09986476923087054,
    -0.10196078431372552
  ],
  "ground_truth_action": [
    -0.01317630149424076,
    -0.011196513660252094,
    0.035802777856588364,
    -0.02097121998667717,
    0.05375051125884056,
    -0.05434707924723625,
    0.0
  ],
  "action_token_ids": [
    31898,
    31901,
    31839,
    31868,
    31868,
    31809,
    31885
  ],
  "mse_per_dim": [
    5.115087370736457e-05,
    1.9136747980049173e-06,
    0.0004078250930646486,
    0.0005772155361132961,
    0.0034281373195319963,
    0.023781294211034566,
    0.010396001537870056
  ],
  "mse_mean": 0.005520505463731419,
  "mse_spatial": 0.004707922784708313,
  "mse_gripper": 0.010396001537870056,
  "mse_per_dim_names": [
    "x",
    "y",
    "z",
    "roll",
    "pitch",
    "yaw",
    "gripper"
  ],
  "grounding": {
    "nouns": [
      "spoon",
      "basket"
    ],
    "num_boxes": 2,
    "num_patches": 128,
    "patch_coverage": 0.5,
    "segmentation": "sam2"
  }
}