{
  "episode_id": 6,
  "step_id": 4,
  "instruction": "Picked the piece of chocolate and put it into the drawer",
  "condition": "sam_var_obj_vt",
  "condition_desc": "VAR(p=0.6,rho=0.5) + obj_redirect + VTR(f=0.3) + SAM2",
  "predicted_action": [
    0.002475303572766905,
    -0.016612113538910386,
    -0.0012805449107990592,
    -0.01674233075801075,
    -0.013508027281831314,
    0.04506363472400918,
    0.09411764705882353
  ],
  "ground_truth_action": [
    0.002378100296482444,
    -0.010210070759057999,
    -0.008510502055287361,
    -0.005872987676411867,
    -0.007000335492193699,
    0.09902535378932953,
    1.0
  ],
  "action_token_ids": [
    31860,
    31922,
    31904,
    31899,
    31881,
    31843,
    31860
  ],
  "mse_per_dim": [
    9.448476920433288e-09,
    4.098615175506009e-05,
    5.227228031113744e-05,
    0.00011814261902550152,
    4.2350052428916825e-05,
    0.002911867124484558,
    0.8206228373702422
  ],
  "mse_mean": 0.11768406643524633,
  "mse_spatial": 0.0005276046127470157,
  "mse_gripper": 0.8206228373702422,
  "mse_per_dim_names": [
    "x",
    "y",
    "z",
    "roll",
    "pitch",
    "yaw",
    "gripper"
  ],
  "grounding": {
    "nouns": [
      "chocolate",
      "drawer"
    ],
    "num_boxes": 0,
    "num_patches": 0,
    "patch_coverage": 0.0,
    "segmentation": "sam2"
  }
}