{
  "episode_id": 2,
  "step_id": 28,
  "instruction": "put the red object into the pot",
  "condition": "sam_var_obj_vt",
  "condition_desc": "VAR(p=0.6,rho=0.5) + obj_redirect + VTR(f=0.3) + SAM2",
  "predicted_action": [
    -0.001550832769450037,
    -0.024706109052195287,
    -0.011673555954852527,
    0.002415496107409834,
    0.03338250221750312,
    -0.050032451626132596,
    -0.38431372549019605
  ],
  "ground_truth_action": [
    -0.009828620590269566,
    -0.009490059688687325,
    -0.01993722841143608,
    0.04330671951174736,
    0.03576366975903511,
    -0.03615875169634819,
    0.0
  ],
  "action_token_ids": [
    31878,
    31947,
    31944,
    31869,
    31811,
    31902,
    31921
  ],
  "mse_per_dim": [
    6.852177120650812e-05,
    0.00023152815823271106,
    6.828828246969766e-05,
    0.0016720921515034411,
    5.669958860845498e-06,
    0.00019247954974169982,
    0.14769703960015376
  ],
  "mse_mean": 0.02141937421030981,
  "mse_spatial": 0.00037309664533581723,
  "mse_gripper": 0.14769703960015376,
  "mse_per_dim_names": [
    "x",
    "y",
    "z",
    "roll",
    "pitch",
    "yaw",
    "gripper"
  ],
  "grounding": {
    "nouns": [
      "object",
      "pot"
    ],
    "num_boxes": 2,
    "num_patches": 45,
    "patch_coverage": 0.17578125,
    "segmentation": "sam2"
  }
}