{
  "episode_id": 2,
  "step_id": 14,
  "instruction": "put the red object into the pot",
  "condition": "sam_var_obj_vt",
  "condition_desc": "VAR(p=0.6,rho=0.5) + obj_redirect + VTR(f=0.3) + SAM2",
  "predicted_action": [
    -0.0013271585282157647,
    -0.008841877846156886,
    -0.0033591471196097525,
    -0.002693257723368994,
    0.006587913932169148,
    0.0063804809544599494,
    -0.1411764705882353
  ],
  "ground_truth_action": [
    0.0031403847970068455,
    -0.0031738216057419777,
    0.009136834181845188,
    0.006346466485410929,
    -0.01984533853828907,
    -0.004483961034566164,
    1.0
  ],
  "action_token_ids": [
    31877,
    31898,
    31912,
    31877,
    31851,
    31867,
    31890
  ],
  "mse_per_dim": [
    1.9958943362741098e-05,
    3.212686154450638e-05,
    0.0001561495486863115,
    8.17166137708018e-05,
    0.0006987168361669855,
    0.00011803609973291369,
    1.3022837370242213
  ],
  "mse_mean": 0.18619863456106936,
  "mse_spatial": 0.00018445081721071,
  "mse_gripper": 1.3022837370242213,
  "mse_per_dim_names": [
    "x",
    "y",
    "z",
    "roll",
    "pitch",
    "yaw",
    "gripper"
  ],
  "grounding": {
    "nouns": [
      "object",
      "pot"
    ],
    "num_boxes": 2,
    "num_patches": 26,
    "patch_coverage": 0.1015625,
    "segmentation": "sam2"
  }
}