{
  "episode_id": 5,
  "step_id": 17,
  "instruction": "take broccoli out of pan",
  "condition": "sam_var_obj_vt",
  "condition_desc": "VAR(p=0.6,rho=0.5) + obj_redirect + VTR(f=0.3) + SAM2",
  "predicted_action": [
    -0.006471666076604071,
    0.0060510738982873236,
    0.01924565190120654,
    0.026043482574761898,
    0.03807155516743656,
    -0.0016785094141960888,
    0.08627450980392148
  ],
  "ground_truth_action": [
    -0.00947148073464632,
    0.008250604383647442,
    0.03745398297905922,
    0.042930375784635544,
    0.0077589163556694984,
    0.0031705352012068033,
    0.0
  ],
  "action_token_ids": [
    31900,
    31852,
    31825,
    31832,
    31804,
    31872,
    31861
  ],
  "mse_per_dim": [
    8.998887982605137e-06,
    4.8379343560285175e-06,
    0.00033154332064069575,
    0.00028516716228167667,
    0.0009188560717326466,
    2.3513233682167783e-05,
    0.007443291041906944
  ],
  "mse_mean": 0.001288029664654681,
  "mse_spatial": 0.0002621527684459701,
  "mse_gripper": 0.007443291041906944,
  "mse_per_dim_names": [
    "x",
    "y",
    "z",
    "roll",
    "pitch",
    "yaw",
    "gripper"
  ],
  "grounding": {
    "nouns": [
      "broccoli",
      "pan"
    ],
    "num_boxes": 1,
    "num_patches": 10,
    "patch_coverage": 0.0390625,
    "segmentation": "sam2"
  }
}