{
  "episode_id": 5,
  "step_id": 12,
  "instruction": "take broccoli out of pan",
  "condition": "sam_var_obj_vt",
  "condition_desc": "VAR(p=0.6,rho=0.5) + obj_redirect + VTR(f=0.3) + SAM2",
  "predicted_action": [
    -0.003340226699324232,
    0.0011946765903163847,
    -0.008555652641636487,
    -0.011633576927231923,
    -0.014177891988964658,
    0.02088666361804095,
    0.08627450980392148
  ],
  "ground_truth_action": [
    -0.0004750001535285264,
    0.001344243180938065,
    -0.009076316840946674,
    -0.0024821350816637278,
    -0.022360196337103844,
    0.0008852101163938642,
    1.0
  ],
  "action_token_ids": [
    31886,
    31867,
    31932,
    31891,
    31882,
    31858,
    31861
  ],
  "mse_per_dim": [
    8.209523158732392e-06,
    2.237016503019331e-08,
    2.710912084433181e-07,
    8.374888785281662e-05,
    6.695010444557742e-05,
    0.0004000581421785505,
    0.834894271434064
  ],
  "mse_mean": 0.11935050450758189,
  "mse_spatial": 9.32100198348584e-05,
  "mse_gripper": 0.834894271434064,
  "mse_per_dim_names": [
    "x",
    "y",
    "z",
    "roll",
    "pitch",
    "yaw",
    "gripper"
  ],
  "grounding": {
    "nouns": [
      "broccoli",
      "pan"
    ],
    "num_boxes": 2,
    "num_patches": 21,
    "patch_coverage": 0.08203125,
    "segmentation": "sam2"
  }
}