{
  "episode_id": 0,
  "step_id": 19,
  "instruction": "put small spoon from basket to tray",
  "condition": "sam_var_obj_vt",
  "condition_desc": "VAR(p=0.6,rho=0.5) + obj_redirect + VTR(f=0.3) + SAM2",
  "predicted_action": [
    0.0011332581253612577,
    -0.013050755513065036,
    -0.012972682335359214,
    -0.011633576927231923,
    -0.002120327260564381,
    -0.016184692077777035,
    0.38431372549019605
  ],
  "ground_truth_action": [
    -0.0008452400215901434,
    -0.003685969626531005,
    -0.004811923485249281,
    -0.04872654378414154,
    0.016635794192552567,
    0.02268185280263424,
    0.0
  ],
  "action_token_ids": [
    31866,
    31911,
    31949,
    31891,
    31864,
    31881,
    31823
  ],
  "mse_per_dim": [
    3.914454917490128e-06,
    8.769921470062698e-05,
    6.659798500964759e-05,
    0.0013758881902477954,
    0.0003517920919640738,
    0.0015106083109410239,
    0.14769703960015376
  ],
  "mse_mean": 0.021584791406847773,
  "mse_spatial": 0.0005660833746301096,
  "mse_gripper": 0.14769703960015376,
  "mse_per_dim_names": [
    "x",
    "y",
    "z",
    "roll",
    "pitch",
    "yaw",
    "gripper"
  ],
  "grounding": {
    "nouns": [
      "spoon",
      "basket"
    ],
    "num_boxes": 2,
    "num_patches": 78,
    "patch_coverage": 0.3046875,
    "segmentation": "sam2"
  }
}