{
  "episode_id": 7,
  "step_id": 11,
  "instruction": "Move the blue fork to the lower right burner",
  "condition": "sam_var_obj_vt",
  "condition_desc": "VAR(p=0.6,rho=0.5) + obj_redirect + VTR(f=0.3) + SAM2",
  "predicted_action": [
    0.003370000537704001,
    0.0021659560519105767,
    -0.01375215816366322,
    0.009440032624730726,
    0.028023584560436313,
    -6.671134046487559e-05,
    0.07843137254901955
  ],
  "ground_truth_action": [
    -0.0005864121485501528,
    -0.0035221525467932224,
    -0.014645865187048912,
    0.00484503572806716,
    0.048862017691135406,
    -0.00484839640557766,
    1.0
  ],
  "action_token_ids": [
    31856,
    31864,
    31952,
    31858,
    31819,
    31871,
    31862
  ],
  "mse_per_dim": [
    1.565320134395281e-05,
    3.23545794306481e-05,
    7.987122436489129e-07,
    2.111399648034781e-05,
    0.0004342402953426176,
    2.286451206192265e-05,
    0.849288735101884
  ],
  "mse_mean": 0.12140225148554103,
  "mse_spatial": 8.783754948385632e-05,
  "mse_gripper": 0.849288735101884,
  "mse_per_dim_names": [
    "x",
    "y",
    "z",
    "roll",
    "pitch",
    "yaw",
    "gripper"
  ],
  "grounding": {
    "nouns": [
      "fork",
      "burner"
    ],
    "num_boxes": 1,
    "num_patches": 16,
    "patch_coverage": 0.0625,
    "segmentation": "sam2"
  }
}