{
  "episode_id": 1,
  "step_id": 26,
  "instruction": "put the blue cube on the right side of the table on top of the rectangular block",
  "condition": "sam_var_obj_vt",
  "condition_desc": "VAR(p=0.6,rho=0.5) + obj_redirect + VTR(f=0.3) + SAM2",
  "predicted_action": [
    -0.005576969111666975,
    0.0008709167697849851,
    -0.005957399880623118,
    -0.026321244190721037,
    0.014626290417769333,
    0.02572205783923459,
    -0.07058823529411762
  ],
  "ground_truth_action": [
    0.0009849397465586662,
    -0.0015658704796805978,
    -0.0061774649657309055,
    0.0038640149869024754,
    -0.021794810891151428,
    0.003311482258141041,
    0.0
  ],
  "action_token_ids": [
    31896,
    31868,
    31922,
    31914,
    31839,
    31855,
    31881
  ],
  "mse_per_dim": [
    4.3058647863660146e-05,
    5.937932099158041e-06,
    4.842864168349768e-08,
    0.0009111498716203045,
    0.0013264966205546696,
    0.0005022338978759065,
    0.0049826989619377125
  ],
  "mse_mean": 0.0011102320515132993,
  "mse_spatial": 0.000464820899775897,
  "mse_gripper": 0.0049826989619377125,
  "mse_per_dim_names": [
    "x",
    "y",
    "z",
    "roll",
    "pitch",
    "yaw",
    "gripper"
  ],
  "grounding": {
    "nouns": [
      "cube",
      "table",
      "block"
    ],
    "num_boxes": 1,
    "num_patches": 5,
    "patch_coverage": 0.01953125,
    "segmentation": "sam2"
  }
}