{
  "episode_id": 4,
  "step_id": 16,
  "instruction": "",
  "condition": "sam_var_obj_vt",
  "condition_desc": "VAR(p=0.6,rho=0.5) + obj_redirect + VTR(f=0.3) + SAM2",
  "predicted_action": [
    -0.00043246156327866186,
    0.0005471569492535924,
    1.8581469707623643e-05,
    0.0004997134208677839,
    0.00591804922503579,
    -6.671134046487559e-05,
    0.10196078431372557
  ],
  "ground_truth_action": [
    -0.005062172655016184,
    0.0036314420867711306,
    0.04702300205826759,
    0.02338748425245285,
    -0.04233795404434204,
    0.42642349004745483,
    -0.0036133320536464453
  ],
  "action_token_ids": [
    31873,
    31869,
    31899,
    31872,
    31852,
    31871,
    31859
  ],
  "mse_per_dim": [
    2.1434224792957437e-05,
    9.51281480951158e-06,
    0.0022094155548662404,
    0.0005238500536391561,
    0.002328641851534204,
    0.18189389187990831,
    0.011145894046751408
  ],
  "mse_mean": 0.02830466291804311,
  "mse_spatial": 0.03116445772992506,
  "mse_gripper": 0.011145894046751408,
  "mse_per_dim_names": [
    "x",
    "y",
    "z",
    "roll",
    "pitch",
    "yaw",
    "gripper"
  ],
  "grounding": {
    "nouns": [],
    "num_boxes": 0,
    "num_patches": 0,
    "patch_coverage": 0.0,
    "segmentation": "sam2"
  }
}