{
  "episode_id": 1,
  "step_id": 41,
  "instruction": "put the blue cube on the right side of the table on top of the rectangular block",
  "condition": "sam_var_obj_vt",
  "condition_desc": "VAR(p=0.6,rho=0.5) + obj_redirect + VTR(f=0.3) + SAM2",
  "predicted_action": [
    -0.0008798100457472133,
    -0.009813157307751078,
    0.004695436439531686,
    -0.024405461504178987,
    -0.009488839039031222,
    0.0063804809544599494,
    -0.02352941176470591
  ],
  "ground_truth_action": [
    0.0008432597969658673,
    0.00242421287111938,
    0.018398385494947433,
    -0.016268158331513405,
    -0.02542194537818432,
    -0.011918586678802967,
    1.0
  ],
  "action_token_ids": [
    31875,
    31901,
    31881,
    31911,
    31875,
    31867,
    31875
  ],
  "mse_per_dim": [
    2.96896968286728e-06,
    0.00014975322889470798,
    0.00018777081281531934,
    6.621570292387334e-05,
    0.0002538638776147606,
    0.00033485587624673045,
    1.0476124567474048
  ],
  "mse_mean": 0.14980112645936902,
  "mse_spatial": 0.00016590474469637653,
  "mse_gripper": 1.0476124567474048,
  "mse_per_dim_names": [
    "x",
    "y",
    "z",
    "roll",
    "pitch",
    "yaw",
    "gripper"
  ],
  "grounding": {
    "nouns": [
      "cube",
      "table",
      "block"
    ],
    "num_boxes": 1,
    "num_patches": 5,
    "patch_coverage": 0.01953125,
    "segmentation": "sam2"
  }
}