{
  "episode_id": 4,
  "step_id": 23,
  "instruction": "",
  "condition": "sam_var_obj_vt",
  "condition_desc": "VAR(p=0.6,rho=0.5) + obj_redirect + VTR(f=0.3) + SAM2",
  "predicted_action": [
    -0.006695340317838347,
    -0.025029868872726683,
    -0.0012805449107990592,
    -0.028237026877263108,
    -0.023555997888831545,
    -0.009737499782852183,
    -0.27450980392156865
  ],
  "ground_truth_action": [
    -0.011206695809960365,
    0.0028737166430801153,
    -0.02870151586830616,
    0.022203346714377403,
    0.01356277335435152,
    0.1058080792427063,
    -0.0006320362444967031
  ],
  "action_token_ids": [
    31901,
    31948,
    31904,
    31917,
    31896,
    31877,
    31907
  ],
  "mse_per_dim": [
    2.0352328376299498e-05,
    0.0007786100846379429,
    0.0007519096482524479,
    0.0025442312880642657,
    0.0013778031786037541,
    0.01335078083235158,
    0.0750090316277762
  ],
  "mse_mean": 0.013404674141151785,
  "mse_spatial": 0.0031372812267143817,
  "mse_gripper": 0.0750090316277762,
  "mse_per_dim_names": [
    "x",
    "y",
    "z",
    "roll",
    "pitch",
    "yaw",
    "gripper"
  ],
  "grounding": {
    "nouns": [],
    "num_boxes": 0,
    "num_patches": 0,
    "patch_coverage": 0.0,
    "segmentation": "sam2"
  }
}