{
  "episode_id": 6,
  "step_id": 40,
  "instruction": "Picked the piece of chocolate and put it into the drawer",
  "condition": "sam_var_obj_vt",
  "condition_desc": "VAR(p=0.6,rho=0.5) + obj_redirect + VTR(f=0.3) + SAM2",
  "predicted_action": [
    0.00046223540165843055,
    -0.0023666814355289695,
    -0.0005010690824950523,
    -0.0065248230964530946,
    0.005248184517902446,
    -0.0016785094141960888,
    -0.03921568627450983
  ],
  "ground_truth_action": [
    -0.003227515611797571,
    -0.0008029721793718636,
    0.0040763625875115395,
    0.013215828686952591,
    0.005175460129976273,
    -0.014086633920669556,
    1.0
  ],
  "action_token_ids": [
    31869,
    31878,
    31901,
    31883,
    31853,
    31872,
    31877
  ],
  "mse_per_dim": [
    1.3614262541299592e-05,
    2.445186637791409e-06,
    2.0952880693579335e-05,
    0.0003896933328336781,
    5.288836599236574e-09,
    0.00015396155376814743,
    1.0799692425990006
  ],
  "mse_mean": 0.15436427358633023,
  "mse_spatial": 9.677875088518252e-05,
  "mse_gripper": 1.0799692425990006,
  "mse_per_dim_names": [
    "x",
    "y",
    "z",
    "roll",
    "pitch",
    "yaw",
    "gripper"
  ],
  "grounding": {
    "nouns": [
      "chocolate",
      "drawer"
    ],
    "num_boxes": 1,
    "num_patches": 19,
    "patch_coverage": 0.07421875,
    "segmentation": "sam2"
  }
}