{
  "episode_id": 8,
  "step_id": 9,
  "instruction": "open the drawer",
  "condition": "sam_var_obj_vt",
  "condition_desc": "VAR(p=0.6,rho=0.5) + obj_redirect + VTR(f=0.3) + SAM2",
  "predicted_action": [
    0.002251629331532626,
    -0.004309240358717346,
    -0.003099321843508418,
    -0.003970446181063694,
    -0.00011073313916434846,
    0.007992279028191218,
    0.0235294117647058
  ],
  "ground_truth_action": [
    -0.001466285320930183,
    -0.001000152318738401,
    -0.00460427301004529,
    0.0016315433895215392,
    0.003056269371882081,
    0.0003372659848537296,
    0.0
  ],
  "action_token_ids": [
    31861,
    31884,
    31911,
    31879,
    31861,
    31866,
    31869
  ],
  "mse_per_dim": [
    1.3822889362997648e-05,
    1.09500636563317e-05,
    2.264878013660692e-06,
    3.1382287148945726e-05,
    1.002990490497439e-05,
    5.859922469366708e-05,
    0.0005536332179930756
  ],
  "mse_mean": 9.724035225337898e-05,
  "mse_spatial": 2.1174874630096207e-05,
  "mse_gripper": 0.0005536332179930756,
  "mse_per_dim_names": [
    "x",
    "y",
    "z",
    "roll",
    "pitch",
    "yaw",
    "gripper"
  ],
  "grounding": {
    "nouns": [
      "drawer"
    ],
    "num_boxes": 0,
    "num_patches": 0,
    "patch_coverage": 0.0,
    "segmentation": "sam2"
  }
}