{
  "episode_id": 3,
  "step_id": 21,
  "instruction": "put the rectangle block on top of the red arch and yellow block",
  "condition": "sam_var_obj_vt",
  "condition_desc": "VAR(p=0.6,rho=0.5) + obj_redirect + VTR(f=0.3) + SAM2",
  "predicted_action": [
    0.0026989778140011807,
    0.01835394707848037,
    -0.00024124380639371432,
    -0.05122641911576781,
    0.006587913932169148,
    0.049899028945202845,
    0.16470588235294115
  ],
  "ground_truth_action": [
    -0.0010722758015617728,
    0.02076752483844757,
    -0.0034850123338401318,
    -0.03542197495698929,
    -0.001898503745906055,
    0.10014036297798157,
    0.0
  ],
  "action_token_ids": [
    31859,
    31814,
    31900,
    31953,
    31851,
    31840,
    31851
  ],
  "mse_per_dim": [
    1.422235383289665e-05,
    5.825357603408288e-06,
    1.0522034259651899e-05,
    0.00024978045516794843,
    7.201928500674732e-05,
    0.0025241916453932495,
    0.02712802768166089
  ],
  "mse_mean": 0.004286369830417827,
  "mse_spatial": 0.00047942685521065037,
  "mse_gripper": 0.02712802768166089,
  "mse_per_dim_names": [
    "x",
    "y",
    "z",
    "roll",
    "pitch",
    "yaw",
    "gripper"
  ],
  "grounding": {
    "nouns": [
      "block"
    ],
    "num_boxes": 1,
    "num_patches": 16,
    "patch_coverage": 0.0625,
    "segmentation": "sam2"
  }
}