{
  "episode_id": 3,
  "step_id": 17,
  "instruction": "put the rectangle block on top of the red arch and yellow block",
  "condition": "sam_var_obj_vt",
  "condition_desc": "VAR(p=0.6,rho=0.5) + obj_redirect + VTR(f=0.3) + SAM2",
  "predicted_action": [
    0.0009095838841269785,
    -0.00010036269180919988,
    -0.0005010690824950523,
    -0.0014160692656742802,
    -0.002120327260564381,
    0.004768682880728764,
    0.03137254901960773
  ],
  "ground_truth_action": [
    0.001667890464887023,
    0.0004115342744626105,
    0.00885036587715149,
    -0.0016775719122961164,
    -0.019971556961536407,
    0.009260839782655239,
    0.0
  ],
  "action_token_ids": [
    31867,
    31871,
    31901,
    31875,
    31864,
    31868,
    31868
  ],
  "mse_per_dim": [
    5.750288704239899e-07,
    2.6203850407828295e-07,
    8.744933580449952e-05,
    6.838363419022493e-08,
    0.0003186664018368658,
    2.0179473631525666e-05,
    0.00098423683198769
  ],
  "mse_mean": 0.00020163392775275336,
  "mse_spatial": 7.120011038026391e-05,
  "mse_gripper": 0.00098423683198769,
  "mse_per_dim_names": [
    "x",
    "y",
    "z",
    "roll",
    "pitch",
    "yaw",
    "gripper"
  ],
  "grounding": {
    "nouns": [
      "block"
    ],
    "num_boxes": 1,
    "num_patches": 16,
    "patch_coverage": 0.0625,
    "segmentation": "sam2"
  }
}