{
  "episode_id": 1,
  "step_id": 43,
  "instruction": "put the blue cube on the right side of the table on top of the rectangular block",
  "condition": "sam_var_obj_vt",
  "condition_desc": "VAR(p=0.6,rho=0.5) + obj_redirect + VTR(f=0.3) + SAM2",
  "predicted_action": [
    -0.00311655245808996,
    0.016087628334760594,
    0.04003167398931348,
    -0.0078020115541478086,
    -0.07178625680243268,
    -0.03391447088882041,
    0.996078431372549
  ],
  "ground_truth_action": [
    -0.024626748636364937,
    0.02295505441725254,
    0.03510764241218567,
    -0.0003185564128216356,
    -0.05748282000422478,
    -0.019257863983511925,
    1.0
  ],
  "action_token_ids": [
    31885,
    31821,
    31744,
    31885,
    31968,
    31892,
    31744
  ],
  "mse_per_dim": [
    0.0004626885396278754,
    4.716154099849069e-05,
    2.424608697255182e-05,
    5.600210085224113e-05,
    0.000204588304240328,
    0.0002148161259767363,
    1.5378700499807656e-05
  ],
  "mse_mean": 0.00014641162845257586,
  "mse_spatial": 0.0001682504497780372,
  "mse_gripper": 1.5378700499807656e-05,
  "mse_per_dim_names": [
    "x",
    "y",
    "z",
    "roll",
    "pitch",
    "yaw",
    "gripper"
  ],
  "grounding": {
    "nouns": [
      "cube",
      "table",
      "block"
    ],
    "num_boxes": 1,
    "num_patches": 5,
    "patch_coverage": 0.01953125,
    "segmentation": "sam2"
  }
}