{
  "episode_id": 2,
  "step_id": 6,
  "instruction": "put the red object into the pot",
  "condition": "sam_var_obj_vt",
  "condition_desc": "VAR(p=0.6,rho=0.5) + obj_redirect + VTR(f=0.3) + SAM2",
  "predicted_action": [
    0.011198598980903602,
    -0.0010716421534033849,
    -0.016870061476879264,
    0.004331278793951912,
    0.02735371985330297,
    -6.671134046487559e-05,
    0.996078431372549
  ],
  "ground_truth_action": [
    0.004889968782663345,
    0.004387746099382639,
    -0.007182644214481115,
    -0.010699894279241562,
    0.012457171455025673,
    0.014148950576782227,
    1.0
  ],
  "action_token_ids": [
    31821,
    31874,
    31964,
    31866,
    31820,
    31871,
    31744
  ],
  "mse_per_dim": [
    3.97988149781489e-05,
    2.9804920094658034e-05,
    9.384605321580964e-05,
    0.00022593616395629655,
    0.00022190715418221786,
    0.00020208504374546955,
    1.5378700499807656e-05
  ],
  "mse_mean": 0.00011839383581034402,
  "mse_spatial": 0.00013556302502876674,
  "mse_gripper": 1.5378700499807656e-05,
  "mse_per_dim_names": [
    "x",
    "y",
    "z",
    "roll",
    "pitch",
    "yaw",
    "gripper"
  ],
  "grounding": {
    "nouns": [
      "object",
      "pot"
    ],
    "num_boxes": 2,
    "num_patches": 30,
    "patch_coverage": 0.1171875,
    "segmentation": "sam2"
  }
}