{
  "episode_id": 6,
  "step_id": 33,
  "instruction": "Picked the piece of chocolate and put it into the drawer",
  "condition": "sam_var_obj_vt",
  "condition_desc": "VAR(p=0.6,rho=0.5) + obj_redirect + VTR(f=0.3) + SAM2",
  "predicted_action": [
    0.010974924739669326,
    0.004108514975098954,
    -0.0015403701869003972,
    0.001776901878562484,
    -0.0014504625534310367,
    -0.003290307487927302,
    0.08627450980392148
  ],
  "ground_truth_action": [
    0.012283160351216793,
    0.0007886296370998025,
    -0.002019296633079648,
    0.0026805868837982416,
    0.0007962863310240209,
    0.01237625814974308,
    0.0
  ],
  "action_token_ids": [
    31822,
    31858,
    31905,
    31870,
    31863,
    31873,
    31861
  ],
  "mse_per_dim": [
    1.7114804153209745e-06,
    1.1021638657461738e-05,
    2.2937054084988686e-07,
    8.166465886879512e-07,
    5.0478805498000455e-06,
    0.0002454412788794344,
    0.007443291041906944
  ],
  "mse_mean": 0.0011010799053626427,
  "mse_spatial": 4.40447159385925e-05,
  "mse_gripper": 0.007443291041906944,
  "mse_per_dim_names": [
    "x",
    "y",
    "z",
    "roll",
    "pitch",
    "yaw",
    "gripper"
  ],
  "grounding": {
    "nouns": [
      "chocolate",
      "drawer"
    ],
    "num_boxes": 0,
    "num_patches": 0,
    "patch_coverage": 0.0,
    "segmentation": "sam2"
  }
}