{
  "episode_id": 2,
  "step_id": 7,
  "instruction": "put the red object into the pot",
  "condition": "sam_var_obj_vt",
  "condition_desc": "VAR(p=0.6,rho=0.5) + obj_redirect + VTR(f=0.3) + SAM2",
  "predicted_action": [
    0.008067159603623756,
    0.0008709167697849851,
    -0.005697574604521784,
    -0.0078020115541478086,
    -0.004799786089097785,
    0.0063804809544599494,
    0.015686274509803866
  ],
  "ground_truth_action": [
    0.00528371799737215,
    0.005502820014953613,
    -0.006266966927796602,
    -0.009584854356944561,
    0.02077179215848446,
    0.012543335556983948,
    1.0
  ],
  "action_token_ids": [
    31835,
    31868,
    31921,
    31885,
    31868,
    31867,
    31870
  ],
  "mse_per_dim": [
    7.747547175412517e-06,
    2.145452767260367e-05,
    3.242076178042955e-07,
    3.17852845948418e-06,
    0.0006539056140722214,
    3.798077685185123e-05,
    0.9688735101883892
  ],
  "mse_mean": 0.1385140144843198,
  "mse_spatial": 0.00012076520030822957,
  "mse_gripper": 0.9688735101883892,
  "mse_per_dim_names": [
    "x",
    "y",
    "z",
    "roll",
    "pitch",
    "yaw",
    "gripper"
  ],
  "grounding": {
    "nouns": [
      "object",
      "pot"
    ],
    "num_boxes": 2,
    "num_patches": 25,
    "patch_coverage": 0.09765625,
    "segmentation": "sam2"
  }
}