{
  "episode_id": 3,
  "step_id": 26,
  "instruction": "put the rectangle block on top of the red arch and yellow block",
  "condition": "sam_var_obj_vt",
  "condition_desc": "VAR(p=0.6,rho=0.5) + obj_redirect + VTR(f=0.3) + SAM2",
  "predicted_action": [
    0.002251629331532626,
    0.0008709167697849851,
    -0.012712857059257874,
    -0.011633576927231923,
    0.039411284581703274,
    -0.003290307487927302,
    -0.007843137254901933
  ],
  "ground_truth_action": [
    0.0027167692314833403,
    0.0015808350872248411,
    -0.009530262090265751,
    -0.016566630452871323,
    0.017945246770977974,
    0.015508878976106644,
    0.0
  ],
  "action_token_ids": [
    31861,
    31868,
    31948,
    31891,
    31802,
    31873,
    31873
  ],
  "mse_per_dim": [
    2.1635512652616068e-07,
    5.039840174366362e-07,
    1.0128910736653973e-05,
    2.4335017086823313e-05,
    0.0004607907792914882,
    0.0003534094117095171,
    6.151480199923062e-05
  ],
  "mse_mean": 0.000130128465709668,
  "mse_spatial": 0.00014156407632807423,
  "mse_gripper": 6.151480199923062e-05,
  "mse_per_dim_names": [
    "x",
    "y",
    "z",
    "roll",
    "pitch",
    "yaw",
    "gripper"
  ],
  "grounding": {
    "nouns": [
      "block"
    ],
    "num_boxes": 1,
    "num_patches": 24,
    "patch_coverage": 0.09375,
    "segmentation": "sam2"
  }
}