{
  "episode_id": 1,
  "step_id": 17,
  "instruction": "put the blue cube on the right side of the table on top of the rectangular block",
  "condition": "sam_var_obj_vt",
  "condition_desc": "VAR(p=0.6,rho=0.5) + obj_redirect + VTR(f=0.3) + SAM2",
  "predicted_action": [
    -0.00378757518179278,
    -0.003661720717654547,
    -0.017389712029081936,
    -0.04994923065807311,
    -0.018197080231764765,
    -0.05486784584732621,
    -0.03921568627450983
  ],
  "ground_truth_action": [
    0.01261899247765541,
    0.005782668944448233,
    -0.0029917426872998476,
    0.025871943682432175,
    0.0035556145012378693,
    -0.026580430567264557,
    0.0
  ],
  "action_token_ids": [
    31888,
    31882,
    31966,
    31951,
    31888,
    31905,
    31877
  ],
  "mse_per_dim": [
    0.0002691754623640513,
    8.919649608963385e-05,
    0.00020730152116689695,
    0.0057488504783732965,
    0.0004731797281472005,
    0.0008001778632266654,
    0.0015378700499807788
  ],
  "mse_mean": 0.0013036787999069319,
  "mse_spatial": 0.0012646469248946241,
  "mse_gripper": 0.0015378700499807788,
  "mse_per_dim_names": [
    "x",
    "y",
    "z",
    "roll",
    "pitch",
    "yaw",
    "gripper"
  ],
  "grounding": {
    "nouns": [
      "cube",
      "table",
      "block"
    ],
    "num_boxes": 1,
    "num_patches": 5,
    "patch_coverage": 0.01953125,
    "segmentation": "sam2"
  }
}