{
  "episode_id": 18,
  "step_id": 37,
  "instruction": "Pick up the blue fork and place it on the left of the pot",
  "condition": "sam_var_obj_vt",
  "condition_desc": "VAR(p=0.6,rho=0.5) + obj_redirect + VTR(f=0.3) + SAM2",
  "predicted_action": [
    -0.0013271585282157647,
    -0.0007478823328719852,
    -0.004138622947913766,
    -0.0071634173253004585,
    0.011946831589235957,
    0.012827673249384858,
    0.007843137254901933
  ],
  "ground_truth_action": [
    -0.0022719770204275846,
    0.0020163708832114935,
    -0.00662878155708313,
    -0.00846094824373722,
    0.012009880505502224,
    0.005448734387755394,
    0.0
  ],
  "action_token_ids": [
    31877,
    31873,
    31915,
    31884,
    31843,
    31863,
    31871
  ],
  "mse_per_dim": [
    8.926819832254169e-07,
    7.641095842627856e-06,
    6.200889898820299e-06,
    1.6835864842993478e-06,
    3.9751658423507846e-09,
    5.444873872366553e-05,
    6.151480199923062e-05
  ],
  "mse_mean": 1.8912252871101633e-05,
  "mse_spatial": 1.1811828016413468e-05,
  "mse_gripper": 6.151480199923062e-05,
  "mse_per_dim_names": [
    "x",
    "y",
    "z",
    "roll",
    "pitch",
    "yaw",
    "gripper"
  ],
  "grounding": {
    "nouns": [
      "fork",
      "pot"
    ],
    "num_boxes": 1,
    "num_patches": 18,
    "patch_coverage": 0.0703125,
    "segmentation": "sam2"
  }
}