{
  "episode_id": 13,
  "step_id": 42,
  "instruction": "",
  "condition": "sam_var_obj_vt",
  "condition_desc": "VAR(p=0.6,rho=0.5) + obj_redirect + VTR(f=0.3) + SAM2",
  "predicted_action": [
    -0.004905946387964152,
    0.0005471569492535924,
    -0.00024124380639371432,
    0.020296134515135733,
    0.02735371985330297,
    0.003156884806997551,
    -0.0784313725490196
  ],
  "ground_truth_action": [
    -4.8207613872364163e-05,
    -0.011126033030450344,
    -0.005469275172799826,
    -0.0027330084703862667,
    0.0006765684229321778,
    -0.006638826336711645,
    1.0
  ],
  "action_token_ids": [
    31893,
    31869,
    31900,
    31841,
    31820,
    31869,
    31882
  ],
  "mse_per_dim": [
    2.3597625997314784e-05,
    0.0001362633643022604,
    2.7332311968126152e-05,
    0.0005303414266476171,
    0.0007116704084389343,
    9.595595681098852e-05,
    1.1630142252979623
  ],
  "mse_mean": 0.16636276948458967,
  "mse_spatial": 0.0002541935156942069,
  "mse_gripper": 1.1630142252979623,
  "mse_per_dim_names": [
    "x",
    "y",
    "z",
    "roll",
    "pitch",
    "yaw",
    "gripper"
  ],
  "grounding": {
    "nouns": [],
    "num_boxes": 0,
    "num_patches": 0,
    "patch_coverage": 0.0,
    "segmentation": "sam2"
  }
}