{
  "episode_id": 15,
  "step_id": 5,
  "instruction": "sweep into pile",
  "condition": "sam_var_obj_vt",
  "condition_desc": "VAR(p=0.6,rho=0.5) + obj_redirect + VTR(f=0.3) + SAM2",
  "predicted_action": [
    -0.014523938761037948,
    0.0024897158724419693,
    -0.021546916446703323,
    0.004331278793951912,
    0.03807155516743656,
    -0.01940828822523946,
    -0.2431372549019608
  ],
  "ground_truth_action": [
    0.003332686610519886,
    0.006960843224078417,
    -0.014635459519922733,
    0.023768151178956032,
    0.015638146549463272,
    -0.019273195415735245,
    1.0
  ],
  "action_token_ids": [
    31936,
    31863,
    31982,
    31866,
    31804,
    31883,
    31903
  ],
  "mse_per_dim": [
    0.00031885906966016295,
    1.9990979794551553e-05,
    4.776823685074339e-05,
    0.00037779200811093576,
    0.0005032578222209581,
    1.8250067179742657e-08,
    1.5453902345251826
  ],
  "mse_mean": 0.22095113155598387,
  "mse_spatial": 0.0002112810611174219,
  "mse_gripper": 1.5453902345251826,
  "mse_per_dim_names": [
    "x",
    "y",
    "z",
    "roll",
    "pitch",
    "yaw",
    "gripper"
  ],
  "grounding": {
    "nouns": [
      "pile"
    ],
    "num_boxes": 0,
    "num_patches": 0,
    "patch_coverage": 0.0,
    "segmentation": "sam2"
  }
}