{
  "episode_id": 14,
  "step_id": 42,
  "instruction": "move the silver pot to the lower right burner",
  "condition": "sam_var_obj_vt",
  "condition_desc": "VAR(p=0.6,rho=0.5) + obj_redirect + VTR(f=0.3) + SAM2",
  "predicted_action": [
    0.008067159603623756,
    -0.003014201076591762,
    0.00963211668545708,
    -0.03909312876766811,
    0.02668385514616961,
    0.017663067470578525,
    0.996078431372549
  ],
  "ground_truth_action": [
    0.0010874763829633594,
    -0.00721948966383934,
    0.012398327700793743,
    -0.027660217136144638,
    0.004130272194743156,
    0.06117038428783417,
    1.0
  ],
  "action_token_ids": [
    31835,
    31880,
    31862,
    31934,
    31821,
    31860,
    31744
  ],
  "mse_per_dim": [
    4.871597786076829e-05,
    1.7684452102034733e-05,
    7.651923381369895e-06,
    0.00013071146837422465,
    0.000508664103946874,
    0.0018928866166370557,
    1.5378700499807656e-05
  ],
  "mse_mean": 0.00037452760611459074,
  "mse_spatial": 0.0004343857570503879,
  "mse_gripper": 1.5378700499807656e-05,
  "mse_per_dim_names": [
    "x",
    "y",
    "z",
    "roll",
    "pitch",
    "yaw",
    "gripper"
  ],
  "grounding": {
    "nouns": [
      "pot",
      "burner"
    ],
    "num_boxes": 2,
    "num_patches": 32,
    "patch_coverage": 0.125,
    "segmentation": "sam2"
  }
}