{
  "episode_id": 14,
  "step_id": 47,
  "instruction": "move the silver pot to the lower right burner",
  "condition": "sam_var_obj_vt",
  "condition_desc": "VAR(p=0.6,rho=0.5) + obj_redirect + VTR(f=0.3) + SAM2",
  "predicted_action": [
    -0.0140765902785694,
    0.02580042295070247,
    0.0005382320219102961,
    0.022211917201677783,
    0.0387414198745699,
    0.007992279028191218,
    0.20392156862745092
  ],
  "ground_truth_action": [
    0.0005034935311414301,
    0.023063959553837776,
    0.0016940189525485039,
    0.0003168568364344537,
    0.0008517761598341167,
    -0.0026972340419888496,
    1.0
  ],
  "action_token_ids": [
    31934,
    31791,
    31897,
    31838,
    31803,
    31866,
    31846
  ],
  "mse_per_dim": [
    0.00021257884389819188,
    7.488231922380267e-06,
    1.3358434290340893e-06,
    0.00047939366839764934,
    0.001435625100829617,
    0.0001142656896775505,
    0.6337408688965783
  ],
  "mse_mean": 0.0908559366106761,
  "mse_spatial": 0.00037511456302573716,
  "mse_gripper": 0.6337408688965783,
  "mse_per_dim_names": [
    "x",
    "y",
    "z",
    "roll",
    "pitch",
    "yaw",
    "gripper"
  ],
  "grounding": {
    "nouns": [
      "pot",
      "burner"
    ],
    "num_boxes": 2,
    "num_patches": 34,
    "patch_coverage": 0.1328125,
    "segmentation": "sam2"
  }
}