{
  "episode_id": 10,
  "step_id": 1,
  "instruction": "end effector reaching pot or pan",
  "condition": "sam_var_obj_vt",
  "condition_desc": "VAR(p=0.6,rho=0.5) + obj_redirect + VTR(f=0.3) + SAM2",
  "predicted_action": [
    -0.002445529734387133,
    -0.0007478823328719852,
    -0.014531633991967233,
    -0.028237026877263108,
    -0.012168297867564626,
    -0.008125701709120942,
    0.25098039215686274
  ],
  "ground_truth_action": [
    0.00040626616100780666,
    -0.008175144903361797,
    0.008902053348720074,
    0.010978594422340393,
    0.013601906597614288,
    0.012142125517129898,
    1.0
  ],
  "action_token_ids": [
    31882,
    31873,
    31955,
    31917,
    31879,
    31876,
    31840
  ],
  "mse_per_dim": [
    8.132739828991424e-06,
    5.516422929099893e-05,
    0.0005491377023810885,
    0.0015378649539139159,
    0.0006641034381771273,
    0.0004107848204731548,
    0.5610303729334871
  ],
  "mse_mean": 0.08060793725965033,
  "mse_spatial": 0.0005375313140108794,
  "mse_gripper": 0.5610303729334871,
  "mse_per_dim_names": [
    "x",
    "y",
    "z",
    "roll",
    "pitch",
    "yaw",
    "gripper"
  ],
  "grounding": {
    "nouns": [
      "pot"
    ],
    "num_boxes": 1,
    "num_patches": 14,
    "patch_coverage": 0.0546875,
    "segmentation": "sam2"
  }
}