{
  "episode_id": 18,
  "step_id": 3,
  "instruction": "Pick up the blue fork and place it on the left of the pot",
  "condition": "sam_var_obj_vt",
  "condition_desc": "VAR(p=0.6,rho=0.5) + obj_redirect + VTR(f=0.3) + SAM2",
  "predicted_action": [
    -0.004905946387964152,
    -0.013374515333596428,
    0.002097183678518317,
    -0.024405461504178987,
    -0.0014504625534310367,
    0.009604077101922431,
    -0.2274509803921569
  ],
  "ground_truth_action": [
    -0.0006357149104587734,
    -0.012783712707459927,
    0.004890285432338715,
    -0.011558380909264088,
    -0.009201202541589737,
    -0.019363129511475563,
    1.0
  ],
  "action_token_ids": [
    31893,
    31912,
    31891,
    31911,
    31863,
    31865,
    31901
  ],
  "mse_per_dim": [
    1.8234876871477767e-05,
    3.4904774304978694e-07,
    7.801417407194582e-06,
    0.00016504747981223897,
    6.007397036404233e-05,
    0.0008390990589832885,
    1.5066359092656672
  ],
  "mse_mean": 0.21538950215954977,
  "mse_spatial": 0.00018176764186354864,
  "mse_gripper": 1.5066359092656672,
  "mse_per_dim_names": [
    "x",
    "y",
    "z",
    "roll",
    "pitch",
    "yaw",
    "gripper"
  ],
  "grounding": {
    "nouns": [
      "fork",
      "pot"
    ],
    "num_boxes": 2,
    "num_patches": 37,
    "patch_coverage": 0.14453125,
    "segmentation": "sam2"
  }
}