{
  "episode_id": 17,
  "step_id": 21,
  "instruction": "",
  "condition": "sam_var_obj_vt",
  "condition_desc": "VAR(p=0.6,rho=0.5) + obj_redirect + VTR(f=0.3) + SAM2",
  "predicted_action": [
    0.003146326296469725,
    0.0086411524625385,
    0.006774038648342379,
    0.035622396007472204,
    -0.013508027281831314,
    -0.016184692077777035,
    0.2588235294117647
  ],
  "ground_truth_action": [
    -0.032274384051561356,
    0.029772890731692314,
    0.00352676585316658,
    0.008241095580160618,
    -0.0038467261474579573,
    0.02755930833518505,
    0.0
  ],
  "action_token_ids": [
    31857,
    31844,
    31873,
    31817,
    31881,
    31881,
    31839
  ],
  "mse_per_dim": [
    0.0012546267215591163,
    0.0004465503622760198,
    1.0544780606288848e-05,
    0.0007497356130906936,
    9.334073960904392e-05,
    0.0019135375721292271,
    0.06698961937716261
  ],
  "mse_mean": 0.010208279309490429,
  "mse_spatial": 0.000744722631545065,
  "mse_gripper": 0.06698961937716261,
  "mse_per_dim_names": [
    "x",
    "y",
    "z",
    "roll",
    "pitch",
    "yaw",
    "gripper"
  ],
  "grounding": {
    "nouns": [],
    "num_boxes": 0,
    "num_patches": 0,
    "patch_coverage": 0.0,
    "segmentation": "sam2"
  }
}