{
  "episode_id": 12,
  "step_id": 36,
  "instruction": "",
  "condition": "sam_var_obj_vt",
  "condition_desc": "VAR(p=0.6,rho=0.5) + obj_redirect + VTR(f=0.3) + SAM2",
  "predicted_action": [
    0.003146326296469725,
    -0.003014201076591762,
    0.021843904662219905,
    0.017103163370898955,
    -0.055039639124098955,
    -0.012961095930314609,
    0.996078431372549
  ],
  "ground_truth_action": [
    -0.0012029741192236543,
    0.009578087367117405,
    0.03758696839213371,
    0.001889911014586687,
    -0.002390132052823901,
    -0.01818750984966755,
    1.0
  ],
  "action_token_ids": [
    31857,
    31880,
    31815,
    31846,
    31943,
    31879,
    31744
  ],
  "mse_per_dim": [
    1.8916414105950604e-05,
    0.00015856572824957143,
    0.0002478440556041277,
    0.00023144304725684076,
    0.0027719705948482417,
    2.731540245640616e-05,
    1.5378700499807656e-05
  ],
  "mse_mean": 0.0004959191347172781,
  "mse_spatial": 0.0005760092070868564,
  "mse_gripper": 1.5378700499807656e-05,
  "mse_per_dim_names": [
    "x",
    "y",
    "z",
    "roll",
    "pitch",
    "yaw",
    "gripper"
  ],
  "grounding": {
    "nouns": [],
    "num_boxes": 0,
    "num_patches": 0,
    "patch_coverage": 0.0,
    "segmentation": "sam2"
  }
}