{
  "episode_id": 16,
  "step_id": 7,
  "instruction": "move the pan to the left side of the stove",
  "condition": "sam_var_obj_vt",
  "condition_desc": "VAR(p=0.6,rho=0.5) + obj_redirect + VTR(f=0.3) + SAM2",
  "predicted_action": [
    0.010303902015966506,
    0.00022339712872219974,
    -0.025444295588223375,
    0.015187380684356905,
    0.06486614345277052,
    -0.003290307487927302,
    -0.0784313725490196
  ],
  "ground_truth_action": [
    0.0011216611601412296,
    0.0007517124176956713,
    -0.008981001563370228,
    0.0072584981098771095,
    -0.003442012006416917,
    -0.005117757245898247,
    0.3269839882850647
  ],
  "action_token_ids": [
    31825,
    31870,
    31997,
    31849,
    31764,
    31873,
    31882
  ],
  "mse_per_dim": [
    8.43135471343869e-05,
    2.791170445631228e-07,
    0.00027104005014876536,
    6.286717887988934e-05,
    0.004666004102236518,
    3.3395726179080645e-06,
    0.1643616148002308
  ],
  "mse_mean": 0.024207065481184686,
  "mse_spatial": 0.0008479739280103384,
  "mse_gripper": 0.1643616148002308,
  "mse_per_dim_names": [
    "x",
    "y",
    "z",
    "roll",
    "pitch",
    "yaw",
    "gripper"
  ],
  "grounding": {
    "nouns": [
      "pan",
      "stove"
    ],
    "num_boxes": 2,
    "num_patches": 45,
    "patch_coverage": 0.17578125,
    "segmentation": "sam2"
  }
}