{
  "episode_id": 10,
  "step_id": 8,
  "instruction": "end effector reaching pot or pan",
  "condition": "sam_var_obj_vt",
  "condition_desc": "VAR(p=0.6,rho=0.5) + obj_redirect + VTR(f=0.3) + SAM2",
  "predicted_action": [
    -0.00020878732204438963,
    -0.0007478823328719852,
    -0.025963946140426047,
    0.014548786455509555,
    0.0387414198745699,
    0.016051269396847284,
    -0.007843137254901933
  ],
  "ground_truth_action": [
    0.0025206569116562605,
    0.0025503721553832293,
    -0.016803419217467308,
    0.023786362260580063,
    -0.03413429856300354,
    -0.020096715539693832,
    1.0
  ],
  "action_token_ids": [
    31872,
    31873,
    31999,
    31850,
    31803,
    31861,
    31873
  ],
  "mse_per_dim": [
    7.449865824881729e-06,
    1.0878482669295667e-05,
    8.39152535062519e-05,
    8.533280675442405e-05,
    0.005310870337792482,
    0.0013066768149724035,
    1.0157477893118032
  ],
  "mse_mean": 0.14607898755333185,
  "mse_spatial": 0.0011341872602532897,
  "mse_gripper": 1.0157477893118032,
  "mse_per_dim_names": [
    "x",
    "y",
    "z",
    "roll",
    "pitch",
    "yaw",
    "gripper"
  ],
  "grounding": {
    "nouns": [
      "pot"
    ],
    "num_boxes": 1,
    "num_patches": 14,
    "patch_coverage": 0.0546875,
    "segmentation": "sam2"
  }
}