{
  "episode_id": 12,
  "step_id": 32,
  "instruction": "",
  "condition": "sam_var_obj_vt",
  "condition_desc": "VAR(p=0.6,rho=0.5) + obj_redirect + VTR(f=0.3) + SAM2",
  "predicted_action": [
    0.0011332581253612577,
    -0.008518118025625486,
    -0.005437749328420446,
    0.001138307649715134,
    -0.034273833202965134,
    -6.671134046487559e-05,
    -0.03137254901960784
  ],
  "ground_truth_action": [
    0.0028582876548171043,
    -0.0017039095982909203,
    -0.0017667628126218915,
    0.0018875360256060958,
    0.007100486662238836,
    0.021084796637296677,
    -0.002127415966242552
  ],
  "action_token_ids": [
    31866,
    31897,
    31920,
    31871,
    31912,
    31871,
    31876
  ],
  "mse_per_dim": [
    2.9757268774946598e-06,
    4.6433436491157415e-05,
    1.347614199917481e-05,
    5.613431592402084e-07,
    0.001711834344308212,
    0.0004473862897333106,
    0.000855277807309039
  ],
  "mse_mean": 0.00043970644141108975,
  "mse_spatial": 0.0003704445470947649,
  "mse_gripper": 0.000855277807309039,
  "mse_per_dim_names": [
    "x",
    "y",
    "z",
    "roll",
    "pitch",
    "yaw",
    "gripper"
  ],
  "grounding": {
    "nouns": [],
    "num_boxes": 0,
    "num_patches": 0,
    "patch_coverage": 0.0,
    "segmentation": "sam2"
  }
}