{
  "episode_id": 19,
  "step_id": 46,
  "instruction": "",
  "condition": "sam_var_obj_vt",
  "condition_desc": "VAR(p=0.6,rho=0.5) + obj_redirect + VTR(f=0.3) + SAM2",
  "predicted_action": [
    -0.001550832769450037,
    0.002813475692973362,
    -0.007776176813332477,
    -0.012910765384926637,
    0.013286561003502645,
    0.017663067470578525,
    0.06274509803921569
  ],
  "ground_truth_action": [
    0.007778132800012827,
    0.0017983053112402558,
    -0.0053797089494764805,
    -0.0020348073448985815,
    0.005542335100471973,
    0.05680472031235695,
    0.9971143007278442
  ],
  "action_token_ids": [
    31878,
    31862,
    31929,
    31893,
    31841,
    31860,
    31864
  ],
  "mse_per_dim": [
    8.702959859622357e-05,
    1.0305709039481405e-06,
    5.743058222494523e-06,
    0.0001182864632884509,
    5.997303483717122e-05,
    0.001532068987186301,
    0.8730458069329834
  ],
  "mse_mean": 0.12497856266371686,
  "mse_spatial": 0.0003006886188390982,
  "mse_gripper": 0.8730458069329834,
  "mse_per_dim_names": [
    "x",
    "y",
    "z",
    "roll",
    "pitch",
    "yaw",
    "gripper"
  ],
  "grounding": {
    "nouns": [],
    "num_boxes": 0,
    "num_patches": 0,
    "patch_coverage": 0.0,
    "segmentation": "sam2"
  }
}