{
  "episode_id": 19,
  "step_id": 6,
  "instruction": "",
  "condition": "sam_var_obj_vt",
  "condition_desc": "VAR(p=0.6,rho=0.5) + obj_redirect + VTR(f=0.3) + SAM2",
  "predicted_action": [
    -0.004234923664261325,
    0.009288672103601285,
    -0.0121932065070552,
    0.036899584465166904,
    0.0032385903965024138,
    0.17078388447504403,
    0.996078431372549
  ],
  "ground_truth_action": [
    -0.005602085497230291,
    -0.002715249313041568,
    -0.026479773223400116,
    -0.011416219174861908,
    0.015963707119226456,
    0.29111337661743164,
    1.0
  ],
  "action_token_ids": [
    31890,
    31842,
    31946,
    31815,
    31856,
    31765,
    31744
  ],
  "mse_per_dim": [
    1.869131477527065e-06,
    0.00014409412937693695,
    0.00020410598854057437,
    0.0023344168813818214,
    0.00016192859560695106,
    0.014479186679244922,
    1.5378700499807656e-05
  ],
  "mse_mean": 0.002477282872304077,
  "mse_spatial": 0.0028876002342714552,
  "mse_gripper": 1.5378700499807656e-05,
  "mse_per_dim_names": [
    "x",
    "y",
    "z",
    "roll",
    "pitch",
    "yaw",
    "gripper"
  ],
  "grounding": {
    "nouns": [],
    "num_boxes": 0,
    "num_patches": 0,
    "patch_coverage": 0.0,
    "segmentation": "sam2"
  }
}