{
  "episode_id": 18,
  "step_id": 34,
  "instruction": "Pick up the blue fork and place it on the left of the pot",
  "condition": "sam_var_obj_vt",
  "condition_desc": "VAR(p=0.6,rho=0.5) + obj_redirect + VTR(f=0.3) + SAM2",
  "predicted_action": [
    0.00135693236659553,
    0.009936191744664077,
    -0.0015403701869003972,
    -0.009717794240689859,
    -0.018197080231764765,
    -0.016184692077777035,
    -0.0862745098039216
  ],
  "ground_truth_action": [
    -0.0022207489237189293,
    0.003039522096514702,
    -0.0029243838507682085,
    0.007028257939964533,
    -0.012781362980604172,
    -0.015785953029990196,
    0.0
  ],
  "action_token_ids": [
    31865,
    31840,
    31905,
    31888,
    31888,
    31881,
    31883
  ],
  "mse_per_dim": [
    1.2799803415066133e-05,
    4.756405223570483e-05,
    1.915493821772803e-06,
    0.0002804302636371997,
    2.9329993344518447e-05,
    1.5899282822995516e-07,
    0.0074432910419069635
  ],
  "mse_mean": 0.0011164985201699222,
  "mse_spatial": 6.20330998804153e-05,
  "mse_gripper": 0.0074432910419069635,
  "mse_per_dim_names": [
    "x",
    "y",
    "z",
    "roll",
    "pitch",
    "yaw",
    "gripper"
  ],
  "grounding": {
    "nouns": [
      "fork",
      "pot"
    ],
    "num_boxes": 1,
    "num_patches": 19,
    "patch_coverage": 0.07421875,
    "segmentation": "sam2"
  }
}