{
  "episode_id": 17,
  "step_id": 1,
  "instruction": "",
  "condition": "sam_var_obj_vt",
  "condition_desc": "VAR(p=0.6,rho=0.5) + obj_redirect + VTR(f=0.3) + SAM2",
  "predicted_action": [
    0.00135693236659553,
    0.008317392642007093,
    1.8581469707623643e-05,
    0.009440032624730726,
    -0.022216268474564857,
    0.02088666361804095,
    0.0
  ],
  "ground_truth_action": [
    0.005730146076530218,
    -0.027600212022662163,
    0.02775474265217781,
    0.03307795897126198,
    -0.06159570813179016,
    -0.13886581361293793,
    1.0
  ],
  "action_token_ids": [
    31865,
    31845,
    31899,
    31858,
    31894,
    31858,
    31872
  ],
  "mse_per_dim": [
    1.912499815276072e-05,
    0.0012900743248474707,
    0.000769294637139966,
    0.0005587515619640363,
    0.001550740267717049,
    0.025520853981434426,
    1.0
  ],
  "mse_mean": 0.1471012628244651,
  "mse_spatial": 0.004951473295209285,
  "mse_gripper": 1.0,
  "mse_per_dim_names": [
    "x",
    "y",
    "z",
    "roll",
    "pitch",
    "yaw",
    "gripper"
  ],
  "grounding": {
    "nouns": [],
    "num_boxes": 0,
    "num_patches": 0,
    "patch_coverage": 0.0,
    "segmentation": "sam2"
  }
}