{
  "episode_id": 17,
  "step_id": 41,
  "instruction": "",
  "condition": "sam_var_obj_vt",
  "condition_desc": "VAR(p=0.6,rho=0.5) + obj_redirect + VTR(f=0.3) + SAM2",
  "predicted_action": [
    0.004264697502641097,
    -0.009489397487219678,
    -0.007776176813332477,
    -0.010994982698384559,
    0.01663588453916938,
    0.004768682880728764,
    0.996078431372549
  ],
  "ground_truth_action": [
    0.0,
    0.0,
    0.0,
    0.0,
    0.0,
    0.0,
    1.0
  ],
  "action_token_ids": [
    31852,
    31900,
    31929,
    31890,
    31836,
    31868,
    31744
  ],
  "mse_per_dim": [
    1.818764478903321e-05,
    9.004866467045114e-05,
    6.0468925832209635e-05,
    0.0001208896445377758,
    0.0002767526544005748,
    2.274033641695558e-05,
    1.5378700499807656e-05
  ],
  "mse_mean": 8.635236730668682e-05,
  "mse_spatial": 9.818131177450002e-05,
  "mse_gripper": 1.5378700499807656e-05,
  "mse_per_dim_names": [
    "x",
    "y",
    "z",
    "roll",
    "pitch",
    "yaw",
    "gripper"
  ],
  "grounding": {
    "nouns": [],
    "num_boxes": 0,
    "num_patches": 0,
    "patch_coverage": 0.0,
    "segmentation": "sam2"
  }
}