{
  "episode_id": 14,
  "step_id": 1,
  "instruction": "move the silver pot to the lower right burner",
  "condition": "sam_var_obj_vt",
  "condition_desc": "VAR(p=0.6,rho=0.5) + obj_redirect + VTR(f=0.3) + SAM2",
  "predicted_action": [
    0.00023856116042415831,
    -0.00042412251234059256,
    -0.008295827365535153,
    0.008801438395883376,
    0.024674261024769578,
    0.004768682880728764,
    0.5176470588235293
  ],
  "ground_truth_action": [
    0.011107094585895538,
    -0.009286928921937943,
    -0.006322801113128662,
    -0.004729460459202528,
    0.018060266971588135,
    -0.13242670893669128,
    1.0
  ],
  "action_token_ids": [
    31870,
    31872,
    31931,
    31859,
    31824,
    31868,
    31806
  ],
  "mse_per_dim": [
    0.00011812501882058865,
    7.854933745399987e-05,
    3.892832592685201e-06,
    0.00018308522382656504,
    4.3744917335519496e-05,
    0.01882257553593541,
    0.23266435986159176
  ],
  "mse_mean": 0.035987761818222365,
  "mse_spatial": 0.0032083288109941276,
  "mse_gripper": 0.23266435986159176,
  "mse_per_dim_names": [
    "x",
    "y",
    "z",
    "roll",
    "pitch",
    "yaw",
    "gripper"
  ],
  "grounding": {
    "nouns": [
      "pot",
      "burner"
    ],
    "num_boxes": 2,
    "num_patches": 45,
    "patch_coverage": 0.17578125,
    "segmentation": "sam2"
  }
}