{
  "episode_id": 17,
  "step_id": 10,
  "instruction": "",
  "condition": "sam_var_obj_vt",
  "condition_desc": "VAR(p=0.6,rho=0.5) + obj_redirect + VTR(f=0.3) + SAM2",
  "predicted_action": [
    0.0035936747789382766,
    0.0005471569492535924,
    -0.005437749328420446,
    0.0004997134208677839,
    0.0032385903965024138,
    -0.006513903635389756,
    0.0
  ],
  "ground_truth_action": [
    0.010425342246890068,
    -0.005361882969737053,
    -0.005059924907982349,
    -0.008025040850043297,
    -0.013513308949768543,
    0.0015248209238052368,
    1.0
  ],
  "action_token_ids": [
    31855,
    31869,
    31920,
    31872,
    31856,
    31875,
    31872
  ],
  "mse_per_dim": [
    4.667168039267084e-05,
    3.491675276422497e-05,
    1.427512926793834e-07,
    7.26714353794167e-05,
    0.0002806261317075933,
    6.462109253860474e-05,
    1.0
  ],
  "mse_mean": 0.14292852140629647,
  "mse_spatial": 8.327497401253166e-05,
  "mse_gripper": 1.0,
  "mse_per_dim_names": [
    "x",
    "y",
    "z",
    "roll",
    "pitch",
    "yaw",
    "gripper"
  ],
  "grounding": {
    "nouns": [],
    "num_boxes": 0,
    "num_patches": 0,
    "patch_coverage": 0.0,
    "segmentation": "sam2"
  }
}