{
  "episode_id": 18,
  "step_id": 16,
  "instruction": "Pick up the blue fork and place it on the left of the pot",
  "condition": "sam_var_obj_vt",
  "condition_desc": "VAR(p=0.6,rho=0.5) + obj_redirect + VTR(f=0.3) + SAM2",
  "predicted_action": [
    -0.001998181251918585,
    0.0005471569492535924,
    -0.003099321843508418,
    0.002415496107409834,
    0.0012289962751023675,
    -0.011349297856583396,
    -0.01568627450980392
  ],
  "ground_truth_action": [
    0.0006328875897452235,
    0.0009018793934956193,
    -0.004527400713413954,
    0.01044662855565548,
    0.011634349822998047,
    0.005434093531221151,
    0.9750919938087463
  ],
  "action_token_ids": [
    31880,
    31869,
    31911,
    31869,
    31859,
    31878,
    31874
  ],
  "mse_per_dim": [
    6.922523249574134e-06,
    1.2582801244903786e-07,
    2.039409258670672e-06,
    6.44990884012641e-05,
    0.0001082713824567052,
    0.0002816822264762318,
    0.981641576972305
  ],
  "mse_mean": 0.1403007310614514,
  "mse_spatial": 7.725674297581583e-05,
  "mse_gripper": 0.981641576972305,
  "mse_per_dim_names": [
    "x",
    "y",
    "z",
    "roll",
    "pitch",
    "yaw",
    "gripper"
  ],
  "grounding": {
    "nouns": [
      "fork",
      "pot"
    ],
    "num_boxes": 1,
    "num_patches": 18,
    "patch_coverage": 0.0703125,
    "segmentation": "sam2"
  }
}