{
  "episode_id": 15,
  "step_id": 58,
  "instruction": "sweep into pile",
  "condition": "sam_var_obj_vt",
  "condition_desc": "VAR(p=0.6,rho=0.5) + obj_redirect + VTR(f=0.3) + SAM2",
  "predicted_action": [
    0.0026989778140011807,
    -0.04154161971982787,
    -0.011673555954852527,
    -0.003970446181063694,
    0.015296155124902691,
    0.030557452060428203,
    -0.42352941176470593
  ],
  "ground_truth_action": [
    0.0017715140711516142,
    -0.03129454329609871,
    -0.0018475664546713233,
    0.020246999338269234,
    0.009952359832823277,
    -0.0386316254734993,
    0.0
  ],
  "action_token_ids": [
    31859,
    31999,
    31944,
    31879,
    31838,
    31852,
    31926
  ],
  "mse_per_dim": [
    8.601889943005268e-07,
    0.00010500257523374606,
    9.655006965767126e-05,
    0.0005864846674818585,
    2.8556148123650118e-05,
    0.004787128449995831,
    0.17937716262975784
  ],
  "mse_mean": 0.02642596353274927,
  "mse_spatial": 0.0009340970165811763,
  "mse_gripper": 0.17937716262975784,
  "mse_per_dim_names": [
    "x",
    "y",
    "z",
    "roll",
    "pitch",
    "yaw",
    "gripper"
  ],
  "grounding": {
    "nouns": [
      "pile"
    ],
    "num_boxes": 1,
    "num_patches": 5,
    "patch_coverage": 0.01953125,
    "segmentation": "sam2"
  }
}