{
  "episode_id": 19,
  "step_id": 9,
  "instruction": "",
  "condition": "sam_var_obj_vt",
  "condition_desc": "VAR(p=0.6,rho=0.5) + obj_redirect + VTR(f=0.3) + SAM2",
  "predicted_action": [
    -0.00378757518179278,
    0.0011946765903163847,
    -0.011413730678751193,
    0.01263300376896749,
    -0.01618748611036472,
    0.0353928462816219,
    0.04705882352941182
  ],
  "ground_truth_action": [
    -0.004672293085604906,
    0.0006625890964642167,
    -0.008302945643663406,
    0.004111123271286488,
    0.02571173757314682,
    -0.10964450240135193,
    1.0
  ],
  "action_token_ids": [
    31888,
    31867,
    31943,
    31853,
    31885,
    31849,
    31866
  ],
  "mse_per_dim": [
    7.827257693257222e-07,
    2.8311710111388096e-07,
    9.67698353452612e-06,
    7.262244721675583e-05,
    0.0017555449452809342,
    0.02103583251298653,
    0.9080968858131487
  ],
  "mse_mean": 0.1329959469350054,
  "mse_spatial": 0.0038124571219815308,
  "mse_gripper": 0.9080968858131487,
  "mse_per_dim_names": [
    "x",
    "y",
    "z",
    "roll",
    "pitch",
    "yaw",
    "gripper"
  ],
  "grounding": {
    "nouns": [],
    "num_boxes": 0,
    "num_patches": 0,
    "patch_coverage": 0.0,
    "segmentation": "sam2"
  }
}