{
  "episode_id": 15,
  "step_id": 63,
  "instruction": "sweep into pile",
  "condition": "sam_var_obj_vt",
  "condition_desc": "VAR(p=0.6,rho=0.5) + obj_redirect + VTR(f=0.3) + SAM2",
  "predicted_action": [
    0.003146326296469725,
    0.01285003012944664,
    -0.0025796712913057455,
    -0.014826548071468687,
    0.02132493748910283,
    0.048287230871471604,
    0.11764705882352944
  ],
  "ground_truth_action": [
    0.009112684987485409,
    0.006610992830246687,
    -0.0038900531362742186,
    0.027702122926712036,
    0.009990914724767208,
    -0.003229284193366766,
    0.0
  ],
  "action_token_ids": [
    31857,
    31831,
    31909,
    31896,
    31829,
    31841,
    31857
  ],
  "mse_per_dim": [
    3.559743602985838e-05,
    3.892558642080824e-05,
    1.7171005796229793e-06,
    0.0018086878568714982,
    0.0001284600720224781,
    0.002653951324425719,
    0.013840830449826995
  ],
  "mse_mean": 0.0026440242608824255,
  "mse_spatial": 0.0007778898960583309,
  "mse_gripper": 0.013840830449826995,
  "mse_per_dim_names": [
    "x",
    "y",
    "z",
    "roll",
    "pitch",
    "yaw",
    "gripper"
  ],
  "grounding": {
    "nouns": [
      "pile"
    ],
    "num_boxes": 1,
    "num_patches": 5,
    "patch_coverage": 0.01953125,
    "segmentation": "sam2"
  }
}