{
  "episode_id": 14,
  "step_id": 16,
  "instruction": "move the silver pot to the lower right burner",
  "condition": "sam_var_obj_vt",
  "condition_desc": "VAR(p=0.6,rho=0.5) + obj_redirect + VTR(f=0.3) + SAM2",
  "predicted_action": [
    0.002475303572766905,
    0.0024897158724419693,
    -0.0072565262611298045,
    -0.009079200011842509,
    0.019315343367702784,
    0.009604077101922431,
    -0.20392156862745098
  ],
  "ground_truth_action": [
    6.2820113271300215e-06,
    0.00118228979408741,
    -0.0037965639494359493,
    0.0023763549979776144,
    -0.01165027916431427,
    0.006048292387276888,
    1.0
  ],
  "action_token_ids": [
    31860,
    31863,
    31927,
    31887,
    31832,
    31865,
    31898
  ],
  "mse_per_dim": [
    6.0960674708545045e-06,
    1.7093629503615824e-06,
    1.1971339198341887e-05,
    0.00013122974058301493,
    0.0009588697787953623,
    1.2643604936906888e-05,
    1.4494271434063821
  ],
  "mse_mean": 0.20722138047147384,
  "mse_spatial": 0.00018708664898914036,
  "mse_gripper": 1.4494271434063821,
  "mse_per_dim_names": [
    "x",
    "y",
    "z",
    "roll",
    "pitch",
    "yaw",
    "gripper"
  ],
  "grounding": {
    "nouns": [
      "pot",
      "burner"
    ],
    "num_boxes": 2,
    "num_patches": 49,
    "patch_coverage": 0.19140625,
    "segmentation": "sam2"
  }
}