{
  "episode_id": 18,
  "step_id": 21,
  "instruction": "Pick up the blue fork and place it on the left of the pot",
  "condition": "sam_var_obj_vt",
  "condition_desc": "VAR(p=0.6,rho=0.5) + obj_redirect + VTR(f=0.3) + SAM2",
  "predicted_action": [
    1.4886919189882608e-05,
    0.0008709167697849851,
    1.8581469707623643e-05,
    0.001138307649715134,
    -0.00011073313916434846,
    0.003156884806997551,
    0.015686274509803866
  ],
  "ground_truth_action": [
    0.001443364773876965,
    0.0016839202726259828,
    0.011306463740766048,
    -0.002953064627945423,
    -0.03462380915880203,
    0.011682849377393723,
    0.0
  ],
  "action_token_ids": [
    31871,
    31868,
    31899,
    31871,
    31861,
    31869,
    31870
  ],
  "mse_per_dim": [
    2.0405489813314096e-06,
    6.609746956317321e-07,
    0.0001274162861652751,
    1.6739327114409334e-05,
    0.0011911524163372897,
    7.269207185565077e-05,
    0.0002460592079969225
  ],
  "mse_mean": 0.0002366801190209301,
  "mse_spatial": 0.00023511693752493136,
  "mse_gripper": 0.0002460592079969225,
  "mse_per_dim_names": [
    "x",
    "y",
    "z",
    "roll",
    "pitch",
    "yaw",
    "gripper"
  ],
  "grounding": {
    "nouns": [
      "fork",
      "pot"
    ],
    "num_boxes": 1,
    "num_patches": 19,
    "patch_coverage": 0.07421875,
    "segmentation": "sam2"
  }
}