{
  "episode_id": 13,
  "step_id": 16,
  "instruction": "",
  "condition": "sam_var_obj_vt",
  "condition_desc": "VAR(p=0.6,rho=0.5) + obj_redirect + VTR(f=0.3) + SAM2",
  "predicted_action": [
    0.004264697502641097,
    0.005079794436693139,
    0.0013177078502143065,
    0.004331278793951912,
    -0.002790191967697725,
    -0.027467278593895555,
    0.0
  ],
  "ground_truth_action": [
    0.005197370890527964,
    0.000492371094878763,
    0.04869038239121437,
    -0.025274591520428658,
    -0.0326298363506794,
    -0.9479477405548096,
    -0.0009407354518771172
  ],
  "action_token_ids": [
    31852,
    31855,
    31894,
    31866,
    31865,
    31888,
    31872
  ],
  "mse_per_dim": [
    8.698796484723661e-07,
    2.1044452917023375e-05,
    0.002244170293167516,
    0.0008765075570719206,
    0.0008904043769028097,
    0.8472842808517778,
    8.849831904184438e-07
  ],
  "mse_mean": 0.12161688034209657,
  "mse_spatial": 0.14188621290191425,
  "mse_gripper": 8.849831904184438e-07,
  "mse_per_dim_names": [
    "x",
    "y",
    "z",
    "roll",
    "pitch",
    "yaw",
    "gripper"
  ],
  "grounding": {
    "nouns": [],
    "num_boxes": 0,
    "num_patches": 0,
    "patch_coverage": 0.0,
    "segmentation": "sam2"
  }
}