{
  "episode_id": 10,
  "step_id": 15,
  "instruction": "end effector reaching pot or pan",
  "condition": "sam_var_obj_vt",
  "condition_desc": "VAR(p=0.6,rho=0.5) + obj_redirect + VTR(f=0.3) + SAM2",
  "predicted_action": [
    -0.005800643352901248,
    0.007669873000944301,
    0.008332990304950393,
    0.001776901878562484,
    -0.014177891988964658,
    -0.02907907666762677,
    -0.007843137254901933
  ],
  "ground_truth_action": [
    -0.004808284342288971,
    0.009198447689414024,
    -0.0007729892968200147,
    0.03279300779104233,
    -0.005974256433546543,
    0.001932367216795683,
    1.0
  ],
  "action_token_ids": [
    31897,
    31847,
    31867,
    31870,
    31882,
    31889,
    31873
  ],
  "mse_per_dim": [
    9.847764059433765e-07,
    2.336540578230312e-06,
    8.291886450785875e-05,
    0.0009619988259741671,
    6.729963632612029e-05,
    0.0009617096517966826,
    1.0157477893118032
  ],
  "mse_mean": 0.14540357680105603,
  "mse_spatial": 0.0003462080492648337,
  "mse_gripper": 1.0157477893118032,
  "mse_per_dim_names": [
    "x",
    "y",
    "z",
    "roll",
    "pitch",
    "yaw",
    "gripper"
  ],
  "grounding": {
    "nouns": [
      "pot"
    ],
    "num_boxes": 1,
    "num_patches": 14,
    "patch_coverage": 0.0546875,
    "segmentation": "sam2"
  }
}