{
  "episode_id": 16,
  "step_id": 9,
  "instruction": "move the pan to the left side of the stove",
  "condition": "sam_var_obj_vt",
  "condition_desc": "VAR(p=0.6,rho=0.5) + obj_redirect + VTR(f=0.3) + SAM2",
  "predicted_action": [
    0.00023856116042415831,
    -0.0013954019739347845,
    0.0026168342307209894,
    -0.005247634638758394,
    -0.017527215524631407,
    -0.006513903635389756,
    -0.01568627450980392
  ],
  "ground_truth_action": [
    0.001460763975046575,
    0.0022703518625348806,
    0.012087473645806313,
    -0.002379431389272213,
    -0.03481845557689667,
    -0.014636286534368992,
    0.0
  ],
  "action_token_ids": [
    31870,
    31875,
    31889,
    31881,
    31887,
    31875,
    31874
  ],
  "mse_per_dim": [
    1.4937797200709576e-06,
    1.3437751189592069e-05,
    8.969301093056767e-05,
    8.22658988036309e-06,
    0.00029898698254506235,
    6.597310395763033e-05,
    0.00024605920799692423
  ],
  "mse_mean": 0.00010341006088860153,
  "mse_spatial": 7.963520303721442e-05,
  "mse_gripper": 0.00024605920799692423,
  "mse_per_dim_names": [
    "x",
    "y",
    "z",
    "roll",
    "pitch",
    "yaw",
    "gripper"
  ],
  "grounding": {
    "nouns": [
      "pan",
      "stove"
    ],
    "num_boxes": 2,
    "num_patches": 49,
    "patch_coverage": 0.19140625,
    "segmentation": "sam2"
  }
}