{
  "episode_id": 18,
  "step_id": 31,
  "instruction": "Pick up the blue fork and place it on the left of the pot",
  "condition": "sam_var_obj_vt",
  "condition_desc": "VAR(p=0.6,rho=0.5) + obj_redirect + VTR(f=0.3) + SAM2",
  "predicted_action": [
    0.005606742950046744,
    0.015440108693697809,
    0.006774038648342379,
    -0.005247634638758394,
    -0.020876539060298155,
    -0.003290307487927302,
    -0.25098039215686274
  ],
  "ground_truth_action": [
    0.0051562730222940445,
    0.01446348987519741,
    -0.004608198534697294,
    0.019121093675494194,
    0.009590626694262028,
    -0.02020854875445366,
    0.0
  ],
  "action_token_ids": [
    31846,
    31823,
    31873,
    31881,
    31892,
    31873,
    31904
  ],
  "mse_per_dim": [
    2.0292315580952233e-07,
    9.537843166491133e-07,
    0.00012955532329097093,
    0.0005938349196538558,
    0.0009282481891158447,
    0.00028622688755239534,
    0.0629911572472126
  ],
  "mse_mean": 0.009275739896328305,
  "mse_spatial": 0.0003231703378475876,
  "mse_gripper": 0.0629911572472126,
  "mse_per_dim_names": [
    "x",
    "y",
    "z",
    "roll",
    "pitch",
    "yaw",
    "gripper"
  ],
  "grounding": {
    "nouns": [
      "fork",
      "pot"
    ],
    "num_boxes": 2,
    "num_patches": 26,
    "patch_coverage": 0.1015625,
    "segmentation": "sam2"
  }
}