{
  "episode_id": 17,
  "step_id": 2,
  "instruction": "",
  "condition": "sam_var_obj_vt",
  "condition_desc": "VAR(p=0.6,rho=0.5) + obj_redirect + VTR(f=0.3) + SAM2",
  "predicted_action": [
    0.00135693236659553,
    0.007346113180412908,
    -0.0033591471196097525,
    0.01263300376896749,
    -0.006809380210497831,
    0.009604077101922431,
    0.996078431372549
  ],
  "ground_truth_action": [
    0.0040658703073859215,
    -0.02836940437555313,
    0.021235600113868713,
    0.014684210531413555,
    -0.04745470732450485,
    -0.15092304348945618,
    1.0
  ],
  "action_token_ids": [
    31865,
    31848,
    31912,
    31853,
    31871,
    31865,
    31744
  ],
  "mse_per_dim": [
    7.3383447670536875e-06,
    0.0012755981942905183,
    0.0006049015914786967,
    4.207449182304466e-06,
    0.0016520426162046342,
    0.02576895644535901,
    1.5378700499807656e-05
  ],
  "mse_mean": 0.004189774763111718,
  "mse_spatial": 0.004885507440213703,
  "mse_gripper": 1.5378700499807656e-05,
  "mse_per_dim_names": [
    "x",
    "y",
    "z",
    "roll",
    "pitch",
    "yaw",
    "gripper"
  ],
  "grounding": {
    "nouns": [],
    "num_boxes": 0,
    "num_patches": 0,
    "patch_coverage": 0.0,
    "segmentation": "sam2"
  }
}