{
  "episode_id": 18,
  "step_id": 47,
  "instruction": "Pick up the blue fork and place it on the left of the pot",
  "condition": "sam_var_obj_vt",
  "condition_desc": "VAR(p=0.6,rho=0.5) + obj_redirect + VTR(f=0.3) + SAM2",
  "predicted_action": [
    0.01075125049843505,
    -0.003661720717654547,
    0.021843904662219905,
    0.05350303441519809,
    0.004578319810769102,
    -0.05809144199478866,
    0.015686274509803866
  ],
  "ground_truth_action": [
    0.005064118187874556,
    -0.005724841728806496,
    0.015642104670405388,
    -0.01375161949545145,
    -0.01471076812595129,
    0.06536760181188583,
    1.0
  ],
  "action_token_ids": [
    31823,
    31882,
    31815,
    31789,
    31854,
    31907,
    31870
  ],
  "mse_per_dim": [
    3.234347391782116e-05,
    4.256468306656638e-06,
    3.846232313847054e-05,
    0.004523188472641247,
    0.00037206891343053214,
    0.015242135497658372,
    0.9688735101883892
  ],
  "mse_mean": 0.14129799504821175,
  "mse_spatial": 0.00336874252484885,
  "mse_gripper": 0.9688735101883892,
  "mse_per_dim_names": [
    "x",
    "y",
    "z",
    "roll",
    "pitch",
    "yaw",
    "gripper"
  ],
  "grounding": {
    "nouns": [
      "fork",
      "pot"
    ],
    "num_boxes": 2,
    "num_patches": 26,
    "patch_coverage": 0.1015625,
    "segmentation": "sam2"
  }
}