{
  "episode_id": 19,
  "step_id": 40,
  "instruction": "",
  "condition": "sam_var_obj_vt",
  "condition_desc": "VAR(p=0.6,rho=0.5) + obj_redirect + VTR(f=0.3) + SAM2",
  "predicted_action": [
    -0.001550832769450037,
    0.005403554257224531,
    -0.005697574604521784,
    0.029875047947846026,
    0.011276966882102613,
    0.0353928462816219,
    0.06274509803921569
  ],
  "ground_truth_action": [
    0.013803986832499504,
    0.0031871038954705,
    0.0029447986744344234,
    -0.0032623561564832926,
    -0.009966137818992138,
    -0.15896075963974,
    0.9930873513221741
  ],
  "action_token_ids": [
    31878,
    31854,
    31921,
    31826,
    31844,
    31849,
    31864
  ],
  "mse_per_dim": [
    0.00023577048500841386,
    4.912652206119576e-06,
    7.469061589281626e-05,
    0.0010980875507736216,
    0.0004512694973416739,
    0.037773324134636035,
    0.8655367082436123
  ],
  "mse_mean": 0.12931068045421015,
  "mse_spatial": 0.0066063424893097805,
  "mse_gripper": 0.8655367082436123,
  "mse_per_dim_names": [
    "x",
    "y",
    "z",
    "roll",
    "pitch",
    "yaw",
    "gripper"
  ],
  "grounding": {
    "nouns": [],
    "num_boxes": 0,
    "num_patches": 0,
    "patch_coverage": 0.0,
    "segmentation": "sam2"
  }
}