{
  "episode_id": 14,
  "step_id": 33,
  "instruction": "move the silver pot to the lower right burner",
  "condition": "sam_var_obj_vt",
  "condition_desc": "VAR(p=0.6,rho=0.5) + obj_redirect + VTR(f=0.3) + SAM2",
  "predicted_action": [
    -0.006471666076604071,
    0.0031372355135047617,
    -0.0072565262611298045,
    -0.014826548071468687,
    -0.004799786089097785,
    0.0063804809544599494,
    0.16470588235294115
  ],
  "ground_truth_action": [
    -0.005069294013082981,
    0.0034160686191171408,
    -0.008154739625751972,
    -0.025008095428347588,
    -0.004997271578758955,
    0.03615627437829971,
    0.0
  ],
  "action_token_ids": [
    31900,
    31861,
    31927,
    31896,
    31868,
    31867,
    31851
  ],
  "mse_per_dim": [
    1.9666474045444003e-06,
    7.774790078544417e-08,
    8.067872483858751e-07,
    0.00010366390658036773,
    3.900051862671207e-08,
    0.0008865978740191793,
    0.02712802768166089
  ],
  "mse_mean": 0.004017311377904683,
  "mse_spatial": 0.00016552532727864825,
  "mse_gripper": 0.02712802768166089,
  "mse_per_dim_names": [
    "x",
    "y",
    "z",
    "roll",
    "pitch",
    "yaw",
    "gripper"
  ],
  "grounding": {
    "nouns": [
      "pot",
      "burner"
    ],
    "num_boxes": 2,
    "num_patches": 32,
    "patch_coverage": 0.125,
    "segmentation": "sam2"
  }
}