{
  "episode_id": 16,
  "step_id": 20,
  "instruction": "move the pan to the left side of the stove",
  "condition": "sam_var_obj_vt",
  "condition_desc": "VAR(p=0.6,rho=0.5) + obj_redirect + VTR(f=0.3) + SAM2",
  "predicted_action": [
    -0.007366363041541167,
    -0.0010716421534033849,
    0.018985826625105204,
    0.034345207549777476,
    -0.01283816257469797,
    0.030557452060428203,
    0.039215686274509776
  ],
  "ground_truth_action": [
    -0.015444823540747166,
    -0.00430725421756506,
    0.021030142903327942,
    -0.028411172330379486,
    -0.020203368738293648,
    0.13917548954486847,
    1.0
  ],
  "action_token_ids": [
    31904,
    31874,
    31826,
    31819,
    31880,
    31852,
    31867
  ],
  "mse_per_dim": [
    6.526152403723163e-05,
    1.0469185429748575e-05,
    4.179229045406465e-06,
    0.00393836321566257,
    5.424626183226776e-05,
    0.01179787806697127,
    0.9231064975009612
  ],
  "mse_mean": 0.1341395564262771,
  "mse_spatial": 0.002645066247163082,
  "mse_gripper": 0.9231064975009612,
  "mse_per_dim_names": [
    "x",
    "y",
    "z",
    "roll",
    "pitch",
    "yaw",
    "gripper"
  ],
  "grounding": {
    "nouns": [
      "pan",
      "stove"
    ],
    "num_boxes": 1,
    "num_patches": 45,
    "patch_coverage": 0.17578125,
    "segmentation": "sam2"
  }
}