{
  "episode_id": 17,
  "step_id": 6,
  "instruction": "",
  "condition": "sam_var_obj_vt",
  "condition_desc": "VAR(p=0.6,rho=0.5) + obj_redirect + VTR(f=0.3) + SAM2",
  "predicted_action": [
    0.004935720226343924,
    -0.034418903668137164,
    0.008332990304950393,
    0.029875047947846026,
    -0.029584780253031684,
    -0.14835213412373677,
    -0.3686274509803922
  ],
  "ground_truth_action": [
    0.02715023048222065,
    -0.03380236402153969,
    -0.017264170572161674,
    -0.01117126364260912,
    0.03169996291399002,
    -0.09739498794078827,
    1.0
  ],
  "action_token_ids": [
    31849,
    31977,
    31867,
    31826,
    31905,
    31963,
    31919
  ],
  "mse_per_dim": [
    0.0004934844659084522,
    3.8012113582654087e-07,
    0.0006552146449687567,
    0.0016847996951807325,
    0.0037558197450478135,
    0.0025966307471103826,
    1.8731410995770859
  ],
  "mse_mean": 0.26890391842806255,
  "mse_spatial": 0.0015310549032253274,
  "mse_gripper": 1.8731410995770859,
  "mse_per_dim_names": [
    "x",
    "y",
    "z",
    "roll",
    "pitch",
    "yaw",
    "gripper"
  ],
  "grounding": {
    "nouns": [],
    "num_boxes": 0,
    "num_patches": 0,
    "patch_coverage": 0.0,
    "segmentation": "sam2"
  }
}