{
  "episode_id": 11,
  "step_id": 30,
  "instruction": "bmbfbbfgjjg",
  "condition": "sam_var_obj_vt",
  "condition_desc": "VAR(p=0.6,rho=0.5) + obj_redirect + VTR(f=0.3) + SAM2",
  "predicted_action": [
    -0.0011034842869814855,
    0.010907471206258262,
    -0.0023198460152044076,
    -0.009079200011842509,
    -0.007479244917631175,
    0.009604077101922431,
    -0.03137254901960784
  ],
  "ground_truth_action": [
    -0.007004820741713047,
    0.012140985578298569,
    -0.008487967774271965,
    -0.012226995080709457,
    5.810534275951795e-06,
    0.013178346678614616,
    0.0
  ],
  "action_token_ids": [
    31876,
    31837,
    31908,
    31887,
    31872,
    31865,
    31876
  ],
  "mse_per_dim": [
    3.482577195194368e-05,
    1.5215577060299912e-06,
    3.804572603468266e-05,
    9.908613795583078e-06,
    5.6026055118124605e-05,
    1.2775403006867331e-05,
    0.000984236831987697
  ],
  "mse_mean": 0.0001624771370858469,
  "mse_spatial": 2.5517187935538554e-05,
  "mse_gripper": 0.000984236831987697,
  "mse_per_dim_names": [
    "x",
    "y",
    "z",
    "roll",
    "pitch",
    "yaw",
    "gripper"
  ],
  "grounding": {
    "nouns": [],
    "num_boxes": 0,
    "num_patches": 0,
    "patch_coverage": 0.0,
    "segmentation": "sam2"
  }
}