{
  "episode_id": 14,
  "step_id": 3,
  "instruction": "move the silver pot to the lower right burner",
  "condition": "sam_var_obj_vt",
  "condition_desc": "VAR(p=0.6,rho=0.5) + obj_redirect + VTR(f=0.3) + SAM2",
  "predicted_action": [
    -0.001550832769450037,
    0.0060510738982873236,
    0.0002784067458089616,
    -0.020573896131094865,
    0.03271263751036978,
    0.08052319234609592,
    -0.5176470588235293
  ],
  "ground_truth_action": [
    0.003274299670010805,
    -0.005605889018625021,
    -0.0017206247430294752,
    0.028317423537373543,
    -0.027377935126423836,
    -0.1339942216873169,
    1.0
  ],
  "action_token_ids": [
    31878,
    31852,
    31898,
    31905,
    31812,
    31821,
    31938
  ],
  "mse_per_dim": [
    2.3281903058337337e-05,
    0.00013588478444626957,
    3.996126893367617e-06,
    0.0023903611389243656,
    0.003610876919817769,
    0.04601772092358266,
    2.3032525951557092
  ],
  "mse_mean": 0.3364906738503474,
  "mse_spatial": 0.008697020299453795,
  "mse_gripper": 2.3032525951557092,
  "mse_per_dim_names": [
    "x",
    "y",
    "z",
    "roll",
    "pitch",
    "yaw",
    "gripper"
  ],
  "grounding": {
    "nouns": [
      "pot",
      "burner"
    ],
    "num_boxes": 1,
    "num_patches": 36,
    "patch_coverage": 0.140625,
    "segmentation": "sam2"
  }
}