{
  "episode_id": 14,
  "step_id": 52,
  "instruction": "move the silver pot to the lower right burner",
  "condition": "sam_var_obj_vt",
  "condition_desc": "VAR(p=0.6,rho=0.5) + obj_redirect + VTR(f=0.3) + SAM2",
  "predicted_action": [
    -0.015418635725975046,
    -0.014669554615722013,
    -0.0075163515372311425,
    -0.0071634173253004585,
    0.006587913932169148,
    0.06279341353505255,
    0.23529411764705888
  ],
  "ground_truth_action": [
    0.010408123955130577,
    0.012347018346190453,
    0.002791539067402482,
    0.007979122921824455,
    -0.00036676120362244546,
    -0.025750791653990746,
    1.0
  ],
  "action_token_ids": [
    31940,
    31916,
    31928,
    31884,
    31851,
    31832,
    31842
  ],
  "mse_per_dim": [
    0.0006670215156255829,
    0.0007298952146063397,
    0.00010625260871709414,
    0.00022929652513579784,
    4.836750624439782e-05,
    0.007840076272559402,
    0.5847750865051903
  ],
  "mse_mean": 0.08491371373543985,
  "mse_spatial": 0.0016034849404814356,
  "mse_gripper": 0.5847750865051903,
  "mse_per_dim_names": [
    "x",
    "y",
    "z",
    "roll",
    "pitch",
    "yaw",
    "gripper"
  ],
  "grounding": {
    "nouns": [
      "pot",
      "burner"
    ],
    "num_boxes": 2,
    "num_patches": 55,
    "patch_coverage": 0.21484375,
    "segmentation": "sam2"
  }
}