{
  "episode_id": 18,
  "step_id": 29,
  "instruction": "Pick up the blue fork and place it on the left of the pot",
  "condition": "sam_var_obj_vt",
  "condition_desc": "VAR(p=0.6,rho=0.5) + obj_redirect + VTR(f=0.3) + SAM2",
  "predicted_action": [
    0.0035936747789382766,
    0.019325226540074562,
    0.00417578588732901,
    0.021573322972830433,
    -0.014847756696098016,
    0.017663067470578525,
    -0.03137254901960784
  ],
  "ground_truth_action": [
    0.0006813722429797053,
    0.018784429877996445,
    -0.00464223138988018,
    0.07752211391925812,
    0.017466681078076363,
    -0.0193549282848835,
    0.0
  ],
  "action_token_ids": [
    31855,
    31811,
    31883,
    31839,
    31883,
    31860,
    31876
  ],
  "mse_per_dim": [
    8.481506060950725e-06,
    2.924610297148338e-07,
    7.775742870115978e-05,
    0.0031302672083670683,
    0.001044222888660988,
    0.0013703320097514045,
    0.000984236831987697
  ],
  "mse_mean": 0.0009450843335084262,
  "mse_spatial": 0.0009385589170952144,
  "mse_gripper": 0.000984236831987697,
  "mse_per_dim_names": [
    "x",
    "y",
    "z",
    "roll",
    "pitch",
    "yaw",
    "gripper"
  ],
  "grounding": {
    "nouns": [
      "fork",
      "pot"
    ],
    "num_boxes": 2,
    "num_patches": 27,
    "patch_coverage": 0.10546875,
    "segmentation": "sam2"
  }
}