{
  "episode_id": 15,
  "step_id": 87,
  "instruction": "sweep into pile",
  "condition": "sam_var_obj_vt",
  "condition_desc": "VAR(p=0.6,rho=0.5) + obj_redirect + VTR(f=0.3) + SAM2",
  "predicted_action": [
    -0.018997423585723434,
    -0.04154161971982787,
    0.010931243065963766,
    0.036260990236319554,
    0.00591804922503579,
    -0.05164424969986378,
    0.2196078431372549
  ],
  "ground_truth_action": [
    0.0,
    0.0,
    0.0,
    0.0,
    0.0,
    0.0,
    1.0
  ],
  "action_token_ids": [
    31956,
    31999,
    31857,
    31816,
    31852,
    31903,
    31844
  ],
  "mse_per_dim": [
    0.00036090210289540104,
    0.001725706168946792,
    0.00011949207496718091,
    0.001314859412918462,
    3.5023306629946714e-05,
    0.00266712852706188,
    0.6090119184928874
  ],
  "mse_mean": 0.08789071858375816,
  "mse_spatial": 0.0010371852655699438,
  "mse_gripper": 0.6090119184928874,
  "mse_per_dim_names": [
    "x",
    "y",
    "z",
    "roll",
    "pitch",
    "yaw",
    "gripper"
  ],
  "grounding": {
    "nouns": [
      "pile"
    ],
    "num_boxes": 1,
    "num_patches": 9,
    "patch_coverage": 0.03515625,
    "segmentation": "sam2"
  }
}