{
  "episode_id": 24,
  "step_id": 26,
  "instruction": "",
  "condition": "sam_var_obj_vt",
  "condition_desc": "VAR(p=0.6,rho=0.5) + obj_redirect + VTR(f=0.3) + SAM2",
  "predicted_action": [
    0.005159394467578193,
    -0.009489397487219678,
    0.001577533126315641,
    -0.04931063642922576,
    -0.02623545671736495,
    -0.012961095930314609,
    0.0
  ],
  "ground_truth_action": [
    0.01588316075503826,
    0.002264529000967741,
    -0.02794569730758667,
    0.006313530262559652,
    -0.0018861045828089118,
    -0.013583621941506863,
    0.0047607929445803165
  ],
  "action_token_ids": [
    31848,
    31900,
    31893,
    31950,
    31900,
    31879,
    31872
  ],
  "mse_per_dim": [
    0.00011499916338806511,
    0.00013815478788971382,
    0.0008716211352532956,
    0.0030940479201555294,
    0.0005928909493726086,
    3.87538634610938e-07,
    2.266514946116572e-05
  ],
  "mse_mean": 0.0006906809491649985,
  "mse_spatial": 0.0008020169157823041,
  "mse_gripper": 2.266514946116572e-05,
  "mse_per_dim_names": [
    "x",
    "y",
    "z",
    "roll",
    "pitch",
    "yaw",
    "gripper"
  ],
  "grounding": {
    "nouns": [],
    "num_boxes": 0,
    "num_patches": 0,
    "patch_coverage": 0.0,
    "segmentation": "sam2"
  }
}