{
  "episode_id": 26,
  "step_id": 16,
  "instruction": "take out the object from the silver pot and put it on the orange cloth",
  "condition": "sam_var_obj_vt",
  "condition_desc": "VAR(p=0.6,rho=0.5) + obj_redirect + VTR(f=0.3) + SAM2",
  "predicted_action": [
    0.0011332581253612577,
    -0.003985480538185947,
    0.032496740982374706,
    0.04647849789787721,
    -0.053699909709832266,
    -0.04519705740493893,
    0.21176470588235285
  ],
  "ground_truth_action": [
    -0.009494845755398273,
    -0.006460618227720261,
    0.015250426717102528,
    0.03580312803387642,
    -0.03139500692486763,
    -0.004037951119244099,
    0.0
  ],
  "action_token_ids": [
    31866,
    31883,
    31774,
    31800,
    31941,
    31899,
    31845
  ],
  "mse_per_dim": [
    0.0001129565921002158,
    6.126306582153262e-06,
    0.00029743535573653065,
    0.00011396352173321627,
    0.0004975086882467232,
    0.0016940720302371236,
    0.04484429065743941
  ],
  "mse_mean": 0.0067951933074393385,
  "mse_spatial": 0.0004536770824393271,
  "mse_gripper": 0.04484429065743941,
  "mse_per_dim_names": [
    "x",
    "y",
    "z",
    "roll",
    "pitch",
    "yaw",
    "gripper"
  ],
  "grounding": {
    "nouns": [
      "object",
      "pot",
      "cloth"
    ],
    "num_boxes": 2,
    "num_patches": 41,
    "patch_coverage": 0.16015625,
    "segmentation": "sam2"
  }
}