{
  "episode_id": 22,
  "step_id": 28,
  "instruction": "",
  "condition": "sam_var_obj_vt",
  "condition_desc": "VAR(p=0.6,rho=0.5) + obj_redirect + VTR(f=0.3) + SAM2",
  "predicted_action": [
    0.003370000537704001,
    0.022562824745388517,
    0.021843904662219905,
    -0.04164750568305751,
    -0.020876539060298155,
    0.07568779812490231,
    0.580392156862745
  ],
  "ground_truth_action": [
    0.005613679997622967,
    -0.005973997060209513,
    -0.012968743219971657,
    -0.005289798136800528,
    -0.024218587204813957,
    0.006331710144877434,
    0.0
  ],
  "action_token_ids": [
    31856,
    31801,
    31815,
    31938,
    31892,
    31824,
    31798
  ],
  "mse_per_dim": [
    5.034097518862263e-06,
    0.0008143501987644552,
    0.0012119204525694563,
    0.0013218828980191518,
    1.1169285800261516e-05,
    0.004810266939892951,
    0.33685505574778923
  ],
  "mse_mean": 0.049289954231479194,
  "mse_spatial": 0.0013624373120941899,
  "mse_gripper": 0.33685505574778923,
  "mse_per_dim_names": [
    "x",
    "y",
    "z",
    "roll",
    "pitch",
    "yaw",
    "gripper"
  ],
  "grounding": {
    "nouns": [],
    "num_boxes": 0,
    "num_patches": 0,
    "patch_coverage": 0.0,
    "segmentation": "sam2"
  }
}