{
  "episode_id": 27,
  "step_id": 20,
  "instruction": "sweep into pile",
  "condition": "sam_var_obj_vt",
  "condition_desc": "VAR(p=0.6,rho=0.5) + obj_redirect + VTR(f=0.3) + SAM2",
  "predicted_action": [
    0.005830417191281013,
    -0.023411069770069706,
    -0.00024124380639371432,
    0.003054090336257184,
    -0.007479244917631175,
    0.0015450867332663376,
    0.0
  ],
  "ground_truth_action": [
    -0.0027017444372177124,
    -0.036004625260829926,
    -0.00854750070720911,
    -0.012164504267275333,
    0.025722000747919083,
    0.0007240287377499044,
    0.0
  ],
  "action_token_ids": [
    31845,
    31943,
    31900,
    31868,
    31872,
    31870,
    31872
  ],
  "mse_per_dim": [
    7.279778205482602e-05,
    0.0001585976398988569,
    6.899390370234338e-05,
    0.00023160562170666907,
    0.0011023227137442197,
    6.741362320014632e-07,
    0.0
  ],
  "mse_mean": 0.00023357025676270233,
  "mse_spatial": 0.0002724986328898194,
  "mse_gripper": 0.0,
  "mse_per_dim_names": [
    "x",
    "y",
    "z",
    "roll",
    "pitch",
    "yaw",
    "gripper"
  ],
  "grounding": {
    "nouns": [
      "pile"
    ],
    "num_boxes": 1,
    "num_patches": 26,
    "patch_coverage": 0.1015625,
    "segmentation": "sam2"
  }
}