{
  "episode_id": 27,
  "step_id": 32,
  "instruction": "sweep into pile",
  "condition": "sam_var_obj_vt",
  "condition_desc": "VAR(p=0.6,rho=0.5) + obj_redirect + VTR(f=0.3) + SAM2",
  "predicted_action": [
    0.002475303572766905,
    0.023534104206982702,
    0.0002784067458089616,
    0.020934728743983083,
    -0.03360396849583179,
    0.017663067470578525,
    0.0
  ],
  "ground_truth_action": [
    0.01833338476717472,
    0.019125409424304962,
    -0.006875304970890284,
    0.021710887551307678,
    -0.020939718931913376,
    -0.01808983087539673,
    0.0
  ],
  "action_token_ids": [
    31860,
    31798,
    31898,
    31840,
    31911,
    31860,
    31872
  ],
  "mse_per_dim": [
    0.0002514787391684308,
    1.9436589686809922e-05,
    5.117559132564006e-05,
    6.024224941875379e-07,
    0.00016038321701720775,
    0.00127826974013764,
    0.0
  ],
  "mse_mean": 0.0002516208999757023,
  "mse_spatial": 0.00029355771663831933,
  "mse_gripper": 0.0,
  "mse_per_dim_names": [
    "x",
    "y",
    "z",
    "roll",
    "pitch",
    "yaw",
    "gripper"
  ],
  "grounding": {
    "nouns": [
      "pile"
    ],
    "num_boxes": 1,
    "num_patches": 19,
    "patch_coverage": 0.07421875,
    "segmentation": "sam2"
  }
}