{
  "episode_id": 21,
  "step_id": 7,
  "instruction": "moved the green object and put it on the table",
  "condition": "sam_var_obj_vt",
  "condition_desc": "VAR(p=0.6,rho=0.5) + obj_redirect + VTR(f=0.3) + SAM2",
  "predicted_action": [
    -0.0013271585282157647,
    -0.00042412251234059256,
    -0.0020600207391030696,
    0.001776901878562484,
    0.017975613953436095,
    -6.671134046487559e-05,
    0.0
  ],
  "ground_truth_action": [
    -0.00514577329158783,
    -0.006316587328910828,
    -0.0044878339394927025,
    -0.017067085951566696,
    0.013492605648934841,
    -0.007507129572331905,
    0.8717949986457825
  ],
  "action_token_ids": [
    31877,
    31872,
    31907,
    31870,
    31834,
    31871,
    31872
  ],
  "mse_per_dim": [
    1.458181871104309e-05,
    3.4721141614518094e-05,
    5.894276935986152e-06,
    0.00035509587734205663,
    2.009736345822721e-05,
    5.53598234650993e-05,
    0.7600265196637999
  ],
  "mse_mean": 0.10864460999504669,
  "mse_spatial": 8.095838358782176e-05,
  "mse_gripper": 0.7600265196637999,
  "mse_per_dim_names": [
    "x",
    "y",
    "z",
    "roll",
    "pitch",
    "yaw",
    "gripper"
  ],
  "grounding": {
    "nouns": [
      "object",
      "table"
    ],
    "num_boxes": 1,
    "num_patches": 48,
    "patch_coverage": 0.1875,
    "segmentation": "sam2"
  }
}