{
  "episode_id": 28,
  "step_id": 25,
  "instruction": "Move the bowl closer to the bottom right of the table.",
  "condition": "sam_var_obj_vt",
  "condition_desc": "VAR(p=0.6,rho=0.5) + obj_redirect + VTR(f=0.3) + SAM2",
  "predicted_action": [
    0.0006859096428927063,
    0.0015184364108477844,
    0.01872600134900387,
    -0.01674233075801075,
    -0.04834099205276547,
    0.014439471323116071,
    0.996078431372549
  ],
  "ground_truth_action": [
    0.0023282337933778763,
    0.008514981716871262,
    0.04456863924860954,
    -0.10487086325883865,
    -0.08456350117921829,
    0.06081147491931915,
    1.0
  ],
  "action_token_ids": [
    31868,
    31866,
    31827,
    31899,
    31933,
    31862,
    31744
  ],
  "mse_per_dim": [
    2.697228615266835e-06,
    4.895164621923915e-05,
    0.0006678419336101355,
    0.00776663824074948,
    0.0013120701674159579,
    0.0021503627175262718,
    1.5378700499807656e-05
  ],
  "mse_mean": 0.0017091343763765941,
  "mse_spatial": 0.0019914269890227254,
  "mse_gripper": 1.5378700499807656e-05,
  "mse_per_dim_names": [
    "x",
    "y",
    "z",
    "roll",
    "pitch",
    "yaw",
    "gripper"
  ],
  "grounding": {
    "nouns": [
      "bowl",
      "table"
    ],
    "num_boxes": 1,
    "num_patches": 15,
    "patch_coverage": 0.05859375,
    "segmentation": "sam2"
  }
}