{
  "episode_id": 20,
  "step_id": 1,
  "instruction": "",
  "condition": "sam_var_obj_vt",
  "condition_desc": "VAR(p=0.6,rho=0.5) + obj_redirect + VTR(f=0.3) + SAM2",
  "predicted_action": [
    0.0015806066078298056,
    0.0157638685142292,
    -0.005697574604521784,
    -0.019935301902247515,
    -0.02623545671736495,
    0.20301984594966835,
    0.996078431372549
  ],
  "ground_truth_action": [
    -0.002697603777050972,
    -0.02949083223938942,
    -0.001935381325893104,
    -0.0019125666003674269,
    0.012688610702753067,
    -0.0706641748547554,
    1.0
  ],
  "action_token_ids": [
    31864,
    31822,
    31921,
    31904,
    31900,
    31744,
    31744
  ],
  "mse_per_dim": [
    1.830308409730173e-05,
    0.00204798794029957,
    1.4154098265758813e-05,
    0.00032481898776163474,
    0.0015150830245258928,
    0.07490294324367627,
    1.5378700499807656e-05
  ],
  "mse_mean": 0.011262667011303748,
  "mse_spatial": 0.013137215063104404,
  "mse_gripper": 1.5378700499807656e-05,
  "mse_per_dim_names": [
    "x",
    "y",
    "z",
    "roll",
    "pitch",
    "yaw",
    "gripper"
  ],
  "grounding": {
    "nouns": [],
    "num_boxes": 0,
    "num_patches": 0,
    "patch_coverage": 0.0,
    "segmentation": "sam2"
  }
}