{
  "episode_id": 28,
  "step_id": 19,
  "instruction": "Move the bowl closer to the bottom right of the table.",
  "condition": "sam_var_obj_vt",
  "condition_desc": "VAR(p=0.6,rho=0.5) + obj_redirect + VTR(f=0.3) + SAM2",
  "predicted_action": [
    -0.004458597905495604,
    -0.0007478823328719852,
    -0.012972682335359214,
    0.017741757599746305,
    0.041420878703103306,
    0.011215875175653645,
    -0.03921568627450983
  ],
  "ground_truth_action": [
    -0.0136571628972888,
    -0.0036957396660000086,
    -0.011775018647313118,
    0.0235145203769207,
    0.02903834916651249,
    -0.026534248143434525,
    0.0
  ],
  "action_token_ids": [
    31891,
    31873,
    31949,
    31845,
    31799,
    31864,
    31877
  ],
  "mse_per_dim": [
    8.461359790824335e-05,
    8.689862856476662e-06,
    1.4343983096641756e-06,
    3.332479008153023e-05,
    0.00015332703772454398,
    0.0014250718106063643,
    0.0015378700499807788
  ],
  "mse_mean": 0.00046347593535251455,
  "mse_spatial": 0.00028441024958113714,
  "mse_gripper": 0.0015378700499807788,
  "mse_per_dim_names": [
    "x",
    "y",
    "z",
    "roll",
    "pitch",
    "yaw",
    "gripper"
  ],
  "grounding": {
    "nouns": [
      "bowl",
      "table"
    ],
    "num_boxes": 1,
    "num_patches": 15,
    "patch_coverage": 0.05859375,
    "segmentation": "sam2"
  }
}