{
  "episode_id": 20,
  "step_id": 13,
  "instruction": "",
  "condition": "sam_var_obj_vt",
  "condition_desc": "VAR(p=0.6,rho=0.5) + obj_redirect + VTR(f=0.3) + SAM2",
  "predicted_action": [
    -0.004458597905495604,
    -0.002042921614997577,
    -0.005957399880623118,
    -0.0058862288676057445,
    0.014626290417769333,
    -6.671134046487559e-05,
    0.0
  ],
  "ground_truth_action": [
    0.00017366623796988279,
    -0.0017542541027069092,
    7.790836389176548e-05,
    3.624303644755855e-05,
    -0.0037183675449341536,
    -0.004386936780065298,
    0.0
  ],
  "action_token_ids": [
    31891,
    31877,
    31922,
    31882,
    31839,
    31871,
    31872
  ],
  "mse_per_dim": [
    2.145787109483604e-05,
    8.332893265208274e-08,
    3.642494560630933e-05,
    3.5075673454300754e-05,
    0.0003365264757685804,
    1.8664347848970663e-05,
    0.0
  ],
  "mse_mean": 6.403323467223561e-05,
  "mse_spatial": 7.470544045094154e-05,
  "mse_gripper": 0.0,
  "mse_per_dim_names": [
    "x",
    "y",
    "z",
    "roll",
    "pitch",
    "yaw",
    "gripper"
  ],
  "grounding": {
    "nouns": [],
    "num_boxes": 0,
    "num_patches": 0,
    "patch_coverage": 0.0,
    "segmentation": "sam2"
  }
}