{
  "episode_id": 26,
  "step_id": 32,
  "instruction": "take out the object from the silver pot and put it on the orange cloth",
  "condition": "sam_var_obj_vt",
  "condition_desc": "VAR(p=0.6,rho=0.5) + obj_redirect + VTR(f=0.3) + SAM2",
  "predicted_action": [
    -0.006471666076604071,
    0.0011946765903163847,
    -0.005177924052319111,
    0.0004997134208677839,
    0.011276966882102613,
    0.012827673249384858,
    -0.01568627450980392
  ],
  "ground_truth_action": [
    0.0,
    0.0,
    0.0,
    0.0,
    0.0,
    0.0,
    1.0
  ],
  "action_token_ids": [
    31900,
    31867,
    31919,
    31872,
    31844,
    31863,
    31874
  ],
  "mse_per_dim": [
    4.188246180706793e-05,
    1.427252155449983e-06,
    2.6810897491584766e-05,
    2.4971350299538296e-07,
    0.0001271699820600391,
    0.00016454920099298387,
    1.0316186082276046
  ],
  "mse_mean": 0.14742581396223067,
  "mse_spatial": 6.034825133502018e-05,
  "mse_gripper": 1.0316186082276046,
  "mse_per_dim_names": [
    "x",
    "y",
    "z",
    "roll",
    "pitch",
    "yaw",
    "gripper"
  ],
  "grounding": {
    "nouns": [
      "object",
      "pot",
      "cloth"
    ],
    "num_boxes": 2,
    "num_patches": 63,
    "patch_coverage": 0.24609375,
    "segmentation": "sam2"
  }
}