{
  "episode_id": 26,
  "step_id": 4,
  "instruction": "take out the object from the silver pot and put it on the orange cloth",
  "condition": "sam_var_obj_vt",
  "condition_desc": "VAR(p=0.6,rho=0.5) + obj_redirect + VTR(f=0.3) + SAM2",
  "predicted_action": [
    0.006277765673749571,
    0.0245053836685769,
    0.005994562820038369,
    0.017103163370898955,
    -0.006809380210497831,
    0.033781048207890685,
    0.015686274509803866
  ],
  "ground_truth_action": [
    0.0065503534860908985,
    0.031821511685848236,
    0.003774794051423669,
    0.016606202349066734,
    -0.013276048004627228,
    0.04835493490099907,
    1.0
  ],
  "action_token_ids": [
    31843,
    31795,
    31876,
    31846,
    31871,
    31850,
    31870
  ],
  "mse_per_dim": [
    7.430411543703071e-08,
    5.35257291651026e-05,
    4.927373386117222e-06,
    2.4697025722052495e-07,
    4.181779235963036e-05,
    0.00021239817334356163,
    0.9688735101883892
  ],
  "mse_mean": 0.13845521436157376,
  "mse_spatial": 5.216505710451156e-05,
  "mse_gripper": 0.9688735101883892,
  "mse_per_dim_names": [
    "x",
    "y",
    "z",
    "roll",
    "pitch",
    "yaw",
    "gripper"
  ],
  "grounding": {
    "nouns": [
      "object",
      "pot",
      "cloth"
    ],
    "num_boxes": 2,
    "num_patches": 58,
    "patch_coverage": 0.2265625,
    "segmentation": "sam2"
  }
}