{
  "episode_id": 21,
  "step_id": 30,
  "instruction": "moved the green object and put it on the table",
  "condition": "sam_var_obj_vt",
  "condition_desc": "VAR(p=0.6,rho=0.5) + obj_redirect + VTR(f=0.3) + SAM2",
  "predicted_action": [
    0.009632879292263686,
    0.00022339712872219974,
    -0.025963946140426047,
    -0.018658113444552808,
    0.00792764334643585,
    -0.030690874741357954,
    0.196078431372549
  ],
  "ground_truth_action": [
    0.01873711869120598,
    -0.00416317954659462,
    -0.01294016931205988,
    -0.017609264701604843,
    0.006740646902471781,
    -0.026111330837011337,
    0.0
  ],
  "action_token_ids": [
    31828,
    31870,
    31999,
    31902,
    31849,
    31890,
    31847
  ],
  "mse_per_dim": [
    8.288717503325312e-05,
    1.9242054928433563e-05,
    0.00016961876287508752,
    1.1000836855835266e-06,
    1.4089605579833465e-06,
    2.0972222371838254e-05,
    0.038446751249519406
  ],
  "mse_mean": 0.005534568644138797,
  "mse_spatial": 4.920487657536322e-05,
  "mse_gripper": 0.038446751249519406,
  "mse_per_dim_names": [
    "x",
    "y",
    "z",
    "roll",
    "pitch",
    "yaw",
    "gripper"
  ],
  "grounding": {
    "nouns": [
      "object",
      "table"
    ],
    "num_boxes": 1,
    "num_patches": 31,
    "patch_coverage": 0.12109375,
    "segmentation": "sam2"
  }
}