{
  "episode_id": 21,
  "step_id": 26,
  "instruction": "moved the green object and put it on the table",
  "condition": "sam_var_obj_vt",
  "condition_desc": "VAR(p=0.6,rho=0.5) + obj_redirect + VTR(f=0.3) + SAM2",
  "predicted_action": [
    0.008961856568560859,
    0.013821309591040831,
    -0.025963946140426047,
    -0.024405461504178987,
    0.050129119895836835,
    -0.0016785094141960888,
    0.0
  ],
  "ground_truth_action": [
    -0.04568471387028694,
    0.01520800031721592,
    -0.030231898650527,
    0.04429061338305473,
    0.05363329499959946,
    0.137079119682312,
    0.0
  ],
  "action_token_ids": [
    31831,
    31828,
    31999,
    31911,
    31786,
    31872,
    31872
  ],
  "mse_per_dim": [
    0.0029862476607279537,
    1.9229111700599936e-06,
    1.8215418628477025e-05,
    0.0047191507049124245,
    1.227924315782978e-05,
    0.019253679632484113,
    0.0
  ],
  "mse_mean": 0.0038559279387258365,
  "mse_spatial": 0.004498582595180143,
  "mse_gripper": 0.0,
  "mse_per_dim_names": [
    "x",
    "y",
    "z",
    "roll",
    "pitch",
    "yaw",
    "gripper"
  ],
  "grounding": {
    "nouns": [
      "object",
      "table"
    ],
    "num_boxes": 1,
    "num_patches": 36,
    "patch_coverage": 0.140625,
    "segmentation": "sam2"
  }
}