{
  "episode_id": 28,
  "step_id": 10,
  "instruction": "Move the bowl closer to the bottom right of the table.",
  "condition": "sam_var_obj_vt",
  "condition_desc": "VAR(p=0.6,rho=0.5) + obj_redirect + VTR(f=0.3) + SAM2",
  "predicted_action": [
    -0.00378757518179278,
    -0.0017191617944661772,
    1.8581469707623643e-05,
    -0.0014160692656742802,
    -0.004129921381964441,
    -0.008125701709120942,
    -0.03137254901960784
  ],
  "ground_truth_action": [
    -0.0014291509287431836,
    -0.0006601425120607018,
    0.013484366238117218,
    3.605608799261972e-05,
    -0.03361482545733452,
    -0.0077441087923944,
    0.0
  ],
  "action_token_ids": [
    31888,
    31876,
    31899,
    31875,
    31867,
    31876,
    31876
  ],
  "mse_per_dim": [
    5.562164957372547e-06,
    1.1215218405066079e-06,
    0.00018132735942913184,
    2.108668042762219e-06,
    0.000869359568333775,
    1.4561315409586957e-07,
    0.000984236831987697
  ],
  "mse_mean": 0.00029198024682076294,
  "mse_spatial": 0.00017660414929294066,
  "mse_gripper": 0.000984236831987697,
  "mse_per_dim_names": [
    "x",
    "y",
    "z",
    "roll",
    "pitch",
    "yaw",
    "gripper"
  ],
  "grounding": {
    "nouns": [
      "bowl",
      "table"
    ],
    "num_boxes": 1,
    "num_patches": 12,
    "patch_coverage": 0.046875,
    "segmentation": "sam2"
  }
}