{
  "episode_id": 22,
  "step_id": 34,
  "instruction": "",
  "condition": "sam_var_obj_vt",
  "condition_desc": "VAR(p=0.6,rho=0.5) + obj_redirect + VTR(f=0.3) + SAM2",
  "predicted_action": [
    -0.0017745070106843092,
    -0.0010716421534033849,
    0.0013177078502143065,
    0.0004997134208677839,
    0.006587913932169148,
    -0.006513903635389756,
    -0.07058823529411762
  ],
  "ground_truth_action": [
    -0.0006987241213209927,
    0.003470252500846982,
    0.011859080754220486,
    -0.008457322604954243,
    -0.011443758383393288,
    0.014453722164034843,
    1.0
  ],
  "action_token_ids": [
    31879,
    31874,
    31894,
    31872,
    31851,
    31875,
    31881
  ],
  "mse_per_dim": [
    1.1573088250468857e-06,
    2.062880705030806e-05,
    0.00011112054270131567,
    8.022849436787364e-05,
    0.0003251412064958208,
    0.0004396413316646961,
    1.146159169550173
  ],
  "mse_mean": 0.163876726748754,
  "mse_spatial": 0.00016298628185084353,
  "mse_gripper": 1.146159169550173,
  "mse_per_dim_names": [
    "x",
    "y",
    "z",
    "roll",
    "pitch",
    "yaw",
    "gripper"
  ],
  "grounding": {
    "nouns": [],
    "num_boxes": 0,
    "num_patches": 0,
    "patch_coverage": 0.0,
    "segmentation": "sam2"
  }
}