{
  "episode_id": 24,
  "step_id": 33,
  "instruction": "",
  "condition": "sam_var_obj_vt",
  "condition_desc": "VAR(p=0.6,rho=0.5) + obj_redirect + VTR(f=0.3) + SAM2",
  "predicted_action": [
    0.004264697502641097,
    0.016735147975823386,
    0.014568796931382483,
    -0.016103736529163387,
    -0.02020667435316481,
    0.04345183665027799,
    -0.0862745098039216
  ],
  "ground_truth_action": [
    -0.07683560997247696,
    -0.08407176285982132,
    0.0855814516544342,
    0.00755402771756053,
    -0.00843566469848156,
    0.041369788348674774,
    0.9992413520812988
  ],
  "action_token_ids": [
    31852,
    31819,
    31843,
    31898,
    31891,
    31844,
    31883
  ],
  "mse_per_dim": [
    0.006577259872558689,
    0.010162033272225621,
    0.00504279713081536,
    0.0005596898091535684,
    0.0001385566682906463,
    4.334925130208843e-06,
    1.1783446864044131
  ],
  "mse_mean": 0.17154705115465532,
  "mse_spatial": 0.003747445279695683,
  "mse_gripper": 1.1783446864044131,
  "mse_per_dim_names": [
    "x",
    "y",
    "z",
    "roll",
    "pitch",
    "yaw",
    "gripper"
  ],
  "grounding": {
    "nouns": [],
    "num_boxes": 0,
    "num_patches": 0,
    "patch_coverage": 0.0,
    "segmentation": "sam2"
  }
}