{
  "episode_id": 24,
  "step_id": 11,
  "instruction": "",
  "condition": "sam_var_obj_vt",
  "condition_desc": "VAR(p=0.6,rho=0.5) + obj_redirect + VTR(f=0.3) + SAM2",
  "predicted_action": [
    -0.0013271585282157647,
    0.005727314077755924,
    -0.0025796712913057455,
    -0.011633576927231923,
    0.0025687256893690558,
    0.014439471323116071,
    0.0
  ],
  "ground_truth_action": [
    -0.0001032792788464576,
    -0.002572382800281048,
    0.00860215350985527,
    0.021459544077515602,
    0.010075001046061516,
    -0.014680414460599422,
    0.005224931053817272
  ],
  "action_token_ids": [
    31877,
    31853,
    31909,
    31891,
    31857,
    31862,
    31872
  ],
  "mse_per_dim": [
    1.4978804170367785e-06,
    6.888496826729665e-05,
    0.00012503320588385958,
    0.0010951546578348618,
    5.6344169730488515e-05,
    0.0008479677480566357,
    2.729990451714407e-05
  ],
  "mse_mean": 0.00031745464781533187,
  "mse_spatial": 0.0003658137716983632,
  "mse_gripper": 2.729990451714407e-05,
  "mse_per_dim_names": [
    "x",
    "y",
    "z",
    "roll",
    "pitch",
    "yaw",
    "gripper"
  ],
  "grounding": {
    "nouns": [],
    "num_boxes": 0,
    "num_patches": 0,
    "patch_coverage": 0.0,
    "segmentation": "sam2"
  }
}