{
  "episode_id": 24,
  "step_id": 19,
  "instruction": "",
  "condition": "sam_var_obj_vt",
  "condition_desc": "VAR(p=0.6,rho=0.5) + obj_redirect + VTR(f=0.3) + SAM2",
  "predicted_action": [
    -0.00378757518179278,
    0.005403554257224531,
    0.0062543880961397035,
    0.033068019092082776,
    -0.03695329203149853,
    0.0063804809544599494,
    -0.43137254901960786
  ],
  "ground_truth_action": [
    -0.005363337229937315,
    -0.01216106303036213,
    0.02613276056945324,
    -0.016803894191980362,
    -0.008203942328691483,
    -0.20387676358222961,
    0.0005356782930903137
  ],
  "action_token_ids": [
    31888,
    31854,
    31875,
    31821,
    31916,
    31867,
    31927
  ],
  "mse_per_dim": [
    2.4830260323726595e-06,
    0.0003085157804593882,
    0.0003951496921877893,
    0.0024872077346131134,
    0.0008265251083342918,
    0.04420810888016127,
    0.18654471682039736
  ],
  "mse_mean": 0.033538958148883656,
  "mse_spatial": 0.008037998370298038,
  "mse_gripper": 0.18654471682039736,
  "mse_per_dim_names": [
    "x",
    "y",
    "z",
    "roll",
    "pitch",
    "yaw",
    "gripper"
  ],
  "grounding": {
    "nouns": [],
    "num_boxes": 0,
    "num_patches": 0,
    "patch_coverage": 0.0,
    "segmentation": "sam2"
  }
}