{
  "episode_id": 24,
  "step_id": 3,
  "instruction": "",
  "condition": "sam_var_obj_vt",
  "condition_desc": "VAR(p=0.6,rho=0.5) + obj_redirect + VTR(f=0.3) + SAM2",
  "predicted_action": [
    -0.012063522107460933,
    0.023210344386451302,
    -0.0005010690824950523,
    0.024127699888219833,
    0.025344125731902922,
    0.11437095189445148,
    -0.14901960784313728
  ],
  "ground_truth_action": [
    0.009257117286324501,
    -0.015157554298639297,
    -0.003945384174585342,
    0.013968350365757942,
    -0.03014279529452324,
    0.026325250044465065,
    0.06690704077482224
  ],
  "action_token_ids": [
    31925,
    31799,
    31901,
    31835,
    31823,
    31800,
    31891
  ],
  "mse_per_dim": [
    0.0004545696641598353,
    0.001472095649509377,
    1.1863306453600944e-05,
    0.00010321238271954666,
    0.0030787984049928537,
    0.007752045614256702,
    0.046624317583383756
  ],
  "mse_mean": 0.008499557515067953,
  "mse_spatial": 0.0021454308370153193,
  "mse_gripper": 0.046624317583383756,
  "mse_per_dim_names": [
    "x",
    "y",
    "z",
    "roll",
    "pitch",
    "yaw",
    "gripper"
  ],
  "grounding": {
    "nouns": [],
    "num_boxes": 0,
    "num_patches": 0,
    "patch_coverage": 0.0,
    "segmentation": "sam2"
  }
}