{
  "episode_id": 23,
  "step_id": 8,
  "instruction": "",
  "condition": "sam_var_obj_vt",
  "condition_desc": "VAR(p=0.6,rho=0.5) + obj_redirect + VTR(f=0.3) + SAM2",
  "predicted_action": [
    -0.007142688800306895,
    0.016087628334760594,
    0.015348272759686487,
    0.011994409540120127,
    0.02333453161050289,
    0.10631196152579539,
    0.996078431372549
  ],
  "ground_truth_action": [
    0.004107907880097628,
    -0.015277733094990253,
    0.0019571692682802677,
    -0.004508156795054674,
    0.030316047370433807,
    0.2560601532459259,
    0.984706461429596
  ],
  "action_token_ids": [
    31903,
    31821,
    31840,
    31854,
    31826,
    31805,
    31744
  ],
  "mse_per_dim": [
    0.00012657592566512926,
    0.0009837858976189022,
    0.00017932165271755183,
    0.00027233469564684465,
    4.8741562306163776e-05,
    0.022424520923448966,
    0.00012932170038342842
  ],
  "mse_mean": 0.003452086051112427,
  "mse_spatial": 0.00400588010956726,
  "mse_gripper": 0.00012932170038342842,
  "mse_per_dim_names": [
    "x",
    "y",
    "z",
    "roll",
    "pitch",
    "yaw",
    "gripper"
  ],
  "grounding": {
    "nouns": [],
    "num_boxes": 0,
    "num_patches": 0,
    "patch_coverage": 0.0,
    "segmentation": "sam2"
  }
}