{
  "episode_id": 27,
  "step_id": 23,
  "instruction": "sweep into pile",
  "condition": "sam_var_obj_vt",
  "condition_desc": "VAR(p=0.6,rho=0.5) + obj_redirect + VTR(f=0.3) + SAM2",
  "predicted_action": [
    -0.0013271585282157647,
    -0.03474266348866856,
    -0.0005010690824950523,
    -0.010994982698384559,
    -0.009488839039031222,
    -0.0709858265846384,
    -0.196078431372549
  ],
  "ground_truth_action": [
    -0.003175875172019005,
    -0.02667793072760105,
    -0.0028899137396365404,
    -0.007090853992849588,
    0.013174111023545265,
    -0.01554633304476738,
    0.0
  ],
  "action_token_ids": [
    31877,
    31978,
    31901,
    31890,
    31875,
    31915,
    31897
  ],
  "mse_per_dim": [
    3.4177532290751163e-06,
    6.503991450743552e-05,
    5.706578795953434e-06,
    1.5242220949382163e-05,
    0.0005136093055388356,
    0.0030735374439574002,
    0.038446751249519406
  ],
  "mse_mean": 0.006017614923785356,
  "mse_spatial": 0.000612758869496347,
  "mse_gripper": 0.038446751249519406,
  "mse_per_dim_names": [
    "x",
    "y",
    "z",
    "roll",
    "pitch",
    "yaw",
    "gripper"
  ],
  "grounding": {
    "nouns": [
      "pile"
    ],
    "num_boxes": 1,
    "num_patches": 26,
    "patch_coverage": 0.1015625,
    "segmentation": "sam2"
  }
}