{
  "episode_id": 21,
  "step_id": 14,
  "instruction": "moved the green object and put it on the table",
  "condition": "sam_var_obj_vt",
  "condition_desc": "VAR(p=0.6,rho=0.5) + obj_redirect + VTR(f=0.3) + SAM2",
  "predicted_action": [
    0.009632879292263686,
    0.0008709167697849851,
    0.00963211668545708,
    -0.08060175364274605,
    -0.0925520627235665,
    -0.20637686477806055,
    -0.1647058823529412
  ],
  "ground_truth_action": [
    0.010695397853851318,
    0.0027643470093607903,
    -0.012894943356513977,
    -0.03717831149697304,
    -0.04749158397316933,
    -0.11113125830888748,
    1.0
  ],
  "action_token_ids": [
    31828,
    31868,
    31862,
    31999,
    31999,
    31999,
    31893
  ],
  "mse_per_dim": [
    1.1289456937182515e-06,
    3.585078072140091e-06,
    0.0005074684341345691,
    0.001885595327787296,
    0.0020304467452149956,
    0.009071725551680584,
    1.3565397923875435
  ],
  "mse_mean": 0.1957199632100181,
  "mse_spatial": 0.0022499916804305507,
  "mse_gripper": 1.3565397923875435,
  "mse_per_dim_names": [
    "x",
    "y",
    "z",
    "roll",
    "pitch",
    "yaw",
    "gripper"
  ],
  "grounding": {
    "nouns": [
      "object",
      "table"
    ],
    "num_boxes": 1,
    "num_patches": 34,
    "patch_coverage": 0.1328125,
    "segmentation": "sam2"
  }
}