{
  "episode_id": 20,
  "step_id": 18,
  "instruction": "",
  "condition": "sam_var_obj_vt",
  "condition_desc": "VAR(p=0.6,rho=0.5) + obj_redirect + VTR(f=0.3) + SAM2",
  "predicted_action": [
    -0.008484734247712542,
    0.014468829232103624,
    -0.012712857059257874,
    -0.01674233075801075,
    -0.026905321424498307,
    -0.07743301887956325,
    0.1725490196078432
  ],
  "ground_truth_action": [
    0.026167863979935646,
    0.005191785283386707,
    0.006250519771128893,
    -0.041735704988241196,
    -0.05587657541036606,
    0.05737519636750221,
    0.0
  ],
  "action_token_ids": [
    31909,
    31826,
    31948,
    31899,
    31901,
    31919,
    31850
  ],
  "mse_per_dim": [
    0.001200802563926806,
    8.606354442642516e-05,
    0.0003596096608112497,
    0.0006246687554123472,
    0.000839333557513658,
    0.018173254898099133,
    0.029773164167627854
  ],
  "mse_mean": 0.00729384244968821,
  "mse_spatial": 0.0035472888300316033,
  "mse_gripper": 0.029773164167627854,
  "mse_per_dim_names": [
    "x",
    "y",
    "z",
    "roll",
    "pitch",
    "yaw",
    "gripper"
  ],
  "grounding": {
    "nouns": [],
    "num_boxes": 0,
    "num_patches": 0,
    "patch_coverage": 0.0,
    "segmentation": "sam2"
  }
}