{
  "episode_id": 24,
  "step_id": 32,
  "instruction": "",
  "condition": "sam_var_obj_vt",
  "condition_desc": "VAR(p=0.6,rho=0.5) + obj_redirect + VTR(f=0.3) + SAM2",
  "predicted_action": [
    0.004264697502641097,
    -0.00042412251234059256,
    0.007813339752747724,
    -0.002693257723368994,
    0.007257778639302506,
    -0.1805880955983611,
    0.0
  ],
  "ground_truth_action": [
    0.0032879963982850313,
    0.0031085314694792032,
    0.001660947222262621,
    0.0064770011231303215,
    0.010045680217444897,
    0.07077140361070633,
    0.9961150288581848
  ],
  "action_token_ids": [
    31852,
    31872,
    31869,
    31877,
    31850,
    31983,
    31872
  ],
  "mse_per_dim": [
    9.539450472503579e-07,
    1.2479644155267258e-05,
    3.785193384916889e-05,
    8.409364731179895e-05,
    7.772395209408832e-06,
    0.06318159784263316,
    0.9922451507171424
  ],
  "mse_mean": 0.15079570001790693,
  "mse_spatial": 0.010554124901367675,
  "mse_gripper": 0.9922451507171424,
  "mse_per_dim_names": [
    "x",
    "y",
    "z",
    "roll",
    "pitch",
    "yaw",
    "gripper"
  ],
  "grounding": {
    "nouns": [],
    "num_boxes": 0,
    "num_patches": 0,
    "patch_coverage": 0.0,
    "segmentation": "sam2"
  }
}