{
  "episode_id": 27,
  "step_id": 49,
  "instruction": "sweep into pile",
  "condition": "sam_var_obj_vt",
  "condition_desc": "VAR(p=0.6,rho=0.5) + obj_redirect + VTR(f=0.3) + SAM2",
  "predicted_action": [
    0.00046223540165843055,
    0.02644794259176527,
    -0.025963946140426047,
    -0.030152809563805158,
    0.01060710217496924,
    0.13532432685295723,
    0.0
  ],
  "ground_truth_action": [
    -0.00021401737467385828,
    0.01947336085140705,
    -0.015532249584794044,
    -0.004730719607323408,
    0.031204894185066223,
    0.06127668917179108,
    0.0
  ],
  "action_token_ids": [
    31869,
    31789,
    31999,
    31920,
    31845,
    31787,
    31872
  ],
  "mse_per_dim": [
    4.5731781749712866e-07,
    4.864479045293829e-05,
    0.00010882029302878459,
    0.0006462826577554502,
    0.0004242690356912151,
    0.005483052646161257,
    0.0
  ],
  "mse_mean": 0.000958789534415306,
  "mse_spatial": 0.0011185877901511902,
  "mse_gripper": 0.0,
  "mse_per_dim_names": [
    "x",
    "y",
    "z",
    "roll",
    "pitch",
    "yaw",
    "gripper"
  ],
  "grounding": {
    "nouns": [
      "pile"
    ],
    "num_boxes": 1,
    "num_patches": 17,
    "patch_coverage": 0.06640625,
    "segmentation": "sam2"
  }
}