{
  "episode_id": 21,
  "step_id": 27,
  "instruction": "moved the green object and put it on the table",
  "condition": "sam_var_obj_vt",
  "condition_desc": "VAR(p=0.6,rho=0.5) + obj_redirect + VTR(f=0.3) + SAM2",
  "predicted_action": [
    0.0044883717438753655,
    -0.037656501873451126,
    0.0140491463791798,
    -0.016103736529163387,
    0.007257778639302506,
    0.016051269396847284,
    -0.04705882352941182
  ],
  "ground_truth_action": [
    -0.03529078885912895,
    0.003513097297400236,
    -0.033737730234861374,
    0.004900835454463959,
    0.023560764268040657,
    0.15466347336769104,
    0.0
  ],
  "action_token_ids": [
    31851,
    31987,
    31845,
    31898,
    31850,
    31861,
    31878
  ],
  "mse_per_dim": [
    0.001582381618279611,
    0.0016949358958885652,
    0.002283585576525595,
    0.0004411920442153828,
    0.00026578734041084266,
    0.019213343089654795,
    0.0022145328719723233
  ],
  "mse_mean": 0.003956536919563874,
  "mse_spatial": 0.004246870927495799,
  "mse_gripper": 0.0022145328719723233,
  "mse_per_dim_names": [
    "x",
    "y",
    "z",
    "roll",
    "pitch",
    "yaw",
    "gripper"
  ],
  "grounding": {
    "nouns": [
      "object",
      "table"
    ],
    "num_boxes": 1,
    "num_patches": 48,
    "patch_coverage": 0.1875,
    "segmentation": "sam2"
  }
}