{
  "episode_id": 6,
  "step_id": 4,
  "instruction": "Picked the piece of chocolate and put it into the drawer",
  "condition": "spin_k8",
  "condition_desc": "SPIN(k=8,a=0.05)",
  "predicted_action": [
    -0.002221855493152857,
    0.0005471569492535924,
    0.00885264085715307,
    0.0036926845651045342,
    0.025344125731902922,
    -0.053256047773594994,
    -0.01568627450980392
  ],
  "ground_truth_action": [
    0.002378100296482444,
    -0.010210070759057999,
    -0.008510502055287361,
    -0.005872987676411867,
    -0.007000335492193699,
    0.09902535378932953,
    1.0
  ],
  "action_token_ids": [
    31881,
    31869,
    31865,
    31867,
    31823,
    31904,
    31874
  ],
  "mse_per_dim": [
    2.1159593266599325e-05,
    0.00011571794796846664,
    0.00030147873179783033,
    9.150208543211741e-05,
    0.0010461641718770899,
    0.02318962526196867,
    1.0316186082276046
  ],
  "mse_mean": 0.15091203657427363,
  "mse_spatial": 0.004127607965385129,
  "mse_gripper": 1.0316186082276046,
  "mse_per_dim_names": [
    "x",
    "y",
    "z",
    "roll",
    "pitch",
    "yaw",
    "gripper"
  ],
  "grounding": {
    "nouns": [
      "piece",
      "chocolate",
      "it",
      "drawer"
    ],
    "num_boxes": 0,
    "num_patches": 0,
    "patch_coverage": 0.0
  }
}