{
  "episode_id": 8,
  "step_id": 12,
  "instruction": "open the drawer",
  "condition": "spin_k8",
  "condition_desc": "SPIN(k=8,a=0.05)",
  "predicted_action": [
    -0.0053532948704327,
    -0.010460676948813866,
    0.00911246613325441,
    -0.002693257723368994,
    0.0025687256893690558,
    -6.671134046487559e-05,
    -0.1647058823529412
  ],
  "ground_truth_action": [
    -0.004396521486341953,
    -0.014862921088933945,
    0.004534116014838219,
    -0.021128853783011436,
    -0.000970673281699419,
    -0.020190762355923653,
    0.0
  ],
  "action_token_ids": [
    31895,
    31903,
    31864,
    31877,
    31857,
    31871,
    31893
  ],
  "mse_per_dim": [
    9.154153085044588e-07,
    1.9379753469221567e-05,
    2.0961289806801557e-05,
    0.00033987120207430396,
    1.2527345076400579e-05,
    0.00040497742927278745,
    0.027128027681660907
  ],
  "mse_mean": 0.003989522873809847,
  "mse_spatial": 0.00013310540583466994,
  "mse_gripper": 0.027128027681660907,
  "mse_per_dim_names": [
    "x",
    "y",
    "z",
    "roll",
    "pitch",
    "yaw",
    "gripper"
  ],
  "grounding": {
    "nouns": [
      "drawer"
    ],
    "num_boxes": 0,
    "num_patches": 0,
    "patch_coverage": 0.0
  }
}