{
  "episode_id": 7,
  "step_id": 4,
  "instruction": "Move the blue fork to the lower right burner",
  "condition": "spin_k8",
  "condition_desc": "SPIN(k=8,a=0.05)",
  "predicted_action": [
    0.0026989778140011807,
    -0.01628835371837899,
    -0.0072565262611298045,
    -0.020573896131094865,
    -0.023555997888831545,
    -0.038749865110014076,
    0.07843137254901955
  ],
  "ground_truth_action": [
    -0.015686605125665665,
    0.020078985020518303,
    -0.008050421252846718,
    0.01020619086921215,
    0.011735349893569946,
    0.03909878060221672,
    1.0
  ],
  "action_token_ids": [
    31859,
    31921,
    31927,
    31905,
    31896,
    31895,
    31862
  ],
  "mse_per_dim": [
    0.00033802966003136853,
    0.0013225833269496995,
    6.302692578731978e-07,
    0.0009474137557464689,
    0.0012454792282984148,
    0.0060604116392284305,
    0.849288735101884
  ],
  "mse_mean": 0.12274332614019946,
  "mse_spatial": 0.001652424646585376,
  "mse_gripper": 0.849288735101884,
  "mse_per_dim_names": [
    "x",
    "y",
    "z",
    "roll",
    "pitch",
    "yaw",
    "gripper"
  ],
  "grounding": {
    "nouns": [
      "fork",
      "burner"
    ],
    "num_boxes": 2,
    "num_patches": 180,
    "patch_coverage": 0.703125
  }
}