{
  "episode_id": 2,
  "step_id": 37,
  "instruction": "put the red object into the pot",
  "condition": "spin_k8",
  "condition_desc": "SPIN(k=8,a=0.05)",
  "predicted_action": [
    1.4886919189882608e-05,
    -0.019202192103161552,
    0.004695436439531686,
    -0.0058862288676057445,
    -0.03293410378869844,
    -0.01779649015150825,
    -0.2823529411764706
  ],
  "ground_truth_action": [
    0.004945605061948299,
    0.0015782836126163602,
    0.02320173755288124,
    -0.01944441720843315,
    -0.043101437389850616,
    -0.00014353857841342688,
    1.0
  ],
  "action_token_ids": [
    31871,
    31930,
    31881,
    31882,
    31910,
    31882,
    31908
  ],
  "mse_per_dim": [
    2.431198140332701e-05,
    0.00043182817097403553,
    0.000342483180897963,
    0.00018382447108534824,
    0.0001033746725571181,
    0.00031162669924203094,
    1.6444290657439444
  ],
  "mse_mean": 0.2351180735600149,
  "mse_spatial": 0.00023290819602663716,
  "mse_gripper": 1.6444290657439444,
  "mse_per_dim_names": [
    "x",
    "y",
    "z",
    "roll",
    "pitch",
    "yaw",
    "gripper"
  ],
  "grounding": {
    "nouns": [
      "object",
      "pot"
    ],
    "num_boxes": 2,
    "num_patches": 39,
    "patch_coverage": 0.15234375
  }
}