{
  "episode_id": 4,
  "step_id": 19,
  "instruction": "",
  "condition": "spin_k8",
  "condition_desc": "SPIN(k=8,a=0.05)",
  "predicted_action": [
    -0.011839847866226657,
    -0.017583393000504578,
    0.0033963100590249998,
    -0.025044055733026337,
    -0.03695329203149853,
    -0.14029314375508067,
    -0.05490196078431375
  ],
  "ground_truth_action": [
    -0.014421187341213226,
    -0.004377815406769514,
    0.0055482033640146255,
    -0.025348879396915436,
    -0.021771647036075592,
    -0.1898866593837738,
    0.008169634267687798
  ],
  "action_token_ids": [
    31924,
    31925,
    31886,
    31912,
    31916,
    31958,
    31879
  ],
  "mse_per_dim": [
    6.663313485123938e-06,
    0.00017438727958415758,
    4.630644796059174e-06,
    9.291746606677449e-08,
    0.0002304823447670504,
    0.0024595167924134297,
    0.003978026102403666
  ],
  "mse_mean": 0.0009791141992736506,
  "mse_spatial": 0.0004792955487519812,
  "mse_gripper": 0.003978026102403666,
  "mse_per_dim_names": [
    "x",
    "y",
    "z",
    "roll",
    "pitch",
    "yaw",
    "gripper"
  ],
  "grounding": {
    "nouns": [],
    "num_boxes": 0,
    "num_patches": 0,
    "patch_coverage": 0.0
  }
}