{
  "episode_id": 3,
  "step_id": 41,
  "instruction": "put the rectangle block on top of the red arch and yellow block",
  "condition": "spin_k8",
  "condition_desc": "SPIN(k=8,a=0.05)",
  "predicted_action": [
    -0.018550075103254883,
    -0.01725963317997318,
    0.003136484782923662,
    -0.0173809249868581,
    -0.06039855678116575,
    0.009604077101922431,
    -0.12549019607843137
  ],
  "ground_truth_action": [
    -0.020455246791243553,
    -0.02585625648498535,
    0.0030111249070614576,
    0.005116055253893137,
    -0.0474562905728817,
    -0.19490960240364075,
    1.0
  ],
  "action_token_ids": [
    31954,
    31924,
    31887,
    31900,
    31951,
    31865,
    31888
  ],
  "mse_per_dim": [
    3.6296791607135985e-06,
    7.390193224827842e-05,
    1.5715098476187242e-08,
    0.0005061141199527516,
    0.0001675022546060912,
    0.04182584510490421,
    1.266728181468666
  ],
  "mse_mean": 0.18704359861066236,
  "mse_spatial": 0.00709616813432842,
  "mse_gripper": 1.266728181468666,
  "mse_per_dim_names": [
    "x",
    "y",
    "z",
    "roll",
    "pitch",
    "yaw",
    "gripper"
  ],
  "grounding": {
    "nouns": [
      "block",
      "top"
    ],
    "num_boxes": 5,
    "num_patches": 210,
    "patch_coverage": 0.8203125
  }
}