{
  "episode_id": 0,
  "step_id": 16,
  "instruction": "put small spoon from basket to tray",
  "condition": "spin_k8",
  "condition_desc": "SPIN(k=8,a=0.05)",
  "predicted_action": [
    -0.0053532948704327,
    -0.01887843228263016,
    0.004695436439531686,
    0.001138307649715134,
    -0.002120327260564381,
    -0.05486784584732621,
    -0.6431372549019607
  ],
  "ground_truth_action": [
    0.0260013397783041,
    -0.029228966683149338,
    -0.006652622949331999,
    -0.11084412038326263,
    -0.10654382407665253,
    -0.014437654055655003,
    0.0
  ],
  "action_token_ids": [
    31895,
    31929,
    31881,
    31871,
    31864,
    31905,
    31954
  ],
  "mse_per_dim": [
    0.0009831131139557664,
    0.00010713356237633091,
    0.00012877845189317722,
    0.012540064188161046,
    0.01090426668729957,
    0.0016346004083113176,
    0.4136255286428296
  ],
  "mse_mean": 0.06284621215068954,
  "mse_spatial": 0.004382992735332868,
  "mse_gripper": 0.4136255286428296,
  "mse_per_dim_names": [
    "x",
    "y",
    "z",
    "roll",
    "pitch",
    "yaw",
    "gripper"
  ],
  "grounding": {
    "nouns": [
      "spoon",
      "basket"
    ],
    "num_boxes": 5,
    "num_patches": 136,
    "patch_coverage": 0.53125
  }
}