{
  "episode_id": 0,
  "step_id": 10,
  "instruction": "put small spoon from basket to tray",
  "condition": "spin_k8",
  "condition_desc": "SPIN(k=8,a=0.05)",
  "predicted_action": [
    0.00135693236659553,
    -0.0010716421534033849,
    0.006774038648342379,
    -0.009079200011842509,
    -0.014847756696098016,
    -0.027467278593895555,
    -0.07058823529411762
  ],
  "ground_truth_action": [
    -3.919391929230187e-06,
    -0.0023525094147771597,
    0.010228082537651062,
    0.02194836176931858,
    0.012712277472019196,
    -0.04199417680501938,
    0.0
  ],
  "action_token_ids": [
    31865,
    31874,
    31873,
    31887,
    31883,
    31888,
    31881
  ],
  "mse_per_dim": [
    1.851917508679932e-06,
    1.640620941259154e-06,
    1.1930419189270651e-05,
    0.0009627095900837683,
    0.0007595554833477882,
    0.00021103077163635254,
    0.0049826989619377125
  ],
  "mse_mean": 0.0009902025378064044,
  "mse_spatial": 0.0003247864671178531,
  "mse_gripper": 0.0049826989619377125,
  "mse_per_dim_names": [
    "x",
    "y",
    "z",
    "roll",
    "pitch",
    "yaw",
    "gripper"
  ],
  "grounding": {
    "nouns": [
      "spoon",
      "basket"
    ],
    "num_boxes": 7,
    "num_patches": 189,
    "patch_coverage": 0.73828125
  }
}