{
  "episode_id": 4,
  "step_id": 39,
  "instruction": "",
  "condition": "spin_k8",
  "condition_desc": "SPIN(k=8,a=0.05)",
  "predicted_action": [
    0.0029226520552354494,
    -0.01013691712828247,
    0.019765302453409208,
    0.01263300376896749,
    0.0012289962751023675,
    -0.01940828822523946,
    -0.4862745098039216
  ],
  "ground_truth_action": [
    0.007865957915782928,
    -0.0076386090368032455,
    0.003375195199623704,
    -0.005051135551184416,
    0.006731885951012373,
    -0.009957309812307358,
    1.0
  ],
  "action_token_ids": [
    31858,
    31902,
    31823,
    31853,
    31859,
    31883,
    31934
  ],
  "mse_per_dim": [
    2.4436272830923053e-05,
    6.241543319950566e-06,
    0.0002686356157905922,
    0.00031272878349454275,
    3.0281794785236926e-05,
    8.932099296170863e-05,
    2.2090119184928874
  ],
  "mse_mean": 0.31567765192801006,
  "mse_spatial": 0.0001219408338638257,
  "mse_gripper": 2.2090119184928874,
  "mse_per_dim_names": [
    "x",
    "y",
    "z",
    "roll",
    "pitch",
    "yaw",
    "gripper"
  ],
  "grounding": {
    "nouns": [],
    "num_boxes": 0,
    "num_patches": 0,
    "patch_coverage": 0.0
  }
}