{
  "episode_id": 5,
  "step_id": 16,
  "instruction": "take broccoli out of pan",
  "condition": "spin_k8",
  "condition_desc": "SPIN(k=8,a=0.05)",
  "predicted_action": [
    -0.0013271585282157647,
    0.0015184364108477844,
    0.013269670550875797,
    -0.0007774750368269162,
    -0.055039639124098955,
    0.003156884806997551,
    -0.1411764705882353
  ],
  "ground_truth_action": [
    -0.00036782422102987766,
    0.003283013356849551,
    0.026963694021105766,
    0.028095927089452744,
    0.02386953867971897,
    -0.01625766232609749,
    0.0
  ],
  "action_token_ids": [
    31877,
    31866,
    31848,
    31874,
    31943,
    31869,
    31890
  ],
  "mse_per_dim": [
    9.203223129438259e-07,
    3.1137317983609223e-06,
    0.00018752627880320926,
    0.0008336733503458508,
    0.006226658341674552,
    0.0003769246403831688,
    0.019930795847750864
  ],
  "mse_mean": 0.003937087501866993,
  "mse_spatial": 0.001271469444219681,
  "mse_gripper": 0.019930795847750864,
  "mse_per_dim_names": [
    "x",
    "y",
    "z",
    "roll",
    "pitch",
    "yaw",
    "gripper"
  ],
  "grounding": {
    "nouns": [
      "broccoli",
      "pan"
    ],
    "num_boxes": 2,
    "num_patches": 15,
    "patch_coverage": 0.05859375
  }
}