{
  "episode_id": 7,
  "step_id": 23,
  "instruction": "Move the blue fork to the lower right burner",
  "condition": "spin_k8",
  "condition_desc": "SPIN(k=8,a=0.05)",
  "predicted_action": [
    -0.012287196348695205,
    -0.008841877846156886,
    -0.012712857059257874,
    -0.005247634638758394,
    0.013286561003502645,
    -0.02907907666762677,
    -0.1098039215686275
  ],
  "ground_truth_action": [
    -0.004488256294280291,
    -0.009577494114637375,
    -0.0037432934623211622,
    0.0064918287098407745,
    0.0037703008856624365,
    -0.047008998692035675,
    0.0
  ],
  "action_token_ids": [
    31926,
    31898,
    31948,
    31881,
    31841,
    31889,
    31886
  ],
  "mse_per_dim": [
    6.082346597235731e-05,
    5.411312944531592e-07,
    8.045307111949224e-05,
    0.00013781499971310323,
    9.055920663039614e-05,
    0.00032148210380138355,
    0.0120569011918493
  ],
  "mse_mean": 0.0018212250243400693,
  "mse_spatial": 0.00011527899642186427,
  "mse_gripper": 0.0120569011918493,
  "mse_per_dim_names": [
    "x",
    "y",
    "z",
    "roll",
    "pitch",
    "yaw",
    "gripper"
  ],
  "grounding": {
    "nouns": [
      "fork",
      "burner"
    ],
    "num_boxes": 3,
    "num_patches": 165,
    "patch_coverage": 0.64453125
  }
}