{
  "episode_id": 5,
  "step_id": 21,
  "instruction": "take broccoli out of pan",
  "condition": "spin_k8",
  "condition_desc": "SPIN(k=8,a=0.05)",
  "predicted_action": [
    -0.0028928782168556808,
    0.002813475692973362,
    0.006774038648342379,
    -0.002693257723368994,
    -0.01283816257469797,
    0.04022824050281551,
    0.1333333333333333
  ],
  "ground_truth_action": [
    -0.005879540462046862,
    0.0014935544459149241,
    -0.022402869537472725,
    -0.0296296589076519,
    -0.0024550016969442368,
    0.004829951096326113,
    0.0
  ],
  "action_token_ids": [
    31884,
    31862,
    31873,
    31877,
    31880,
    31846,
    31855
  ],
  "mse_per_dim": [
    8.920151366850426e-06,
    1.7421920984363017e-06,
    0.0008512919712834844,
    0.0007255697087606375,
    0.00010781002981331567,
    0.0012530388929055795,
    0.01777777777777777
  ],
  "mse_mean": 0.0029608786748580107,
  "mse_spatial": 0.0004913954910380507,
  "mse_gripper": 0.01777777777777777,
  "mse_per_dim_names": [
    "x",
    "y",
    "z",
    "roll",
    "pitch",
    "yaw",
    "gripper"
  ],
  "grounding": {
    "nouns": [
      "broccoli",
      "pan"
    ],
    "num_boxes": 3,
    "num_patches": 37,
    "patch_coverage": 0.14453125
  }
}