{
  "episode_id": 4,
  "step_id": 41,
  "instruction": "",
  "condition": "spin_k8",
  "condition_desc": "SPIN(k=8,a=0.05)",
  "predicted_action": [
    -0.0026692039756214085,
    0.008317392642007093,
    0.0013177078502143065,
    -0.010356388469537209,
    -0.03293410378869844,
    -0.022631884372701916,
    -0.1568627450980392
  ],
  "ground_truth_action": [
    -0.0029171528294682503,
    -0.005203993059694767,
    0.002844739705324173,
    0.008410029113292694,
    0.0016046894015744328,
    0.06483737379312515,
    0.9992904663085938
  ],
  "action_token_ids": [
    31883,
    31845,
    31894,
    31889,
    31910,
    31885,
    31892
  ],
  "mse_per_dim": [
    6.147863412396249e-08,
    0.0001828278712941875,
    2.3318262865202804e-06,
    0.0003521784288931473,
    0.0011929282350404398,
    0.007650871124080106,
    1.3366902482458702
  ],
  "mse_mean": 0.1922959210300141,
  "mse_spatial": 0.001563533160704754,
  "mse_gripper": 1.3366902482458702,
  "mse_per_dim_names": [
    "x",
    "y",
    "z",
    "roll",
    "pitch",
    "yaw",
    "gripper"
  ],
  "grounding": {
    "nouns": [],
    "num_boxes": 0,
    "num_patches": 0,
    "patch_coverage": 0.0
  }
}