{
  "episode_id": 2,
  "step_id": 32,
  "instruction": "put the red object into the pot",
  "condition": "spin_k8",
  "condition_desc": "SPIN(k=8,a=0.05)",
  "predicted_action": [
    -0.0053532948704327,
    -0.02049723138528714,
    0.0052150869917343586,
    0.04009255560940367,
    -0.019536809646031453,
    0.04506363472400918,
    -0.5176470588235293
  ],
  "ground_truth_action": [
    -0.006036115810275078,
    -0.009887522086501122,
    -0.009642031975090504,
    0.006193024106323719,
    0.023466456681489944,
    -0.03267395496368408,
    0.0
  ],
  "action_token_ids": [
    31895,
    31934,
    31879,
    31810,
    31890,
    31843,
    31938
  ],
  "mse_per_dim": [
    4.6624443588722865e-07,
    0.0001125659314047465,
    0.00022073398399438706,
    0.0011491782361283099,
    0.0018492809148357356,
    0.006043132850452154,
    0.26795847750865043
  ],
  "mse_mean": 0.039619119381414526,
  "mse_spatial": 0.0015625596935418702,
  "mse_gripper": 0.26795847750865043,
  "mse_per_dim_names": [
    "x",
    "y",
    "z",
    "roll",
    "pitch",
    "yaw",
    "gripper"
  ],
  "grounding": {
    "nouns": [
      "object",
      "pot"
    ],
    "num_boxes": 2,
    "num_patches": 56,
    "patch_coverage": 0.21875
  }
}