{
  "episode_id": 4,
  "step_id": 23,
  "instruction": "",
  "condition": "spin_k8",
  "condition_desc": "SPIN(k=8,a=0.05)",
  "predicted_action": [
    -0.00311655245808996,
    0.0008709167697849851,
    0.013009845274774456,
    -0.029514215334957808,
    -0.051020450881298855,
    -0.041973461257476474,
    -0.44705882352941173
  ],
  "ground_truth_action": [
    -0.011206695809960365,
    0.0028737166430801153,
    -0.02870151586830616,
    0.022203346714377403,
    0.01356277335435152,
    0.1058080792427063,
    -0.0006320362444967031
  ],
  "action_token_ids": [
    31885,
    31868,
    31849,
    31919,
    31937,
    31897,
    31929
  ],
  "mse_per_dim": [
    6.545041945381292e-05,
    4.01120733247099e-06,
    0.0017398376484084957,
    0.0026747062243268377,
    0.004170992852672299,
    0.02183938371260716,
    0.19929687640553076
  ],
  "mse_mean": 0.03282732263861883,
  "mse_spatial": 0.00508239701080018,
  "mse_gripper": 0.19929687640553076,
  "mse_per_dim_names": [
    "x",
    "y",
    "z",
    "roll",
    "pitch",
    "yaw",
    "gripper"
  ],
  "grounding": {
    "nouns": [],
    "num_boxes": 0,
    "num_patches": 0,
    "patch_coverage": 0.0
  }
}