{
  "episode_id": 1,
  "step_id": 30,
  "instruction": "put the blue cube on the right side of the table on top of the rectangular block",
  "condition": "spin_k8",
  "condition_desc": "SPIN(k=8,a=0.05)",
  "predicted_action": [
    0.002251629331532626,
    -0.008518118025625486,
    -0.004918098776217777,
    0.006247061480493962,
    0.0018988609822357116,
    -0.004902105561658515,
    -0.3058823529411765
  ],
  "ground_truth_action": [
    -0.0007623435813002288,
    -0.0021528250072151423,
    0.005565296392887831,
    -0.006945889443159103,
    -0.012239995412528515,
    -0.016443412750959396,
    1.0
  ],
  "action_token_ids": [
    31861,
    31897,
    31918,
    31863,
    31858,
    31874,
    31911
  ],
  "mse_per_dim": [
    9.084032719290163e-06,
    4.051695521022346e-05,
    0.00010990157427162678,
    0.00017405395407391828,
    0.00019990726015176526,
    0.0001332017716378082,
    1.7053287197231835
  ],
  "mse_mean": 0.24371362646732117,
  "mse_spatial": 0.0001111109246774387,
  "mse_gripper": 1.7053287197231835,
  "mse_per_dim_names": [
    "x",
    "y",
    "z",
    "roll",
    "pitch",
    "yaw",
    "gripper"
  ],
  "grounding": {
    "nouns": [
      "cube",
      "side",
      "table",
      "top",
      "block"
    ],
    "num_boxes": 3,
    "num_patches": 256,
    "patch_coverage": 1.0
  }
}