{
  "episode_id": 8,
  "step_id": 4,
  "instruction": "open the drawer",
  "condition": "spin_k8",
  "condition_desc": "SPIN(k=8,a=0.05)",
  "predicted_action": [
    -0.0053532948704327,
    -0.020820991205818536,
    0.005994562820038369,
    -0.01929670767340016,
    -0.04968072146703217,
    -0.006513903635389756,
    0.1725490196078432
  ],
  "ground_truth_action": [
    0.020807180553674698,
    -0.002262716880068183,
    -0.004673840943723917,
    0.014789520762860775,
    -0.026180939748883247,
    -0.022048909217119217,
    1.0
  ],
  "action_token_ids": [
    31895,
    31935,
    31876,
    31903,
    31935,
    31875,
    31850
  ],
  "mse_per_dim": [
    0.0006843704744153271,
    0.00034440954594980473,
    0.00011381483886665731,
    0.0011618709690089635,
    0.0005522397408006461,
    0.0002413363984243655,
    0.6846751249519415
  ],
  "mse_mean": 0.09825330955991532,
  "mse_spatial": 0.0005163403279109608,
  "mse_gripper": 0.6846751249519415,
  "mse_per_dim_names": [
    "x",
    "y",
    "z",
    "roll",
    "pitch",
    "yaw",
    "gripper"
  ],
  "grounding": {
    "nouns": [
      "drawer"
    ],
    "num_boxes": 0,
    "num_patches": 0,
    "patch_coverage": 0.0
  }
}