{
  "episode_id": 3,
  "step_id": 5,
  "instruction": "put the rectangle block on top of the red arch and yellow block",
  "condition": "spin_k8",
  "condition_desc": "SPIN(k=8,a=0.05)",
  "predicted_action": [
    0.009632879292263686,
    -0.004956759999780139,
    0.000798057298011634,
    -0.009079200011842509,
    -0.007479244917631175,
    0.022498461691772165,
    -0.1725490196078432
  ],
  "ground_truth_action": [
    0.00023296114522963762,
    -0.013009856455028057,
    -0.010848427191376686,
    0.018157755956053734,
    0.04692276567220688,
    -0.00514239352196455,
    1.0
  ],
  "action_token_ids": [
    31828,
    31886,
    31896,
    31887,
    31872,
    31857,
    31894
  ],
  "mse_per_dim": [
    8.835846117094001e-05,
    6.485236251752659e-05,
    0.0001356406009615627,
    0.0007418517703971188,
    0.0029595787562168518,
    0.0007640168769467562,
    1.3748712033833141
  ],
  "mse_mean": 0.19708935745878928,
  "mse_spatial": 0.000792383138035126,
  "mse_gripper": 1.3748712033833141,
  "mse_per_dim_names": [
    "x",
    "y",
    "z",
    "roll",
    "pitch",
    "yaw",
    "gripper"
  ],
  "grounding": {
    "nouns": [
      "block",
      "top"
    ],
    "num_boxes": 4,
    "num_patches": 36,
    "patch_coverage": 0.140625
  }
}