{
  "episode_id": 2,
  "step_id": 23,
  "instruction": "put the red object into the pot",
  "condition": "spin_k8",
  "condition_desc": "SPIN(k=8,a=0.05)",
  "predicted_action": [
    -0.0035639009405585044,
    0.0008709167697849851,
    0.004695436439531686,
    0.003054090336257184,
    -0.013508027281831314,
    0.011215875175653645,
    0.03137254901960773
  ],
  "ground_truth_action": [
    -0.004862708505243063,
    0.00898622814565897,
    0.02585766091942787,
    -0.007546849083155394,
    -0.050980422645807266,
    0.01634380966424942,
    0.0
  ],
  "action_token_ids": [
    31887,
    31868,
    31881,
    31868,
    31881,
    31864,
    31868
  ],
  "mse_per_dim": [
    1.6869010900818338e-06,
    6.585827872738971e-05,
    0.0004478397449375174,
    0.00011237991657405548,
    0.0014041804143141265,
    2.6295712119330018e-05,
    0.00098423683198769
  ],
  "mse_mean": 0.0004346396856785987,
  "mse_spatial": 0.0003430401612937502,
  "mse_gripper": 0.00098423683198769,
  "mse_per_dim_names": [
    "x",
    "y",
    "z",
    "roll",
    "pitch",
    "yaw",
    "gripper"
  ],
  "grounding": {
    "nouns": [
      "object",
      "pot"
    ],
    "num_boxes": 3,
    "num_patches": 91,
    "patch_coverage": 0.35546875
  }
}