{
  "episode_id": 2,
  "step_id": 38,
  "instruction": "put the red object into the pot",
  "condition": "spin_k8",
  "condition_desc": "SPIN(k=8,a=0.05)",
  "predicted_action": [
    -0.002221855493152857,
    -0.005280519820311531,
    0.006514213372241045,
    -0.005247634638758394,
    -0.004129921381964441,
    -0.01940828822523946,
    -0.4862745098039216
  ],
  "ground_truth_action": [
    0.01146026886999607,
    0.025844303891062737,
    0.054335638880729675,
    -0.021120771765708923,
    -0.09169220924377441,
    0.07778025418519974,
    1.0
  ],
  "action_token_ids": [
    31881,
    31887,
    31874,
    31881,
    31867,
    31883,
    31934
  ],
  "mse_per_dim": [
    0.00018720052708867346,
    0.0009687546510641258,
    0.002286888737663927,
    0.0002519564822509753,
    0.007667154255594474,
    0.009445612775865739,
    2.2090119184928874
  ],
  "mse_mean": 0.3185456408460593,
  "mse_spatial": 0.0034679279049213193,
  "mse_gripper": 2.2090119184928874,
  "mse_per_dim_names": [
    "x",
    "y",
    "z",
    "roll",
    "pitch",
    "yaw",
    "gripper"
  ],
  "grounding": {
    "nouns": [
      "object",
      "pot"
    ],
    "num_boxes": 3,
    "num_patches": 56,
    "patch_coverage": 0.21875
  }
}