{
  "episode_id": 0,
  "step_id": 0,
  "instruction": "put small spoon from basket to tray",
  "condition": "spin_k8",
  "condition_desc": "SPIN(k=8,a=0.05)",
  "predicted_action": [
    0.0029226520552354494,
    -0.004633000179248746,
    0.006514213372241045,
    -0.012272171156079273,
    -0.012168297867564626,
    -0.1451285379762743,
    -0.1098039215686275
  ],
  "ground_truth_action": [
    -5.114564327612925e-11,
    -1.2105481894675307e-10,
    -9.31510285573367e-11,
    2.525703735045681e-07,
    -9.584495330727805e-08,
    -5.684571391384452e-08,
    1.0
  ],
  "action_token_ids": [
    31858,
    31885,
    31874,
    31892,
    31879,
    31961,
    31886
  ],
  "mse_per_dim": [
    8.541895334933837e-06,
    2.1464689539224933e-05,
    4.24349770726954e-05,
    0.00015061238412160106,
    0.00014806514046308218,
    0.021062276035263425,
    1.2316647443291042
  ],
  "mse_mean": 0.17901401992155702,
  "mse_spatial": 0.003572232520299161,
  "mse_gripper": 1.2316647443291042,
  "mse_per_dim_names": [
    "x",
    "y",
    "z",
    "roll",
    "pitch",
    "yaw",
    "gripper"
  ],
  "grounding": {
    "nouns": [
      "spoon",
      "basket"
    ],
    "num_boxes": 4,
    "num_patches": 111,
    "patch_coverage": 0.43359375
  }
}