{
  "episode_id": 2,
  "step_id": 33,
  "instruction": "put the red object into the pot",
  "condition": "spin_k8",
  "condition_desc": "SPIN(k=8,a=0.05)",
  "predicted_action": [
    -0.006695340317838347,
    0.004756034616161739,
    0.006774038648342379,
    -0.018019519215705465,
    0.00792764334643585,
    -0.07743301887956325,
    -0.21176470588235297
  ],
  "ground_truth_action": [
    -0.00040431632078252733,
    0.0005299530457705259,
    -0.011481027118861675,
    0.005618729162961245,
    0.025337398052215576,
    -0.002466138917952776,
    0.0
  ],
  "action_token_ids": [
    31901,
    31856,
    31873,
    31901,
    31849,
    31919,
    31899
  ],
  "mse_per_dim": [
    3.957698293153218e-05,
    1.7859765439600263e-05,
    0.00033324742616494535,
    0.0005587667864115393,
    0.0003030995589154193,
    0.0056200330911785135,
    0.04484429065743946
  ],
  "mse_mean": 0.007388124895497288,
  "mse_spatial": 0.0011454306018402584,
  "mse_gripper": 0.04484429065743946,
  "mse_per_dim_names": [
    "x",
    "y",
    "z",
    "roll",
    "pitch",
    "yaw",
    "gripper"
  ],
  "grounding": {
    "nouns": [
      "object",
      "pot"
    ],
    "num_boxes": 2,
    "num_patches": 56,
    "patch_coverage": 0.21875
  }
}