{
  "episode_id": 4,
  "step_id": 12,
  "instruction": "",
  "condition": "spin_k8",
  "condition_desc": "SPIN(k=8,a=0.05)",
  "predicted_action": [
    0.00135693236659553,
    0.00022339712872219974,
    0.003915960611227672,
    -0.0078020115541478086,
    -0.032264239081565095,
    0.030557452060428203,
    -0.06274509803921569
  ],
  "ground_truth_action": [
    0.002874197671189904,
    0.012935979291796684,
    0.008685648441314697,
    0.01086369063705206,
    -0.0032179623376578093,
    -0.02850891649723053,
    0.0038351346738636494
  ],
  "action_token_ids": [
    31865,
    31870,
    31884,
    31885,
    31909,
    31852,
    31880
  ],
  "mse_per_dim": [
    2.3020940045258594e-06,
    0.00016160974525291955,
    2.2749921996480274e-05,
    0.00034840843829056354,
    0.0008436861926836493,
    0.003488835894589176,
    0.0044329273881277996
  ],
  "mse_mean": 0.001328645667849302,
  "mse_spatial": 0.0008112653811362192,
  "mse_gripper": 0.0044329273881277996,
  "mse_per_dim_names": [
    "x",
    "y",
    "z",
    "roll",
    "pitch",
    "yaw",
    "gripper"
  ],
  "grounding": {
    "nouns": [],
    "num_boxes": 0,
    "num_patches": 0,
    "patch_coverage": 0.0
  }
}