{
  "episode_id": 3,
  "step_id": 29,
  "instruction": "put the rectangle block on top of the red arch and yellow block",
  "condition": "spin_k8",
  "condition_desc": "SPIN(k=8,a=0.05)",
  "predicted_action": [
    -0.005129620629198427,
    -0.016612113538910386,
    0.003136484782923662,
    0.010078626853578077,
    -0.028245050838764996,
    -0.02907907666762677,
    -0.196078431372549
  ],
  "ground_truth_action": [
    0.0023491359315812588,
    0.005501260980963707,
    -0.008578931912779808,
    -0.011275414377450943,
    0.01752934232354164,
    0.01707684062421322,
    0.0
  ],
  "action_token_ids": [
    31894,
    31922,
    31887,
    31857,
    31903,
    31889,
    31897
  ],
  "mse_per_dim": [
    5.59317996954052e-05,
    0.0004890013326562168,
    0.0001372509883539676,
    0.0004559950768964874,
    0.0020952950693774244,
    0.0021303687010511734,
    0.038446751249519406
  ],
  "mse_mean": 0.006258656316792869,
  "mse_spatial": 0.0008939738280051126,
  "mse_gripper": 0.038446751249519406,
  "mse_per_dim_names": [
    "x",
    "y",
    "z",
    "roll",
    "pitch",
    "yaw",
    "gripper"
  ],
  "grounding": {
    "nouns": [
      "block",
      "top"
    ],
    "num_boxes": 4,
    "num_patches": 195,
    "patch_coverage": 0.76171875
  }
}