{
  "episode_id": 9,
  "step_id": 14,
  "instruction": "Move the can in the middle bottom of the table",
  "condition": "spin_k8",
  "condition_desc": "SPIN(k=8,a=0.05)",
  "predicted_action": [
    -0.0011034842869814855,
    -0.010460676948813866,
    0.006514213372241045,
    0.0036926845651045342,
    -0.02757518613163165,
    -0.027467278593895555,
    -0.38431372549019605
  ],
  "ground_truth_action": [
    -0.008530690334737301,
    -0.006197019945830107,
    0.0029472780879586935,
    -0.004986973013728857,
    -0.0015780087560415268,
    -0.026015495881438255,
    1.0
  ],
  "action_token_ids": [
    31876,
    31903,
    31874,
    31867,
    31902,
    31888,
    31921
  ],
  "mse_per_dim": [
    5.5163389675820556e-05,
    1.8178771039092454e-05,
    1.2723027322258419e-05,
    7.533645568579992e-05,
    0.0006758532314978951,
    2.1076730441898758e-06,
    1.9163244905805459
  ],
  "mse_mean": 0.27388055044697296,
  "mse_spatial": 0.00013989375804417605,
  "mse_gripper": 1.9163244905805459,
  "mse_per_dim_names": [
    "x",
    "y",
    "z",
    "roll",
    "pitch",
    "yaw",
    "gripper"
  ],
  "grounding": {
    "nouns": [
      "can",
      "bottom",
      "table"
    ],
    "num_boxes": 1,
    "num_patches": 224,
    "patch_coverage": 0.875
  }
}