{
  "episode_id": 2,
  "step_id": 15,
  "instruction": "put the red object into the pot",
  "condition": "spin_k8",
  "condition_desc": "SPIN(k=8,a=0.05)",
  "predicted_action": [
    1.4886919189882608e-05,
    -0.003985480538185947,
    0.002097183678518317,
    -0.004609040409911044,
    -0.03360396849583179,
    -0.003290307487927302,
    0.03137254901960773
  ],
  "ground_truth_action": [
    0.0005906406440772116,
    -0.0033218576572835445,
    0.003926488105207682,
    -0.016560032963752747,
    -0.01777074486017227,
    0.008563336916267872,
    1.0
  ],
  "action_token_ids": [
    31871,
    31883,
    31891,
    31880,
    31911,
    31873,
    31868
  ],
  "mse_per_dim": [
    3.3149235172163413e-07,
    4.4039532805720394e-07,
    3.3463546855053052e-06,
    0.00014282622302197982,
    0.0002506909706968072,
    0.00014050888566110757,
    0.9382391387927722
  ],
  "mse_mean": 0.13411104044493105,
  "mse_spatial": 8.969072029086312e-05,
  "mse_gripper": 0.9382391387927722,
  "mse_per_dim_names": [
    "x",
    "y",
    "z",
    "roll",
    "pitch",
    "yaw",
    "gripper"
  ],
  "grounding": {
    "nouns": [
      "object",
      "pot"
    ],
    "num_boxes": 2,
    "num_patches": 56,
    "patch_coverage": 0.21875
  }
}