{
  "episode_id": 8,
  "step_id": 31,
  "instruction": "open the drawer",
  "condition": "spin_k8",
  "condition_desc": "SPIN(k=8,a=0.05)",
  "predicted_action": [
    0.0015806066078298056,
    0.0238578640275141,
    0.01716704969239585,
    0.06244335361906102,
    -0.034943697910098485,
    -0.05486784584732621,
    0.1568627450980391
  ],
  "ground_truth_action": [
    -0.005490378942340612,
    0.01656682789325714,
    0.02191122993826866,
    0.028083516284823418,
    -0.037001803517341614,
    0.03294728323817253,
    1.0
  ],
  "action_token_ids": [
    31864,
    31797,
    31833,
    31775,
    31913,
    31905,
    31852
  ],
  "mse_per_dim": [
    4.999883665071885e-05,
    5.315920791104068e-05,
    2.250724620532982e-05,
    0.001180598421635268,
    4.235798690565606e-06,
    0.007711496896302806,
    0.7108804306036142
  ],
  "mse_mean": 0.1028432038587157,
  "mse_spatial": 0.0015036660678992883,
  "mse_gripper": 0.7108804306036142,
  "mse_per_dim_names": [
    "x",
    "y",
    "z",
    "roll",
    "pitch",
    "yaw",
    "gripper"
  ],
  "grounding": {
    "nouns": [
      "drawer"
    ],
    "num_boxes": 0,
    "num_patches": 0,
    "patch_coverage": 0.0
  }
}