{
  "episode_id": 9,
  "step_id": 23,
  "instruction": "Move the can in the middle bottom of the table",
  "condition": "spin_k8",
  "condition_desc": "SPIN(k=8,a=0.05)",
  "predicted_action": [
    0.0015806066078298056,
    0.0011946765903163847,
    -0.011413730678751193,
    -0.0020546634945216302,
    -0.013508027281831314,
    -0.0709858265846384,
    0.21176470588235285
  ],
  "ground_truth_action": [
    0.0,
    0.0,
    0.0,
    0.0,
    0.0,
    0.0,
    1.0
  ],
  "action_token_ids": [
    31864,
    31867,
    31943,
    31876,
    31881,
    31915,
    31845
  ],
  "mse_per_dim": [
    2.498317248715245e-06,
    1.427252155449983e-06,
    0.00013027324800706617,
    4.221642075719837e-06,
    0.00018246680104669908,
    0.0050389875759043554,
    0.6213148788927337
  ],
  "mse_mean": 0.0895249648184531,
  "mse_spatial": 0.0008933124727396676,
  "mse_gripper": 0.6213148788927337,
  "mse_per_dim_names": [
    "x",
    "y",
    "z",
    "roll",
    "pitch",
    "yaw",
    "gripper"
  ],
  "grounding": {
    "nouns": [
      "can",
      "bottom",
      "table"
    ],
    "num_boxes": 1,
    "num_patches": 224,
    "patch_coverage": 0.875
  }
}