{
  "episode_id": 1,
  "step_id": 29,
  "instruction": "put the blue cube on the right side of the table on top of the rectangular block",
  "condition": "spin_k8",
  "condition_desc": "SPIN(k=8,a=0.05)",
  "predicted_action": [
    -0.0053532948704327,
    -0.0013954019739347845,
    0.003915960611227672,
    -0.02759843264841575,
    0.003908455103635758,
    0.012827673249384858,
    0.05490196078431375
  ],
  "ground_truth_action": [
    0.0006591674173250794,
    -0.002441034186631441,
    0.0047545358538627625,
    -0.028238585218787193,
    -0.007456794381141663,
    0.008963248692452908,
    1.0
  ],
  "action_token_ids": [
    31895,
    31875,
    31884,
    31916,
    31855,
    31863,
    31865
  ],
  "mse_per_dim": [
    3.6149702761709505e-05,
    1.0933467242289063e-06,
    7.032084375605004e-07,
    4.097953133531647e-07,
    0.00012916889585123343,
    1.49337771562187e-05,
    0.8932103037293349
  ],
  "mse_mean": 0.12762753749365416,
  "mse_spatial": 3.0409787707384037e-05,
  "mse_gripper": 0.8932103037293349,
  "mse_per_dim_names": [
    "x",
    "y",
    "z",
    "roll",
    "pitch",
    "yaw",
    "gripper"
  ],
  "grounding": {
    "nouns": [
      "cube",
      "side",
      "table",
      "top",
      "block"
    ],
    "num_boxes": 3,
    "num_patches": 256,
    "patch_coverage": 1.0
  }
}