{
  "episode_id": 8,
  "step_id": 17,
  "instruction": "open the drawer",
  "condition": "spin_k8",
  "condition_desc": "SPIN(k=8,a=0.05)",
  "predicted_action": [
    -0.0006561358045129376,
    0.003784755154567561,
    0.003136484782923662,
    0.006885655709341312,
    -0.020876539060298155,
    -0.09032740346941298,
    -0.11764705882352944
  ],
  "ground_truth_action": [
    -0.003957570530474186,
    -0.012928534299135208,
    0.0016755001852288842,
    -0.00943364854902029,
    0.019571000710129738,
    0.0038191843777894974,
    0.0
  ],
  "action_token_ids": [
    31874,
    31859,
    31887,
    31862,
    31892,
    31927,
    31887
  ],
  "mse_per_dim": [
    1.0899471249782823e-05,
    0.0002793340443632522,
    2.1344759947013712e-06,
    0.00026631969147697913,
    0.001636003473480346,
    0.008863580003271013,
    0.013840830449826995
  ],
  "mse_mean": 0.003557014515666153,
  "mse_spatial": 0.0018430451933060124,
  "mse_gripper": 0.013840830449826995,
  "mse_per_dim_names": [
    "x",
    "y",
    "z",
    "roll",
    "pitch",
    "yaw",
    "gripper"
  ],
  "grounding": {
    "nouns": [
      "drawer"
    ],
    "num_boxes": 1,
    "num_patches": 256,
    "patch_coverage": 1.0
  }
}