{
  "episode_id": 9,
  "step_id": 2,
  "instruction": "Move the can in the middle bottom of the table",
  "condition": "spin_k8",
  "condition_desc": "SPIN(k=8,a=0.05)",
  "predicted_action": [
    -0.0028928782168556808,
    0.010907471206258262,
    0.0033963100590249998,
    -0.0058862288676057445,
    0.06687573757417058,
    0.059569817387590124,
    -0.21176470588235297
  ],
  "ground_truth_action": [
    -0.005191456992179155,
    -0.010754821822047234,
    -8.247915502579417e-06,
    -0.0021088961511850357,
    0.0025574839673936367,
    -0.04258425161242485,
    1.0
  ],
  "action_token_ids": [
    31884,
    31837,
    31886,
    31882,
    31761,
    31834,
    31899
  ],
  "mse_per_dim": [
    5.2834643863675645e-06,
    0.0004692549392441729,
    1.1591015001919333e-05,
    1.426824245054225e-05,
    0.004136837747025675,
    0.01043545381325982,
    1.4683737024221457
  ],
  "mse_mean": 0.2119209130919306,
  "mse_spatial": 0.002512114870228083,
  "mse_gripper": 1.4683737024221457,
  "mse_per_dim_names": [
    "x",
    "y",
    "z",
    "roll",
    "pitch",
    "yaw",
    "gripper"
  ],
  "grounding": {
    "nouns": [
      "can",
      "bottom",
      "table"
    ],
    "num_boxes": 1,
    "num_patches": 224,
    "patch_coverage": 0.875
  }
}