{
  "episode_id": 8,
  "step_id": 26,
  "instruction": "open the drawer",
  "condition": "spin_k8",
  "condition_desc": "SPIN(k=8,a=0.05)",
  "predicted_action": [
    -0.004905946387964152,
    0.008317392642007093,
    0.0010578825741129685,
    0.002415496107409834,
    -0.007479244917631175,
    -0.038749865110014076,
    -0.12549019607843137
  ],
  "ground_truth_action": [
    0.0008194597321562469,
    0.0010139048099517822,
    0.0035163273569196463,
    0.03183924779295921,
    -0.005832354072481394,
    -0.0002296915336046368,
    1.0
  ],
  "action_token_ids": [
    31893,
    31845,
    31895,
    31869,
    31872,
    31895,
    31888
  ],
  "mse_per_dim": [
    3.278027524031212e-05,
    5.334093451297999e-05,
    6.043950750109373e-06,
    0.00086575716325287,
    2.712249455838162e-06,
    0.001483803772356712,
    1.266728181468666
  ],
  "mse_mean": 0.1813103742591764,
  "mse_spatial": 0.00040740639092813694,
  "mse_gripper": 1.266728181468666,
  "mse_per_dim_names": [
    "x",
    "y",
    "z",
    "roll",
    "pitch",
    "yaw",
    "gripper"
  ],
  "grounding": {
    "nouns": [
      "drawer"
    ],
    "num_boxes": 0,
    "num_patches": 0,
    "patch_coverage": 0.0
  }
}