{
  "episode_id": 2,
  "step_id": 18,
  "instruction": "put the red object into the pot",
  "condition": "spin_k8",
  "condition_desc": "SPIN(k=8,a=0.05)",
  "predicted_action": [
    -0.001550832769450037,
    -0.004956759999780139,
    0.007293689200545048,
    -0.010356388469537209,
    0.015966019832036035,
    -0.030690874741357954,
    -0.47058823529411764
  ],
  "ground_truth_action": [
    -0.0010083388769999146,
    -0.003968007396906614,
    -0.002966461470350623,
    -0.007193943951278925,
    0.0019823769107460976,
    -0.003114238614216447,
    1.0
  ],
  "action_token_ids": [
    31878,
    31886,
    31871,
    31889,
    31837,
    31890,
    31932
  ],
  "mse_per_dim": [
    2.9429962334568483e-07,
    9.776317096891694e-07,
    0.0001052706917894809,
    1.0001055331061869e-05,
    0.00019554226935014217,
    0.0007604708600887661,
    2.1626297577854676
  ],
  "mse_mean": 0.3091003306561943,
  "mse_spatial": 0.00017875946798208097,
  "mse_gripper": 2.1626297577854676,
  "mse_per_dim_names": [
    "x",
    "y",
    "z",
    "roll",
    "pitch",
    "yaw",
    "gripper"
  ],
  "grounding": {
    "nouns": [
      "object",
      "pot"
    ],
    "num_boxes": 2,
    "num_patches": 56,
    "patch_coverage": 0.21875
  }
}