{
  "episode_id": 4,
  "step_id": 2,
  "instruction": "",
  "condition": "spin_k8",
  "condition_desc": "SPIN(k=8,a=0.05)",
  "predicted_action": [
    -0.004682272146729876,
    0.009288672103601285,
    -0.009075303193839163,
    -0.026959838419568394,
    -0.03360396849583179,
    -0.12901055723896215,
    -0.0862745098039216
  ],
  "ground_truth_action": [
    -0.0009135314030572772,
    0.008294888772070408,
    -0.022448280826210976,
    0.015776176005601883,
    -0.038110505789518356,
    -0.3073672354221344,
    1.0
  ],
  "action_token_ids": [
    31892,
    31842,
    31934,
    31915,
    31911,
    31951,
    31883
  ],
  "mse_per_dim": [
    1.4203406793017893e-05,
    9.876053100286095e-07,
    0.00017883653075591682,
    0.001826366928948362,
    2.030887837938784e-05,
    0.03181110465253567,
    1.1799923106497503
  ],
  "mse_mean": 0.17340630266463894,
  "mse_spatial": 0.005641968000453731,
  "mse_gripper": 1.1799923106497503,
  "mse_per_dim_names": [
    "x",
    "y",
    "z",
    "roll",
    "pitch",
    "yaw",
    "gripper"
  ],
  "grounding": {
    "nouns": [],
    "num_boxes": 0,
    "num_patches": 0,
    "patch_coverage": 0.0
  }
}