{
  "episode_id": 0,
  "step_id": 14,
  "instruction": "put small spoon from basket to tray",
  "condition": "spin_k8",
  "condition_desc": "SPIN(k=8,a=0.05)",
  "predicted_action": [
    -0.003340226699324232,
    -0.014993314436253413,
    0.01249019472257178,
    -0.019935301902247515,
    0.0012289962751023675,
    -0.053256047773594994,
    0.06274509803921569
  ],
  "ground_truth_action": [
    0.005237899720668793,
    -0.017237773165106773,
    0.027585333213210106,
    -0.01224739570170641,
    -0.024635188281536102,
    -0.04077330604195595,
    0.0
  ],
  "action_token_ids": [
    31886,
    31917,
    31851,
    31904,
    31859,
    31904,
    31864
  ],
  "mse_per_dim": [
    7.358425287738236e-05,
    5.0375949855260445e-06,
    0.0002278632060515507,
    5.9103901748318384e-05,
    0.0006689560427798559,
    0.00015581884113880298,
    0.003936947327950788
  ],
  "mse_mean": 0.0007324730239331749,
  "mse_spatial": 0.00019839397326357273,
  "mse_gripper": 0.003936947327950788,
  "mse_per_dim_names": [
    "x",
    "y",
    "z",
    "roll",
    "pitch",
    "yaw",
    "gripper"
  ],
  "grounding": {
    "nouns": [
      "spoon",
      "basket"
    ],
    "num_boxes": 5,
    "num_patches": 103,
    "patch_coverage": 0.40234375
  }
}