{
  "episode_id": 1,
  "step_id": 19,
  "instruction": "put the blue cube on the right side of the table on top of the rectangular block",
  "condition": "spin_k8",
  "condition_desc": "SPIN(k=8,a=0.05)",
  "predicted_action": [
    0.005159394467578193,
    0.0015184364108477844,
    0.0033963100590249998,
    0.01263300376896749,
    -0.03159437437443174,
    0.009604077101922431,
    -0.21176470588235297
  ],
  "ground_truth_action": [
    0.007123338989913464,
    0.005740888882428408,
    -0.003181643784046173,
    0.015093681402504444,
    0.0006337565719150007,
    -0.007949432358145714,
    0.0
  ],
  "action_token_ids": [
    31848,
    31866,
    31886,
    31853,
    31908,
    31865,
    31899
  ],
  "mse_per_dim": [
    3.857078086810716e-06,
    1.7829104874757314e-05,
    4.3269476761574815e-05,
    6.054934416189021e-06,
    0.0010386524242948722,
    0.0003081256943647019,
    0.04484429065743946
  ],
  "mse_mean": 0.006608868481462624,
  "mse_spatial": 0.00023629811879981766,
  "mse_gripper": 0.04484429065743946,
  "mse_per_dim_names": [
    "x",
    "y",
    "z",
    "roll",
    "pitch",
    "yaw",
    "gripper"
  ],
  "grounding": {
    "nouns": [
      "cube",
      "side",
      "table",
      "top",
      "block"
    ],
    "num_boxes": 3,
    "num_patches": 256,
    "patch_coverage": 1.0
  }
}