{
  "episode_id": 7,
  "step_id": 19,
  "instruction": "Move the blue fork to the lower right burner",
  "condition": "spin_k8",
  "condition_desc": "SPIN(k=8,a=0.05)",
  "predicted_action": [
    0.0006859096428927063,
    0.008317392642007093,
    -0.00024124380639371432,
    0.003054090336257184,
    -0.010828568453297924,
    -0.053256047773594994,
    0.11764705882352944
  ],
  "ground_truth_action": [
    0.0022567035630345345,
    -0.01986752077937126,
    -0.0218911562114954,
    -0.016862142831087112,
    0.054808616638183594,
    -0.05203579366207123,
    0.0
  ],
  "action_token_ids": [
    31868,
    31845,
    31900,
    31868,
    31877,
    31904,
    31857
  ],
  "mse_per_dim": [
    2.467393539554532e-06,
    0.0007943893445705937,
    0.00046871870714857583,
    0.00039665634357602506,
    0.004308240066733403,
    1.4890200966906566e-06,
    0.013840830449826995
  ],
  "mse_mean": 0.0028303987607845482,
  "mse_spatial": 0.0009953268126108071,
  "mse_gripper": 0.013840830449826995,
  "mse_per_dim_names": [
    "x",
    "y",
    "z",
    "roll",
    "pitch",
    "yaw",
    "gripper"
  ],
  "grounding": {
    "nouns": [
      "fork",
      "burner"
    ],
    "num_boxes": 1,
    "num_patches": 165,
    "patch_coverage": 0.64453125
  }
}