{
  "episode_id": 6,
  "step_id": 13,
  "instruction": "Picked the piece of chocolate and put it into the drawer",
  "condition": "spin_k8",
  "condition_desc": "SPIN(k=8,a=0.05)",
  "predicted_action": [
    0.005159394467578193,
    -0.009489397487219678,
    0.0052150869917343586,
    -0.021851084588789572,
    0.0025687256893690558,
    -0.02907907666762677,
    -0.2588235294117647
  ],
  "ground_truth_action": [
    0.0016218244563788176,
    -0.006808591540902853,
    -0.007145590148866177,
    0.0024392243940383196,
    -0.0014191502705216408,
    0.019471703097224236,
    1.0
  ],
  "action_token_ids": [
    31848,
    31900,
    31879,
    31907,
    31857,
    31889,
    31905
  ],
  "mse_per_dim": [
    1.2514401584137147e-05,
    7.186720521807647e-06,
    0.00015278633937416462,
    0.0005900191104812494,
    1.5903154671474145e-05,
    0.002357178215775066,
    1.584636678200692
  ],
  "mse_mean": 0.22682460944901428,
  "mse_spatial": 0.0005225979904013165,
  "mse_gripper": 1.584636678200692,
  "mse_per_dim_names": [
    "x",
    "y",
    "z",
    "roll",
    "pitch",
    "yaw",
    "gripper"
  ],
  "grounding": {
    "nouns": [
      "piece",
      "chocolate",
      "it",
      "drawer"
    ],
    "num_boxes": 1,
    "num_patches": 9,
    "patch_coverage": 0.03515625
  }
}