{
  "episode_id": 6,
  "step_id": 29,
  "instruction": "Picked the piece of chocolate and put it into the drawer",
  "condition": "spin_k8",
  "condition_desc": "SPIN(k=8,a=0.05)",
  "predicted_action": [
    -0.002445529734387133,
    -0.016612113538910386,
    -0.0075163515372311425,
    -0.008440605782995159,
    -0.025565592010231605,
    -0.05164424969986378,
    -0.196078431372549
  ],
  "ground_truth_action": [
    0.011906645260751247,
    0.022952871397137642,
    -0.009911574423313141,
    0.008548486046493053,
    0.018149780109524727,
    0.05193522199988365,
    0.0
  ],
  "action_token_ids": [
    31882,
    31922,
    31928,
    31886,
    31899,
    31903,
    31897
  ],
  "mse_per_dim": [
    0.00020598492709107536,
    0.0015653880329897073,
    5.7370926740109775e-06,
    0.0002886292411907831,
    0.0019110337595687693,
    0.010728706957598779,
    0.038446751249519406
  ],
  "mse_mean": 0.0075931758943760756,
  "mse_spatial": 0.0024509133351855207,
  "mse_gripper": 0.038446751249519406,
  "mse_per_dim_names": [
    "x",
    "y",
    "z",
    "roll",
    "pitch",
    "yaw",
    "gripper"
  ],
  "grounding": {
    "nouns": [
      "piece",
      "chocolate",
      "it",
      "drawer"
    ],
    "num_boxes": 0,
    "num_patches": 0,
    "patch_coverage": 0.0
  }
}