{
  "episode_id": 4,
  "step_id": 44,
  "instruction": "",
  "condition": "spin_k8",
  "condition_desc": "SPIN(k=8,a=0.05)",
  "predicted_action": [
    -0.0035639009405585044,
    -0.00042412251234059256,
    0.006514213372241045,
    -0.026321244190721037,
    -0.038293021445765234,
    0.0386164424290843,
    0.03137254901960773
  ],
  "ground_truth_action": [
    -0.0026720669120550156,
    -0.006106073036789894,
    -0.00164432090241462,
    0.012165803462266922,
    -0.006122219376266003,
    -0.03112397901713848,
    1.0
  ],
  "action_token_ids": [
    31887,
    31872,
    31874,
    31914,
    31918,
    31847,
    31868
  ],
  "mse_per_dim": [
    7.953679343967618e-07,
    3.228456176228969e-05,
    6.656168151073123e-05,
    0.001481252837043366,
    0.0010349605057948961,
    0.00486372638349677,
    0.9382391387927722
  ],
  "mse_mean": 0.13510267430433068,
  "mse_spatial": 0.0012465968895904083,
  "mse_gripper": 0.9382391387927722,
  "mse_per_dim_names": [
    "x",
    "y",
    "z",
    "roll",
    "pitch",
    "yaw",
    "gripper"
  ],
  "grounding": {
    "nouns": [],
    "num_boxes": 0,
    "num_patches": 0,
    "patch_coverage": 0.0
  }
}