{
  "episode_id": 3,
  "step_id": 34,
  "instruction": "put the rectangle block on top of the red arch and yellow block",
  "condition": "spin_k8",
  "condition_desc": "SPIN(k=8,a=0.05)",
  "predicted_action": [
    -0.0026692039756214085,
    -0.02049723138528714,
    -0.00699670098502847,
    -0.02759843264841575,
    -0.0228861331816982,
    -0.09355099961687541,
    -0.5098039215686274
  ],
  "ground_truth_action": [
    -0.0031033975537866354,
    -0.00010460095654707402,
    -0.0008165617473423481,
    -0.010020914487540722,
    0.006363769993185997,
    0.001979508902877569,
    0.0
  ],
  "action_token_ids": [
    31883,
    31934,
    31926,
    31916,
    31895,
    31929,
    31937
  ],
  "mse_per_dim": [
    1.8852406331992299e-07,
    0.00041585937580317523,
    3.81941209971876e-05,
    0.0003089691446958915,
    0.0008555568357401007,
    0.009126078058042596,
    0.2599000384467512
  ],
  "mse_mean": 0.03866355492944192,
  "mse_spatial": 0.0017908076765570451,
  "mse_gripper": 0.2599000384467512,
  "mse_per_dim_names": [
    "x",
    "y",
    "z",
    "roll",
    "pitch",
    "yaw",
    "gripper"
  ],
  "grounding": {
    "nouns": [
      "block",
      "top"
    ],
    "num_boxes": 3,
    "num_patches": 195,
    "patch_coverage": 0.76171875
  }
}