{
  "episode_id": 4,
  "step_id": 18,
  "instruction": "",
  "condition": "spin_k8",
  "condition_desc": "SPIN(k=8,a=0.05)",
  "predicted_action": [
    -0.01049780241882101,
    -0.011431956410408051,
    0.00963211668545708,
    -0.012272171156079273,
    -0.03561356261723183,
    -0.09355099961687541,
    0.14901960784313717
  ],
  "ground_truth_action": [
    -0.005580915603786707,
    -0.0031092511489987373,
    0.016839303076267242,
    -0.017103539779782295,
    -0.04275134578347206,
    0.016516592353582382,
    -0.00044936189078725874
  ],
  "action_token_ids": [
    31918,
    31906,
    31862,
    31892,
    31914,
    31929,
    31853
  ],
  "mse_per_dim": [
    2.417577595185817e-05,
    6.926742286829028e-05,
    5.194353567187922e-05,
    2.3342122778102038e-05,
    5.094794852826242e-05,
    0.012114874802175183,
    0.022340972913320815
  ],
  "mse_mean": 0.004953646360184913,
  "mse_spatial": 0.0020557586013289293,
  "mse_gripper": 0.022340972913320815,
  "mse_per_dim_names": [
    "x",
    "y",
    "z",
    "roll",
    "pitch",
    "yaw",
    "gripper"
  ],
  "grounding": {
    "nouns": [],
    "num_boxes": 0,
    "num_patches": 0,
    "patch_coverage": 0.0
  }
}