{
  "episode_id": 1,
  "step_id": 40,
  "instruction": "put the blue cube on the right side of the table on top of the rectangular block",
  "condition": "spin_k8",
  "condition_desc": "SPIN(k=8,a=0.05)",
  "predicted_action": [
    -0.007590037282775443,
    0.008317392642007093,
    0.000798057298011634,
    0.003054090336257184,
    -0.005469650796231129,
    -0.0016785094141960888,
    -0.1568627450980392
  ],
  "ground_truth_action": [
    0.00033965372131206095,
    0.0009584955987520516,
    -5.304880687617697e-05,
    -0.0028095829766243696,
    0.0054754531010985374,
    0.0011471250327304006,
    1.0
  ],
  "action_token_ids": [
    31905,
    31845,
    31896,
    31868,
    31869,
    31872,
    31892
  ],
  "mse_per_dim": [
    6.287999942030628e-05,
    5.4153365693227797e-05,
    7.243816017773016e-07,
    3.438266472019934e-05,
    0.00011979529932334106,
    7.984210027657567e-06,
    1.3383314109957707
  ],
  "mse_mean": 0.19123019013093676,
  "mse_spatial": 4.66533201310849e-05,
  "mse_gripper": 1.3383314109957707,
  "mse_per_dim_names": [
    "x",
    "y",
    "z",
    "roll",
    "pitch",
    "yaw",
    "gripper"
  ],
  "grounding": {
    "nouns": [
      "cube",
      "side",
      "table",
      "top",
      "block"
    ],
    "num_boxes": 3,
    "num_patches": 256,
    "patch_coverage": 1.0
  }
}