{
  "episode_id": 6,
  "step_id": 25,
  "instruction": "Picked the piece of chocolate and put it into the drawer",
  "condition": "spin_k8",
  "condition_desc": "SPIN(k=8,a=0.05)",
  "predicted_action": [
    0.0038173490201725453,
    -0.0013954019739347845,
    0.0057347375439370275,
    0.024127699888219833,
    -0.029584780253031684,
    0.0015450867332663376,
    0.0235294117647058
  ],
  "ground_truth_action": [
    0.001981235109269619,
    0.015301321633160114,
    0.026454392820596695,
    -0.02528619021177292,
    -0.019388671964406967,
    0.036819420754909515,
    0.0
  ],
  "action_token_ids": [
    31854,
    31875,
    31877,
    31835,
    31905,
    31870,
    31869
  ],
  "mse_per_dim": [
    3.3713142938112393e-06,
    0.0002787805792117201,
    0.0004293041147836108,
    0.0024417325348141616,
    0.00010396062423336164,
    0.0012442786406704535,
    0.0005536332179930756
  ],
  "mse_mean": 0.0007221515751428849,
  "mse_spatial": 0.0007502379680011865,
  "mse_gripper": 0.0005536332179930756,
  "mse_per_dim_names": [
    "x",
    "y",
    "z",
    "roll",
    "pitch",
    "yaw",
    "gripper"
  ],
  "grounding": {
    "nouns": [
      "piece",
      "chocolate",
      "it",
      "drawer"
    ],
    "num_boxes": 1,
    "num_patches": 132,
    "patch_coverage": 0.515625
  }
}