{
  "episode_id": 6,
  "step_id": 3,
  "instruction": "Picked the piece of chocolate and put it into the drawer",
  "condition": "spin_k8",
  "condition_desc": "SPIN(k=8,a=0.05)",
  "predicted_action": [
    -0.0006561358045129376,
    0.002813475692973362,
    -0.008036002089433811,
    0.001776901878562484,
    -0.013508027281831314,
    -0.04842065355240138,
    0.20392156862745092
  ],
  "ground_truth_action": [
    0.001897807465866208,
    -0.008798792958259583,
    -0.012613989412784576,
    -0.009210103191435337,
    0.002194898435845971,
    0.10231692343950272,
    1.0
  ],
  "action_token_ids": [
    31874,
    31862,
    31930,
    31870,
    31881,
    31901,
    31846
  ],
  "mse_per_dim": [
    6.522626228314926e-06,
    0.00013484478322840738,
    2.0957967932760303e-05,
    0.00012071428040815783,
    0.0002465818760948907,
    0.022721817117390217,
    0.6337408688965783
  ],
  "mse_mean": 0.09385604393540872,
  "mse_spatial": 0.0038752397752137915,
  "mse_gripper": 0.6337408688965783,
  "mse_per_dim_names": [
    "x",
    "y",
    "z",
    "roll",
    "pitch",
    "yaw",
    "gripper"
  ],
  "grounding": {
    "nouns": [
      "piece",
      "chocolate",
      "it",
      "drawer"
    ],
    "num_boxes": 0,
    "num_patches": 0,
    "patch_coverage": 0.0
  }
}