{
  "episode_id": 1,
  "step_id": 28,
  "instruction": "put the blue cube on the right side of the table on top of the rectangular block",
  "condition": "spin_k8",
  "condition_desc": "SPIN(k=8,a=0.05)",
  "predicted_action": [
    -0.0053532948704327,
    -0.0010716421534033849,
    -0.008036002089433811,
    0.028597859490151326,
    0.0005591315679690234,
    0.03700464435535311,
    -0.007843137254901933
  ],
  "ground_truth_action": [
    0.002317998092621565,
    -0.0005705718649551272,
    0.003026033053174615,
    -0.025404097512364388,
    -0.03950098156929016,
    0.03378404304385185,
    1.0
  ],
  "action_token_ids": [
    31895,
    31874,
    31930,
    31828,
    31860,
    31848,
    31873
  ],
  "mse_per_dim": [
    5.884873572500588e-05,
    2.510714339656201e-07,
    0.00012236862149630383,
    0.002916211360101556,
    0.001604812664570006,
    1.0372272807643629e-05,
    1.0157477893118032
  ],
  "mse_mean": 0.1457800934339911,
  "mse_spatial": 0.0007854774543557467,
  "mse_gripper": 1.0157477893118032,
  "mse_per_dim_names": [
    "x",
    "y",
    "z",
    "roll",
    "pitch",
    "yaw",
    "gripper"
  ],
  "grounding": {
    "nouns": [
      "cube",
      "side",
      "table",
      "top",
      "block"
    ],
    "num_boxes": 2,
    "num_patches": 256,
    "patch_coverage": 1.0
  }
}