{
  "episode_id": 6,
  "step_id": 28,
  "instruction": "Picked the piece of chocolate and put it into the drawer",
  "condition": "spin_k8",
  "condition_desc": "SPIN(k=8,a=0.05)",
  "predicted_action": [
    0.00650143991498384,
    0.0060510738982873236,
    -0.004138622947913766,
    -0.01674233075801075,
    -0.006809380210497831,
    -0.12739875916523097,
    0.18823529411764706
  ],
  "ground_truth_action": [
    0.018844807520508766,
    0.034330323338508606,
    -0.0010724812746047974,
    -0.013769183307886124,
    0.014112074859440327,
    0.08332400768995285,
    0.0
  ],
  "action_token_ids": [
    31842,
    31852,
    31915,
    31899,
    31871,
    31950,
    31848
  ],
  "mse_per_dim": [
    0.00015235872384512214,
    0.0007997159489022557,
    9.401224760801925e-06,
    8.839605760182574e-06,
    0.00043770728224344104,
    0.04440408447110416,
    0.03543252595155709
  ],
  "mse_mean": 0.011606376172596149,
  "mse_spatial": 0.007635351209435994,
  "mse_gripper": 0.03543252595155709,
  "mse_per_dim_names": [
    "x",
    "y",
    "z",
    "roll",
    "pitch",
    "yaw",
    "gripper"
  ],
  "grounding": {
    "nouns": [
      "piece",
      "chocolate",
      "it",
      "drawer"
    ],
    "num_boxes": 1,
    "num_patches": 9,
    "patch_coverage": 0.03515625
  }
}