{
  "episode_id": 8,
  "step_id": 10,
  "instruction": "open the drawer",
  "condition": "spin_k8",
  "condition_desc": "SPIN(k=8,a=0.05)",
  "predicted_action": [
    -0.004234923664261325,
    -0.009165637666688285,
    0.001837358402416979,
    -0.03270718647919457,
    -0.02757518613163165,
    0.02572205783923459,
    -0.03921568627450983
  ],
  "ground_truth_action": [
    0.00045797473285347223,
    -0.0026722620241343975,
    -0.00029436690965667367,
    -0.0014498006785288453,
    0.0058629210107028484,
    -0.004705079831182957,
    0.0
  ],
  "action_token_ids": [
    31890,
    31899,
    31892,
    31924,
    31902,
    31855,
    31877
  ],
  "mse_per_dim": [
    2.202329536564263e-05,
    4.2163927235312114e-05,
    4.544252806135512e-06,
    0.0009770241670916595,
    0.0011181070092622415,
    0.0009258107068145426,
    0.0015378700499807788
  ],
  "mse_mean": 0.0006610776297937591,
  "mse_spatial": 0.000514945559762589,
  "mse_gripper": 0.0015378700499807788,
  "mse_per_dim_names": [
    "x",
    "y",
    "z",
    "roll",
    "pitch",
    "yaw",
    "gripper"
  ],
  "grounding": {
    "nouns": [
      "drawer"
    ],
    "num_boxes": 0,
    "num_patches": 0,
    "patch_coverage": 0.0
  }
}