{
  "episode_id": 1,
  "step_id": 12,
  "instruction": "put the blue cube on the right side of the table on top of the rectangular block",
  "condition": "spin_k8",
  "condition_desc": "SPIN(k=8,a=0.05)",
  "predicted_action": [
    -0.004905946387964152,
    -0.023411069770069706,
    0.0111910683420651,
    0.002415496107409834,
    -0.02891491554589834,
    -0.12417516301776851,
    -0.26666666666666666
  ],
  "ground_truth_action": [
    -0.0019161076052114367,
    0.001121516223065555,
    0.007450776174664497,
    -0.01319104339927435,
    0.0010112023446708918,
    0.00028548590489663184,
    0.0
  ],
  "action_token_ids": [
    31893,
    31943,
    31856,
    31869,
    31904,
    31948,
    31906
  ],
  "mse_per_dim": [
    8.939135946852236e-06,
    0.0006018477755105764,
    1.39897854975183e-05,
    0.0002435640753736942,
    0.0008955725320002479,
    0.015490453130250909,
    0.07111111111111111
  ],
  "mse_mean": 0.012623639649384415,
  "mse_spatial": 0.0028757277390966327,
  "mse_gripper": 0.07111111111111111,
  "mse_per_dim_names": [
    "x",
    "y",
    "z",
    "roll",
    "pitch",
    "yaw",
    "gripper"
  ],
  "grounding": {
    "nouns": [
      "cube",
      "side",
      "table",
      "top",
      "block"
    ],
    "num_boxes": 4,
    "num_patches": 256,
    "patch_coverage": 1.0
  }
}