{
  "episode_id": 2,
  "step_id": 16,
  "instruction": "put the red object into the pot",
  "condition": "spin_k8",
  "condition_desc": "SPIN(k=8,a=0.05)",
  "predicted_action": [
    0.0035936747789382766,
    -0.00042412251234059256,
    0.004955261715633021,
    -0.014187953842621337,
    -0.007479244917631175,
    -0.008125701709120942,
    0.007843137254901933
  ],
  "ground_truth_action": [
    -0.0004659775586333126,
    -0.007048401050269604,
    -0.0004079979262314737,
    -0.016277160495519638,
    0.0003624634991865605,
    -0.003425976261496544,
    1.0
  ],
  "action_token_ids": [
    31855,
    31872,
    31880,
    31895,
    31872,
    31876,
    31871
  ],
  "mse_per_dim": [
    1.6480777101950468e-05,
    4.388106614806692e-05,
    2.8764553986052464e-05,
    4.364784438514522e-06,
    6.149239089439013e-05,
    2.2087419283048345e-05,
    0.9843752402921954
  ],
  "mse_mean": 0.14065033018343534,
  "mse_spatial": 2.9511831975337143e-05,
  "mse_gripper": 0.9843752402921954,
  "mse_per_dim_names": [
    "x",
    "y",
    "z",
    "roll",
    "pitch",
    "yaw",
    "gripper"
  ],
  "grounding": {
    "nouns": [
      "object",
      "pot"
    ],
    "num_boxes": 2,
    "num_patches": 56,
    "patch_coverage": 0.21875
  }
}