{
  "episode_id": 4,
  "step_id": 10,
  "instruction": "",
  "condition": "spin_k8",
  "condition_desc": "SPIN(k=8,a=0.05)",
  "predicted_action": [
    -0.0006561358045129376,
    -0.011108196589876655,
    0.0036561353351263343,
    -0.018658113444552808,
    -0.02020667435316481,
    -0.009737499782852183,
    -0.196078431372549
  ],
  "ground_truth_action": [
    0.0005600226577371359,
    -0.0047464570961892605,
    -0.0002742255455814302,
    0.0026999367401003838,
    0.0035783140920102596,
    -0.163471981883049,
    0.007926348596811295
  ],
  "action_token_ids": [
    31874,
    31905,
    31885,
    31902,
    31891,
    31877,
    31897
  ],
  "mse_per_dim": [
    1.4790414053024633e-06,
    4.047172938554195e-05,
    1.5447736652597913e-05,
    0.00045616630769016424,
    0.0005657256753371116,
    0.02363429098661574,
    0.041617950250347105
  ],
  "mse_mean": 0.009475933103919079,
  "mse_spatial": 0.004118930246181076,
  "mse_gripper": 0.041617950250347105,
  "mse_per_dim_names": [
    "x",
    "y",
    "z",
    "roll",
    "pitch",
    "yaw",
    "gripper"
  ],
  "grounding": {
    "nouns": [],
    "num_boxes": 0,
    "num_patches": 0,
    "patch_coverage": 0.0
  }
}