{
  "episode_id": 2,
  "step_id": 9,
  "instruction": "put the red object into the pot",
  "condition": "pair_micro_gripex",
  "condition_desc": "wr(\u03bb=1.1) + gripex",
  "predicted_action": [
    0.005159394467578193,
    -0.0017191617944661772,
    -0.011413730678751193,
    0.004331278793951912,
    0.02668385514616961,
    -0.0016785094141960888,
    0.04705882352941182
  ],
  "ground_truth_action": [
    0.0006743579870089889,
    0.00726293446496129,
    -0.0014723989879712462,
    0.0005828147404827178,
    0.01027420163154602,
    0.013746744953095913,
    1.0
  ],
  "action_token_ids": [
    31848,
    31876,
    31943,
    31866,
    31821,
    31872,
    31866
  ],
  "mse_per_dim": [
    2.0115552232036588e-05,
    8.06780532136209e-05,
    9.883007578610568e-05,
    1.4050982760150703e-05,
    0.00026927672846999834,
    0.00023793847229566098,
    0.9080968858131487
  ],
  "mse_mean": 0.12983111081112947,
  "mse_spatial": 0.00012014831079292887,
  "mse_gripper": 0.9080968858131487,
  "mse_per_dim_names": [
    "x",
    "y",
    "z",
    "roll",
    "pitch",
    "yaw",
    "gripper"
  ],
  "grounding": {
    "nouns": [
      "object",
      "pot"
    ],
    "num_boxes": 3,
    "num_patches": 80,
    "patch_coverage": 0.3125
  }
}