{
  "episode_id": 3,
  "step_id": 25,
  "instruction": "put the rectangle block on top of the red arch and yellow block",
  "condition": "pair_micro_gripex",
  "condition_desc": "wr(\u03bb=1.1) + gripex",
  "predicted_action": [
    0.0035936747789382766,
    0.0024897158724419693,
    -0.012712857059257874,
    0.001776901878562484,
    0.005248184517902446,
    0.0353928462816219,
    -0.007843137254901933
  ],
  "ground_truth_action": [
    0.0035175683442503214,
    -0.0018071143422275782,
    -0.013462538830935955,
    -0.018365947529673576,
    0.03592997416853905,
    0.02248356118798256,
    0.0
  ],
  "action_token_ids": [
    31855,
    31863,
    31948,
    31870,
    31853,
    31849,
    31873
  ],
  "mse_per_dim": [
    5.7921894009119855e-09,
    1.846274989369715e-05,
    5.620227587863865e-07,
    0.0004057343822828758,
    0.0009413722161659112,
    0.00016664964162885885,
    6.151480199923062e-05
  ],
  "mse_mean": 0.00022775737241696585,
  "mse_spatial": 0.0002554644674865884,
  "mse_gripper": 6.151480199923062e-05,
  "mse_per_dim_names": [
    "x",
    "y",
    "z",
    "roll",
    "pitch",
    "yaw",
    "gripper"
  ],
  "grounding": {
    "nouns": [
      "block",
      "top"
    ],
    "num_boxes": 3,
    "num_patches": 22,
    "patch_coverage": 0.0859375
  }
}