{
  "episode_id": 9,
  "step_id": 19,
  "instruction": "Move the can in the middle bottom of the table",
  "condition": "pair_micro_gripex",
  "condition_desc": "wr(\u03bb=1.1) + gripex",
  "predicted_action": [
    0.00135693236659553,
    0.01835394707848037,
    0.016127748587990497,
    -0.04484047682729428,
    0.013956425710635989,
    0.08858218271475202,
    0.996078431372549
  ],
  "ground_truth_action": [
    0.00980442389845848,
    0.008692334406077862,
    0.026029322296380997,
    -0.03140782192349434,
    -0.06810685247182846,
    0.04893117770552635,
    1.0
  ],
  "action_token_ids": [
    31865,
    31814,
    31837,
    31943,
    31840,
    31816,
    31744
  ],
  "mse_per_dim": [
    7.136011318089626e-05,
    9.334675943152874e-05,
    9.804116190268999e-05,
    0.00018043621776458058,
    0.006734381626052546,
    0.0015722021982416388,
    1.5378700499807656e-05
  ],
  "mse_mean": 0.0012521638252962412,
  "mse_spatial": 0.00145829467942898,
  "mse_gripper": 1.5378700499807656e-05,
  "mse_per_dim_names": [
    "x",
    "y",
    "z",
    "roll",
    "pitch",
    "yaw",
    "gripper"
  ],
  "grounding": {
    "nouns": [
      "can",
      "bottom",
      "table"
    ],
    "num_boxes": 1,
    "num_patches": 224,
    "patch_coverage": 0.875
  }
}