{
  "episode_id": 4,
  "step_id": 3,
  "instruction": "",
  "condition": "pair_micro_gripex",
  "condition_desc": "wr(\u03bb=1.1) + gripex",
  "predicted_action": [
    -0.0013271585282157647,
    -0.017907152821035974,
    0.01197054417036911,
    0.009440032624730726,
    0.05950722579570371,
    0.05312262509266527,
    0.40784313725490184
  ],
  "ground_truth_action": [
    0.004439690615981817,
    0.0002553345402702689,
    -0.010047313757240772,
    0.019657356664538383,
    -0.021681683138012886,
    -0.11414557695388794,
    0.9971933364868164
  ],
  "action_token_ids": [
    31877,
    31926,
    31853,
    31858,
    31772,
    31838,
    31820
  ],
  "mse_per_dim": [
    3.3256549051932386e-05,
    0.00032987594714960905,
    0.0004847860677204134,
    0.00010439371053443146,
    0.006591638933847326,
    0.027978651415886548,
    0.3473336573346974
  ],
  "mse_mean": 0.054693751422698236,
  "mse_spatial": 0.005920433770698377,
  "mse_gripper": 0.3473336573346974,
  "mse_per_dim_names": [
    "x",
    "y",
    "z",
    "roll",
    "pitch",
    "yaw",
    "gripper"
  ],
  "grounding": {
    "nouns": [],
    "num_boxes": 0,
    "num_patches": 0,
    "patch_coverage": 0.0
  }
}