{
  "episode_id": 2,
  "step_id": 26,
  "instruction": "put the red object into the pot",
  "condition": "pair_micro_gripex",
  "condition_desc": "wr(\u03bb=1.1) + gripex",
  "predicted_action": [
    -0.003340226699324232,
    -0.01823091264156737,
    0.04003167398931348,
    -0.018658113444552808,
    -0.04968072146703217,
    -0.059703240068519875,
    0.05490196078431375
  ],
  "ground_truth_action": [
    -0.038850974291563034,
    -0.027743689715862274,
    0.008269593119621277,
    -0.011672121472656727,
    0.008061651140451431,
    -0.08205897361040115,
    0.0
  ],
  "action_token_ids": [
    31886,
    31927,
    31744,
    31902,
    31935,
    31908,
    31865
  ],
  "mse_per_dim": [
    0.001261013194559694,
    9.049292766523071e-05,
    0.0010088297811728676,
    4.88040838313965e-05,
    0.003334181594341472,
    0.0004997788221955957,
    0.003014225297962325
  ],
  "mse_mean": 0.0013224751002469403,
  "mse_spatial": 0.0010405167339610428,
  "mse_gripper": 0.003014225297962325,
  "mse_per_dim_names": [
    "x",
    "y",
    "z",
    "roll",
    "pitch",
    "yaw",
    "gripper"
  ],
  "grounding": {
    "nouns": [
      "object",
      "pot"
    ],
    "num_boxes": 2,
    "num_patches": 56,
    "patch_coverage": 0.21875
  }
}