{
  "episode_id": 9,
  "step_id": 17,
  "instruction": "Move the can in the middle bottom of the table",
  "condition": "pair_micro_gripex",
  "condition_desc": "wr(\u03bb=1.1) + gripex",
  "predicted_action": [
    0.0035936747789382766,
    -0.00010036269180919988,
    0.0036561353351263343,
    -0.002693257723368994,
    -0.012168297867564626,
    -0.008125701709120942,
    0.039215686274509776
  ],
  "ground_truth_action": [
    0.010718102566897869,
    0.010033036582171917,
    0.012381268665194511,
    -0.014901277609169483,
    -0.03197876363992691,
    0.052756909281015396,
    1.0
  ],
  "action_token_ids": [
    31855,
    31871,
    31885,
    31877,
    31879,
    31876,
    31867
  ],
  "mse_per_dim": [
    5.0757471305850814e-05,
    0.00010268578084592103,
    7.61279516274666e-05,
    0.00014903574953210018,
    0.0003924545541179376,
    0.00370669232097627,
    0.9231064975009612
  ],
  "mse_mean": 0.13251203590419525,
  "mse_spatial": 0.0007462923047342578,
  "mse_gripper": 0.9231064975009612,
  "mse_per_dim_names": [
    "x",
    "y",
    "z",
    "roll",
    "pitch",
    "yaw",
    "gripper"
  ],
  "grounding": {
    "nouns": [
      "can",
      "bottom",
      "table"
    ],
    "num_boxes": 1,
    "num_patches": 224,
    "patch_coverage": 0.875
  }
}