{
  "episode_id": 5,
  "step_id": 10,
  "instruction": "take broccoli out of pan",
  "condition": "tri_micro_gripex_midlay",
  "condition_desc": "wr(\u03bb=1.1) + gripex + L[12, 14, 16, 18, 20]",
  "predicted_action": [
    0.002475303572766905,
    0.005727314077755924,
    -0.01089408012654852,
    -0.00013888080797956615,
    -0.006809380210497831,
    0.004768682880728764,
    0.996078431372549
  ],
  "ground_truth_action": [
    0.0018180431798100471,
    0.0002043356216745451,
    -0.009431569837033749,
    -0.020415639504790306,
    -0.01857747510075569,
    -0.011884105391800404,
    1.0
  ],
  "action_token_ids": [
    31860,
    31853,
    31941,
    31873,
    31871,
    31868,
    31744
  ],
  "mse_per_dim": [
    4.3199122414980316e-07,
    3.050329102633905e-05,
    2.1389363469365816e-06,
    0.00041114694324868997,
    0.00013848805734611316,
    0.000277315357249685,
    1.5378700499807656e-05
  ],
  "mse_mean": 0.00012505761099167444,
  "mse_spatial": 0.00014333742940698558,
  "mse_gripper": 1.5378700499807656e-05,
  "mse_per_dim_names": [
    "x",
    "y",
    "z",
    "roll",
    "pitch",
    "yaw",
    "gripper"
  ],
  "grounding": {
    "nouns": [
      "broccoli",
      "pan"
    ],
    "num_boxes": 3,
    "num_patches": 34,
    "patch_coverage": 0.1328125
  }
}