{
  "episode_id": 1,
  "step_id": 42,
  "instruction": "put the blue cube on the right side of the table on top of the rectangular block",
  "condition": "tri_micro_gripex_midlay",
  "condition_desc": "wr(\u03bb=1.1) + gripex + L[12, 14, 16, 18, 20]",
  "predicted_action": [
    0.00717246263868666,
    -0.0023666814355289695,
    0.034575343191185395,
    -0.036538751852278686,
    -0.04365193910283203,
    0.0063804809544599494,
    0.996078431372549
  ],
  "ground_truth_action": [
    -0.008818346075713634,
    0.016225092113018036,
    0.043353985995054245,
    -0.039675068110227585,
    -0.04370688647031784,
    -0.002430369844660163,
    1.0
  ],
  "action_token_ids": [
    31839,
    31878,
    31766,
    31930,
    31926,
    31867,
    31744
  ],
  "mse_per_dim": [
    0.00025570596334054043,
    0.0003456540436804521,
    7.706456947791833e-05,
    9.83647966987458e-06,
    3.019213193620897e-09,
    7.763109180435553e-05,
    1.5378700499807656e-05
  ],
  "mse_mean": 0.00011161055252659174,
  "mse_spatial": 0.00012764919453105576,
  "mse_gripper": 1.5378700499807656e-05,
  "mse_per_dim_names": [
    "x",
    "y",
    "z",
    "roll",
    "pitch",
    "yaw",
    "gripper"
  ],
  "grounding": {
    "nouns": [
      "cube",
      "side",
      "table",
      "top",
      "block"
    ],
    "num_boxes": 3,
    "num_patches": 256,
    "patch_coverage": 1.0
  }
}