{
  "predicted_action": [
    0.0006859096428927063,
    0.01835394707848037,
    0.019765302453409208,
    -0.03909312876766811,
    0.009937237467835897,
    0.04506363472400918,
    0.2196078431372549
  ],
  "ground_truth_action": [
    0.00980442389845848,
    0.008692334406077862,
    0.026029322296380997,
    -0.03140782192349434,
    -0.06810685247182846,
    0.04893117770552635,
    1.0
  ],
  "action_token_ids": [
    31868,
    31814,
    31823,
    31934,
    31846,
    31843,
    31844
  ],
  "mse_per_dim": [
    8.314730222895625e-05,
    9.334675943152874e-05,
    3.9237944593144314e-05,
    5.906394128910417e-05,
    0.006090879974510419,
    1.4957888713882758e-05,
    0.6090119184928874
  ],
  "mse_mean": 0.08791322175766492,
  "mse_per_dim_names": [
    "x",
    "y",
    "z",
    "roll",
    "pitch",
    "yaw",
    "gripper"
  ],
  "episode_id": 9,
  "step_id": 19,
  "instruction": "Move the can in the middle bottom of the table",
  "method": "baseline"
}