{
  "predicted_action": [
    -0.007366363041541167,
    -0.005604279640842924,
    0.024182332147131936,
    -0.05505798448885193,
    0.054148308138636955,
    0.024110259765503378,
    -0.7450980392156863
  ],
  "ground_truth_action": [
    -0.0030166804790496826,
    0.005107253789901733,
    0.026172185316681862,
    -0.0381409153342247,
    -0.026436321437358856,
    0.010622579604387283,
    0.0
  ],
  "action_token_ids": [
    31904,
    31888,
    31806,
    31959,
    31780,
    31856,
    31967
  ],
  "mse_per_dim": [
    1.8919738394442486e-05,
    0.0001147369484379604,
    3.959515636367886e-06,
    0.00028618722878243996,
    0.006493882523900459,
    0.0001819175161285647,
    0.5551710880430604
  ],
  "mse_mean": 0.08032438450204867,
  "mse_per_dim_names": [
    "x",
    "y",
    "z",
    "roll",
    "pitch",
    "yaw",
    "gripper"
  ],
  "episode_id": 6,
  "step_id": 24,
  "instruction": "Picked the piece of chocolate and put it into the drawer",
  "method": "baseline"
}