{
  "predicted_action": [
    0.002251629331532626,
    0.0011946765903163847,
    -0.0012805449107990592,
    0.001776901878562484,
    0.0018988609822357116,
    0.0015450867332663376,
    0.08627450980392148
  ],
  "ground_truth_action": [
    0.00217902148142457,
    -0.0031260717660188675,
    0.0028961687348783016,
    0.013126663863658905,
    0.010925862938165665,
    -0.005883979611098766,
    0.0
  ],
  "action_token_ids": [
    31861,
    31867,
    31904,
    31870,
    31858,
    31870,
    31861
  ],
  "mse_per_dim": [
    5.271899897313885e-09,
    1.8668866358773785e-05,
    1.744493687798747e-05,
    0.00012881709711833986,
    8.14867643123632e-05,
    5.519102674897829e-05,
    0.007443291041906944
  ],
  "mse_mean": 0.0011064150007461834,
  "mse_per_dim_names": [
    "x",
    "y",
    "z",
    "roll",
    "pitch",
    "yaw",
    "gripper"
  ],
  "episode_id": 3,
  "step_id": 31,
  "instruction": "put the rectangle block on top of the red arch and yellow block",
  "method": "baseline"
}