{
  "episode_id": 6,
  "step_id": 37,
  "instruction": "Picked the piece of chocolate and put it into the drawer",
  "condition": "act_gripex",
  "condition_desc": "ACT(a=5.0,b=0.4) + gripex",
  "predicted_action": [
    0.0038173490201725453,
    0.005403554257224531,
    0.0036561353351263343,
    0.011994409540120127,
    0.004578319810769102,
    0.027333855912965777,
    -0.03921568627450983
  ],
  "ground_truth_action": [
    -0.0027503983583301306,
    -0.0036295251920819283,
    -0.00588178401812911,
    0.003461227985098958,
    0.011520368047058582,
    -0.025915401056408882,
    0.0
  ],
  "action_token_ids": [
    31854,
    31854,
    31885,
    31854,
    31854,
    31854,
    31877
  ],
  "mse_per_dim": [
    4.313530562782877e-05,
    8.159652433748269e-05,
    9.097190558920476e-05,
    7.28151874509535e-05,
    4.8192033714969885e-05,
    0.0028354833677904957,
    0.0015378700499807788
  ],
  "mse_mean": 0.000672866339213102,
  "mse_spatial": 0.0005286990540851558,
  "mse_gripper": 0.0015378700499807788,
  "mse_per_dim_names": [
    "x",
    "y",
    "z",
    "roll",
    "pitch",
    "yaw",
    "gripper"
  ],
  "grounding": {
    "nouns": [
      "piece",
      "chocolate",
      "it",
      "drawer"
    ],
    "num_boxes": 1,
    "num_patches": 25,
    "patch_coverage": 0.09765625
  }
}