{
  "episode_id": 2,
  "step_id": 41,
  "instruction": "put the red object into the pot",
  "condition": "act_gripex",
  "condition_desc": "ACT(a=5.0,b=0.4) + gripex",
  "predicted_action": [
    0.009856553533497955,
    0.014145069411572224,
    -0.005697574604521784,
    0.029236453718998676,
    0.022664666903369532,
    0.07085240390370864,
    0.18039215686274512
  ],
  "ground_truth_action": [
    0.005329049192368984,
    0.004398403223603964,
    -0.017777301371097565,
    0.004105815198272467,
    0.044225066900253296,
    -0.06325957924127579,
    1.0
  ],
  "action_token_ids": [
    31827,
    31827,
    31921,
    31827,
    31827,
    31827,
    31849
  ],
  "mse_per_dim": [
    2.0498295558941673e-05,
    9.499750177968373e-05,
    0.00014591979875512739,
    0.000631548992459408,
    0.0004648508480256254,
    0.01798602402308059,
    0.671757016532103
  ],
  "mse_mean": 0.0987286937131089,
  "mse_spatial": 0.0032239732432765623,
  "mse_gripper": 0.671757016532103,
  "mse_per_dim_names": [
    "x",
    "y",
    "z",
    "roll",
    "pitch",
    "yaw",
    "gripper"
  ],
  "grounding": {
    "nouns": [
      "object",
      "pot"
    ],
    "num_boxes": 2,
    "num_patches": 56,
    "patch_coverage": 0.21875
  }
}