{
  "episode_id": 8,
  "step_id": 6,
  "instruction": "open the drawer",
  "condition": "act_gripex",
  "condition_desc": "ACT(a=5.0,b=0.4) + gripex",
  "predicted_action": [
    -0.004234923664261325,
    -0.006251799281905716,
    0.002357008954619655,
    0.007524249938188662,
    -0.019536809646031453,
    -0.030690874741357954,
    -0.10196078431372552
  ],
  "ground_truth_action": [
    0.0053087458945810795,
    -0.0007840382168069482,
    -0.005572720430791378,
    -0.0070840721018612385,
    0.007009762339293957,
    0.007339758332818747,
    1.0
  ],
  "action_token_ids": [
    31890,
    31890,
    31890,
    31861,
    31890,
    31890,
    31885
  ],
  "mse_per_dim": [
    9.108162864837517e-05,
    2.9896411065010017e-05,
    6.288060812585124e-05,
    0.0002134030728258077,
    0.0007047204841720638,
    0.0014463290520226628,
    1.2143175701653213
  ],
  "mse_mean": 0.1738379830603116,
  "mse_spatial": 0.0004247185428099618,
  "mse_gripper": 1.2143175701653213,
  "mse_per_dim_names": [
    "x",
    "y",
    "z",
    "roll",
    "pitch",
    "yaw",
    "gripper"
  ],
  "grounding": {
    "nouns": [
      "drawer"
    ],
    "num_boxes": 0,
    "num_patches": 0,
    "patch_coverage": 0.0
  }
}