{
  "episode_id": 3,
  "step_id": 25,
  "instruction": "put the rectangle block on top of the red arch and yellow block",
  "condition": "act_gripex",
  "condition_desc": "ACT(a=5.0,b=0.4) + gripex",
  "predicted_action": [
    0.005159394467578193,
    0.007346113180412908,
    0.013269670550875797,
    0.015825974913204255,
    0.008597508053569194,
    0.03700464435535311,
    0.9333333333333333
  ],
  "ground_truth_action": [
    0.0035175683442503214,
    -0.0018071143422275782,
    -0.013462538830935955,
    -0.018365947529673576,
    0.03592997416853905,
    0.02248356118798256,
    0.0
  ],
  "action_token_ids": [
    31848,
    31848,
    31848,
    31848,
    31848,
    31848,
    31753
  ],
  "mse_per_dim": [
    2.695593019241826e-06,
    8.378157408122329e-05,
    0.0007146110184330243,
    0.0011690875603397727,
    0.0007470637039259752,
    0.00021086185635369237,
    0.8711111111111112
  ],
  "mse_mean": 0.12486274463103773,
  "mse_spatial": 0.00048801688435882166,
  "mse_gripper": 0.8711111111111112,
  "mse_per_dim_names": [
    "x",
    "y",
    "z",
    "roll",
    "pitch",
    "yaw",
    "gripper"
  ],
  "grounding": {
    "nouns": [
      "block",
      "top"
    ],
    "num_boxes": 3,
    "num_patches": 22,
    "patch_coverage": 0.0859375
  }
}