{
  "episode_id": 8,
  "step_id": 21,
  "instruction": "open the drawer",
  "condition": "act_gripex",
  "condition_desc": "ACT(a=5.0,b=0.4) + gripex",
  "predicted_action": [
    -0.0006561358045129376,
    -0.0010716421534033849,
    0.007813339752747724,
    0.002415496107409834,
    -0.008818974331897864,
    0.003156884806997551,
    0.05490196078431375
  ],
  "ground_truth_action": [
    -0.00547283049672842,
    -0.0010509059065952897,
    0.0014394497266039252,
    -0.005370530765503645,
    0.0009508657385595143,
    -0.003978815861046314,
    0.0
  ],
  "action_token_ids": [
    31874,
    31874,
    31869,
    31869,
    31874,
    31869,
    31865
  ],
  "mse_per_dim": [
    2.3200547758016802e-05,
    4.2999193168623673e-10,
    4.06264740653754e-05,
    6.062221446573085e-05,
    9.544977500231462e-05,
    5.091822402392166e-05,
    0.003014225297962325
  ],
  "mse_mean": 0.0004692918518956595,
  "mse_spatial": 4.513627755121517e-05,
  "mse_gripper": 0.003014225297962325,
  "mse_per_dim_names": [
    "x",
    "y",
    "z",
    "roll",
    "pitch",
    "yaw",
    "gripper"
  ],
  "grounding": {
    "nouns": [
      "drawer"
    ],
    "num_boxes": 1,
    "num_patches": 256,
    "patch_coverage": 1.0
  }
}