{
  "episode_id": 4,
  "step_id": 14,
  "instruction": "",
  "condition": "act_gripex",
  "condition_desc": "ACT(a=5.0,b=0.4) + gripex",
  "predicted_action": [
    0.0011332581253612577,
    0.0015184364108477844,
    0.008592815581051735,
    0.004331278793951912,
    -0.003460056674831083,
    -0.006513903635389756,
    0.06274509803921569
  ],
  "ground_truth_action": [
    0.008324324153363705,
    -0.002237897366285324,
    0.04749215766787529,
    0.009794389829039574,
    -0.01097919698804617,
    0.6028485894203186,
    0.006217300891876221
  ],
  "action_token_ids": [
    31866,
    31866,
    31866,
    31866,
    31866,
    31875,
    31864
  ],
  "mse_per_dim": [
    5.171143061909089e-05,
    1.4110043445231085e-05,
    0.001513158814787722,
    2.9845582181696582e-05,
    5.653747104981627e-05,
    0.3713226479430682,
    0.00319539185033076
  ],
  "mse_mean": 0.05374048616221178,
  "mse_spatial": 0.06216466854752529,
  "mse_gripper": 0.00319539185033076,
  "mse_per_dim_names": [
    "x",
    "y",
    "z",
    "roll",
    "pitch",
    "yaw",
    "gripper"
  ],
  "grounding": {
    "nouns": [],
    "num_boxes": 0,
    "num_patches": 0,
    "patch_coverage": 0.0
  }
}