{
  "episode_id": 4,
  "step_id": 16,
  "instruction": "",
  "condition": "act_gripex",
  "condition_desc": "ACT(a=5.0,b=0.4) + gripex",
  "predicted_action": [
    -0.0008798100457472133,
    -0.0013954019739347845,
    0.0062543880961397035,
    -0.0014160692656742802,
    -0.010828568453297924,
    -0.006513903635389756,
    0.18823529411764706
  ],
  "ground_truth_action": [
    -0.005062172655016184,
    0.0036314420867711306,
    0.04702300205826759,
    0.02338748425245285,
    -0.04233795404434204,
    0.42642349004745483,
    -0.0036133320536464453
  ],
  "action_token_ids": [
    31875,
    31875,
    31875,
    31875,
    31877,
    31875,
    31848
  ],
  "mse_per_dim": [
    1.7492156995411152e-05,
    2.5269161210654335e-05,
    0.0016620798843930088,
    0.0006152162671265968,
    0.0009928413803250986,
    0.18743478684889434,
    0.03680589536381272
  ],
  "mse_mean": 0.03250765443753683,
  "mse_spatial": 0.03179128094982418,
  "mse_gripper": 0.03680589536381272,
  "mse_per_dim_names": [
    "x",
    "y",
    "z",
    "roll",
    "pitch",
    "yaw",
    "gripper"
  ],
  "grounding": {
    "nouns": [],
    "num_boxes": 0,
    "num_patches": 0,
    "patch_coverage": 0.0
  }
}