{
  "episode_id": 8,
  "step_id": 17,
  "instruction": "open the drawer",
  "condition": "act_gripex",
  "condition_desc": "ACT(a=5.0,b=0.4) + gripex",
  "predicted_action": [
    0.0020279550902983536,
    0.002813475692973362,
    0.00963211668545708,
    0.006885655709341312,
    -0.0007805978462976926,
    0.014439471323116071,
    0.12549019607843137
  ],
  "ground_truth_action": [
    -0.003957570530474186,
    -0.012928534299135208,
    0.0016755001852288842,
    -0.00943364854902029,
    0.019571000710129738,
    0.0038191843777894974,
    0.0
  ],
  "action_token_ids": [
    31862,
    31862,
    31862,
    31862,
    31862,
    31862,
    31856
  ],
  "mse_per_dim": [
    3.582651695692449e-05,
    0.00024781087859164605,
    6.330774613170358e-05,
    0.00026631969147697913,
    0.00041418756380197906,
    0.00011279049480107404,
    0.01574778931180315
  ],
  "mse_mean": 0.002412576029080494,
  "mse_spatial": 0.00019004048196005104,
  "mse_gripper": 0.01574778931180315,
  "mse_per_dim_names": [
    "x",
    "y",
    "z",
    "roll",
    "pitch",
    "yaw",
    "gripper"
  ],
  "grounding": {
    "nouns": [
      "drawer"
    ],
    "num_boxes": 1,
    "num_patches": 256,
    "patch_coverage": 1.0
  }
}