{
  "episode_id": 4,
  "step_id": 24,
  "instruction": "",
  "condition": "act_gripex",
  "condition_desc": "ACT(a=5.0,b=0.4) + gripex",
  "predicted_action": [
    -0.0013271585282157647,
    -0.002042921614997577,
    0.005474912267835693,
    -0.0033318519522163442,
    -0.010828568453297924,
    -0.011349297856583396,
    0.08627450980392148
  ],
  "ground_truth_action": [
    -0.0064018783159554005,
    0.0013280474813655019,
    -0.028491469100117683,
    0.028679827228188515,
    0.0037012998946011066,
    0.17686143517494202,
    -0.009064309298992157
  ],
  "action_token_ids": [
    31877,
    31877,
    31878,
    31878,
    31877,
    31878,
    31861
  ],
  "mse_per_dim": [
    2.5752780924076215e-05,
    1.1363432648634912e-05,
    0.0011537150632332505,
    0.001024747603949166,
    0.0002111170742072781,
    0.03542328002826413,
    0.009089490427938092
  ],
  "mse_mean": 0.006705638058737804,
  "mse_spatial": 0.006308329330537756,
  "mse_gripper": 0.009089490427938092,
  "mse_per_dim_names": [
    "x",
    "y",
    "z",
    "roll",
    "pitch",
    "yaw",
    "gripper"
  ],
  "grounding": {
    "nouns": [],
    "num_boxes": 0,
    "num_patches": 0,
    "patch_coverage": 0.0
  }
}