{
  "episode_id": 3,
  "step_id": 28,
  "instruction": "put the rectangle block on top of the red arch and yellow block",
  "condition": "act_gripex",
  "condition_desc": "ACT(a=5.0,b=0.4) + gripex",
  "predicted_action": [
    0.0044883717438753655,
    0.006374833718818716,
    0.01249019472257178,
    0.001138307649715134,
    0.006587913932169148,
    0.007992279028191218,
    0.196078431372549
  ],
  "ground_truth_action": [
    0.0013702231226488948,
    0.004410550929605961,
    -0.014089349657297134,
    -0.0266331285238266,
    0.02234344743192196,
    0.011976118199527264,
    0.0
  ],
  "action_token_ids": [
    31851,
    31851,
    31851,
    31871,
    31851,
    31866,
    31847
  ],
  "mse_per_dim": [
    9.72285082405654e-06,
    3.858406875997442e-06,
    0.0007064721794414212,
    0.0007712526671411023,
    0.0002482368358618331,
    1.587097454307147e-05,
    0.038446751249519406
  ],
  "mse_mean": 0.005743166452029555,
  "mse_spatial": 0.000292568985781247,
  "mse_gripper": 0.038446751249519406,
  "mse_per_dim_names": [
    "x",
    "y",
    "z",
    "roll",
    "pitch",
    "yaw",
    "gripper"
  ],
  "grounding": {
    "nouns": [
      "block",
      "top"
    ],
    "num_boxes": 4,
    "num_patches": 195,
    "patch_coverage": 0.76171875
  }
}