{
  "episode_id": 5,
  "step_id": 21,
  "instruction": "take broccoli out of pan",
  "condition": "act_gripex",
  "condition_desc": "ACT(a=5.0,b=0.4) + gripex",
  "predicted_action": [
    -0.007590037282775443,
    -0.011108196589876655,
    -0.0015403701869003972,
    -0.020573896131094865,
    -0.029584780253031684,
    -0.032302672815089195,
    0.14117647058823524
  ],
  "ground_truth_action": [
    -0.005879540462046862,
    0.0014935544459149241,
    -0.022402869537472725,
    -0.0296296589076519,
    -0.0024550016969442368,
    0.004829951096326113,
    0.0
  ],
  "action_token_ids": [
    31905,
    31905,
    31905,
    31905,
    31905,
    31891,
    31854
  ],
  "mse_per_dim": [
    2.925799373722584e-06,
    0.00015880412916807415,
    0.0004352438791526308,
    8.200683946527599e-05,
    0.0007360248845023423,
    0.0013788317585466119,
    0.01993079584775085
  ],
  "mse_mean": 0.0032463761625656437,
  "mse_spatial": 0.00046563954836810966,
  "mse_gripper": 0.01993079584775085,
  "mse_per_dim_names": [
    "x",
    "y",
    "z",
    "roll",
    "pitch",
    "yaw",
    "gripper"
  ],
  "grounding": {
    "nouns": [
      "broccoli",
      "pan"
    ],
    "num_boxes": 3,
    "num_patches": 37,
    "patch_coverage": 0.14453125
  }
}