{
  "episode_id": 7,
  "step_id": 13,
  "instruction": "Move the blue fork to the lower right burner",
  "condition": "act_gripex",
  "condition_desc": "ACT(a=5.0,b=0.4) + gripex",
  "predicted_action": [
    0.0035936747789382766,
    0.005079794436693139,
    0.008592815581051735,
    0.004331278793951912,
    0.003908455103635758,
    0.02572205783923459,
    -0.07058823529411762
  ],
  "ground_truth_action": [
    -0.00026309152599424124,
    -0.002051333896815777,
    0.0034226446878165007,
    0.007478575687855482,
    -0.009928517043590546,
    -0.010426384396851063,
    0.0
  ],
  "action_token_ids": [
    31855,
    31855,
    31866,
    31866,
    31855,
    31855,
    31881
  ],
  "mse_per_dim": [
    1.4874646330862827e-05,
    5.085299130897364e-05,
    2.673066706525682e-05,
    9.90547773837506e-06,
    0.0001914617982031165,
    0.0013067098760956213,
    0.0049826989619377125
  ],
  "mse_mean": 0.0009404620598114169,
  "mse_spatial": 0.00026675590945703434,
  "mse_gripper": 0.0049826989619377125,
  "mse_per_dim_names": [
    "x",
    "y",
    "z",
    "roll",
    "pitch",
    "yaw",
    "gripper"
  ],
  "grounding": {
    "nouns": [
      "fork",
      "burner"
    ],
    "num_boxes": 3,
    "num_patches": 180,
    "patch_coverage": 0.703125
  }
}