{
  "episode_id": 4,
  "step_id": 47,
  "instruction": "",
  "condition": "act_gripex",
  "condition_desc": "ACT(a=5.0,b=0.4) + gripex",
  "predicted_action": [
    0.0020279550902983536,
    0.007346113180412908,
    0.013269670550875797,
    0.015825974913204255,
    0.008597508053569194,
    0.024110259765503378,
    0.14117647058823524
  ],
  "ground_truth_action": [
    -0.005215448793023825,
    0.0003528603701852262,
    -0.00483120558783412,
    0.005776841659098864,
    -0.0032952886540442705,
    -0.011949100531637669,
    1.0
  ],
  "action_token_ids": [
    31862,
    31848,
    31848,
    31848,
    31848,
    31856,
    31854
  ],
  "mse_per_dim": [
    5.246689981692681e-05,
    4.8905584867757375e-05,
    0.00032764171698891804,
    0.0001009850791587668,
    0.00014143861352862168,
    0.001300277465039032,
    0.7375778546712803
  ],
  "mse_mean": 0.10564993857581148,
  "mse_spatial": 0.0003286192265666705,
  "mse_gripper": 0.7375778546712803,
  "mse_per_dim_names": [
    "x",
    "y",
    "z",
    "roll",
    "pitch",
    "yaw",
    "gripper"
  ],
  "grounding": {
    "nouns": [],
    "num_boxes": 0,
    "num_patches": 0,
    "patch_coverage": 0.0
  }
}