{
  "episode_id": 4,
  "step_id": 13,
  "instruction": "",
  "condition": "act_gripex",
  "condition_desc": "ACT(a=5.0,b=0.4) + gripex",
  "predicted_action": [
    0.002475303572766905,
    0.0031372355135047617,
    0.009891941961558414,
    0.004331278793951912,
    -0.003460056674831083,
    0.007992279028191218,
    0.0
  ],
  "ground_truth_action": [
    0.0026366757228970528,
    -0.013169503770768642,
    0.004448670893907547,
    0.014962839893996716,
    -0.003596783149987459,
    0.06845731288194656,
    0.0015056452248245478
  ],
  "action_token_ids": [
    31860,
    31861,
    31861,
    31866,
    31866,
    31866,
    31872
  ],
  "mse_per_dim": [
    2.6040970837626962e-08,
    0.0002659097460852655,
    2.962919991592501e-05,
    0.00011303009142398587,
    1.8694129008687173e-08,
    0.00365602031893578,
    2.266967543036963e-06
  ],
  "mse_mean": 0.0005809858655719771,
  "mse_spatial": 0.0006774390152434671,
  "mse_gripper": 2.266967543036963e-06,
  "mse_per_dim_names": [
    "x",
    "y",
    "z",
    "roll",
    "pitch",
    "yaw",
    "gripper"
  ],
  "grounding": {
    "nouns": [],
    "num_boxes": 0,
    "num_patches": 0,
    "patch_coverage": 0.0
  }
}