{
  "episode_id": 1,
  "step_id": 46,
  "instruction": "put the blue cube on the right side of the table on top of the rectangular block",
  "condition": "act_gripex",
  "condition_desc": "ACT(a=5.0,b=0.4) + gripex",
  "predicted_action": [
    0.00023856116042415831,
    0.005403554257224531,
    0.01171071889426777,
    0.001776901878562484,
    -0.006139515503364487,
    0.0015450867332663376,
    -0.1411764705882353
  ],
  "ground_truth_action": [
    0.0,
    0.0,
    0.0,
    0.0,
    0.0,
    0.0,
    1.0
  ],
  "action_token_ids": [
    31870,
    31854,
    31854,
    31870,
    31870,
    31870,
    31890
  ],
  "mse_per_dim": [
    5.6911427262921e-08,
    2.9198398610769355e-05,
    0.00013714093702056013,
    3.1573802860388846e-06,
    3.7693650616052895e-05,
    2.3872930133156425e-06,
    1.3022837370242213
  ],
  "mse_mean": 0.18607048165645645,
  "mse_spatial": 3.49390951623333e-05,
  "mse_gripper": 1.3022837370242213,
  "mse_per_dim_names": [
    "x",
    "y",
    "z",
    "roll",
    "pitch",
    "yaw",
    "gripper"
  ],
  "grounding": {
    "nouns": [
      "cube",
      "side",
      "table",
      "top",
      "block"
    ],
    "num_boxes": 3,
    "num_patches": 256,
    "patch_coverage": 1.0
  }
}