{
  "episode_id": 4,
  "step_id": 17,
  "instruction": "",
  "condition": "act_gripex",
  "condition_desc": "ACT(a=5.0,b=0.4) + gripex",
  "predicted_action": [
    1.4886919189882608e-05,
    -0.00010036269180919988,
    0.007293689200545048,
    0.004331278793951912,
    -0.006809380210497831,
    -6.671134046487559e-05,
    -0.1098039215686275
  ],
  "ground_truth_action": [
    -0.0004135545459575951,
    -0.0033940328285098076,
    0.038742199540138245,
    0.010603630915284157,
    -0.04873740300536156,
    0.2334422469139099,
    -0.002574315993115306
  ],
  "action_token_ids": [
    31871,
    31871,
    31871,
    31866,
    31871,
    31871,
    31886
  ],
  "mse_per_dim": [
    1.8356208905771737e-07,
    1.0848262969393399e-05,
    0.0009890088025795005,
    3.934240113398111e-05,
    0.0017579590954866122,
    0.054526433585043346,
    0.011498188311879917
  ],
  "mse_mean": 0.009831709145883116,
  "mse_spatial": 0.009553962618216982,
  "mse_gripper": 0.011498188311879917,
  "mse_per_dim_names": [
    "x",
    "y",
    "z",
    "roll",
    "pitch",
    "yaw",
    "gripper"
  ],
  "grounding": {
    "nouns": [],
    "num_boxes": 0,
    "num_patches": 0,
    "patch_coverage": 0.0
  }
}