{
  "episode_id": 1,
  "step_id": 8,
  "instruction": "put the blue cube on the right side of the table on top of the rectangular block",
  "condition": "act_gripex",
  "condition_desc": "ACT(a=5.0,b=0.4) + gripex",
  "predicted_action": [
    0.003370000537704001,
    0.004756034616161739,
    0.007813339752747724,
    0.006885655709341312,
    0.0032385903965024138,
    0.024110259765503378,
    -0.3137254901960784
  ],
  "ground_truth_action": [
    0.005894463509321213,
    -0.005747814662754536,
    -0.0038173405919224024,
    0.0029883242677897215,
    -0.007389185484498739,
    -0.0023829664569348097,
    1.0
  ],
  "action_token_ids": [
    31856,
    31856,
    31869,
    31862,
    31856,
    31856,
    31912
  ],
  "mse_per_dim": [
    6.372913295066404e-06,
    0.00011033084967418994,
    0.000135272725279896,
    1.5189192365306601e-05,
    0.00011294962017678984,
    0.0007018910356732864,
    1.7258746635909266
  ],
  "mse_mean": 0.246708095703913,
  "mse_spatial": 0.00018033438941075588,
  "mse_gripper": 1.7258746635909266,
  "mse_per_dim_names": [
    "x",
    "y",
    "z",
    "roll",
    "pitch",
    "yaw",
    "gripper"
  ],
  "grounding": {
    "nouns": [
      "cube",
      "side",
      "table",
      "top",
      "block"
    ],
    "num_boxes": 3,
    "num_patches": 256,
    "patch_coverage": 1.0
  }
}