{
  "episode_id": 0,
  "step_id": 3,
  "instruction": "put small spoon from basket to tray",
  "condition": "act_gripex",
  "condition_desc": "ACT(a=5.0,b=0.4) + gripex",
  "predicted_action": [
    -0.0008798100457472133,
    -0.0013954019739347845,
    0.0062543880961397035,
    -0.0014160692656742802,
    -0.009488839039031222,
    -0.006513903635389756,
    0.14117647058823524
  ],
  "ground_truth_action": [
    0.009430934675037861,
    0.009917963296175003,
    -0.008172228001058102,
    0.02362874709069729,
    -0.034016966819763184,
    0.07629960775375366,
    1.0
  ],
  "action_token_ids": [
    31875,
    31875,
    31875,
    31875,
    31875,
    31875,
    31854
  ],
  "mse_per_dim": [
    0.00010631145669719728,
    0.0001279922337349263,
    0.00020812725201592683,
    0.0006272428263243768,
    0.000601629052427915,
    0.006858077668599786,
    0.7375778546712803
  ],
  "mse_mean": 0.10658674788015435,
  "mse_spatial": 0.0014215634149666882,
  "mse_gripper": 0.7375778546712803,
  "mse_per_dim_names": [
    "x",
    "y",
    "z",
    "roll",
    "pitch",
    "yaw",
    "gripper"
  ],
  "grounding": {
    "nouns": [
      "spoon",
      "basket"
    ],
    "num_boxes": 6,
    "num_patches": 179,
    "patch_coverage": 0.69921875
  }
}