{
  "episode_id": 8,
  "step_id": 30,
  "instruction": "open the drawer",
  "condition": "act_gripex",
  "condition_desc": "ACT(a=5.0,b=0.4) + gripex",
  "predicted_action": [
    0.0020279550902983536,
    0.002813475692973362,
    0.00963211668545708,
    0.01327159799781484,
    -0.0007805978462976926,
    0.014439471323116071,
    0.0
  ],
  "ground_truth_action": [
    -0.005438646301627159,
    0.016970425844192505,
    0.021094894036650658,
    -0.0046928259544074535,
    0.009403903968632221,
    0.04392269626259804,
    1.0
  ],
  "action_token_ids": [
    31862,
    31862,
    31862,
    31852,
    31862,
    31862,
    31872
  ],
  "mse_per_dim": [
    5.5750136345904e-05,
    0.00020041923758410372,
    0.00013139526460303647,
    0.0003227205279351781,
    0.00010372407721831071,
    0.0008692605528320915,
    1.0
  ],
  "mse_mean": 0.1430976099709312,
  "mse_spatial": 0.00028054496608643744,
  "mse_gripper": 1.0,
  "mse_per_dim_names": [
    "x",
    "y",
    "z",
    "roll",
    "pitch",
    "yaw",
    "gripper"
  ],
  "grounding": {
    "nouns": [
      "drawer"
    ],
    "num_boxes": 0,
    "num_patches": 0,
    "patch_coverage": 0.0
  }
}