{
  "episode_id": 6,
  "step_id": 46,
  "instruction": "Picked the piece of chocolate and put it into the drawer",
  "condition": "act_gripex",
  "condition_desc": "ACT(a=5.0,b=0.4) + gripex",
  "predicted_action": [
    0.0018042808490640778,
    -0.009813157307751078,
    -0.0005010690824950523,
    -0.018019519215705465,
    -0.026905321424498307,
    -0.050032451626132596,
    0.996078431372549
  ],
  "ground_truth_action": [
    0.0,
    0.0,
    0.0,
    0.0,
    0.0,
    0.0,
    1.0
  ],
  "action_token_ids": [
    31863,
    31901,
    31901,
    31901,
    31901,
    31902,
    31744
  ],
  "mse_per_dim": [
    3.2554293822993896e-06,
    9.629805634666837e-05,
    2.510702254324335e-07,
    0.0003247030727651785,
    0.0007238963209555676,
    0.0025032462157212982,
    1.5378700499807656e-05
  ],
  "mse_mean": 0.0005238612665566074,
  "mse_spatial": 0.0006086083608994074,
  "mse_gripper": 1.5378700499807656e-05,
  "mse_per_dim_names": [
    "x",
    "y",
    "z",
    "roll",
    "pitch",
    "yaw",
    "gripper"
  ],
  "grounding": {
    "nouns": [
      "piece",
      "chocolate",
      "it",
      "drawer"
    ],
    "num_boxes": 0,
    "num_patches": 0,
    "patch_coverage": 0.0
  }
}