{
  "episode_id": 1,
  "step_id": 31,
  "instruction": "put the blue cube on the right side of the table on top of the rectangular block",
  "condition": "act_gripex",
  "condition_desc": "ACT(a=5.0,b=0.4) + gripex",
  "predicted_action": [
    0.004264697502641097,
    0.0060510738982873236,
    0.012230369446470445,
    0.01327159799781484,
    0.00591804922503579,
    0.04345183665027799,
    0.996078431372549
  ],
  "ground_truth_action": [
    -0.00019291325588710606,
    0.003568192245438695,
    0.006431797053664923,
    -0.0182883869856596,
    -0.0019159050425514579,
    0.025415675714612007,
    0.0
  ],
  "action_token_ids": [
    31852,
    31852,
    31852,
    31852,
    31852,
    31844,
    31744
  ],
  "mse_per_dim": [
    1.987029367454638e-05,
    6.164701302052338e-06,
    3.3623441794606364e-05,
    0.0009960326521571321,
    6.137083946664846e-05,
    0.0003253031012972437,
    0.9921722414455979
  ],
  "mse_mean": 0.1419449437821843,
  "mse_spatial": 0.00024039417161537155,
  "mse_gripper": 0.9921722414455979,
  "mse_per_dim_names": [
    "x",
    "y",
    "z",
    "roll",
    "pitch",
    "yaw",
    "gripper"
  ],
  "grounding": {
    "nouns": [
      "cube",
      "side",
      "table",
      "top",
      "block"
    ],
    "num_boxes": 3,
    "num_patches": 256,
    "patch_coverage": 1.0
  }
}