{
  "episode_id": 1,
  "step_id": 27,
  "instruction": "put the blue cube on the right side of the table on top of the rectangular block",
  "condition": "act_gripex",
  "condition_desc": "ACT(a=5.0,b=0.4) + gripex",
  "predicted_action": [
    0.002251629331532626,
    0.0005471569492535924,
    0.0057347375439370275,
    -0.002693257723368994,
    -0.010828568453297924,
    -0.009737499782852183,
    -0.007843137254901933
  ],
  "ground_truth_action": [
    0.001441298401914537,
    0.0002126519539160654,
    -0.0018319557420909405,
    -0.017920024693012238,
    -0.0624714121222496,
    0.03551086410880089,
    1.0
  ],
  "action_token_ids": [
    31861,
    31869,
    31877,
    31877,
    31877,
    31877,
    31873
  ],
  "mse_per_dim": [
    6.56636215495716e-07,
    1.1189359190575898e-07,
    5.7254847284820725e-05,
    0.00023185443234781847,
    0.0026669833022157827,
    0.0020474144348714535,
    1.0157477893118032
  ],
  "mse_mean": 0.14582172355119008,
  "mse_spatial": 0.0008340459244212129,
  "mse_gripper": 1.0157477893118032,
  "mse_per_dim_names": [
    "x",
    "y",
    "z",
    "roll",
    "pitch",
    "yaw",
    "gripper"
  ],
  "grounding": {
    "nouns": [
      "cube",
      "side",
      "table",
      "top",
      "block"
    ],
    "num_boxes": 2,
    "num_patches": 256,
    "patch_coverage": 1.0
  }
}