{
  "episode_id": 6,
  "step_id": 43,
  "instruction": "Picked the piece of chocolate and put it into the drawer",
  "condition": "act_gripex",
  "condition_desc": "ACT(a=5.0,b=0.4) + gripex",
  "predicted_action": [
    -0.00378757518179278,
    -0.004633000179248746,
    0.0036561353351263343,
    -0.0078020115541478086,
    -0.01618748611036472,
    -0.022631884372701916,
    -0.18039215686274512
  ],
  "ground_truth_action": [
    -0.015636702999472618,
    -0.003547392087057233,
    0.026345130056142807,
    0.03099253959953785,
    -0.020422080531716347,
    -0.030761364847421646,
    1.0
  ],
  "action_token_ids": [
    31888,
    31885,
    31885,
    31885,
    31885,
    31885,
    31895
  ],
  "mse_per_dim": [
    0.00014040183003971417,
    1.178544929831697e-06,
    0.0005147904814503133,
    0.0015050171992159332,
    1.7931789913342332e-05,
    6.608845278884932e-05,
    1.3933256439830835
  ],
  "mse_mean": 0.1993672931830602,
  "mse_spatial": 0.00037423471638966394,
  "mse_gripper": 1.3933256439830835,
  "mse_per_dim_names": [
    "x",
    "y",
    "z",
    "roll",
    "pitch",
    "yaw",
    "gripper"
  ],
  "grounding": {
    "nouns": [
      "piece",
      "chocolate",
      "it",
      "drawer"
    ],
    "num_boxes": 0,
    "num_patches": 0,
    "patch_coverage": 0.0
  }
}