{
  "episode_id": 1,
  "step_id": 22,
  "instruction": "put the blue cube on the right side of the table on top of the rectangular block",
  "condition": "act_gripex",
  "condition_desc": "ACT(a=5.0,b=0.4) + gripex",
  "predicted_action": [
    0.002251629331532626,
    0.001842196231379177,
    0.009891941961558414,
    0.008162844167036026,
    0.0005591315679690234,
    0.017663067470578525,
    0.1098039215686275
  ],
  "ground_truth_action": [
    0.005091065540909767,
    0.003426352748647332,
    -0.0008182874298654497,
    -0.008177509531378746,
    -0.0049799527041614056,
    0.020214317366480827,
    0.0
  ],
  "action_token_ids": [
    31861,
    31865,
    31861,
    31860,
    31860,
    31860,
    31858
  ],
  "mse_per_dim": [
    8.06239798712203e-06,
    2.5095518712031707e-06,
    0.00011470901361691959,
    0.00026700715898929735,
    3.0681454573762685e-05,
    6.508876031341508e-06,
    0.0120569011918493
  ],
  "mse_mean": 0.0017837685207027067,
  "mse_spatial": 7.157974217827439e-05,
  "mse_gripper": 0.0120569011918493,
  "mse_per_dim_names": [
    "x",
    "y",
    "z",
    "roll",
    "pitch",
    "yaw",
    "gripper"
  ],
  "grounding": {
    "nouns": [
      "cube",
      "side",
      "table",
      "top",
      "block"
    ],
    "num_boxes": 3,
    "num_patches": 256,
    "patch_coverage": 1.0
  }
}