{
  "episode_id": 3,
  "step_id": 26,
  "instruction": "put the rectangle block on top of the red arch and yellow block",
  "condition": "act_gripex",
  "condition_desc": "ACT(a=5.0,b=0.4) + gripex",
  "predicted_action": [
    0.0044883717438753655,
    0.006374833718818716,
    0.01249019472257178,
    0.01391019222666219,
    0.006587913932169148,
    0.032169250134159416,
    0.3764705882352941
  ],
  "ground_truth_action": [
    0.0027167692314833403,
    0.0015808350872248411,
    -0.009530262090265751,
    -0.016566630452871323,
    0.017945246770977974,
    0.015508878976106644,
    0.0
  ],
  "action_token_ids": [
    31851,
    31851,
    31851,
    31851,
    31851,
    31851,
    31824
  ],
  "mse_per_dim": [
    3.138575461913736e-06,
    2.2982422879723946e-05,
    0.00048490051824604284,
    0.0009288367206397283,
    0.00012898900921148534,
    0.00027756796712407667,
    0.14173010380622836
  ],
  "mse_mean": 0.020510931288541617,
  "mse_spatial": 0.0003077358689271618,
  "mse_gripper": 0.14173010380622836,
  "mse_per_dim_names": [
    "x",
    "y",
    "z",
    "roll",
    "pitch",
    "yaw",
    "gripper"
  ],
  "grounding": {
    "nouns": [
      "block",
      "top"
    ],
    "num_boxes": 5,
    "num_patches": 210,
    "patch_coverage": 0.8203125
  }
}