{
  "episode_id": 0,
  "step_id": 19,
  "instruction": "put small spoon from basket to tray",
  "condition": "act_gripex",
  "condition_desc": "ACT(a=5.0,b=0.4) + gripex",
  "predicted_action": [
    0.002251629331532626,
    0.0031372355135047617,
    0.005994562820038369,
    -0.0020546634945216302,
    -0.010158703746164566,
    0.016051269396847284,
    0.14901960784313717
  ],
  "ground_truth_action": [
    -0.0008452400215901434,
    -0.003685969626531005,
    -0.004811923485249281,
    -0.04872654378414154,
    0.016635794192552567,
    0.02268185280263424,
    0.0
  ],
  "action_token_ids": [
    31861,
    31861,
    31876,
    31876,
    31876,
    31861,
    31853
  ],
  "mse_per_dim": [
    9.590599790311039e-06,
    4.655612838301051e-05,
    0.00011678014626636952,
    0.0021782644097686115,
    0.0007179451197879167,
    4.396463630109734e-05,
    0.022206843521722388
  ],
  "mse_mean": 0.0036171349374313866,
  "mse_spatial": 0.0005188501733828861,
  "mse_gripper": 0.022206843521722388,
  "mse_per_dim_names": [
    "x",
    "y",
    "z",
    "roll",
    "pitch",
    "yaw",
    "gripper"
  ],
  "grounding": {
    "nouns": [
      "spoon",
      "basket"
    ],
    "num_boxes": 4,
    "num_patches": 111,
    "patch_coverage": 0.43359375
  }
}