{
  "episode_id": 4,
  "step_id": 30,
  "instruction": "",
  "condition": "act_gripex",
  "condition_desc": "ACT(a=5.0,b=0.4) + gripex",
  "predicted_action": [
    0.0011332581253612577,
    0.0015184364108477844,
    0.008592815581051735,
    0.004331278793951912,
    -0.003460056674831083,
    0.007992279028191218,
    0.06274509803921569
  ],
  "ground_truth_action": [
    -0.0031314122024923563,
    0.0009129783138632774,
    0.008132300339639187,
    -0.013583487831056118,
    0.007465541362762451,
    -0.07652739435434341,
    0.9954814314842224
  ],
  "action_token_ids": [
    31866,
    31866,
    31866,
    31866,
    31866,
    31866,
    31864
  ],
  "mse_per_dim": [
    1.818741300527505e-05,
    3.665795072041006e-07,
    2.120742875732572e-07,
    0.0003209388632285016,
    0.00011936869247906769,
    0.007143575188690333,
    0.8699970677284348
  ],
  "mse_mean": 0.1253713880770904,
  "mse_spatial": 0.0012671081351996593,
  "mse_gripper": 0.8699970677284348,
  "mse_per_dim_names": [
    "x",
    "y",
    "z",
    "roll",
    "pitch",
    "yaw",
    "gripper"
  ],
  "grounding": {
    "nouns": [],
    "num_boxes": 0,
    "num_patches": 0,
    "patch_coverage": 0.0
  }
}