{
  "episode_id": 2,
  "step_id": 15,
  "instruction": "put the red object into the pot",
  "condition": "act_gripex",
  "condition_desc": "ACT(a=5.0,b=0.4) + gripex",
  "predicted_action": [
    -0.0008798100457472133,
    -0.0013954019739347845,
    0.0062543880961397035,
    -0.0014160692656742802,
    -0.009488839039031222,
    -0.006513903635389756,
    0.0
  ],
  "ground_truth_action": [
    0.0005906406440772116,
    -0.0033218576572835445,
    0.003926488105207682,
    -0.016560032963752747,
    -0.01777074486017227,
    0.008563336916267872,
    1.0
  ],
  "action_token_ids": [
    31875,
    31875,
    31875,
    31875,
    31875,
    31875,
    31872
  ],
  "mse_per_dim": [
    2.162225231205127e-06,
    3.711231499906738e-06,
    5.419118367781307e-06,
    0.00022933963648871843,
    6.858996403025001e-05,
    0.0002273231826525492,
    1.0
  ],
  "mse_mean": 0.14293379219403862,
  "mse_spatial": 8.94242263784018e-05,
  "mse_gripper": 1.0,
  "mse_per_dim_names": [
    "x",
    "y",
    "z",
    "roll",
    "pitch",
    "yaw",
    "gripper"
  ],
  "grounding": {
    "nouns": [
      "object",
      "pot"
    ],
    "num_boxes": 2,
    "num_patches": 56,
    "patch_coverage": 0.21875
  }
}