{
  "episode_id": 7,
  "step_id": 22,
  "instruction": "Move the blue fork to the lower right burner",
  "condition": "act_gripex",
  "condition_desc": "ACT(a=5.0,b=0.4) + gripex",
  "predicted_action": [
    0.0011332581253612577,
    0.0015184364108477844,
    0.00885264085715307,
    0.004969873022799262,
    -0.002790191967697725,
    0.009604077101922431,
    0.04705882352941182
  ],
  "ground_truth_action": [
    0.0015546747017651796,
    -0.004306357353925705,
    -0.0120728500187397,
    0.010325433686375618,
    0.017321238294243813,
    -0.03331337869167328,
    0.0
  ],
  "action_token_ids": [
    31866,
    31866,
    31865,
    31865,
    31865,
    31865,
    31866
  ],
  "mse_per_dim": [
    1.775919308680026e-07,
    3.3928222402144116e-05,
    0.00043787616839707154,
    2.868203002124642e-05,
    0.00040446962718093785,
    0.001841908011795242,
    0.0022145328719723233
  ],
  "mse_mean": 0.0007087963605285476,
  "mse_spatial": 0.0004578402752879183,
  "mse_gripper": 0.0022145328719723233,
  "mse_per_dim_names": [
    "x",
    "y",
    "z",
    "roll",
    "pitch",
    "yaw",
    "gripper"
  ],
  "grounding": {
    "nouns": [
      "fork",
      "burner"
    ],
    "num_boxes": 2,
    "num_patches": 165,
    "patch_coverage": 0.64453125
  }
}