{
  "episode_id": 0,
  "step_id": 0,
  "instruction": "put small spoon from basket to tray",
  "condition": "act_gripex",
  "condition_desc": "ACT(a=5.0,b=0.4) + gripex",
  "predicted_action": [
    -0.0008798100457472133,
    -0.0013954019739347845,
    0.0062543880961397035,
    -0.0014160692656742802,
    -0.009488839039031222,
    -0.006513903635389756,
    0.7058823529411764
  ],
  "ground_truth_action": [
    -5.114564327612925e-11,
    -1.2105481894675307e-10,
    -9.31510285573367e-11,
    2.525703735045681e-07,
    -9.584495330727805e-08,
    -5.684571391384452e-08,
    1.0
  ],
  "action_token_ids": [
    31875,
    31875,
    31875,
    31875,
    31875,
    31875,
    31782
  ],
  "mse_per_dim": [
    7.740656266008146e-07,
    1.947146331020841e-06,
    3.91173716223394e-05,
    2.005967543265768e-06,
    9.003624740315995e-05,
    4.2430199999370274e-05,
    0.08650519031141872
  ],
  "mse_mean": 0.012383071615706355,
  "mse_spatial": 2.9385166420959506e-05,
  "mse_gripper": 0.08650519031141872,
  "mse_per_dim_names": [
    "x",
    "y",
    "z",
    "roll",
    "pitch",
    "yaw",
    "gripper"
  ],
  "grounding": {
    "nouns": [
      "spoon",
      "basket"
    ],
    "num_boxes": 4,
    "num_patches": 111,
    "patch_coverage": 0.43359375
  }
}