{
  "episode_id": 2,
  "step_id": 13,
  "instruction": "put the red object into the pot",
  "condition": "act_gripex",
  "condition_desc": "ACT(a=5.0,b=0.4) + gripex",
  "predicted_action": [
    -0.0008798100457472133,
    -0.0013954019739347845,
    0.0062543880961397035,
    -0.0014160692656742802,
    -0.009488839039031222,
    -0.006513903635389756,
    0.015686274509803866
  ],
  "ground_truth_action": [
    -0.00066737289307639,
    -0.0016495123272761703,
    -0.0047786422073841095,
    -0.02053970843553543,
    0.00851176306605339,
    0.013687916100025177,
    1.0
  ],
  "action_token_ids": [
    31875,
    31875,
    31875,
    31875,
    31875,
    31875,
    31870
  ],
  "mse_per_dim": [
    4.5129543834886665e-08,
    6.457207167528392e-08,
    0.00012172775767847477,
    0.0003657135750990477,
    0.00032402167614557656,
    0.0004081135206222003,
    0.9688735101883892
  ],
  "mse_mean": 0.13858474234565,
  "mse_spatial": 0.00020328103852680158,
  "mse_gripper": 0.9688735101883892,
  "mse_per_dim_names": [
    "x",
    "y",
    "z",
    "roll",
    "pitch",
    "yaw",
    "gripper"
  ],
  "grounding": {
    "nouns": [
      "object",
      "pot"
    ],
    "num_boxes": 2,
    "num_patches": 56,
    "patch_coverage": 0.21875
  }
}