{
  "episode_id": 4,
  "step_id": 41,
  "instruction": "",
  "condition": "act_gripex",
  "condition_desc": "ACT(a=5.0,b=0.4) + gripex",
  "predicted_action": [
    0.003370000537704001,
    0.007346113180412908,
    0.0111910683420651,
    0.015825974913204255,
    0.0032385903965024138,
    0.024110259765503378,
    0.996078431372549
  ],
  "ground_truth_action": [
    -0.0029171528294682503,
    -0.005203993059694767,
    0.002844739705324173,
    0.008410029113292694,
    0.0016046894015744328,
    0.06483737379312515,
    0.9992904663085938
  ],
  "action_token_ids": [
    31856,
    31848,
    31856,
    31848,
    31856,
    31856,
    31744
  ],
  "mse_per_dim": [
    3.9528297462345376e-05,
    0.0001575051666379896,
    6.966120171248167e-05,
    5.499625210722592e-05,
    2.669632461226646e-06,
    0.0016586978170189063,
    1.0317168430371787e-05
  ],
  "mse_mean": 0.0002847679336900782,
  "mse_spatial": 0.00033050972790002925,
  "mse_gripper": 1.0317168430371787e-05,
  "mse_per_dim_names": [
    "x",
    "y",
    "z",
    "roll",
    "pitch",
    "yaw",
    "gripper"
  ],
  "grounding": {
    "nouns": [],
    "num_boxes": 0,
    "num_patches": 0,
    "patch_coverage": 0.0
  }
}