{
  "episode_id": 5,
  "step_id": 12,
  "instruction": "take broccoli out of pan",
  "condition": "act_gripex",
  "condition_desc": "ACT(a=5.0,b=0.4) + gripex",
  "predicted_action": [
    -0.0008798100457472133,
    -0.0013954019739347845,
    0.0062543880961397035,
    -0.0014160692656742802,
    -0.009488839039031222,
    -0.006513903635389756,
    0.039215686274509776
  ],
  "ground_truth_action": [
    -0.0004750001535285264,
    0.001344243180938065,
    -0.009076316840946674,
    -0.0024821350816637278,
    -0.022360196337103844,
    0.0008852101163938642,
    1.0
  ],
  "action_token_ids": [
    31875,
    31875,
    31875,
    31875,
    31875,
    31875,
    31867
  ],
  "mse_per_dim": [
    1.6387104883810486e-07,
    7.50565557461828e-06,
    0.00023503051386800463,
    1.1364963240212468e-06,
    0.00016567183869464736,
    5.4746884311833484e-05,
    0.9231064975009612
  ],
  "mse_mean": 0.13193867896582617,
  "mse_spatial": 7.737587663699386e-05,
  "mse_gripper": 0.9231064975009612,
  "mse_per_dim_names": [
    "x",
    "y",
    "z",
    "roll",
    "pitch",
    "yaw",
    "gripper"
  ],
  "grounding": {
    "nouns": [
      "broccoli",
      "pan"
    ],
    "num_boxes": 3,
    "num_patches": 34,
    "patch_coverage": 0.1328125
  }
}