{
  "episode_id": 2,
  "step_id": 42,
  "instruction": "put the red object into the pot",
  "condition": "act_gripex",
  "condition_desc": "ACT(a=5.0,b=0.4) + gripex",
  "predicted_action": [
    0.006948788397452391,
    0.009936191744664077,
    0.015348272759686487,
    0.020934728743983083,
    0.003908455103635758,
    0.02572205783923459,
    0.039215686274509776
  ],
  "ground_truth_action": [
    0.003033985150977969,
    0.00030551294912584126,
    -0.014585327357053757,
    0.01973309926688671,
    0.019290419295430183,
    -0.05385097861289978,
    1.0
  ],
  "action_token_ids": [
    31840,
    31840,
    31840,
    31840,
    31855,
    31855,
    31867
  ],
  "mse_per_dim": [
    1.5325684458606674e-05,
    9.274997406282981e-05,
    0.0008960204159489116,
    1.4439134002269004e-06,
    0.00023660482239764593,
    0.006331868130212705,
    0.9231064975009612
  ],
  "mse_mean": 0.13295435863449173,
  "mse_spatial": 0.0012623354900801543,
  "mse_gripper": 0.9231064975009612,
  "mse_per_dim_names": [
    "x",
    "y",
    "z",
    "roll",
    "pitch",
    "yaw",
    "gripper"
  ],
  "grounding": {
    "nouns": [
      "object",
      "pot"
    ],
    "num_boxes": 2,
    "num_patches": 56,
    "patch_coverage": 0.21875
  }
}