{
  "episode_id": 8,
  "step_id": 25,
  "instruction": "open the drawer",
  "condition": "act_gripex",
  "condition_desc": "ACT(a=5.0,b=0.4) + gripex",
  "predicted_action": [
    0.00135693236659553,
    0.005403554257224531,
    0.01171071889426777,
    -0.0014160692656742802,
    -0.009488839039031222,
    0.009604077101922431,
    0.996078431372549
  ],
  "ground_truth_action": [
    -0.002492455765604973,
    -0.00036367637221701443,
    0.00156143878120929,
    0.0016393157420679927,
    -0.00032585402368567884,
    -0.0061280252411961555,
    0.0
  ],
  "action_token_ids": [
    31865,
    31854,
    31854,
    31875,
    31875,
    31865,
    31744
  ],
  "mse_per_dim": [
    1.4817788992326075e-05,
    3.326094913316873e-05,
    0.00010300788681332434,
    9.335377545536248e-06,
    8.396029439144696e-05,
    0.00024749904413435734,
    0.9921722414455979
  ],
  "mse_mean": 0.14180916039808686,
  "mse_spatial": 8.198022350169329e-05,
  "mse_gripper": 0.9921722414455979,
  "mse_per_dim_names": [
    "x",
    "y",
    "z",
    "roll",
    "pitch",
    "yaw",
    "gripper"
  ],
  "grounding": {
    "nouns": [
      "drawer"
    ],
    "num_boxes": 1,
    "num_patches": 256,
    "patch_coverage": 1.0
  }
}