{
  "episode_id": 1,
  "step_id": 2,
  "instruction": "put the blue cube on the right side of the table on top of the rectangular block",
  "condition": "act_gripex",
  "condition_desc": "ACT(a=5.0,b=0.4) + gripex",
  "predicted_action": [
    0.004264697502641097,
    0.0060510738982873236,
    0.012230369446470445,
    0.01327159799781484,
    0.00591804922503579,
    -0.022631884372701916,
    0.996078431372549
  ],
  "ground_truth_action": [
    -0.006694343872368336,
    -0.011381210759282112,
    -0.01398628018796444,
    -0.040579669177532196,
    0.06429138779640198,
    0.08027472347021103,
    1.0
  ],
  "action_token_ids": [
    31852,
    31852,
    31852,
    31852,
    31852,
    31885,
    31744
  ],
  "mse_per_dim": [
    0.00012010058785916863,
    0.0003038845483825307,
    0.0006873127180547148,
    0.002899958976390609,
    0.0034074466559673475,
    0.010589769937735072,
    1.5378700499807656e-05
  ],
  "mse_mean": 0.002574836017841322,
  "mse_spatial": 0.0030014122373982406,
  "mse_gripper": 1.5378700499807656e-05,
  "mse_per_dim_names": [
    "x",
    "y",
    "z",
    "roll",
    "pitch",
    "yaw",
    "gripper"
  ],
  "grounding": {
    "nouns": [
      "cube",
      "side",
      "table",
      "top",
      "block"
    ],
    "num_boxes": 5,
    "num_patches": 256,
    "patch_coverage": 1.0
  }
}