{
  "episode_id": 4,
  "step_id": 5,
  "instruction": "",
  "condition": "act_gripex",
  "condition_desc": "ACT(a=5.0,b=0.4) + gripex",
  "predicted_action": [
    0.004712045985109648,
    0.006698593539350123,
    0.012750019998673121,
    0.014548786455509555,
    0.007257778639302506,
    0.033781048207890685,
    0.039215686274509776
  ],
  "ground_truth_action": [
    0.008104606531560421,
    0.0024220009800046682,
    -0.004313220269978046,
    -0.022784702479839325,
    0.02080824039876461,
    0.20786412060260773,
    0.9978461265563965
  ],
  "action_token_ids": [
    31850,
    31850,
    31850,
    31850,
    31850,
    31850,
    31867
  ],
  "mse_per_dim": [
    1.1509467061334366e-05,
    1.8289243918648904e-05,
    0.00029115416846571876,
    0.0013937893960858172,
    0.00018361501389464483,
    0.030304916094384293,
    0.918972321035044
  ],
  "mse_mean": 0.13588222777412207,
  "mse_spatial": 0.005367212230635077,
  "mse_gripper": 0.918972321035044,
  "mse_per_dim_names": [
    "x",
    "y",
    "z",
    "roll",
    "pitch",
    "yaw",
    "gripper"
  ],
  "grounding": {
    "nouns": [],
    "num_boxes": 0,
    "num_patches": 0,
    "patch_coverage": 0.0
  }
}