{
  "episode_id": 7,
  "step_id": 19,
  "instruction": "Move the blue fork to the lower right burner",
  "condition": "act_gripex",
  "condition_desc": "ACT(a=5.0,b=0.4) + gripex",
  "predicted_action": [
    0.002251629331532626,
    0.0031372355135047617,
    0.009891941961558414,
    0.007524249938188662,
    -0.00011073313916434846,
    0.02894565398669699,
    -0.02352941176470591
  ],
  "ground_truth_action": [
    0.0022567035630345345,
    -0.01986752077937126,
    -0.0218911562114954,
    -0.016862142831087112,
    0.054808616638183594,
    -0.05203579366207123,
    0.0
  ],
  "action_token_ids": [
    31861,
    31861,
    31861,
    31861,
    31861,
    31853,
    31875
  ],
  "mse_per_dim": [
    2.5747825334962275e-11,
    0.000529218812094619,
    0.001010165329477977,
    0.0005946961522973858,
    0.0030161349799666874,
    0.006557994863290188,
    0.0005536332179930808
  ],
  "mse_mean": 0.0017516919115525378,
  "mse_spatial": 0.0019513683604791138,
  "mse_gripper": 0.0005536332179930808,
  "mse_per_dim_names": [
    "x",
    "y",
    "z",
    "roll",
    "pitch",
    "yaw",
    "gripper"
  ],
  "grounding": {
    "nouns": [
      "fork",
      "burner"
    ],
    "num_boxes": 1,
    "num_patches": 165,
    "patch_coverage": 0.64453125
  }
}