{
  "episode_id": 8,
  "step_id": 14,
  "instruction": "open the drawer",
  "condition": "act_gripex",
  "condition_desc": "ACT(a=5.0,b=0.4) + gripex",
  "predicted_action": [
    0.0076198111211552115,
    0.010907471206258262,
    0.009891941961558414,
    0.007524249938188662,
    0.009267372760702552,
    0.0386164424290843,
    0.0
  ],
  "ground_truth_action": [
    -0.008568452671170235,
    -0.011860363185405731,
    -0.0012622065842151642,
    -0.011073720641434193,
    0.013037020340561867,
    -0.018340222537517548,
    0.0
  ],
  "action_token_ids": [
    31837,
    31837,
    31861,
    31861,
    31847,
    31847,
    31872
  ],
  "mse_per_dim": [
    0.00026205988460991503,
    0.0005183742828862377,
    0.00012441502978118284,
    0.00034588450968051727,
    1.4210242876339186e-05,
    0.00324406168411773,
    0.0
  ],
  "mse_mean": 0.0006441436619931318,
  "mse_spatial": 0.000751500938991987,
  "mse_gripper": 0.0,
  "mse_per_dim_names": [
    "x",
    "y",
    "z",
    "roll",
    "pitch",
    "yaw",
    "gripper"
  ],
  "grounding": {
    "nouns": [
      "drawer"
    ],
    "num_boxes": 0,
    "num_patches": 0,
    "patch_coverage": 0.0
  }
}