{
  "episode_id": 9,
  "step_id": 3,
  "instruction": "Move the can in the middle bottom of the table",
  "condition": "act_gripex",
  "condition_desc": "ACT(a=5.0,b=0.4) + gripex",
  "predicted_action": [
    0.008738182327326583,
    0.003784755154567561,
    0.00885264085715307,
    0.004969873022799262,
    -0.002790191967697725,
    0.009604077101922431,
    0.996078431372549
  ],
  "ground_truth_action": [
    -0.005643543321639299,
    -0.012397440150380135,
    0.003833636175841093,
    -0.015388637781143188,
    -0.012116828933358192,
    -0.04686913639307022,
    1.0
  ],
  "action_token_ids": [
    31832,
    31859,
    31865,
    31865,
    31865,
    31865,
    31744
  ],
  "mse_per_dim": [
    0.00020683403264212314,
    0.00026186344488747125,
    2.519040799103153e-05,
    0.0004144689621542415,
    8.698615708922429e-05,
    0.00318922384245102,
    1.5378700499807656e-05
  ],
  "mse_mean": 0.0005999922211021313,
  "mse_spatial": 0.0006974278078691853,
  "mse_gripper": 1.5378700499807656e-05,
  "mse_per_dim_names": [
    "x",
    "y",
    "z",
    "roll",
    "pitch",
    "yaw",
    "gripper"
  ],
  "grounding": {
    "nouns": [
      "can",
      "bottom",
      "table"
    ],
    "num_boxes": 1,
    "num_patches": 224,
    "patch_coverage": 0.875
  }
}