{
  "baseline": {
    "summary": {
      "n_steps": 193,
      "overall_mse": 4.9135895939636995,
      "spatial_mse": 6.833833359745449,
      "rotational_mse": 2.937333106469282,
      "per_dim_mse": {
        "x": 14.35578004577994,
        "y": 0.7376208847927186,
        "z": 5.408099148663689,
        "roll": 4.61309266065797,
        "pitch": 2.1940604782069726,
        "yaw": 2.004846180542903,
        "gripper": 5.081627759101705
      }
    }
  }
}