{
  "predicted_action": [
    -0.0028928782168556808,
    -0.008841877846156886,
    1.8581469707623643e-05,
    -0.009717794240689859,
    -0.0014504625534310367,
    0.014439471323116071,
    -0.1411764705882353
  ],
  "ground_truth_action": [
    0.006088394206017256,
    0.003295032074674964,
    0.005659133195877075,
    -0.006593577563762665,
    -0.020915336906909943,
    0.015304246917366982,
    1.0
  ],
  "action_token_ids": [
    31884,
    31898,
    31899,
    31888,
    31863,
    31862,
    31890
  ],
  "mse_per_dim": [
    8.066325433385791e-05,
    0.00014730458242638656,
    3.1815823775593176e-05,
    9.760729844389998e-06,
    0.00037888133359672085,
    7.478368284120155e-07,
    1.3022837370242213
  ],
  "mse_mean": 0.1861332729407181,
  "mse_per_dim_names": [
    "x",
    "y",
    "z",
    "roll",
    "pitch",
    "yaw",
    "gripper"
  ],
  "grounding": {
    "nouns": [
      "can",
      "bottom",
      "table"
    ],
    "num_boxes": 1,
    "num_patches": 224,
    "patch_indices": [
      32,
      33,
      34,
      35,
      36,
      37,
      38,
      39,
      40,
      41,
      42,
      43,
      44,
      45,
      46,
      47,
      48,
      49,
      50,
      51
    ]
  },
  "episode_id": 9,
  "step_id": 16,
  "instruction": "Move the can in the middle bottom of the table",
  "method": "weight_rescale"
}