{
  "predicted_action": [
    -0.006247991835369799,
    0.0011946765903163847,
    -0.005697574604521784,
    0.004331278793951912,
    -0.05436977441696561,
    0.027333855912965777,
    0.16470588235294115
  ],
  "ground_truth_action": [
    0.0009849397465586662,
    -0.0015658704796805978,
    -0.0061774649657309055,
    0.0038640149869024754,
    -0.021794810891151428,
    0.003311482258141041,
    0.0
  ],
  "action_token_ids": [
    31899,
    31867,
    31921,
    31866,
    31942,
    31854,
    31851
  ],
  "mse_per_dim": [
    5.231529926885821e-05,
    7.620620125668925e-06,
    2.302947587814214e-07,
    2.1833546537833322e-07,
    0.0010611282487081243,
    0.0005770744360120175,
    0.02712802768166089
  ],
  "mse_mean": 0.004118087845142817,
  "mse_per_dim_names": [
    "x",
    "y",
    "z",
    "roll",
    "pitch",
    "yaw",
    "gripper"
  ],
  "grounding": {
    "nouns": [
      "cube",
      "side",
      "table",
      "top",
      "block"
    ],
    "num_boxes": 2,
    "num_patches": 256,
    "patch_indices": [
      0,
      1,
      2,
      3,
      4,
      5,
      6,
      7,
      8,
      9,
      10,
      11,
      12,
      13,
      14,
      15,
      16,
      17,
      18,
      19
    ]
  },
  "episode_id": 1,
  "step_id": 26,
  "instruction": "put the blue cube on the right side of the table on top of the rectangular block",
  "method": "weight_rescale"
}