{
  "predicted_action": [
    -0.002445529734387133,
    0.006374833718818716,
    0.027040410184246643,
    0.01327159799781484,
    -0.07044652738816598,
    0.007992279028191218,
    0.16470588235294115
  ],
  "ground_truth_action": [
    0.0002016317448578775,
    -0.002765592886134982,
    0.0257063340395689,
    0.05915624275803566,
    -0.022121714428067207,
    -0.10375279933214188,
    1.0
  ],
  "action_token_ids": [
    31882,
    31851,
    31795,
    31852,
    31966,
    31866,
    31851
  ],
  "mse_per_dim": [
    7.007463897198631e-06,
    8.35473985205454e-05,
    1.7797591597982276e-06,
    0.00210540062477166,
    0.0023352875476285303,
    0.012486962537756984,
    0.6977162629757786
  ],
  "mse_mean": 0.10210517832964476,
  "mse_per_dim_names": [
    "x",
    "y",
    "z",
    "roll",
    "pitch",
    "yaw",
    "gripper"
  ],
  "grounding": {
    "nouns": [
      "block",
      "top"
    ],
    "num_boxes": 4,
    "num_patches": 195,
    "patch_indices": [
      49,
      50,
      51,
      52,
      53,
      54,
      55,
      56,
      57,
      58,
      59,
      60,
      61,
      62,
      63,
      65,
      66,
      67,
      68,
      69
    ]
  },
  "episode_id": 3,
  "step_id": 39,
  "instruction": "put the rectangle block on top of the red arch and yellow block",
  "method": "weight_rescale"
}