{
  "predicted_action": [
    -0.00311655245808996,
    0.005079794436693139,
    -0.00024124380639371432,
    0.008162844167036026,
    0.01060710217496924,
    0.02572205783923459,
    0.14117647058823524
  ],
  "ground_truth_action": [
    0.0,
    0.0,
    0.0,
    0.0,
    0.0,
    0.0,
    1.0
  ],
  "action_token_ids": [
    31885,
    31855,
    31900,
    31860,
    31845,
    31855,
    31854
  ],
  "mse_per_dim": [
    9.712899224026571e-06,
    2.580431151905856e-05,
    5.819857412332792e-08,
    6.663202489531408e-05,
    0.0001125106165502372,
    0.0006616242594849297,
    0.7375778546712803
  ],
  "mse_mean": 0.10549345671164687,
  "mse_per_dim_names": [
    "x",
    "y",
    "z",
    "roll",
    "pitch",
    "yaw",
    "gripper"
  ],
  "grounding": {
    "nouns": [
      "fork",
      "burner"
    ],
    "num_boxes": 3,
    "num_patches": 165,
    "patch_indices": [
      81,
      82,
      83,
      84,
      85,
      86,
      87,
      88,
      89,
      90,
      91,
      92,
      93,
      94,
      95,
      97,
      98,
      99,
      100,
      101
    ]
  },
  "episode_id": 7,
  "step_id": 31,
  "instruction": "Move the blue fork to the lower right burner",
  "method": "weight_rescale"
}