{
  "predicted_action": [
    -0.0028928782168556808,
    -0.0010716421534033849,
    -0.00024124380639371432,
    0.004331278793951912,
    0.00792764334643585,
    0.0015450867332663376,
    -0.1568627450980392
  ],
  "ground_truth_action": [
    -0.0014447479043155909,
    -0.0018031435320153832,
    0.0014745082007721066,
    -0.006986229680478573,
    0.010565599426627159,
    -0.018925761803984642,
    0.0
  ],
  "action_token_ids": [
    31884,
    31874,
    31900,
    31866,
    31849,
    31870,
    31892
  ],
  "mse_per_dim": [
    2.0970814020974586e-06,
    5.350942669112542e-07,
    2.9438049500935434e-06,
    0.00012808599806880583,
    6.958812281018294e-06,
    0.00041905563983507055,
    0.024605920799692427
  ],
  "mse_mean": 0.0035950853186423465,
  "mse_per_dim_names": [
    "x",
    "y",
    "z",
    "roll",
    "pitch",
    "yaw",
    "gripper"
  ],
  "grounding": {
    "nouns": [
      "block",
      "top"
    ],
    "num_boxes": 3,
    "num_patches": 195,
    "patch_indices": [
      49,
      50,
      51,
      52,
      53,
      54,
      55,
      56,
      57,
      58,
      59,
      60,
      61,
      62,
      63,
      65,
      66,
      67,
      68,
      69
    ]
  },
  "episode_id": 3,
  "step_id": 35,
  "instruction": "put the rectangle block on top of the red arch and yellow block",
  "method": "weight_rescale"
}