{
  "predicted_action": [
    -0.012734544831163753,
    -0.01272699569253364,
    -0.0018001954630017317,
    0.006885655709341312,
    -0.003460056674831083,
    -0.05647964392105742,
    -0.3137254901960784
  ],
  "ground_truth_action": [
    -0.01609131693840027,
    -0.007663107477128506,
    -0.004663168918341398,
    0.003020355710759759,
    0.02034211903810501,
    -0.04545317962765694,
    1.0
  ],
  "action_token_ids": [
    31928,
    31910,
    31906,
    31862,
    31866,
    31906,
    31912
  ],
  "mse_per_dim": [
    1.1267918979921079e-05,
    2.564296385811899e-05,
    8.19661700597955e-06,
    1.4940544079034556e-05,
    0.0005665435686694848,
    0.00012158291481363584,
    1.7258746635909266
  ],
  "mse_mean": 0.24666040544547613,
  "mse_per_dim_names": [
    "x",
    "y",
    "z",
    "roll",
    "pitch",
    "yaw",
    "gripper"
  ],
  "grounding": {
    "nouns": [
      "can",
      "bottom",
      "table"
    ],
    "num_boxes": 1,
    "num_patches": 224,
    "patch_indices": [
      32,
      33,
      34,
      35,
      36,
      37,
      38,
      39,
      40,
      41,
      42,
      43,
      44,
      45,
      46,
      47,
      48,
      49,
      50,
      51
    ]
  },
  "episode_id": 9,
  "step_id": 13,
  "instruction": "Move the can in the middle bottom of the table",
  "method": "weight_rescale"
}