{
  "predicted_action": [
    -0.004234923664261325,
    -0.006899318922968509,
    -0.0012805449107990592,
    -0.030152809563805158,
    0.009937237467835897,
    0.06279341353505255,
    -0.1411764705882353
  ],
  "ground_truth_action": [
    -0.00338156009092927,
    -0.012127785943448544,
    -0.006550472695380449,
    0.006579385604709387,
    -0.0056381020694971085,
    -0.022870898246765137,
    1.0
  ],
  "action_token_ids": [
    31890,
    31892,
    31904,
    31920,
    31846,
    31832,
    31890
  ],
  "mse_per_dim": [
    7.282293882900533e-07,
    2.7336867384247374e-05,
    2.7772138854702917e-05,
    0.0013492541618978433,
    0.0002425912017032087,
    0.0073383743130524684,
    1.3022837370242213
  ],
  "mse_mean": 0.18732425627664315,
  "mse_per_dim_names": [
    "x",
    "y",
    "z",
    "roll",
    "pitch",
    "yaw",
    "gripper"
  ],
  "grounding": {
    "nouns": [
      "cube",
      "side",
      "table",
      "top",
      "block"
    ],
    "num_boxes": 5,
    "num_patches": 256,
    "patch_indices": [
      0,
      1,
      2,
      3,
      4,
      5,
      6,
      7,
      8,
      9,
      10,
      11,
      12,
      13,
      14,
      15,
      16,
      17,
      18,
      19
    ]
  },
  "episode_id": 1,
  "step_id": 5,
  "instruction": "put the blue cube on the right side of the table on top of the rectangular block",
  "method": "weight_rescale"
}