{
  "predicted_action": [
    -0.00020878732204438963,
    -0.00042412251234059256,
    1.8581469707623643e-05,
    0.0004997134208677839,
    0.0018988609822357116,
    -0.006513903635389756,
    -0.1568627450980392
  ],
  "ground_truth_action": [
    0.0,
    0.0,
    0.0,
    0.0,
    0.0,
    0.0,
    1.0
  ],
  "action_token_ids": [
    31872,
    31872,
    31899,
    31872,
    31858,
    31875,
    31892
  ],
  "mse_per_dim": [
    4.3592145846467666e-08,
    1.7987990547409609e-07,
    3.452710164953351e-10,
    2.4971350299538296e-07,
    3.6056730298571715e-06,
    4.2430940571143884e-05,
    1.3383314109957707
  ],
  "mse_mean": 0.19119684587717098,
  "mse_per_dim_names": [
    "x",
    "y",
    "z",
    "roll",
    "pitch",
    "yaw",
    "gripper"
  ],
  "grounding": {
    "nouns": [
      "can",
      "bottom",
      "table"
    ],
    "num_boxes": 1,
    "num_patches": 224,
    "patch_indices": [
      32,
      33,
      34,
      35,
      36,
      37,
      38,
      39,
      40,
      41,
      42,
      43,
      44,
      45,
      46,
      47,
      48,
      49,
      50,
      51
    ]
  },
  "episode_id": 9,
  "step_id": 24,
  "instruction": "Move the can in the middle bottom of the table",
  "method": "weight_rescale"
}