{
  "predicted_action": [
    -0.0013271585282157647,
    0.00022339712872219974,
    -0.01089408012654852,
    -0.04292469414075222,
    -0.009488839039031222,
    0.004768682880728764,
    0.0
  ],
  "ground_truth_action": [
    -0.004521820228546858,
    0.003802045714110136,
    -0.008321110159158707,
    -0.016391832381486893,
    0.024294601753354073,
    -0.008752127178013325,
    0.9916377663612366
  ],
  "action_token_ids": [
    31877,
    31870,
    31941,
    31940,
    31875,
    31868,
    31872
  ],
  "mse_per_dim": [
    1.020586337956235e-05,
    1.2806725697699078e-05,
    6.620174453089939e-06,
    0.0007039927531362844,
    0.0011413208717726028,
    0.00018281230464458123,
    0.9833454596739024
  ],
  "mse_mean": 0.1407718883381409,
  "mse_per_dim_names": [
    "x",
    "y",
    "z",
    "roll",
    "pitch",
    "yaw",
    "gripper"
  ],
  "grounding": {
    "nouns": [],
    "num_boxes": 0,
    "num_patches": 0,
    "patch_indices": []
  },
  "episode_id": 4,
  "step_id": 8,
  "instruction": "",
  "method": "weight_rescale"
}