{
  "predicted_action": [
    -0.002221855493152857,
    -0.04154161971982787,
    -0.0007608943585963902,
    -0.05569657871769928,
    0.028023584560436313,
    0.003156884806997551,
    -0.603921568627451
  ],
  "ground_truth_action": [
    0.0022567035630345345,
    -0.01986752077937126,
    -0.0218911562114954,
    -0.016862142831087112,
    0.054808616638183594,
    -0.05203579366207123,
    0.0
  ],
  "action_token_ids": [
    31881,
    31999,
    31902,
    31960,
    31819,
    31869,
    31949
  ],
  "mse_per_dim": [
    2.0057491219758098e-05,
    0.00046976656488070237,
    0.0004464879659720791,
    0.0015081134106313908,
    0.0007174379434059508,
    0.0030462317565900085,
    0.36472126105344105
  ],
  "mse_mean": 0.05298990802659156,
  "mse_per_dim_names": [
    "x",
    "y",
    "z",
    "roll",
    "pitch",
    "yaw",
    "gripper"
  ],
  "grounding": {
    "nouns": [
      "fork",
      "burner"
    ],
    "num_boxes": 1,
    "num_patches": 165,
    "patch_indices": [
      81,
      82,
      83,
      84,
      85,
      86,
      87,
      88,
      89,
      90,
      91,
      92,
      93,
      94,
      95,
      97,
      98,
      99,
      100,
      101
    ]
  },
  "episode_id": 7,
  "step_id": 19,
  "instruction": "Move the blue fork to the lower right burner",
  "method": "weight_rescale"
}