{
  "predicted_action": [
    -0.00311655245808996,
    0.006374833718818716,
    0.0013177078502143065,
    0.04200833829594573,
    -0.024895727303098247,
    0.004768682880728764,
    0.0
  ],
  "ground_truth_action": [
    0.0030635055154561996,
    0.0039046453312039375,
    -0.0002303415967617184,
    0.007928206585347652,
    0.0032491469755768776,
    0.007374392356723547,
    0.0
  ],
  "action_token_ids": [
    31885,
    31851,
    31894,
    31807,
    31898,
    31868,
    31872
  ],
  "mse_per_dim": [
    3.819311655639146e-05,
    6.101830670306901e-06,
    2.3964570902827767e-06,
    0.0011614553774117128,
    0.0007921339481624287,
    6.789721873289006e-06,
    0.0
  ],
  "mse_mean": 0.0002867243502520588,
  "mse_per_dim_names": [
    "x",
    "y",
    "z",
    "roll",
    "pitch",
    "yaw",
    "gripper"
  ],
  "grounding": {
    "nouns": [
      "block",
      "top"
    ],
    "num_boxes": 3,
    "num_patches": 210,
    "patch_indices": [
      33,
      34,
      35,
      36,
      37,
      38,
      39,
      40,
      41,
      42,
      43,
      44,
      45,
      46,
      47,
      49,
      50,
      51,
      52,
      53
    ]
  },
  "episode_id": 3,
  "step_id": 30,
  "instruction": "put the rectangle block on top of the red arch and yellow block",
  "method": "weight_rescale"
}