{
  "predicted_action": [
    -0.00602431759413552,
    -0.002042921614997577,
    -0.008815477917737825,
    0.024127699888219833,
    0.034052366924636465,
    -0.016184692077777035,
    -0.8549019607843138
  ],
  "ground_truth_action": [
    6.307667166360886e-10,
    6.002437435981278e-10,
    -3.963409600515888e-10,
    -7.371734795924567e-07,
    8.725161251277314e-07,
    -6.037800659441928e-08,
    1.0
  ],
  "action_token_ids": [
    31898,
    31877,
    31933,
    31835,
    31810,
    31881,
    31981
  ],
  "mse_per_dim": [
    3.629241007488923e-05,
    4.173531177526504e-06,
    7.771264393025342e-05,
    0.0005821814750403905,
    0.0011595042714528788,
    0.00026194230325721424,
    3.440661284121492
  ],
  "mse_mean": 0.4918261558223465,
  "mse_per_dim_names": [
    "x",
    "y",
    "z",
    "roll",
    "pitch",
    "yaw",
    "gripper"
  ],
  "grounding": {
    "nouns": [
      "can",
      "bottom",
      "table"
    ],
    "num_boxes": 1,
    "num_patches": 224,
    "patch_indices": [
      32,
      33,
      34,
      35,
      36,
      37,
      38,
      39,
      40,
      41,
      42,
      43,
      44,
      45,
      46,
      47,
      48,
      49,
      50,
      51
    ]
  },
  "episode_id": 9,
  "step_id": 0,
  "instruction": "Move the can in the middle bottom of the table",
  "method": "weight_rescale"
}