{
  "predicted_action": [
    0.004712045985109648,
    -0.007223078743499908,
    -0.0012805449107990592,
    -0.009079200011842509,
    -0.0007805978462976926,
    -0.01940828822523946,
    0.007843137254901933
  ],
  "ground_truth_action": [
    0.003009483218193054,
    -0.007337355054914951,
    0.003312154673039913,
    -0.004855338018387556,
    -0.02527093142271042,
    0.0010918158804997802,
    1.0
  ],
  "action_token_ids": [
    31850,
    31893,
    31904,
    31887,
    31862,
    31883,
    31871
  ],
  "mse_per_dim": [
    2.898719975290688e-06,
    1.3059075350627891e-08,
    2.109288946739467e-05,
    1.7841010139753245e-05,
    0.0005997764386839686,
    0.0004202542683461469,
    0.9843752402921954
  ],
  "mse_mean": 0.14077673095398333,
  "mse_per_dim_names": [
    "x",
    "y",
    "z",
    "roll",
    "pitch",
    "yaw",
    "gripper"
  ],
  "grounding": {
    "nouns": [
      "fork",
      "burner"
    ],
    "num_boxes": 2,
    "num_patches": 180,
    "patch_indices": [
      65,
      66,
      67,
      68,
      69,
      70,
      71,
      72,
      73,
      74,
      75,
      76,
      77,
      78,
      79,
      81,
      82,
      83,
      84,
      85
    ]
  },
  "episode_id": 7,
  "step_id": 8,
  "instruction": "Move the blue fork to the lower right burner",
  "method": "weight_rescale"
}