{
  "predicted_action": [
    0.004712045985109648,
    -0.0013954019739347845,
    -0.0075163515372311425,
    -0.010356388469537209,
    0.004578319810769102,
    0.01927486554430974,
    0.007843137254901933
  ],
  "ground_truth_action": [
    0.001003739656880498,
    -0.006317963823676109,
    -0.008300339803099632,
    -0.016848484054207802,
    0.0037052573170512915,
    0.004468720871955156,
    1.0
  ],
  "action_token_ids": [
    31850,
    31875,
    31928,
    31889,
    31854,
    31859,
    31871
  ],
  "mse_per_dim": [
    1.3751535823984362e-05,
    2.4231615164528735e-05,
    6.146376010194818e-07,
    4.214730508049941e-05,
    7.62238117936762e-07,
    0.00021922192005869397,
    0.9843752402921954
  ],
  "mse_mean": 0.14066799564914886,
  "mse_per_dim_names": [
    "x",
    "y",
    "z",
    "roll",
    "pitch",
    "yaw",
    "gripper"
  ],
  "grounding": {
    "nouns": [
      "fork",
      "burner"
    ],
    "num_boxes": 2,
    "num_patches": 180,
    "patch_indices": [
      65,
      66,
      67,
      68,
      69,
      70,
      71,
      72,
      73,
      74,
      75,
      76,
      77,
      78,
      79,
      81,
      82,
      83,
      84,
      85
    ]
  },
  "episode_id": 7,
  "step_id": 9,
  "instruction": "Move the blue fork to the lower right burner",
  "method": "weight_rescale"
}