{
  "predicted_action": [
    -0.0013271585282157647,
    -0.0013954019739347845,
    -0.003099321843508418,
    -0.015465142300316037,
    0.0126166962963693,
    0.004768682880728764,
    -0.0784313725490196
  ],
  "ground_truth_action": [
    -0.002033748896792531,
    -9.94322617771104e-05,
    0.0021496678236871958,
    -0.010462812148034573,
    0.0030317562632262707,
    0.0026429444551467896,
    0.9531139731407166
  ],
  "action_token_ids": [
    31877,
    31875,
    31911,
    31897,
    31842,
    31868,
    31882
  ],
  "mse_per_dim": [
    4.992699489654504e-07,
    1.6795374948300447e-06,
    2.7551892526326322e-05,
    2.50233069524243e-05,
    9.187107543894791e-05,
    4.518763853995731e-06,
    1.064085800214157
  ],
  "mse_mean": 0.1520338491514818,
  "mse_per_dim_names": [
    "x",
    "y",
    "z",
    "roll",
    "pitch",
    "yaw",
    "gripper"
  ],
  "grounding": {
    "nouns": [
      "cube",
      "side",
      "table",
      "top",
      "block"
    ],
    "num_boxes": 3,
    "num_patches": 256,
    "patch_indices": [
      0,
      1,
      2,
      3,
      4,
      5,
      6,
      7,
      8,
      9,
      10,
      11,
      12,
      13,
      14,
      15,
      16,
      17,
      18,
      19
    ]
  },
  "episode_id": 1,
  "step_id": 36,
  "instruction": "put the blue cube on the right side of the table on top of the rectangular block",
  "method": "weight_rescale"
}