{
  "predicted_action": [
    -0.006695340317838347,
    -0.0010716421534033849,
    -0.019208488961791295,
    -0.005247634638758394,
    0.05615790226003699,
    0.004768682880728764,
    0.007843137254901933
  ],
  "ground_truth_action": [
    -0.027878569439053535,
    0.027019036933779716,
    0.0046599204652011395,
    -0.03705773875117302,
    -0.00321869901381433,
    0.07059259712696075,
    1.0
  ],
  "action_token_ids": [
    31901,
    31874,
    31973,
    31881,
    31777,
    31868,
    31871
  ],
  "mse_per_dim": [
    0.0004487291960018992,
    0.000789086251579106,
    0.0005697009685745413,
    0.001011882723642658,
    0.0035255807788339218,
    0.0043327876866953025,
    0.9843752402921954
  ],
  "mse_mean": 0.1421504296996461,
  "mse_per_dim_names": [
    "x",
    "y",
    "z",
    "roll",
    "pitch",
    "yaw",
    "gripper"
  ],
  "grounding": {
    "nouns": [
      "fork",
      "burner"
    ],
    "num_boxes": 3,
    "num_patches": 165,
    "patch_indices": [
      81,
      82,
      83,
      84,
      85,
      86,
      87,
      88,
      89,
      90,
      91,
      92,
      93,
      94,
      95,
      97,
      98,
      99,
      100,
      101
    ]
  },
  "episode_id": 7,
  "step_id": 2,
  "instruction": "Move the blue fork to the lower right burner",
  "method": "weight_rescale"
}