{
  "predicted_action": [
    -0.0035639009405585044,
    0.00022339712872219974,
    -0.0005010690824950523,
    0.01391019222666219,
    0.0032385903965024138,
    -0.016184692077777035,
    0.007843137254901933
  ],
  "ground_truth_action": [
    -6.987338485586747e-11,
    3.8030682769640833e-11,
    -8.686724256579126e-11,
    1.1724306858695854e-07,
    -4.0948390278572333e-07,
    -1.1989797599198937e-07,
    1.0
  ],
  "action_token_ids": [
    31887,
    31870,
    31901,
    31851,
    31856,
    31881,
    31871
  ],
  "mse_per_dim": [
    1.2701389416070153e-05,
    4.990626012943386e-08,
    2.51070138379462e-07,
    0.0001934901860491966,
    1.0491120225264897e-05,
    0.0002619403766431899,
    0.9843752402921954
  ],
  "mse_mean": 0.14069345204870393,
  "mse_per_dim_names": [
    "x",
    "y",
    "z",
    "roll",
    "pitch",
    "yaw",
    "gripper"
  ],
  "grounding": {
    "nouns": [
      "fork",
      "burner"
    ],
    "num_boxes": 3,
    "num_patches": 165,
    "patch_indices": [
      81,
      82,
      83,
      84,
      85,
      86,
      87,
      88,
      89,
      90,
      91,
      92,
      93,
      94,
      95,
      97,
      98,
      99,
      100,
      101
    ]
  },
  "episode_id": 7,
  "step_id": 0,
  "instruction": "Move the blue fork to the lower right burner",
  "method": "weight_rescale"
}