{
  "predicted_action": [
    -0.0011034842869814855,
    0.0060510738982873236,
    0.02963866294526001,
    0.004969873022799262,
    -0.0925520627235665,
    0.033781048207890685,
    0.996078431372549
  ],
  "ground_truth_action": [
    0.0,
    0.0,
    0.0,
    0.0,
    0.0,
    0.0,
    1.0
  ],
  "action_token_ids": [
    31876,
    31852,
    31785,
    31865,
    31999,
    31850,
    31744
  ],
  "mse_per_dim": [
    1.2176775716150375e-06,
    3.661549532253415e-05,
    0.0008784503411827287,
    2.4699637862747876e-05,
    0.008565884314386988,
    0.0011411592180238345,
    1.5378700499807656e-05
  ],
  "mse_mean": 0.0015233436264071793,
  "mse_per_dim_names": [
    "x",
    "y",
    "z",
    "roll",
    "pitch",
    "yaw",
    "gripper"
  ],
  "grounding": {
    "nouns": [
      "fork",
      "burner"
    ],
    "num_boxes": 4,
    "num_patches": 165,
    "patch_indices": [
      81,
      82,
      83,
      84,
      85,
      86,
      87,
      88,
      89,
      90,
      91,
      92,
      93,
      94,
      95,
      97,
      98,
      99,
      100,
      101
    ]
  },
  "episode_id": 7,
  "step_id": 32,
  "instruction": "Move the blue fork to the lower right burner",
  "method": "weight_rescale"
}