{
  "predicted_action": [
    -0.004905946387964152,
    -0.005604279640842924,
    0.029898488221361343,
    -0.04100891145421016,
    -0.06307801560969914,
    0.04184003857654672,
    0.21176470588235285
  ],
  "ground_truth_action": [
    -0.0030166804790496826,
    0.005107253789901733,
    0.026172185316681862,
    -0.0381409153342247,
    -0.026436321437358856,
    0.010622579604387283,
    0.0
  ],
  "action_token_ids": [
    31893,
    31888,
    31784,
    31937,
    31955,
    31845,
    31845
  ],
  "mse_per_dim": [
    3.569325674586415e-06,
    0.0001147369484379604,
    1.388533333742274e-05,
    8.225401744251634e-06,
    0.0013426137518193159,
    0.0009745297446784579,
    0.04484429065743941
  ],
  "mse_mean": 0.0067574073090187715,
  "mse_per_dim_names": [
    "x",
    "y",
    "z",
    "roll",
    "pitch",
    "yaw",
    "gripper"
  ],
  "grounding": {
    "nouns": [
      "piece",
      "chocolate",
      "it",
      "drawer"
    ],
    "num_boxes": 1,
    "num_patches": 143,
    "patch_indices": [
      0,
      1,
      2,
      3,
      4,
      5,
      6,
      7,
      8,
      9,
      10,
      16,
      17,
      18,
      19,
      20,
      21,
      22,
      23,
      24
    ]
  },
  "episode_id": 6,
  "step_id": 24,
  "instruction": "Picked the piece of chocolate and put it into the drawer",
  "method": "weight_rescale"
}