{
  "episode_id": 7,
  "step_id": 5,
  "instruction": "Move the blue fork to the lower right burner",
  "condition": "v4_replay",
  "condition_desc": "VAR(p=0.6,rho=0.5) + obj + SAM2 + L8-24 (same as V4)",
  "predicted_action": [
    -0.013688218402676294,
    0.016184376874880335,
    -0.011212264595524178,
    0.012267558243474766,
    0.0228805412718793,
    0.03123428132967082,
    0.20703125
  ],
  "ground_truth_action": [
    0.005386976059526205,
    -0.004599890671670437,
    -0.0062157888896763325,
    -0.002376678166911006,
    -0.022989822551608086,
    -0.014497370459139347,
    1.0
  ],
  "action_token_ids": [
    31932,
    31820,
    31942,
    31853,
    31826,
    31851,
    31845
  ],
  "mse_per_dim": [
    0.00036386304377084087,
    0.00043198577744660364,
    2.4964769479127728e-05,
    0.00021445366004326836,
    0.0021040902772991,
    0.002091383975332984,
    0.6287994384765625
  ],
  "mse_mean": 0.09057573999713349,
  "mse_spatial": 0.0008717902505619874,
  "mse_gripper": 0.6287994384765625,
  "mse_per_dim_names": [
    "x",
    "y",
    "z",
    "roll",
    "pitch",
    "yaw",
    "gripper"
  ],
  "grounding": {
    "nouns": [
      "fork",
      "burner"
    ],
    "num_patches": 16,
    "patch_coverage": 0.0625
  }
}