{
  "episode_id": 7,
  "step_id": 28,
  "instruction": "Move the blue fork to the lower right burner",
  "condition": "v4_replay",
  "condition_desc": "VAR(p=0.6,rho=0.5) + obj + SAM2 + L8-24 (same as V4)",
  "predicted_action": [
    -0.006781402477063252,
    0.008121998531569204,
    0.02631523377887787,
    -0.008087632801034611,
    -0.007812868941691725,
    0.032839783317176546,
    0.26171875
  ],
  "ground_truth_action": [
    -0.006651364732533693,
    0.008272712118923664,
    0.011263574473559856,
    -0.0009815988596528769,
    0.003072699997574091,
    0.021403340622782707,
    1.0
  ],
  "action_token_ids": [
    31901,
    31845,
    31797,
    31885,
    31872,
    31850,
    31838
  ],
  "mse_per_dim": [
    1.6909815002334864e-08,
    2.271458541325058e-08,
    0.00022655244784336632,
    5.0495718376069226e-05,
    0.0001184956111315087,
    0.0001307922215021542,
    0.5450592041015625
  ],
  "mse_mean": 0.07794079710354515,
  "mse_spatial": 8.772927054225234e-05,
  "mse_gripper": 0.5450592041015625,
  "mse_per_dim_names": [
    "x",
    "y",
    "z",
    "roll",
    "pitch",
    "yaw",
    "gripper"
  ],
  "grounding": {
    "nouns": [
      "fork",
      "burner"
    ],
    "num_patches": 12,
    "patch_coverage": 0.046875
  }
}