{
  "episode_id": 6,
  "step_id": 26,
  "instruction": "Picked the piece of chocolate and put it into the drawer",
  "condition": "v4_replay",
  "condition_desc": "VAR(p=0.6,rho=0.5) + obj + SAM2 + L8-24 (same as V4)",
  "predicted_action": [
    0.005472625778056659,
    0.016506872008612776,
    0.02631523377887787,
    -0.03543992076709408,
    -0.011149109182297279,
    0.0665553250547963,
    0.20703125
  ],
  "ground_truth_action": [
    0.010938913561403751,
    0.028660869225859642,
    0.019471675157546997,
    -0.022936413064599037,
    -0.01772529073059559,
    0.05742500349879265,
    0.0
  ],
  "action_token_ids": [
    31846,
    31819,
    31797,
    31928,
    31877,
    31829,
    31845
  ],
  "mse_per_dim": [
    2.9880302130369668e-05,
    0.00014771964835684457,
    4.6834294603592104e-05,
    0.00015633770486635294,
    4.3246163756179155e-05,
    8.336277171602503e-05,
    0.0428619384765625
  ],
  "mse_mean": 0.006195617051713123,
  "mse_spatial": 8.456348090489392e-05,
  "mse_gripper": 0.0428619384765625,
  "mse_per_dim_names": [
    "x",
    "y",
    "z",
    "roll",
    "pitch",
    "yaw",
    "gripper"
  ],
  "grounding": {
    "nouns": [
      "chocolate",
      "drawer"
    ],
    "num_patches": 0,
    "patch_coverage": 0.0
  }
}