{
  "episode_id": 8,
  "step_id": 26,
  "instruction": "open the drawer",
  "condition": "v4_replay",
  "condition_desc": "VAR(p=0.6,rho=0.5) + obj + SAM2 + L8-24 (same as V4)",
  "predicted_action": [
    -0.0018797911750152857,
    -0.0009078652129392573,
    0.001728252085304114,
    0.012903657963615686,
    0.021546045175637088,
    -0.013719774320488876,
    0.99609375
  ],
  "ground_truth_action": [
    0.0008194597321562469,
    0.0010139048099517822,
    0.0035163273569196463,
    0.03183924779295921,
    -0.005832354072481394,
    -0.0002296915336046368,
    1.0
  ],
  "action_token_ids": [
    31879,
    31873,
    31892,
    31852,
    31828,
    31879,
    31744
  ],
  "mse_per_dim": [
    7.285955459866342e-06,
    3.6932000208826263e-06,
    3.197213176962959e-06,
    0.000358556562185138,
    0.0007495767453893746,
    0.00018198233359699044,
    1.52587890625e-05
  ],
  "mse_mean": 0.00018850725698453072,
  "mse_spatial": 0.0002173820016382025,
  "mse_gripper": 1.52587890625e-05,
  "mse_per_dim_names": [
    "x",
    "y",
    "z",
    "roll",
    "pitch",
    "yaw",
    "gripper"
  ],
  "grounding": {
    "nouns": [
      "drawer"
    ],
    "num_patches": 0,
    "patch_coverage": 0.0
  }
}