{
  "episode_id": 5,
  "step_id": 5,
  "instruction": "take broccoli out of pan",
  "condition": "v4_replay",
  "condition_desc": "VAR(p=0.6,rho=0.5) + obj + SAM2 + L8-24 (same as V4)",
  "predicted_action": [
    0.00168501704465596,
    -0.026707475911534873,
    0.03666764712354051,
    -0.021445726923993887,
    0.052906703437329214,
    0.07618833697983055,
    0.99609375
  ],
  "ground_truth_action": [
    0.01848902739584446,
    -0.04345348849892616,
    0.010815131478011608,
    -0.050546467304229736,
    -0.007183922920376062,
    0.01617160625755787,
    1.0
  ],
  "action_token_ids": [
    31863,
    31953,
    31757,
    31906,
    31781,
    31823,
    31744
  ],
  "mse_per_dim": [
    0.00028237476388285026,
    0.0002804289375770675,
    0.0006683525652023166,
    0.0008468530906778893,
    0.003610883376061344,
    0.003602007966589789,
    1.52587890625e-05
  ],
  "mse_mean": 0.0013294513555791082,
  "mse_spatial": 0.0015484834499985428,
  "mse_gripper": 1.52587890625e-05,
  "mse_per_dim_names": [
    "x",
    "y",
    "z",
    "roll",
    "pitch",
    "yaw",
    "gripper"
  ],
  "grounding": {
    "nouns": [
      "broccoli",
      "pan"
    ],
    "num_patches": 17,
    "patch_coverage": 0.06640625
  }
}