{
  "episode_id": 8,
  "step_id": 13,
  "instruction": "open the drawer",
  "condition": "v4_replay",
  "condition_desc": "VAR(p=0.6,rho=0.5) + obj + SAM2 + L8-24 (same as V4)",
  "predicted_action": [
    -0.009232208128087234,
    -0.01155020462610995,
    0.0022458727525372472,
    -0.025898424964980314,
    -0.015152597471023932,
    -0.013719774320488876,
    -0.00390625
  ],
  "ground_truth_action": [
    -0.008488940075039864,
    -0.012436922639608383,
    -0.0004927912377752364,
    -0.01025471556931734,
    0.002569766715168953,
    -0.02066822163760662,
    0.0
  ],
  "action_token_ids": [
    31912,
    31906,
    31890,
    31913,
    31883,
    31879,
    31872
  ],
  "mse_per_dim": [
    5.524473986808286e-07,
    7.862688354626075e-07,
    7.500280451834296e-06,
    0.000244725643655954,
    0.0003140821923480522,
    4.828092011876079e-05,
    1.52587890625e-05
  ],
  "mse_mean": 9.016950598160638e-05,
  "mse_spatial": 0.00010265462546812411,
  "mse_gripper": 1.52587890625e-05,
  "mse_per_dim_names": [
    "x",
    "y",
    "z",
    "roll",
    "pitch",
    "yaw",
    "gripper"
  ],
  "grounding": {
    "nouns": [
      "drawer"
    ],
    "num_patches": 0,
    "patch_coverage": 0.0
  }
}