{
  "episode_id": 7,
  "step_id": 14,
  "instruction": "Move the blue fork to the lower right burner",
  "condition": "v4_replay",
  "condition_desc": "VAR(p=0.6,rho=0.5) + obj + SAM2 + L8-24 (same as V4)",
  "predicted_action": [
    0.0001254134485497889,
    0.0007046104557229677,
    -8.342025001184528e-05,
    0.0014538630010791642,
    -0.003809380652965072,
    -0.004086762395454635,
    -0.01953125
  ],
  "ground_truth_action": [
    -0.0006196541944518685,
    -0.0018132273107767105,
    0.0047150664031505585,
    0.0042867581360042095,
    -0.012026662938296795,
    -0.014568034559488297,
    0.0
  ],
  "action_token_ids": [
    31870,
    31868,
    31899,
    31870,
    31866,
    31873,
    31874
  ],
  "mse_per_dim": [
    5.551257926480453e-07,
    6.339507018412088e-06,
    2.302547416057773e-05,
    8.02529484548199e-06,
    6.752372815682654e-05,
    0.00010985706617654687,
    0.0003814697265625
  ],
  "mse_mean": 8.525656038757047e-05,
  "mse_spatial": 3.588769935841554e-05,
  "mse_gripper": 0.0003814697265625,
  "mse_per_dim_names": [
    "x",
    "y",
    "z",
    "roll",
    "pitch",
    "yaw",
    "gripper"
  ],
  "grounding": {
    "nouns": [
      "fork",
      "burner"
    ],
    "num_patches": 16,
    "patch_coverage": 0.0625
  }
}