{
  "episode_id": 15,
  "step_id": 86,
  "instruction": "sweep into pile",
  "condition": "v4_replay",
  "condition_desc": "VAR(p=0.6,rho=0.5) + obj + SAM2 + L8-24 (same as V4)",
  "predicted_action": [
    -0.012128614806570123,
    -0.03089991265005666,
    0.005351596755936033,
    0.012267558243474766,
    0.0035303478763671348,
    -0.077939853820717,
    -0.41015625
  ],
  "ground_truth_action": [
    -0.008428177796304226,
    -0.01485684234648943,
    0.0023704234044998884,
    -0.012687568552792072,
    -0.005654099863022566,
    -0.038613464683294296,
    1.0
  ],
  "action_token_ids": [
    31925,
    31966,
    31878,
    31853,
    31855,
    31919,
    31924
  ],
  "mse_per_dim": [
    1.3693234066945607e-05,
    0.0002573801047652007,
    8.887394551313013e-06,
    0.0006227583534177552,
    8.435408027758058e-05,
    0.0015465648825879982,
    1.9885406494140625
  ],
  "mse_mean": 0.2844391839233899,
  "mse_spatial": 0.00042227300827779894,
  "mse_gripper": 1.9885406494140625,
  "mse_per_dim_names": [
    "x",
    "y",
    "z",
    "roll",
    "pitch",
    "yaw",
    "gripper"
  ],
  "grounding": {
    "nouns": [
      "pile"
    ],
    "num_patches": 8,
    "patch_coverage": 0.03125
  }
}