{
  "episode_id": 12,
  "step_id": 13,
  "instruction": "",
  "condition": "v4_replay",
  "condition_desc": "VAR(p=0.6,rho=0.5) + obj + SAM2 + L8-24 (same as V4)",
  "predicted_action": [
    0.004135822695679945,
    0.004252056926779865,
    -0.0031891442534106376,
    0.009723159362911099,
    0.005532092020730461,
    -0.004086762395454635,
    -0.00390625
  ],
  "ground_truth_action": [
    -0.0005111774080432951,
    0.007734851911664009,
    0.009614566341042519,
    -0.0008548411424271762,
    -0.004837549291551113,
    -0.07283229380846024,
    -0.006794863846153021
  ],
  "action_token_ids": [
    31852,
    31857,
    31911,
    31857,
    31852,
    31873,
    31872
  ],
  "mse_per_dim": [
    2.1594609964003806e-05,
    1.2129860906734145e-05,
    0.000163935004986512,
    0.00011189409469093681,
    0.00010752946094537674,
    0.0047259480892565394,
    8.344089952186948e-06
  ],
  "mse_mean": 0.0007359107443860414,
  "mse_spatial": 0.0008571718534583504,
  "mse_gripper": 8.344089952186948e-06,
  "mse_per_dim_names": [
    "x",
    "y",
    "z",
    "roll",
    "pitch",
    "yaw",
    "gripper"
  ],
  "grounding": {
    "nouns": [],
    "num_patches": 0,
    "patch_coverage": 0.0
  }
}