{
  "episode_id": 12,
  "step_id": 42,
  "instruction": "",
  "condition": "v4_replay",
  "condition_desc": "VAR(p=0.6,rho=0.5) + obj + SAM2 + L8-24 (same as V4)",
  "predicted_action": [
    -0.0014341901475563822,
    0.025214240619388796,
    -0.01302393693084014,
    0.01926465516502486,
    -0.005143876749207299,
    0.023206771392142306,
    0.18359375
  ],
  "ground_truth_action": [
    0.009689579717814922,
    -0.007871591486036777,
    -0.008969826623797417,
    0.0024105373304337263,
    0.009545420296490192,
    -0.023490751162171364,
    0.9940774440765381
  ],
  "action_token_ids": [
    31877,
    31792,
    31949,
    31842,
    31868,
    31856,
    31848
  ],
  "mse_per_dim": [
    0.00012373825601774273,
    0.0010946722861084096,
    1.6435810381670037e-05,
    0.00028406128798228293,
    0.00021577544769673705,
    0.0021806586127106338,
    0.6568838183639514
  ],
  "mse_mean": 0.09439988000926412,
  "mse_spatial": 0.0006525569501495794,
  "mse_gripper": 0.6568838183639514,
  "mse_per_dim_names": [
    "x",
    "y",
    "z",
    "roll",
    "pitch",
    "yaw",
    "gripper"
  ],
  "grounding": {
    "nouns": [],
    "num_patches": 0,
    "patch_coverage": 0.0
  }
}