{
  "episode_id": 11,
  "step_id": 23,
  "instruction": "bmbfbbfgjjg",
  "condition": "v4_replay",
  "condition_desc": "VAR(p=0.6,rho=0.5) + obj + SAM2 + L8-24 (same as V4)",
  "predicted_action": [
    0.0023534185858443205,
    0.001672095856920304,
    0.004833976088702903,
    -0.008723732521175531,
    0.009535580309457115,
    0.02160126940463661,
    -0.01171875
  ],
  "ground_truth_action": [
    0.000885113375261426,
    0.00022805425396654755,
    0.008415088057518005,
    0.017886660993099213,
    0.004719109274446964,
    0.006750584114342928,
    0.1409039944410324
  ],
  "action_token_ids": [
    31860,
    31865,
    31880,
    31886,
    31846,
    31857,
    31873
  ],
  "mse_per_dim": [
    2.155920191424878e-06,
    2.0852561510612545e-06,
    1.2824362933190779e-05,
    0.0007081130429845554,
    2.319839323109175e-05,
    0.0002205428535913451,
    0.02329370212071269
  ],
  "mse_mean": 0.0034660888499707656,
  "mse_spatial": 0.00016148663818044484,
  "mse_gripper": 0.02329370212071269,
  "mse_per_dim_names": [
    "x",
    "y",
    "z",
    "roll",
    "pitch",
    "yaw",
    "gripper"
  ],
  "grounding": {
    "nouns": [],
    "num_patches": 0,
    "patch_coverage": 0.0
  }
}