{
  "episode_id": 11,
  "step_id": 26,
  "instruction": "bmbfbbfgjjg",
  "condition": "v4_replay",
  "condition_desc": "VAR(p=0.6,rho=0.5) + obj + SAM2 + L8-24 (same as V4)",
  "predicted_action": [
    -0.007449804018251609,
    0.010056969333963876,
    0.04003218146055586,
    0.08160242773883485,
    -0.09255337105307263,
    -0.2047745108336676,
    0.61328125
  ],
  "ground_truth_action": [
    -0.01914149709045887,
    0.03877955302596092,
    0.003953019622713327,
    0.010930151678621769,
    -0.0012836757814511657,
    0.05297066271305084,
    0.0
  ],
  "action_token_ids": [
    31904,
    31839,
    31744,
    31744,
    31999,
    31998,
    31793
  ],
  "mse_per_dim": [
    0.00013669568689469926,
    0.0008249868139437747,
    0.0013017059189212327,
    0.004994570603530967,
    0.00833015727497464,
    0.06643257448662801,
    0.3761138916015625
  ],
  "mse_mean": 0.06544779748377941,
  "mse_spatial": 0.013670115130815555,
  "mse_gripper": 0.3761138916015625,
  "mse_per_dim_names": [
    "x",
    "y",
    "z",
    "roll",
    "pitch",
    "yaw",
    "gripper"
  ],
  "grounding": {
    "nouns": [],
    "num_patches": 0,
    "patch_coverage": 0.0
  }
}