{
  "episode_id": 13,
  "step_id": 3,
  "instruction": "",
  "condition": "v4_replay",
  "condition_desc": "VAR(p=0.6,rho=0.5) + obj + SAM2 + L8-24 (same as V4)",
  "predicted_action": [
    -0.0179214281635359,
    0.015861881741147887,
    0.0009518210844544177,
    0.023717353206011288,
    0.030887517849332607,
    0.03123428132967082,
    -0.00390625
  ],
  "ground_truth_action": [
    -0.004552369471639395,
    0.0056974682956933975,
    0.004638804122805595,
    -0.009207780472934246,
    -0.020779406651854515,
    0.38980475068092346,
    0.05777039751410484
  ],
  "action_token_ids": [
    31951,
    31821,
    31895,
    31835,
    31814,
    31851,
    31872
  ],
  "mse_per_dim": [
    0.0001787317303073735,
    0.00010331530069013601,
    1.3593843925089283e-05,
    0.0010840644277764335,
    0.0026694710874113703,
    0.1285727814907776,
    0.003804008848579135
  ],
  "mse_mean": 0.01948942381849531,
  "mse_spatial": 0.02210365964681467,
  "mse_gripper": 0.003804008848579135,
  "mse_per_dim_names": [
    "x",
    "y",
    "z",
    "roll",
    "pitch",
    "yaw",
    "gripper"
  ],
  "grounding": {
    "nouns": [],
    "num_patches": 0,
    "patch_coverage": 0.0
  }
}