{
  "episode_id": 11,
  "step_id": 40,
  "instruction": "bmbfbbfgjjg",
  "condition": "v4_replay",
  "condition_desc": "VAR(p=0.6,rho=0.5) + obj + SAM2 + L8-24 (same as V4)",
  "predicted_action": [
    -0.0034393947711214568,
    0.01779685254354256,
    0.031232630117592624,
    0.08160242773883485,
    0.018209804935031534,
    -0.010508770345477453,
    -0.00390625
  ],
  "ground_truth_action": [
    0.024814140051603317,
    -0.04483267664909363,
    0.00259989220649004,
    -0.02705618552863598,
    -0.030056960880756378,
    -0.021724537014961243,
    1.0
  ],
  "action_token_ids": [
    31886,
    31815,
    31778,
    31744,
    31833,
    31877,
    31872
  ],
  "mse_per_dim": [
    0.0007982622299789214,
    0.0039224579268912685,
    0.0008198336802858912,
    0.011806694237209786,
    0.0023296806823161127,
    0.0001257934219843035,
    1.0078277587890625
  ],
  "mse_mean": 0.14680435442396125,
  "mse_spatial": 0.003300453696444381,
  "mse_gripper": 1.0078277587890625,
  "mse_per_dim_names": [
    "x",
    "y",
    "z",
    "roll",
    "pitch",
    "yaw",
    "gripper"
  ],
  "grounding": {
    "nouns": [],
    "num_patches": 0,
    "patch_coverage": 0.0
  }
}