{
  "episode_id": 11,
  "step_id": 36,
  "instruction": "bmbfbbfgjjg",
  "condition": "v4_replay",
  "condition_desc": "VAR(p=0.6,rho=0.5) + obj + SAM2 + L8-24 (same as V4)",
  "predicted_action": [
    0.011933840676210793,
    0.014894396339950551,
    0.015445199766982106,
    0.03580324788868873,
    -0.013150853326660605,
    -0.06027933195815427,
    -0.05078125
  ],
  "ground_truth_action": [
    -0.009840035811066628,
    0.011312775313854218,
    0.008814477361738682,
    0.032224006950855255,
    0.016377562656998634,
    0.00021705999097321182,
    1.0
  ],
  "action_token_ids": [
    31817,
    31824,
    31839,
    31816,
    31880,
    31908,
    31878
  ],
  "mse_per_dim": [
    0.0004741016972832125,
    1.2828009174575353e-05,
    4.396647961539714e-05,
    1.2810965691063054e-05,
    0.0008719273505040225,
    0.0036598134388624564,
    1.1041412353515625
  ],
  "mse_mean": 0.15845952618467046,
  "mse_spatial": 0.0008459079901884546,
  "mse_gripper": 1.1041412353515625,
  "mse_per_dim_names": [
    "x",
    "y",
    "z",
    "roll",
    "pitch",
    "yaw",
    "gripper"
  ],
  "grounding": {
    "nouns": [],
    "num_patches": 0,
    "patch_coverage": 0.0
  }
}