{
  "episode_id": 17,
  "step_id": 10,
  "instruction": "",
  "condition": "v4_replay",
  "condition_desc": "VAR(p=0.6,rho=0.5) + obj + SAM2 + L8-24 (same as V4)",
  "predicted_action": [
    0.003467421154491581,
    0.0003821153219905199,
    -0.00551843725595973,
    0.00018166356079732382,
    0.019544301031273748,
    -0.010508770345477453,
    -0.00390625
  ],
  "ground_truth_action": [
    0.010425342246890068,
    -0.005361882969737053,
    -0.005059924907982349,
    -0.008025040850043297,
    -0.013513308949768543,
    0.0015248209238052368,
    1.0
  ],
  "action_token_ids": [
    31855,
    31869,
    31920,
    31872,
    31831,
    31877,
    31872
  ],
  "mse_per_dim": [
    4.841266592804376e-05,
    3.299351637536928e-05,
    2.1023357324773068e-07,
    6.73499972869109e-05,
    0.001092805577658707,
    0.00014480731883615658,
    1.0078277587890625
  ],
  "mse_mean": 0.14417347687124585,
  "mse_spatial": 0.0002310965516097392,
  "mse_gripper": 1.0078277587890625,
  "mse_per_dim_names": [
    "x",
    "y",
    "z",
    "roll",
    "pitch",
    "yaw",
    "gripper"
  ],
  "grounding": {
    "nouns": [],
    "num_patches": 0,
    "patch_coverage": 0.0
  }
}