{
  "episode_id": 14,
  "step_id": 26,
  "instruction": "move the silver pot to the lower right burner",
  "condition": "v4_replay",
  "condition_desc": "VAR(p=0.6,rho=0.5) + obj + SAM2 + L8-24 (same as V4)",
  "predicted_action": [
    -0.007227003504522159,
    -0.008647748422517941,
    0.0040575450878532066,
    0.012903657963615686,
    -0.001140388460480632,
    0.050500305179739274,
    0.12109375
  ],
  "ground_truth_action": [
    -0.010509282350540161,
    -0.0009120700997300446,
    0.0007105282857082784,
    0.00890687108039856,
    -0.0389411523938179,
    0.059045352041721344,
    0.0
  ],
  "action_token_ids": [
    31903,
    31897,
    31883,
    31852,
    31862,
    31839,
    31856
  ],
  "mse_per_dim": [
    1.0773354423017265e-05,
    5.984071911365056e-05,
    1.1202521473840462e-05,
    1.5974305389856473e-05,
    0.0014288977539438916,
    7.301782587346961e-05,
    0.0146636962890625
  ],
  "mse_mean": 0.002323343252754318,
  "mse_spatial": 0.0002666177467029543,
  "mse_gripper": 0.0146636962890625,
  "mse_per_dim_names": [
    "x",
    "y",
    "z",
    "roll",
    "pitch",
    "yaw",
    "gripper"
  ],
  "grounding": {
    "nouns": [
      "pot",
      "burner"
    ],
    "num_patches": 47,
    "patch_coverage": 0.18359375
  }
}