{
  "episode_id": 11,
  "step_id": 25,
  "instruction": "bmbfbbfgjjg",
  "condition": "v4_replay",
  "condition_desc": "VAR(p=0.6,rho=0.5) + obj + SAM2 + L8-24 (same as V4)",
  "predicted_action": [
    0.006141027319245023,
    -0.0063902824863908275,
    0.00457516575508634,
    0.03198664956784322,
    -0.010481861134176165,
    0.008757253504590973,
    0.00390625
  ],
  "ground_truth_action": [
    -0.011424715630710125,
    0.02412537671625614,
    0.017874835059046745,
    0.02602137252688408,
    -0.02261369302868843,
    0.06922229379415512,
    0.0
  ],
  "action_token_ids": [
    31843,
    31890,
    31881,
    31822,
    31876,
    31865,
    31871
  ],
  "mse_per_dim": [
    0.000308555325383899,
    0.0009312054565720927,
    0.00017688120359470665,
    3.558453017539428e-05,
    0.00014718134511670507,
    0.0036560210972186157,
    1.52587890625e-05
  ],
  "mse_mean": 0.0007529553924462733,
  "mse_spatial": 0.0008759048263435689,
  "mse_gripper": 1.52587890625e-05,
  "mse_per_dim_names": [
    "x",
    "y",
    "z",
    "roll",
    "pitch",
    "yaw",
    "gripper"
  ],
  "grounding": {
    "nouns": [],
    "num_patches": 0,
    "patch_coverage": 0.0
  }
}