{
  "episode_id": 13,
  "step_id": 7,
  "instruction": "",
  "condition": "v4_replay",
  "condition_desc": "VAR(p=0.6,rho=0.5) + obj + SAM2 + L8-24 (same as V4)",
  "predicted_action": [
    0.007923431429080644,
    0.006187027729174531,
    -0.022082298607419944,
    0.015448056844179353,
    0.06291542415914587,
    0.056922313129762064,
    -0.00390625
  ],
  "ground_truth_action": [
    -0.005312222987413406,
    -0.0011753591243177652,
    -0.029976241290569305,
    0.01628141663968563,
    0.03176242485642433,
    -0.26553916931152344,
    0.0620545819401741
  ],
  "action_token_ids": [
    31835,
    31851,
    31984,
    31848,
    31766,
    31835,
    31872
  ],
  "mse_per_dim": [
    0.00017518254783285847,
    5.4204740180476194e-05,
    6.231433108484734e-05,
    6.94488548766265e-07,
    0.0009705093655553689,
    0.10398140765823145,
    0.004350831350239892
  ],
  "mse_mean": 0.015656449211667665,
  "mse_spatial": 0.017540718855238963,
  "mse_gripper": 0.004350831350239892,
  "mse_per_dim_names": [
    "x",
    "y",
    "z",
    "roll",
    "pitch",
    "yaw",
    "gripper"
  ],
  "grounding": {
    "nouns": [],
    "num_patches": 0,
    "patch_coverage": 0.0
  }
}