{
  "episode_id": 12,
  "step_id": 35,
  "instruction": "",
  "condition": "v4_replay",
  "condition_desc": "VAR(p=0.6,rho=0.5) + obj + SAM2 + L8-24 (same as V4)",
  "predicted_action": [
    -0.0009885891200974752,
    0.0003821153219905199,
    0.0014694417516875474,
    -0.02335402608441664,
    -0.002474884556722859,
    0.010362755492096698,
    0.01953125
  ],
  "ground_truth_action": [
    0.004948461893945932,
    -0.0005206294590607285,
    0.04605088382959366,
    -0.008085769601166248,
    0.003427599323913455,
    -0.03969636932015419,
    0.9976114630699158
  ],
  "action_token_ids": [
    31875,
    31869,
    31893,
    31909,
    31864,
    31864,
    31869
  ],
  "mse_per_dim": [
    3.5248574743353853e-05,
    8.149481397152665e-07,
    0.0019875049777456975,
    0.00023311965603831764,
    3.483931596117152e-05,
    0.0025059159769685127,
    0.9566409031988918
  ],
  "mse_mean": 0.13734833523549836,
  "mse_spatial": 0.000799573908266128,
  "mse_gripper": 0.9566409031988918,
  "mse_per_dim_names": [
    "x",
    "y",
    "z",
    "roll",
    "pitch",
    "yaw",
    "gripper"
  ],
  "grounding": {
    "nouns": [],
    "num_patches": 0,
    "patch_coverage": 0.0
  }
}