{
  "episode_id": 11,
  "step_id": 24,
  "instruction": "bmbfbbfgjjg",
  "condition": "v4_replay",
  "condition_desc": "VAR(p=0.6,rho=0.5) + obj + SAM2 + L8-24 (same as V4)",
  "predicted_action": [
    0.0023534185858443205,
    -0.010582719224912614,
    0.0009518210844544177,
    0.008450959922629259,
    0.005532092020730461,
    -0.004086762395454635,
    -0.05078125
  ],
  "ground_truth_action": [
    0.00031764464802108705,
    0.006226079072803259,
    0.01749303750693798,
    0.03039577417075634,
    -0.023723183199763298,
    0.017623797059059143,
    0.0
  ],
  "action_token_ids": [
    31860,
    31903,
    31895,
    31859,
    31852,
    31873,
    31878
  ],
  "mse_per_dim": [
    4.1443755259203146e-06,
    0.00028253570021329603,
    0.0002736118407354399,
    0.00048157487238480136,
    0.0008558711282268362,
    0.0004713483918279776,
    0.0025787353515625
  ],
  "mse_mean": 0.0007068316657823959,
  "mse_spatial": 0.00039484771815237853,
  "mse_gripper": 0.0025787353515625,
  "mse_per_dim_names": [
    "x",
    "y",
    "z",
    "roll",
    "pitch",
    "yaw",
    "gripper"
  ],
  "grounding": {
    "nouns": [],
    "num_patches": 0,
    "patch_coverage": 0.0
  }
}