{
  "episode_id": 13,
  "step_id": 25,
  "instruction": "",
  "condition": "v4_replay",
  "condition_desc": "VAR(p=0.6,rho=0.5) + obj + SAM2 + L8-24 (same as V4)",
  "predicted_action": [
    -0.028615852822549644,
    -0.017355117033293965,
    0.0012106314180709808,
    -0.04370921712892602,
    0.021546045175637088,
    -0.010508770345477453,
    -0.00390625
  ],
  "ground_truth_action": [
    -0.0034707800950855017,
    0.0024500645231455564,
    -0.004100767895579338,
    -0.015676746144890785,
    -0.004974300507456064,
    0.05536942929029465,
    0.0004589482268784195
  ],
  "action_token_ids": [
    31999,
    31924,
    31894,
    31941,
    31828,
    31877,
    31872
  ],
  "mse_per_dim": [
    0.000632274682469461,
    0.00039224521648353216,
    2.8210962669045078e-05,
    0.0007858194294707772,
    0.0007033287351507576,
    0.004339937187250643,
    1.9054955559942497e-05
  ],
  "mse_mean": 0.0009858387384363084,
  "mse_spatial": 0.0011469693689157027,
  "mse_gripper": 1.9054955559942497e-05,
  "mse_per_dim_names": [
    "x",
    "y",
    "z",
    "roll",
    "pitch",
    "yaw",
    "gripper"
  ],
  "grounding": {
    "nouns": [],
    "num_patches": 0,
    "patch_coverage": 0.0
  }
}