{
  "episode_id": 16,
  "step_id": 4,
  "instruction": "move the pan to the left side of the stove",
  "condition": "v4_replay",
  "condition_desc": "VAR(p=0.6,rho=0.5) + obj + SAM2 + L8-24 (same as V4)",
  "predicted_action": [
    0.002576219099573774,
    -0.04154225206322735,
    -0.009400592260208219,
    -0.020809627203852973,
    0.024882285416242628,
    -0.1710589690960478,
    -0.77734375
  ],
  "ground_truth_action": [
    0.00319644040428102,
    -0.04329777881503105,
    -0.01759958639740944,
    0.0019159591756761074,
    0.05161032825708389,
    -0.08018914610147476,
    1.0
  ],
  "action_token_ids": [
    31859,
    31999,
    31935,
    31905,
    31823,
    31977,
    31971
  ],
  "mse_per_dim": [
    3.8467446681275873e-07,
    3.08187417629846e-06,
    6.722350486185998e-05,
    0.0005164522762934377,
    0.000714388274101846,
    0.008257324731065037,
    3.1589508056640625
  ],
  "mse_mean": 0.4526442372855754,
  "mse_spatial": 0.0015931425558275486,
  "mse_gripper": 3.1589508056640625,
  "mse_per_dim_names": [
    "x",
    "y",
    "z",
    "roll",
    "pitch",
    "yaw",
    "gripper"
  ],
  "grounding": {
    "nouns": [
      "pan",
      "stove"
    ],
    "num_patches": 42,
    "patch_coverage": 0.1640625
  }
}