{
  "episode_id": 15,
  "step_id": 7,
  "instruction": "sweep into pile",
  "condition": "v4_replay",
  "condition_desc": "VAR(p=0.6,rho=0.5) + obj + SAM2 + L8-24 (same as V4)",
  "predicted_action": [
    -0.0016569906612858322,
    -0.005422797085193491,
    -0.0148356092661561,
    0.0027260624413609907,
    -0.019156085759750585,
    0.02481227337964803,
    0.05859375
  ],
  "ground_truth_action": [
    0.002880352782085538,
    -0.007021376397460699,
    -0.009166129864752293,
    -0.012629013508558273,
    0.015042794868350029,
    -0.02438429370522499,
    1.0
  ],
  "action_token_ids": [
    31878,
    31887,
    31956,
    31868,
    31889,
    31855,
    31864
  ],
  "mse_per_dim": [
    2.058748552310516e-05,
    2.5554558176086995e-06,
    3.2142996682942075e-05,
    0.000235778357427789,
    0.0011695634362150755,
    0.0024203022129364116,
    0.8862457275390625
  ],
  "mse_mean": 0.12716095106909506,
  "mse_spatial": 0.000646821657433822,
  "mse_gripper": 0.8862457275390625,
  "mse_per_dim_names": [
    "x",
    "y",
    "z",
    "roll",
    "pitch",
    "yaw",
    "gripper"
  ],
  "grounding": {
    "nouns": [
      "pile"
    ],
    "num_patches": 91,
    "patch_coverage": 0.35546875
  }
}