{
  "episode_id": 13,
  "step_id": 26,
  "instruction": "",
  "condition": "v4_replay",
  "condition_desc": "VAR(p=0.6,rho=0.5) + obj + SAM2 + L8-24 (same as V4)",
  "predicted_action": [
    0.012825042731128607,
    -0.023805019707942868,
    0.0019870624189206806,
    -0.016993028883007466,
    0.015540812742547094,
    -0.08436186177073983,
    -0.16796875
  ],
  "ground_truth_action": [
    -0.003002008656039834,
    0.010399054735898972,
    -0.004391626920551062,
    -0.030083805322647095,
    -0.004483785945922136,
    -0.10360395163297653,
    0.00938472431153059
  ],
  "action_token_ids": [
    31813,
    31944,
    31891,
    31899,
    31837,
    31923,
    31893
  ],
  "mse_per_dim": [
    0.0002504955556120705,
    0.0011699187085598744,
    4.0687677689490454e-05,
    0.000171368427792624,
    0.0004009845526342436,
    0.0003702580222663925,
    0.03145425485037074
  ],
  "mse_mean": 0.004836852542132205,
  "mse_spatial": 0.0004006188240924492,
  "mse_gripper": 0.03145425485037074,
  "mse_per_dim_names": [
    "x",
    "y",
    "z",
    "roll",
    "pitch",
    "yaw",
    "gripper"
  ],
  "grounding": {
    "nouns": [],
    "num_patches": 0,
    "patch_coverage": 0.0
  }
}