{
  "episode_id": 15,
  "step_id": 40,
  "instruction": "sweep into pile",
  "condition": "v4_replay",
  "condition_desc": "VAR(p=0.6,rho=0.5) + obj + SAM2 + L8-24 (same as V4)",
  "predicted_action": [
    0.003690221668221038,
    0.015861881741147887,
    -0.003965575254260334,
    0.0313505498477023,
    0.008201084213214901,
    0.044078297229716484,
    -0.00390625
  ],
  "ground_truth_action": [
    -0.008320302702486515,
    -0.0048187365755438805,
    -0.008513212203979492,
    -0.001965879462659359,
    0.03819074109196663,
    -0.015084781683981419,
    0.0
  ],
  "action_token_ids": [
    31854,
    31821,
    31914,
    31823,
    31848,
    31843,
    31872
  ],
  "mse_per_dim": [
    0.00014425269565936007,
    0.00042768797396068706,
    2.068100182645097e-05,
    0.0011099844619923255,
    0.0008993795197052608,
    0.0035002699065484455,
    1.52587890625e-05
  ],
  "mse_mean": 0.0008739306212507185,
  "mse_spatial": 0.0010170425932820883,
  "mse_gripper": 1.52587890625e-05,
  "mse_per_dim_names": [
    "x",
    "y",
    "z",
    "roll",
    "pitch",
    "yaw",
    "gripper"
  ],
  "grounding": {
    "nouns": [
      "pile"
    ],
    "num_patches": 0,
    "patch_coverage": 0.0
  }
}