{
  "episode_id": 11,
  "step_id": 7,
  "instruction": "bmbfbbfgjjg",
  "condition": "v4_replay",
  "condition_desc": "VAR(p=0.6,rho=0.5) + obj + SAM2 + L8-24 (same as V4)",
  "predicted_action": [
    -0.007227003504522159,
    0.014894396339950551,
    -0.01172988526275731,
    -0.05515901209146254,
    -0.017821589663508372,
    0.17572946020518418,
    0.12890625
  ],
  "ground_truth_action": [
    0.0026654985267668962,
    0.013625513762235641,
    -0.001261013327166438,
    0.0011849428992718458,
    -0.02471424825489521,
    0.02334771119058132,
    1.0
  ],
  "action_token_ids": [
    31903,
    31824,
    31944,
    31959,
    31887,
    31761,
    31855
  ],
  "mse_per_dim": [
    9.786159643905809e-05,
    1.6100629960284335e-06,
    0.00010959727960380216,
    0.0031746412639979023,
    4.7508742457418794e-05,
    0.023220197432749418,
    0.7588043212890625
  ],
  "mse_mean": 0.11220796252390088,
  "mse_spatial": 0.004441902729707271,
  "mse_gripper": 0.7588043212890625,
  "mse_per_dim_names": [
    "x",
    "y",
    "z",
    "roll",
    "pitch",
    "yaw",
    "gripper"
  ],
  "grounding": {
    "nouns": [],
    "num_patches": 0,
    "patch_coverage": 0.0
  }
}