{
  "episode_id": 18,
  "step_id": 39,
  "instruction": "Pick up the blue fork and place it on the left of the pot",
  "condition": "v4_replay",
  "condition_desc": "VAR(p=0.6,rho=0.5) + obj + SAM2 + L8-24 (same as V4)",
  "predicted_action": [
    -0.0012113896338269287,
    0.0039295617930474175,
    -8.342025001184528e-05,
    0.0014538630010791642,
    -0.006478372845449512,
    0.00394074754207388,
    0.02734375
  ],
  "ground_truth_action": [
    -0.004533110652118921,
    0.0022368915379047394,
    -0.0003713539626915008,
    -0.004517258144915104,
    -0.0009942558826878667,
    -0.0033658179454505444,
    0.0
  ],
  "action_token_ids": [
    31876,
    31858,
    31899,
    31870,
    31870,
    31868,
    31868
  ],
  "mse_per_dim": [
    1.1033830523362793e-05,
    2.865132592644779e-06,
    8.290582289749041e-08,
    3.56542877401399e-05,
    3.0075538861250013e-05,
    5.3385899223483033e-05,
    0.0007476806640625
  ],
  "mse_mean": 0.00012582546554661114,
  "mse_spatial": 2.2182932460629668e-05,
  "mse_gripper": 0.0007476806640625,
  "mse_per_dim_names": [
    "x",
    "y",
    "z",
    "roll",
    "pitch",
    "yaw",
    "gripper"
  ],
  "grounding": {
    "nouns": [
      "fork",
      "pot"
    ],
    "num_patches": 19,
    "patch_coverage": 0.07421875
  }
}