{
  "episode_id": 17,
  "step_id": 41,
  "instruction": "",
  "condition": "v4_replay",
  "condition_desc": "VAR(p=0.6,rho=0.5) + obj + SAM2 + L8-24 (same as V4)",
  "predicted_action": [
    0.003913022181950488,
    -0.0034878262827988185,
    -0.002930333919794071,
    -0.017629128603148386,
    0.004197595924488234,
    0.02481227337964803,
    -0.08203125
  ],
  "ground_truth_action": [
    0.0,
    0.0,
    0.0,
    0.0,
    0.0,
    0.0,
    1.0
  ],
  "action_token_ids": [
    31853,
    31881,
    31910,
    31900,
    31854,
    31855,
    31882
  ],
  "mse_per_dim": [
    1.531174259643656e-05,
    1.2164932178982224e-05,
    8.586856881495684e-06,
    0.0003107861753063446,
    1.7619811545280235e-05,
    0.0006156489102663904,
    1.1707916259765625
  ],
  "mse_mean": 0.16739596348647678,
  "mse_spatial": 0.00016335307146248828,
  "mse_gripper": 1.1707916259765625,
  "mse_per_dim_names": [
    "x",
    "y",
    "z",
    "roll",
    "pitch",
    "yaw",
    "gripper"
  ],
  "grounding": {
    "nouns": [],
    "num_patches": 0,
    "patch_coverage": 0.0
  }
}