{
  "episode_id": 20,
  "step_id": 36,
  "instruction": "",
  "condition": "v4_replay",
  "condition_desc": "VAR(p=0.6,rho=0.5) + obj + SAM2 + L8-24 (same as V4)",
  "predicted_action": [
    0.003244620640762131,
    0.002962076391850081,
    -0.00551843725595973,
    0.013539757683756606,
    -0.007812868941691725,
    0.04086729325470506,
    0.11328125
  ],
  "ground_truth_action": [
    -0.024573346599936485,
    0.0386204719543457,
    -0.00011399146023904905,
    0.030458057299256325,
    0.025281120091676712,
    0.09777693450450897,
    1.0
  ],
  "action_token_ids": [
    31856,
    31861,
    31920,
    31851,
    31872,
    31845,
    31857
  ],
  "mse_per_dim": [
    0.0007738393014045814,
    0.0012715211740914074,
    2.9208034358882945e-05,
    0.0002862288618798179,
    0.0010952121101407105,
    0.003238707267181383,
    0.7862701416015625
  ],
  "mse_mean": 0.11328069405008846,
  "mse_spatial": 0.0011157861248427972,
  "mse_gripper": 0.7862701416015625,
  "mse_per_dim_names": [
    "x",
    "y",
    "z",
    "roll",
    "pitch",
    "yaw",
    "gripper"
  ],
  "grounding": {
    "nouns": [],
    "num_patches": 0,
    "patch_coverage": 0.0
  }
}