{
  "episode_id": 23,
  "step_id": 38,
  "instruction": "",
  "condition": "v4_replay",
  "condition_desc": "VAR(p=0.6,rho=0.5) + obj + SAM2 + L8-24 (same as V4)",
  "predicted_action": [
    -0.0014341901475563822,
    -0.0005853700792068164,
    0.015962820434215232,
    0.000817763280938244,
    -0.015819845519145045,
    -0.01693077829550027,
    -0.00390625
  ],
  "ground_truth_action": [
    0.005963402334600687,
    -0.0021848788019269705,
    -0.00385676184669137,
    -7.076969723129878e-06,
    0.012412779964506626,
    0.09484698623418808,
    0.9980717897415161
  ],
  "action_token_ids": [
    31877,
    31872,
    31837,
    31871,
    31884,
    31881,
    31872
  ],
  "mse_per_dim": [
    5.472437453206679e-05,
    2.5584281540578585e-06,
    0.00039281584178962696,
    6.803614391111181e-07,
    0.0007970811417001378,
    0.012494268643254456,
    1.0039599921242512
  ],
  "mse_mean": 0.14538601727358866,
  "mse_spatial": 0.002290354798478243,
  "mse_gripper": 1.0039599921242512,
  "mse_per_dim_names": [
    "x",
    "y",
    "z",
    "roll",
    "pitch",
    "yaw",
    "gripper"
  ],
  "grounding": {
    "nouns": [],
    "num_patches": 0,
    "patch_coverage": 0.0
  }
}