{
  "episode_id": 21,
  "step_id": 22,
  "instruction": "moved the green object and put it on the table",
  "condition": "v4_replay",
  "condition_desc": "VAR(p=0.6,rho=0.5) + obj + SAM2 + L8-24 (same as V4)",
  "predicted_action": [
    0.002576219099573774,
    -0.007680263021320612,
    -0.0006010409172449785,
    -0.013176430562161959,
    -0.011149109182297279,
    0.018390265429625213,
    -0.06640625
  ],
  "ground_truth_action": [
    -0.011120015755295753,
    -0.009598126634955406,
    0.031534429639577866,
    0.010555791668593884,
    -0.040920499712228775,
    0.01899631880223751,
    0.0
  ],
  "action_token_ids": [
    31859,
    31894,
    31901,
    31893,
    31877,
    31859,
    31880
  ],
  "mse_per_dim": [
    0.00018758684919974292,
    3.6782008405043127e-06,
    0.0010326884679084279,
    0.0005632183720099818,
    0.0008863356940856948,
    3.673006904547402e-07,
    0.0044097900390625
  ],
  "mse_mean": 0.0010119521319710437,
  "mse_spatial": 0.0004456458141224677,
  "mse_gripper": 0.0044097900390625,
  "mse_per_dim_names": [
    "x",
    "y",
    "z",
    "roll",
    "pitch",
    "yaw",
    "gripper"
  ],
  "grounding": {
    "nouns": [
      "object",
      "table"
    ],
    "num_patches": 72,
    "patch_coverage": 0.28125
  }
}