{
  "episode_id": 20,
  "step_id": 17,
  "instruction": "",
  "condition": "v4_replay",
  "condition_desc": "VAR(p=0.6,rho=0.5) + obj + SAM2 + L8-24 (same as V4)",
  "predicted_action": [
    -0.0018797911750152857,
    0.004574552060512306,
    -0.0006010409172449785,
    -0.0036349347600481835,
    0.0015286037320037943,
    0.023206771392142306,
    -0.00390625
  ],
  "ground_truth_action": [
    0.03832906484603882,
    -0.00290009006857872,
    0.01972653530538082,
    -0.009621244855225086,
    -0.1044069230556488,
    -0.024597954005002975,
    0.0
  ],
  "action_token_ids": [
    31879,
    31856,
    31901,
    31878,
    31858,
    31856,
    31872
  ],
  "mse_per_dim": [
    0.0016167521025218588,
    5.587027495798243e-05,
    0.0004132103550866618,
    3.5835908555616895e-05,
    0.011222335835777461,
    0.002285291770296467,
    1.52587890625e-05
  ],
  "mse_mean": 0.002234936433751221,
  "mse_spatial": 0.0026048827078660078,
  "mse_gripper": 1.52587890625e-05,
  "mse_per_dim_names": [
    "x",
    "y",
    "z",
    "roll",
    "pitch",
    "yaw",
    "gripper"
  ],
  "grounding": {
    "nouns": [],
    "num_patches": 0,
    "patch_coverage": 0.0
  }
}