{
  "episode_id": 27,
  "step_id": 50,
  "instruction": "sweep into pile",
  "condition": "v4_replay",
  "condition_desc": "VAR(p=0.6,rho=0.5) + obj + SAM2 + L8-24 (same as V4)",
  "predicted_action": [
    0.0019078175583854134,
    0.01779685254354256,
    -0.01172988526275731,
    -0.016993028883007466,
    0.0001941076357615812,
    0.09705986281740467,
    0.99609375
  ],
  "ground_truth_action": [
    -0.0008757425821386278,
    0.0057349237613379955,
    -0.006114506162703037,
    -0.009629447013139725,
    0.01591677777469158,
    0.01563584804534912,
    0.0
  ],
  "action_token_ids": [
    31862,
    31815,
    31944,
    31899,
    31860,
    31810,
    31744
  ],
  "mse_per_dim": [
    7.74820705591422e-06,
    0.0001454901259469749,
    3.153248243732633e-05,
    5.42223379542449e-05,
    0.00024720235629760115,
    0.00662987018159992,
    0.9922027587890625
  ],
  "mse_mean": 0.14275983206862206,
  "mse_spatial": 0.0011860109485486636,
  "mse_gripper": 0.9922027587890625,
  "mse_per_dim_names": [
    "x",
    "y",
    "z",
    "roll",
    "pitch",
    "yaw",
    "gripper"
  ],
  "grounding": {
    "nouns": [
      "pile"
    ],
    "num_patches": 18,
    "patch_coverage": 0.0703125
  }
}