{
  "episode_id": 20,
  "step_id": 20,
  "instruction": "",
  "condition": "v4_replay",
  "condition_desc": "VAR(p=0.6,rho=0.5) + obj + SAM2 + L8-24 (same as V4)",
  "predicted_action": [
    -0.004776197853498174,
    -0.0038103214165312663,
    -0.009918212927441349,
    -0.016993028883007466,
    0.022213293223758188,
    -0.041013308108085816,
    0.96484375
  ],
  "ground_truth_action": [
    0.017175590619444847,
    0.0015592197887599468,
    -0.01041718665510416,
    -0.0011031989706680179,
    -0.04147619381546974,
    0.01527255866676569,
    0.0
  ],
  "action_token_ids": [
    31892,
    31882,
    31937,
    31899,
    31827,
    31896,
    31748
  ],
  "mse_per_dim": [
    0.0004818810171608341,
    2.8831972755320212e-05,
    2.489747808977218e-07,
    0.0002524866946430775,
    0.004056350759319982,
    0.0031680987985963326,
    0.9309234619140625
  ],
  "mse_mean": 0.13413019430447412,
  "mse_spatial": 0.0013313163695427407,
  "mse_gripper": 0.9309234619140625,
  "mse_per_dim_names": [
    "x",
    "y",
    "z",
    "roll",
    "pitch",
    "yaw",
    "gripper"
  ],
  "grounding": {
    "nouns": [],
    "num_patches": 0,
    "patch_coverage": 0.0
  }
}