{
  "episode_id": 24,
  "step_id": 9,
  "instruction": "",
  "condition": "v4_replay",
  "condition_desc": "VAR(p=0.6,rho=0.5) + obj + SAM2 + L8-24 (same as V4)",
  "predicted_action": [
    -0.004998998367227628,
    0.001994590990652745,
    0.005610407089552603,
    0.0014538630010791642,
    -0.003809380652965072,
    0.00394074754207388,
    -0.01953125
  ],
  "ground_truth_action": [
    -0.0005843077087774873,
    0.0012827154714614153,
    -0.01470248680561781,
    -0.017768261954188347,
    0.01301499642431736,
    -0.16147440671920776,
    0.9979670643806458
  ],
  "action_token_ids": [
    31893,
    31864,
    31877,
    31870,
    31866,
    31868,
    31874
  ],
  "mse_per_dim": [
    1.9489493609806935e-05,
    5.06766754823925e-07,
    0.0004126136583964514,
    0.00036949008779591804,
    0.00028305966403858654,
    0.0273621732592836,
    1.0353028197674554
  ],
  "mse_mean": 0.15196430752819065,
  "mse_spatial": 0.004741222154979865,
  "mse_gripper": 1.0353028197674554,
  "mse_per_dim_names": [
    "x",
    "y",
    "z",
    "roll",
    "pitch",
    "yaw",
    "gripper"
  ],
  "grounding": {
    "nouns": [],
    "num_patches": 0,
    "patch_coverage": 0.0
  }
}