{
  "episode_id": 26,
  "step_id": 21,
  "instruction": "take out the object from the silver pot and put it on the orange cloth",
  "condition": "v4_replay",
  "condition_desc": "VAR(p=0.6,rho=0.5) + obj + SAM2 + L8-24 (same as V4)",
  "predicted_action": [
    0.0003482139622792424,
    -0.018645097568223745,
    -0.021823488273803378,
    -0.05579511181160346,
    0.04289798271551258,
    0.039261791267199364,
    -0.08984375
  ],
  "ground_truth_action": [
    -0.006703972816467285,
    -0.008687106892466545,
    -0.017372876405715942,
    -0.047655243426561356,
    0.06214316189289093,
    0.013838715851306915,
    0.0
  ],
  "action_token_ids": [
    31869,
    31928,
    31983,
    31960,
    31796,
    31846,
    31883
  ],
  "mse_per_dim": [
    4.9733338362327326e-05,
    9.916157829846734e-05,
    1.980794600036073e-05,
    6.625745732580795e-05,
    0.0003703769215693972,
    0.000646332763602155,
    0.0080718994140625
  ],
  "mse_mean": 0.0013319384884601451,
  "mse_spatial": 0.00020861166752641924,
  "mse_gripper": 0.0080718994140625,
  "mse_per_dim_names": [
    "x",
    "y",
    "z",
    "roll",
    "pitch",
    "yaw",
    "gripper"
  ],
  "grounding": {
    "nouns": [
      "object",
      "pot",
      "cloth"
    ],
    "num_patches": 64,
    "patch_coverage": 0.25
  }
}