{
  "episode_id": 20,
  "step_id": 9,
  "instruction": "",
  "condition": "v4_replay",
  "condition_desc": "VAR(p=0.6,rho=0.5) + obj + SAM2 + L8-24 (same as V4)",
  "predicted_action": [
    0.001016615503467603,
    5.962018825807214e-05,
    -0.014059178265306402,
    0.006542660762206512,
    0.018209804935031534,
    -0.02816929220804021,
    0.99609375
  ],
  "ground_truth_action": [
    -0.0006145344814285636,
    -0.00030700431670993567,
    -0.005341954994946718,
    0.0058715809136629105,
    0.01784876361489296,
    0.003361221170052886,
    1.0
  ],
  "action_token_ids": [
    31866,
    31870,
    31953,
    31862,
    31833,
    31888,
    31744
  ],
  "mse_per_dim": [
    2.6606502732267644e-06,
    1.3441352764303677e-07,
    7.598998154530038e-05,
    4.5034816312130307e-07,
    1.3035083484740488e-07,
    0.0009941732738861077,
    1.52587890625e-05
  ],
  "mse_mean": 0.0001555425438989638,
  "mse_spatial": 0.0001789231697050411,
  "mse_gripper": 1.52587890625e-05,
  "mse_per_dim_names": [
    "x",
    "y",
    "z",
    "roll",
    "pitch",
    "yaw",
    "gripper"
  ],
  "grounding": {
    "nouns": [],
    "num_patches": 0,
    "patch_coverage": 0.0
  }
}