{
  "episode_id": 23,
  "step_id": 32,
  "instruction": "",
  "condition": "v4_replay",
  "condition_desc": "VAR(p=0.6,rho=0.5) + obj + SAM2 + L8-24 (same as V4)",
  "predicted_action": [
    0.008369032456539551,
    0.010701959601428765,
    -0.019494195271254285,
    -0.020173527483712053,
    -0.024494070144719465,
    0.09384885884239327,
    -0.43359375
  ],
  "ground_truth_action": [
    0.0072286976501345634,
    0.006483772769570351,
    -0.027540327981114388,
    0.0013856503646820784,
    -0.020408283919095993,
    0.054243989288806915,
    -0.005614908877760172
  ],
  "action_token_ids": [
    31833,
    31837,
    31974,
    31904,
    31897,
    31812,
    31927
  ],
  "mse_per_dim": [
    1.3003634706987009e-06,
    1.7793100148463724e-05,
    6.474025158468067e-05,
    0.0004647981494986882,
    1.66936490814945e-05,
    0.0015685456923565917,
    0.1831658884483354
  ],
  "mse_mean": 0.026471394236353717,
  "mse_spatial": 0.00035564520102343626,
  "mse_gripper": 0.1831658884483354,
  "mse_per_dim_names": [
    "x",
    "y",
    "z",
    "roll",
    "pitch",
    "yaw",
    "gripper"
  ],
  "grounding": {
    "nouns": [],
    "num_patches": 0,
    "patch_coverage": 0.0
  }
}