{
  "episode_id": 25,
  "step_id": 27,
  "instruction": "",
  "condition": "v4_replay",
  "condition_desc": "VAR(p=0.6,rho=0.5) + obj + SAM2 + L8-24 (same as V4)",
  "predicted_action": [
    0.02819827817846086,
    -0.030254922382591767,
    -0.0037067649206437674,
    -0.017629128603148386,
    0.010870076405699328,
    -0.03780230413307442,
    -0.12109375
  ],
  "ground_truth_action": [
    0.011634228751063347,
    0.0044842977076768875,
    -0.025645706802606583,
    -0.002787558129057288,
    -0.006768473889678717,
    -0.05098003149032593,
    0.009303375147283077
  ],
  "action_token_ids": [
    31744,
    31964,
    31913,
    31900,
    31844,
    31894,
    31887
  ],
  "mse_per_dim": [
    0.0002743677334332679,
    0.0012068134124801253,
    0.0004813171709001421,
    0.00022027221413741267,
    0.0003111184565225809,
    0.00017365249830205478,
    0.017003410246676204
  ],
  "mse_mean": 0.002810135961778827,
  "mse_spatial": 0.000444590247629264,
  "mse_gripper": 0.017003410246676204,
  "mse_per_dim_names": [
    "x",
    "y",
    "z",
    "roll",
    "pitch",
    "yaw",
    "gripper"
  ],
  "grounding": {
    "nouns": [],
    "num_patches": 0,
    "patch_coverage": 0.0
  }
}