{
  "episode_id": 27,
  "step_id": 8,
  "instruction": "sweep into pile",
  "condition": "v4_replay",
  "condition_desc": "VAR(p=0.6,rho=0.5) + obj + SAM2 + L8-24 (same as V4)",
  "predicted_action": [
    0.006141027319245023,
    0.0039295617930474175,
    0.0019870624189206806,
    0.006542660762206512,
    -0.034502790866536105,
    0.00394074754207388,
    -0.00390625
  ],
  "ground_truth_action": [
    -0.001786089618690312,
    0.002295435406267643,
    -0.003814137075096369,
    -0.0010289485799148679,
    0.013913913629949093,
    0.005419022403657436,
    1.0
  ],
  "action_token_ids": [
    31843,
    31858,
    31891,
    31862,
    31912,
    31868,
    31872
  ],
  "mse_per_dim": [
    6.283918294770129e-05,
    2.6703690479699213e-06,
    3.365391556938367e-05,
    5.732926802969975e-05,
    0.00234417727429997,
    2.185296566389882e-06,
    1.0078277587890625
  ],
  "mse_mean": 0.1443329448707891,
  "mse_spatial": 0.00041714255107685246,
  "mse_gripper": 1.0078277587890625,
  "mse_per_dim_names": [
    "x",
    "y",
    "z",
    "roll",
    "pitch",
    "yaw",
    "gripper"
  ],
  "grounding": {
    "nouns": [
      "pile"
    ],
    "num_patches": 26,
    "patch_coverage": 0.1015625
  }
}