{
  "episode_id": 23,
  "step_id": 27,
  "instruction": "",
  "condition": "v4_replay",
  "condition_desc": "VAR(p=0.6,rho=0.5) + obj + SAM2 + L8-24 (same as V4)",
  "predicted_action": [
    -0.004998998367227628,
    -0.02283753430674553,
    -0.009141781926591652,
    -0.07042540537484458,
    0.03889449442678593,
    -0.14376543530845087,
    0.08984375
  ],
  "ground_truth_action": [
    0.007518724538385868,
    0.02432403340935707,
    -0.00423596054315567,
    0.009115546941757202,
    0.007310307119041681,
    -0.2090354859828949,
    -0.013137588277459145
  ],
  "action_token_ids": [
    31893,
    31941,
    31934,
    31983,
    31802,
    31960,
    31860
  ],
  "mse_per_dim": [
    0.00015669338674172077,
    0.002224213469440531,
    2.4067083446177734e-05,
    0.0063267630954319184,
    0.0009975608878906726,
    0.004260179515044491,
    0.010605156033416472
  ],
  "mse_mean": 0.0035135190673445693,
  "mse_spatial": 0.002331579572999252,
  "mse_gripper": 0.010605156033416472,
  "mse_per_dim_names": [
    "x",
    "y",
    "z",
    "roll",
    "pitch",
    "yaw",
    "gripper"
  ],
  "grounding": {
    "nouns": [],
    "num_patches": 0,
    "patch_coverage": 0.0
  }
}