{
  "episode_id": 27,
  "step_id": 17,
  "instruction": "sweep into pile",
  "condition": "v4_replay",
  "condition_desc": "VAR(p=0.6,rho=0.5) + obj + SAM2 + L8-24 (same as V4)",
  "predicted_action": [
    0.007477830401621737,
    -0.009615233823715277,
    -8.342025001184528e-05,
    0.0027260624413609907,
    0.0021958517801249078,
    -0.05064632003312006,
    -0.16015625
  ],
  "ground_truth_action": [
    0.0055795032531023026,
    -0.03202397748827934,
    -0.011365567333996296,
    0.012821872718632221,
    0.033528298139572144,
    -0.06058806926012039,
    0.0
  ],
  "action_token_ids": [
    31837,
    31900,
    31899,
    31868,
    31857,
    31902,
    31892
  ],
  "mse_per_dim": [
    3.6036459628059275e-06,
    0.0005021517926241401,
    0.00012728684282465883,
    0.0001019253851546554,
    0.0009817221948676383,
    9.883837769256176e-05,
    0.0256500244140625
  ],
  "mse_mean": 0.003923650379026994,
  "mse_spatial": 0.00030258803985441004,
  "mse_gripper": 0.0256500244140625,
  "mse_per_dim_names": [
    "x",
    "y",
    "z",
    "roll",
    "pitch",
    "yaw",
    "gripper"
  ],
  "grounding": {
    "nouns": [
      "pile"
    ],
    "num_patches": 26,
    "patch_coverage": 0.1015625
  }
}