{
  "episode_id": 29,
  "step_id": 10,
  "instruction": "",
  "condition": "v4_replay",
  "condition_desc": "VAR(p=0.6,rho=0.5) + obj + SAM2 + L8-24 (same as V4)",
  "predicted_action": [
    0.002130618072114867,
    0.004252056926779865,
    -0.004483195921493467,
    0.016084156564320273,
    -0.0031421326048439585,
    0.0007297435670624575,
    0.99609375
  ],
  "ground_truth_action": [
    0.0011661227326840162,
    -0.007472459692507982,
    -0.007367445155978203,
    0.0046278503723442554,
    0.008738703094422817,
    -0.00962584838271141,
    0.5978019833564758
  ],
  "action_token_ids": [
    31861,
    31857,
    31916,
    31847,
    31865,
    31870,
    31744
  ],
  "mse_per_dim": [
    9.302512597838319e-07,
    0.00013746428995595693,
    8.318893646625784e-06,
    0.00013124695156430805,
    0.00014115425691297185,
    0.00010723828463022133,
    0.1586363313760195
  ],
  "mse_mean": 0.02273752632914134,
  "mse_spatial": 8.772548799497795e-05,
  "mse_gripper": 0.1586363313760195,
  "mse_per_dim_names": [
    "x",
    "y",
    "z",
    "roll",
    "pitch",
    "yaw",
    "gripper"
  ],
  "grounding": {
    "nouns": [],
    "num_patches": 0,
    "patch_coverage": 0.0
  }
}