{
  "episode_id": 21,
  "step_id": 2,
  "instruction": "moved the green object and put it on the table",
  "condition": "v4_replay",
  "condition_desc": "VAR(p=0.6,rho=0.5) + obj + SAM2 + L8-24 (same as V4)",
  "predicted_action": [
    -0.0005429880926385681,
    -0.0009078652129392573,
    -0.01302393693084014,
    -0.010632031681598278,
    0.03822724637866483,
    -0.00087575842044324,
    -0.14453125
  ],
  "ground_truth_action": [
    -0.006498308386653662,
    -0.01893753744661808,
    -0.012037945911288261,
    -0.023949746042490005,
    0.019135732203722,
    -0.04574666544795036,
    1.0
  ],
  "action_token_ids": [
    31873,
    31873,
    31949,
    31889,
    31803,
    31871,
    31890
  ],
  "mse_per_dim": [
    3.546583980430802e-05,
    0.0003250690808538891,
    9.721782906369514e-07,
    0.00017736151579830176,
    0.0003644859134920429,
    0.0020133982974711883,
    1.3099517822265625
  ],
  "mse_mean": 0.1875526478646104,
  "mse_spatial": 0.0004861254709517279,
  "mse_gripper": 1.3099517822265625,
  "mse_per_dim_names": [
    "x",
    "y",
    "z",
    "roll",
    "pitch",
    "yaw",
    "gripper"
  ],
  "grounding": {
    "nouns": [
      "object",
      "table"
    ],
    "num_patches": 45,
    "patch_coverage": 0.17578125
  }
}