{
  "episode_id": 22,
  "step_id": 2,
  "instruction": "",
  "condition": "v4_replay",
  "condition_desc": "VAR(p=0.6,rho=0.5) + obj + SAM2 + L8-24 (same as V4)",
  "predicted_action": [
    -0.009677809155546141,
    0.027794201689248364,
    -0.01172988526275731,
    0.012903657963615686,
    -0.04784775182895829,
    0.060133317104773515,
    0.06640625
  ],
  "ground_truth_action": [
    0.01830683834850788,
    0.03709404170513153,
    0.00037939983303658664,
    0.06908417493104935,
    -0.027618804946541786,
    0.023835381492972374,
    1.0
  ],
  "action_token_ids": [
    31914,
    31784,
    31944,
    31852,
    31932,
    31833,
    31863
  ],
  "mse_per_dim": [
    0.000783140495926157,
    8.648702432102181e-05,
    0.0001466347855312162,
    0.0031562504867281016,
    0.0004092102919716285,
    0.0013175401296784614,
    0.8715972900390625
  ],
  "mse_mean": 0.1253566504647456,
  "mse_spatial": 0.0009832105356927644,
  "mse_gripper": 0.8715972900390625,
  "mse_per_dim_names": [
    "x",
    "y",
    "z",
    "roll",
    "pitch",
    "yaw",
    "gripper"
  ],
  "grounding": {
    "nouns": [],
    "num_patches": 0,
    "patch_coverage": 0.0
  }
}