{
  "episode_id": 28,
  "step_id": 3,
  "instruction": "Move the bowl closer to the bottom right of the table.",
  "condition": "v4_replay",
  "condition_desc": "VAR(p=0.6,rho=0.5) + obj + SAM2 + L8-24 (same as V4)",
  "predicted_action": [
    0.003690221668221038,
    -0.0021978457478690414,
    0.008457320759334825,
    -0.015084729722584705,
    -0.005811124797328399,
    -0.0024812604079489375,
    0.08203125
  ],
  "ground_truth_action": [
    0.041141871362924576,
    -0.01108528207987547,
    0.025431646034121513,
    -0.017989736050367355,
    -0.08430113643407822,
    -0.013019325211644173,
    1.0
  ],
  "action_token_ids": [
    31854,
    31877,
    31866,
    31896,
    31869,
    31872,
    31861
  ],
  "mse_per_dim": [
    0.0014026260648547873,
    7.898652455546788e-05,
    0.0002881277185342622,
    8.439061764457237e-06,
    0.006160681926737122,
    0.0001110508098068803,
    0.8426666259765625
  ],
  "mse_mean": 0.12153093401183078,
  "mse_spatial": 0.0013416520177088297,
  "mse_gripper": 0.8426666259765625,
  "mse_per_dim_names": [
    "x",
    "y",
    "z",
    "roll",
    "pitch",
    "yaw",
    "gripper"
  ],
  "grounding": {
    "nouns": [
      "bowl",
      "table"
    ],
    "num_patches": 11,
    "patch_coverage": 0.04296875
  }
}