{
  "episode_id": 27,
  "step_id": 38,
  "instruction": "sweep into pile",
  "condition": "v4_replay",
  "condition_desc": "VAR(p=0.6,rho=0.5) + obj + SAM2 + L8-24 (same as V4)",
  "predicted_action": [
    -0.0032165942573920032,
    -0.020580068370618414,
    -0.0021539029189443747,
    -0.0029988350399072633,
    0.02554953346436374,
    -0.026563790220534483,
    -0.19921875
  ],
  "ground_truth_action": [
    -0.011785932816565037,
    -0.028973082080483437,
    0.0029258232098072767,
    -0.00015103365876711905,
    -0.011656700633466244,
    -0.0878019854426384,
    0.0
  ],
  "action_token_ids": [
    31885,
    31934,
    31907,
    31877,
    31822,
    31887,
    31897
  ],
  "mse_per_dim": [
    7.343356334172976e-05,
    7.044267913398222e-05,
    2.580361754312224e-05,
    8.109972706423713e-06,
    0.0013843038557425267,
    0.0037501165540605105,
    0.0396881103515625
  ],
  "mse_mean": 0.0064286172277272565,
  "mse_spatial": 0.000885368373754716,
  "mse_gripper": 0.0396881103515625,
  "mse_per_dim_names": [
    "x",
    "y",
    "z",
    "roll",
    "pitch",
    "yaw",
    "gripper"
  ],
  "grounding": {
    "nouns": [
      "pile"
    ],
    "num_patches": 21,
    "patch_coverage": 0.08203125
  }
}