{
  "episode_id": 28,
  "step_id": 15,
  "instruction": "Move the bowl closer to the bottom right of the table.",
  "condition": "v4_replay",
  "condition_desc": "VAR(p=0.6,rho=0.5) + obj + SAM2 + L8-24 (same as V4)",
  "predicted_action": [
    -0.011460213265381766,
    -0.00606778735265838,
    0.0169980617686815,
    -0.027806724125403068,
    -0.037171783059020545,
    -0.036196802145568724,
    -0.00390625
  ],
  "ground_truth_action": [
    -0.038564715534448624,
    -0.04696076363325119,
    -0.020602237433195114,
    0.030803630128502846,
    0.03307254984974861,
    -0.18149517476558685,
    0.0
  ],
  "action_token_ids": [
    31922,
    31889,
    31833,
    31916,
    31916,
    31893,
    31872
  ],
  "mse_per_dim": [
    0.0007346540432538504,
    0.0016722355090851263,
    0.0014137825000706432,
    0.003435173625768347,
    0.004934266305797991,
    0.021111617086025634,
    1.52587890625e-05
  ],
  "mse_mean": 0.004759569694152013,
  "mse_spatial": 0.005550288178333598,
  "mse_gripper": 1.52587890625e-05,
  "mse_per_dim_names": [
    "x",
    "y",
    "z",
    "roll",
    "pitch",
    "yaw",
    "gripper"
  ],
  "grounding": {
    "nouns": [
      "bowl",
      "table"
    ],
    "num_patches": 12,
    "patch_coverage": 0.046875
  }
}