{
  "episode_id": 21,
  "step_id": 32,
  "instruction": "moved the green object and put it on the table",
  "condition": "v4_replay",
  "condition_desc": "VAR(p=0.6,rho=0.5) + obj + SAM2 + L8-24 (same as V4)",
  "predicted_action": [
    0.005249825264327209,
    -0.0063902824863908275,
    0.0006930107508378511,
    0.012267558243474766,
    0.004864843972609348,
    -0.01211427233298315,
    -0.12109375
  ],
  "ground_truth_action": [
    0.000700269010849297,
    -0.005037456750869751,
    0.038090385496616364,
    0.023267026990652084,
    -0.018820252269506454,
    -0.016710441559553146,
    1.0
  ],
  "action_token_ids": [
    31847,
    31890,
    31896,
    31853,
    31853,
    31878,
    31887
  ],
  "mse_per_dim": [
    2.0698462103559974e-05,
    1.8301374706881417e-06,
    0.0013985636378761924,
    0.00012098831272013057,
    0.0005609837839982881,
    2.1124771559269037e-05,
    1.2568511962890625
  ],
  "mse_mean": 0.1798536264849701,
  "mse_spatial": 0.0003540315176213547,
  "mse_gripper": 1.2568511962890625,
  "mse_per_dim_names": [
    "x",
    "y",
    "z",
    "roll",
    "pitch",
    "yaw",
    "gripper"
  ],
  "grounding": {
    "nouns": [
      "object",
      "table"
    ],
    "num_patches": 73,
    "patch_coverage": 0.28515625
  }
}