{
  "episode_id": 21,
  "step_id": 30,
  "instruction": "moved the green object and put it on the table",
  "condition": "v4_replay",
  "condition_desc": "VAR(p=0.6,rho=0.5) + obj + SAM2 + L8-24 (same as V4)",
  "predicted_action": [
    0.009483035025186815,
    5.962018825807214e-05,
    -0.025964453611668433,
    -0.018901328043430213,
    0.007533836165093788,
    0.028023277354659426,
    -0.04296875
  ],
  "ground_truth_action": [
    0.01873711869120598,
    -0.00416317954659462,
    -0.01294016931205988,
    -0.017609264701604843,
    0.006740646902471781,
    -0.026111330837011337,
    0.0
  ],
  "action_token_ids": [
    31828,
    31870,
    31999,
    31902,
    31849,
    31853,
    31877
  ],
  "mse_per_dim": [
    8.563806449768268e-05,
    1.7832037600671964e-05,
    0.00016963198151702987,
    1.669427679288942e-06,
    6.291492063388435e-07,
    0.0029305558040657073,
    0.0018463134765625
  ],
  "mse_mean": 0.0007217528487327456,
  "mse_spatial": 0.0005343260774277866,
  "mse_gripper": 0.0018463134765625,
  "mse_per_dim_names": [
    "x",
    "y",
    "z",
    "roll",
    "pitch",
    "yaw",
    "gripper"
  ],
  "grounding": {
    "nouns": [
      "object",
      "table"
    ],
    "num_patches": 31,
    "patch_coverage": 0.12109375
  }
}