{
  "episode_id": 26,
  "step_id": 22,
  "instruction": "take out the object from the silver pot and put it on the orange cloth",
  "condition": "v4_replay",
  "condition_desc": "VAR(p=0.6,rho=0.5) + obj + SAM2 + L8-24 (same as V4)",
  "predicted_action": [
    -0.005667399908415988,
    -0.007357767887588164,
    -0.011988695596373876,
    -0.042437017688644184,
    -0.002474884556722859,
    0.11632588666747315,
    -0.08984375
  ],
  "ground_truth_action": [
    -0.008853628300130367,
    -0.0015053676906973124,
    -0.01579809933900833,
    -0.023627830669283867,
    0.0475526861846447,
    0.0055326069705188274,
    0.0
  ],
  "action_token_ids": [
    31896,
    31893,
    31945,
    31939,
    31864,
    31798,
    31883
  ],
  "mse_per_dim": [
    1.0152051364166798e-05,
    3.4250588064568076e-05,
    1.4511556874397393e-05,
    0.00035378551632927265,
    0.0025027578342825354,
    0.01227515082600755,
    0.0080718994140625
  ],
  "mse_mean": 0.003323215398140713,
  "mse_spatial": 0.0025317680621537485,
  "mse_gripper": 0.0080718994140625,
  "mse_per_dim_names": [
    "x",
    "y",
    "z",
    "roll",
    "pitch",
    "yaw",
    "gripper"
  ],
  "grounding": {
    "nouns": [
      "object",
      "pot",
      "cloth"
    ],
    "num_patches": 30,
    "patch_coverage": 0.1171875
  }
}