{
  "episode_id": 25,
  "step_id": 39,
  "instruction": "",
  "condition": "v4_replay",
  "condition_desc": "VAR(p=0.6,rho=0.5) + obj + SAM2 + L8-24 (same as V4)",
  "predicted_action": [
    -0.012128614806570123,
    -0.014130165695969511,
    -0.017164902268705193,
    -0.04052871852822143,
    0.013539068598183768,
    -0.06991234388318848,
    0.07421875
  ],
  "ground_truth_action": [
    0.011362201534211636,
    -0.062393367290496826,
    -0.004593633580952883,
    -0.0018615436274558306,
    -0.0050717853009700775,
    -0.010225149802863598,
    0.9990912675857544
  ],
  "action_token_ids": [
    31925,
    31914,
    31965,
    31936,
    31840,
    31914,
    31862
  ],
  "mse_per_dim": [
    0.0005518184523563393,
    0.002329336628153984,
    0.00015803679641966168,
    0.0014951504148063971,
    0.0003463638828556499,
    0.0035625611371823697,
    0.8553891737854116
  ],
  "mse_mean": 0.12340463444245513,
  "mse_spatial": 0.0014072112186290671,
  "mse_gripper": 0.8553891737854116,
  "mse_per_dim_names": [
    "x",
    "y",
    "z",
    "roll",
    "pitch",
    "yaw",
    "gripper"
  ],
  "grounding": {
    "nouns": [],
    "num_patches": 0,
    "patch_coverage": 0.0
  }
}