{
  "episode_id": 25,
  "step_id": 16,
  "instruction": "",
  "condition": "v4_replay",
  "condition_desc": "VAR(p=0.6,rho=0.5) + obj + SAM2 + L8-24 (same as V4)",
  "predicted_action": [
    -0.0009885891200974752,
    -0.00284283601533393,
    0.008198510425718262,
    -0.009995931961457358,
    -0.027830310385325005,
    -0.01693077829550027,
    0.99609375
  ],
  "ground_truth_action": [
    0.006734955590218306,
    -0.01217942126095295,
    0.04302368685603142,
    0.0009066808270290494,
    0.002969712018966675,
    0.143432155251503,
    0.004508305806666613
  ],
  "action_token_ids": [
    31875,
    31879,
    31867,
    31888,
    31902,
    31881,
    31744
  ],
  "mse_per_dim": [
    5.9653142892246876e-05,
    8.717182404871077e-05,
    0.0012127929134024393,
    0.00011886696561566735,
    0.0009486413801048694,
    0.025716270455800584,
    0.9832416931360903
  ],
  "mse_mean": 0.14448358425970784,
  "mse_spatial": 0.0046905661136440865,
  "mse_gripper": 0.9832416931360903,
  "mse_per_dim_names": [
    "x",
    "y",
    "z",
    "roll",
    "pitch",
    "yaw",
    "gripper"
  ],
  "grounding": {
    "nouns": [],
    "num_patches": 0,
    "patch_coverage": 0.0
  }
}