{
  "episode_id": 25,
  "step_id": 3,
  "instruction": "",
  "condition": "v4_replay",
  "condition_desc": "VAR(p=0.6,rho=0.5) + obj + SAM2 + L8-24 (same as V4)",
  "predicted_action": [
    -0.004998998367227628,
    0.001994590990652745,
    0.00328111408700351,
    0.009723159362911099,
    -0.003809380652965072,
    0.01517926145461379,
    0.99609375
  ],
  "ground_truth_action": [
    0.003720964305102825,
    0.02134578861296177,
    0.005791159346699715,
    -0.006316766142845154,
    0.0034497107844799757,
    0.039883971214294434,
    1.0
  ],
  "action_token_ids": [
    31893,
    31864,
    31886,
    31857,
    31866,
    31861,
    31744
  ],
  "mse_per_dim": [
    7.603774900683646e-05,
    0.0003744688494176584,
    6.300327205723386e-06,
    0.00025727921023021,
    5.269440849718801e-05,
    0.0006103226843100601,
    1.52587890625e-05
  ],
  "mse_mean": 0.00019890885967573948,
  "mse_spatial": 0.00022951720477794606,
  "mse_gripper": 1.52587890625e-05,
  "mse_per_dim_names": [
    "x",
    "y",
    "z",
    "roll",
    "pitch",
    "yaw",
    "gripper"
  ],
  "grounding": {
    "nouns": [],
    "num_patches": 0,
    "patch_coverage": 0.0
  }
}