{
  "episode_id": 23,
  "step_id": 40,
  "instruction": "",
  "condition": "v4_replay",
  "condition_desc": "VAR(p=0.6,rho=0.5) + obj + SAM2 + L8-24 (same as V4)",
  "predicted_action": [
    -0.00032018757890911465,
    -0.0021978457478690414,
    0.020362596105696854,
    0.02244515376572946,
    -0.03783903110714165,
    0.005546249529579578,
    0.99609375
  ],
  "ground_truth_action": [
    -0.004139384720474482,
    0.007449260912835598,
    0.009449176490306854,
    -0.000785220239777118,
    0.002806693082675338,
    0.06820264458656311,
    1.0
  ],
  "action_token_ids": [
    31872,
    31877,
    31820,
    31837,
    31917,
    31867,
    31744
  ],
  "mse_per_dim": [
    1.458626680614107e-05,
    9.306666692301182e-05,
    0.00011910272770157921,
    0.0005396502764357158,
    0.001652074894914674,
    0.00392582384153679,
    1.52587890625e-05
  ],
  "mse_mean": 0.0009085090661972016,
  "mse_spatial": 0.0010573841123863185,
  "mse_gripper": 1.52587890625e-05,
  "mse_per_dim_names": [
    "x",
    "y",
    "z",
    "roll",
    "pitch",
    "yaw",
    "gripper"
  ],
  "grounding": {
    "nouns": [],
    "num_patches": 0,
    "patch_coverage": 0.0
  }
}