{
  "episode_id": 28,
  "step_id": 16,
  "instruction": "Move the bowl closer to the bottom right of the table.",
  "condition": "v4_replay",
  "condition_desc": "VAR(p=0.6,rho=0.5) + obj + SAM2 + L8-24 (same as V4)",
  "predicted_action": [
    -0.028615852822549644,
    -0.04154225206322735,
    -0.01664728160147206,
    -0.011904231121880118,
    0.040228990523028155,
    -0.12128840748337101,
    -0.73828125
  ],
  "ground_truth_action": [
    -0.023073621094226837,
    -0.03529852628707886,
    -0.02438897266983986,
    0.04961074888706207,
    0.042262740433216095,
    -0.1339331418275833,
    0.0
  ],
  "action_token_ids": [
    31999,
    31999,
    31963,
    31891,
    31800,
    31946,
    31966
  ],
  "mse_per_dim": [
    3.0716332530428e-05,
    3.898411156774108e-05,
    5.993378059804576e-05,
    0.0037840927655005572,
    4.136138697189455e-06,
    0.00015988930663570213,
    0.5450592041015625
  ],
  "mse_mean": 0.07844813664815602,
  "mse_spatial": 0.0006796254059216106,
  "mse_gripper": 0.5450592041015625,
  "mse_per_dim_names": [
    "x",
    "y",
    "z",
    "roll",
    "pitch",
    "yaw",
    "gripper"
  ],
  "grounding": {
    "nouns": [
      "bowl",
      "table"
    ],
    "num_patches": 16,
    "patch_coverage": 0.0625
  }
}