{
  "episode_id": 25,
  "step_id": 5,
  "instruction": "",
  "condition": "v4_replay",
  "condition_desc": "VAR(p=0.6,rho=0.5) + obj + SAM2 + L8-24 (same as V4)",
  "predicted_action": [
    0.0001254134485497889,
    0.0039295617930474175,
    0.0035399244206200733,
    -0.020173527483712053,
    -0.0198233338078717,
    0.016784763442119516,
    -0.16015625
  ],
  "ground_truth_action": [
    -0.0072825136594474316,
    0.009352261200547218,
    -0.005564290098845959,
    0.004407746717333794,
    0.004221397452056408,
    0.1324213743209839,
    1.0
  ],
  "action_token_ids": [
    31870,
    31858,
    31885,
    31904,
    31890,
    31860,
    31892
  ],
  "mse_per_dim": [
    5.487738403740006e-05,
    2.940566886409869e-05,
    8.288672201645611e-05,
    0.0006042390413470021,
    0.0005781491013621639,
    0.013371825775549894,
    1.3459625244140625
  ],
  "mse_mean": 0.19438341544389134,
  "mse_spatial": 0.0024535639488628357,
  "mse_gripper": 1.3459625244140625,
  "mse_per_dim_names": [
    "x",
    "y",
    "z",
    "roll",
    "pitch",
    "yaw",
    "gripper"
  ],
  "grounding": {
    "nouns": [],
    "num_patches": 0,
    "patch_coverage": 0.0
  }
}