{
  "episode_id": 21,
  "step_id": 13,
  "instruction": "moved the green object and put it on the table",
  "condition": "v4_replay",
  "condition_desc": "VAR(p=0.6,rho=0.5) + obj + SAM2 + L8-24 (same as V4)",
  "predicted_action": [
    0.0023534185858443205,
    0.008766988799034092,
    0.016480441101448366,
    0.0523418406123526,
    0.051572207341087015,
    0.016784763442119516,
    0.12109375
  ],
  "ground_truth_action": [
    0.010779631324112415,
    -6.870165088912472e-05,
    0.00840939674526453,
    -0.039649542421102524,
    -0.1099410429596901,
    -0.2169012576341629,
    1.0
  ],
  "action_token_ids": [
    31860,
    31843,
    31835,
    31790,
    31783,
    31860,
    31856
  ],
  "mse_per_dim": [
    7.100106111055151e-05,
    7.806942572686434e-05,
    6.514175699948694e-05,
    0.008462414552407855,
    0.02608653002272148,
    0.05460915644646471,
    0.7724761962890625
  ],
  "mse_mean": 0.12312121565064192,
  "mse_spatial": 0.014895385544238492,
  "mse_gripper": 0.7724761962890625,
  "mse_per_dim_names": [
    "x",
    "y",
    "z",
    "roll",
    "pitch",
    "yaw",
    "gripper"
  ],
  "grounding": {
    "nouns": [
      "object",
      "table"
    ],
    "num_patches": 46,
    "patch_coverage": 0.1796875
  }
}