{
  "episode_id": 5,
  "step_id": 20,
  "instruction": "take broccoli out of pan",
  "condition": "ind1_micro",
  "condition_desc": "wr(\u03bb=1.1)",
  "predicted_action": [
    -0.01564230996720932,
    0.020944025642731533,
    -0.00985477902214317,
    0.001138307649715134,
    0.0032385903965024138,
    -6.671134046487559e-05,
    0.0
  ],
  "ground_truth_action": [
    -0.01414452027529478,
    0.01556454598903656,
    -0.022978780791163445,
    -0.02202014997601509,
    0.020677240565419197,
    -0.018717044964432716,
    0.0
  ],
  "action_token_ids": [
    31941,
    31806,
    31937,
    31871,
    31856,
    31871,
    31872
  ],
  "mse_per_dim": [
    2.2433739612054494e-06,
    2.8938801344518184e-05,
    0.0001722394224332473,
    0.0005363141596027425,
    0.00030410651971386136,
    0.00034783494428530543,
    0.0
  ],
  "mse_mean": 0.00019881103162012573,
  "mse_spatial": 0.00023194620355681335,
  "mse_gripper": 0.0,
  "mse_per_dim_names": [
    "x",
    "y",
    "z",
    "roll",
    "pitch",
    "yaw",
    "gripper"
  ],
  "grounding": {
    "nouns": [
      "broccoli",
      "pan"
    ],
    "num_boxes": 1,
    "num_patches": 25,
    "patch_coverage": 0.09765625
  }
}