{
  "episode_id": 3,
  "step_id": 22,
  "instruction": "put the rectangle block on top of the red arch and yellow block",
  "condition": "ind1_micro",
  "condition_desc": "wr(\u03bb=1.1)",
  "predicted_action": [
    0.0009095838841269785,
    0.019648986360605955,
    -0.003099321843508418,
    -0.034622969165736636,
    -0.008818974331897864,
    0.0982529711571393,
    0.784313725490196
  ],
  "ground_truth_action": [
    0.0032582038547843695,
    0.007932167500257492,
    -0.015200038440525532,
    -0.039655134081840515,
    0.034090928733348846,
    0.03298941254615784,
    0.0
  ],
  "action_token_ids": [
    31867,
    31810,
    31911,
    31927,
    31874,
    31810,
    31772
  ],
  "mse_per_dim": [
    5.516015766570724e-06,
    0.00013728384420621744,
    0.00014642734216132545,
    2.532268374286676e-05,
    0.001841259781068869,
    0.004259332082569012,
    0.6151480199923105
  ],
  "mse_mean": 0.08879473739168933,
  "mse_spatial": 0.0010691902915858102,
  "mse_gripper": 0.6151480199923105,
  "mse_per_dim_names": [
    "x",
    "y",
    "z",
    "roll",
    "pitch",
    "yaw",
    "gripper"
  ],
  "grounding": {
    "nouns": [
      "block",
      "top"
    ],
    "num_boxes": 4,
    "num_patches": 210,
    "patch_coverage": 0.8203125
  }
}