{
  "episode_id": 6,
  "step_id": 21,
  "instruction": "Picked the piece of chocolate and put it into the drawer",
  "condition": "ind1_micro",
  "condition_desc": "wr(\u03bb=1.1)",
  "predicted_action": [
    -0.007366363041541167,
    -0.011108196589876655,
    0.02652075963204396,
    -0.03845453453882076,
    -0.017527215524631407,
    -0.01779649015150825,
    0.10196078431372557
  ],
  "ground_truth_action": [
    -0.003166838316246867,
    -0.007357191760092974,
    0.020091773942112923,
    -0.028530320152640343,
    -0.041061460971832275,
    -0.02652456797659397,
    0.0
  ],
  "action_token_ids": [
    31904,
    31905,
    31797,
    31933,
    31887,
    31882,
    31859
  ],
  "mse_per_dim": [
    1.7636007918358164e-05,
    1.4070037233060506e-05,
    4.133185700133806e-05,
    9.84900311828703e-05,
    0.0005538607087690948,
    7.617934252075312e-05,
    0.010396001537870066
  ],
  "mse_mean": 0.0015996527889279345,
  "mse_spatial": 0.0001335946641042458,
  "mse_gripper": 0.010396001537870066,
  "mse_per_dim_names": [
    "x",
    "y",
    "z",
    "roll",
    "pitch",
    "yaw",
    "gripper"
  ],
  "grounding": {
    "nouns": [
      "piece",
      "chocolate",
      "it",
      "drawer"
    ],
    "num_boxes": 1,
    "num_patches": 9,
    "patch_coverage": 0.03515625
  }
}