{
  "episode_id": 0,
  "step_id": 22,
  "instruction": "put small spoon from basket to tray",
  "condition": "ind3_bgsup",
  "condition_desc": "bg_sup(\u03b3=0.85)",
  "predicted_action": [
    -0.0013271585282157647,
    0.011554990847321048,
    -0.018948663685689954,
    -0.08060175364274605,
    -0.016857350817498062,
    0.05312262509266527,
    0.996078431372549
  ],
  "ground_truth_action": [
    0.0006721857935190201,
    -0.0042092385701835155,
    -0.01540945190936327,
    -0.09378491342067719,
    -0.026464104652404785,
    0.015103685669600964,
    0.0
  ],
  "action_token_ids": [
    31877,
    31835,
    31972,
    31999,
    31886,
    31838,
    31744
  ],
  "mse_per_dim": [
    3.997377716853127e-06,
    0.00024851092912771624,
    1.2526019997689482e-05,
    0.0001737957017304613,
    9.228971924449503e-05,
    0.0014454397548546334,
    0.9921722414455979
  ],
  "mse_mean": 0.14202125727832424,
  "mse_spatial": 0.00032942658377864144,
  "mse_gripper": 0.9921722414455979,
  "mse_per_dim_names": [
    "x",
    "y",
    "z",
    "roll",
    "pitch",
    "yaw",
    "gripper"
  ],
  "grounding": {
    "nouns": [
      "spoon",
      "basket"
    ],
    "num_boxes": 5,
    "num_patches": 111,
    "patch_coverage": 0.43359375
  }
}