{
  "episode_id": 0,
  "step_id": 9,
  "instruction": "put small spoon from basket to tray",
  "condition": "ind3_bgsup",
  "condition_desc": "bg_sup(\u03b3=0.85)",
  "predicted_action": [
    -0.0008798100457472133,
    0.002813475692973362,
    0.0013177078502143065,
    0.011355815311272777,
    -0.014177891988964658,
    0.009604077101922431,
    0.0
  ],
  "ground_truth_action": [
    -7.871451816754416e-05,
    -0.0019194995984435081,
    0.0014157213736325502,
    0.011227892711758614,
    -0.011309854686260223,
    -0.01654496043920517,
    0.0
  ],
  "action_token_ids": [
    31875,
    31862,
    31894,
    31855,
    31882,
    31865,
    31872
  ],
  "mse_per_dim": [
    6.417540443081485e-07,
    2.2401055109162606e-05,
    9.606650772858613e-09,
    1.6364191466460953e-08,
    8.22563796970413e-06,
    0.0006837721643273006,
    0.0
  ],
  "mse_mean": 0.00010215236889895925,
  "mse_spatial": 0.00011917776371545247,
  "mse_gripper": 0.0,
  "mse_per_dim_names": [
    "x",
    "y",
    "z",
    "roll",
    "pitch",
    "yaw",
    "gripper"
  ],
  "grounding": {
    "nouns": [
      "spoon",
      "basket"
    ],
    "num_boxes": 5,
    "num_patches": 136,
    "patch_coverage": 0.53125
  }
}