{
  "episode_id": 2,
  "step_id": 36,
  "instruction": "put the red object into the pot",
  "condition": "ind3_bgsup",
  "condition_desc": "bg_sup(\u03b3=0.85)",
  "predicted_action": [
    0.0011332581253612577,
    0.001842196231379177,
    -0.0036189723957110904,
    0.001776901878562484,
    0.013286561003502645,
    0.007992279028191218,
    0.03137254901960773
  ],
  "ground_truth_action": [
    0.002612098352983594,
    -0.002767560537904501,
    0.010061245411634445,
    -0.018884360790252686,
    -0.01816675439476967,
    -0.0031159166246652603,
    1.0
  ],
  "action_token_ids": [
    31866,
    31865,
    31913,
    31870,
    31841,
    31866,
    31868
  ],
  "mse_per_dim": [
    2.1869684188340835e-06,
    2.1249857471956692e-05,
    0.0001871483592564139,
    0.0004268877750697753,
    0.0009893110495431943,
    0.00012339201066213957,
    0.9382391387927722
  ],
  "mse_mean": 0.13428418783045634,
  "mse_spatial": 0.00029169600340371896,
  "mse_gripper": 0.9382391387927722,
  "mse_per_dim_names": [
    "x",
    "y",
    "z",
    "roll",
    "pitch",
    "yaw",
    "gripper"
  ],
  "grounding": {
    "nouns": [
      "object",
      "pot"
    ],
    "num_boxes": 1,
    "num_patches": 24,
    "patch_coverage": 0.09375
  }
}