{
  "episode_id": 2,
  "step_id": 13,
  "instruction": "put the red object into the pot",
  "condition": "ind3_bgsup",
  "condition_desc": "bg_sup(\u03b3=0.85)",
  "predicted_action": [
    1.4886919189882608e-05,
    -0.0023666814355289695,
    -0.0005010690824950523,
    -0.010994982698384559,
    0.0025687256893690558,
    0.0063804809544599494,
    -0.007843137254901933
  ],
  "ground_truth_action": [
    -0.00066737289307639,
    -0.0016495123272761703,
    -0.0047786422073841095,
    -0.02053970843553543,
    0.00851176306605339,
    0.013687916100025177,
    1.0
  ],
  "action_token_ids": [
    31871,
    31878,
    31901,
    31890,
    31857,
    31867,
    31873
  ],
  "mse_per_dim": [
    4.6547845143360956e-07,
    5.143315298321152e-07,
    1.8297631838773133e-05,
    9.110178939743026e-05,
    3.531969326066702e-05,
    5.33986084066419e-05,
    1.0157477893118032
  ],
  "mse_mean": 0.14513526954924114,
  "mse_spatial": 3.3182922147463006e-05,
  "mse_gripper": 1.0157477893118032,
  "mse_per_dim_names": [
    "x",
    "y",
    "z",
    "roll",
    "pitch",
    "yaw",
    "gripper"
  ],
  "grounding": {
    "nouns": [
      "object",
      "pot"
    ],
    "num_boxes": 2,
    "num_patches": 56,
    "patch_coverage": 0.21875
  }
}