{
  "episode_id": 3,
  "step_id": 29,
  "instruction": "put the rectangle block on top of the red arch and yellow block",
  "condition": "ind3_bgsup",
  "condition_desc": "bg_sup(\u03b3=0.85)",
  "predicted_action": [
    0.003370000537704001,
    0.006374833718818716,
    -0.0075163515372311425,
    -0.015465142300316037,
    0.024674261024769578,
    0.016051269396847284,
    0.03137254901960773
  ],
  "ground_truth_action": [
    0.0023491359315812588,
    0.005501260980963707,
    -0.008578931912779808,
    -0.011275414377450943,
    0.01752934232354164,
    0.01707684062421322,
    0.0
  ],
  "action_token_ids": [
    31856,
    31851,
    31928,
    31897,
    31824,
    31861,
    31868
  ],
  "mse_per_dim": [
    1.0421645440341412e-06,
    7.631293283234967e-07,
    1.1290770545011431e-06,
    1.7553820067635455e-05,
    5.104986324715671e-05,
    1.0517963424008695e-06,
    0.00098423683198769
  ],
  "mse_mean": 0.00015097524036739168,
  "mse_spatial": 1.20983084306753e-05,
  "mse_gripper": 0.00098423683198769,
  "mse_per_dim_names": [
    "x",
    "y",
    "z",
    "roll",
    "pitch",
    "yaw",
    "gripper"
  ],
  "grounding": {
    "nouns": [
      "block",
      "top"
    ],
    "num_boxes": 4,
    "num_patches": 195,
    "patch_coverage": 0.76171875
  }
}