{
  "episode_id": 2,
  "step_id": 18,
  "instruction": "put the red object into the pot",
  "condition": "ind3_bgsup",
  "condition_desc": "bg_sup(\u03b3=0.85)",
  "predicted_action": [
    -0.0013271585282157647,
    -0.008841877846156886,
    -0.0020600207391030696,
    -0.002693257723368994,
    -0.007479244917631175,
    0.003156884806997551,
    -0.1647058823529412
  ],
  "ground_truth_action": [
    -0.0010083388769999146,
    -0.003968007396906614,
    -0.002966461470350623,
    -0.007193943951278925,
    0.0019823769107460976,
    -0.003114238614216447,
    1.0
  ],
  "action_token_ids": [
    31877,
    31898,
    31907,
    31877,
    31872,
    31869,
    31893
  ],
  "mse_per_dim": [
    1.0164597000139627e-07,
    2.375461315607504e-05,
    8.216347992645996e-07,
    2.025617652209812e-05,
    8.952228762322529e-05,
    3.9326988964098754e-05,
    1.3565397923875435
  ],
  "mse_mean": 0.19381622510493976,
  "mse_spatial": 2.8963891172460534e-05,
  "mse_gripper": 1.3565397923875435,
  "mse_per_dim_names": [
    "x",
    "y",
    "z",
    "roll",
    "pitch",
    "yaw",
    "gripper"
  ],
  "grounding": {
    "nouns": [
      "object",
      "pot"
    ],
    "num_boxes": 2,
    "num_patches": 56,
    "patch_coverage": 0.21875
  }
}